timestamp,elapsed_sec,rpm,drpm_dt,tps_pct,dtps_dt,timing_advance_deg,coil_dwell_ms,engine_load_pct,map_kpa,injection_time_ms,battery_volts,dvolts_dt,coolant_temp_c,air_temp_c,crank_sync,efi_light,coil_1_fault,coil_2_fault,coil_3_fault,coil_4_fault,tip_over,active_dtcs,trigger_event,raw_hex
1789379155.5361,0.000,0.0,0.0,3.14,0.00,8.50,2.73,0.0,101.3,4.57,12.50,0.000,35.0,22.0,1,0,0,0,0,0,0,NONE,,RPM:486bd1410c0000d1 TPS:486bd1411108de ADV:486bd1410e9164 MIL:486bd1410100000000c6
1789379155.8062,0.270,0.0,0.0,3.14,0.00,8.50,2.73,0.0,101.3,2.08,12.50,0.000,77.0,22.0,1,0,0,0,0,0,0,NONE,,RPM:486bd1410c0000d1 TPS:486bd1411108de ADV:486bd1410e9164 MIL:486bd1410100000000c6
1789379156.1410,0.605,0.0,0.0,3.14,0.00,8.50,2.73,0.0,101.3,2.08,12.50,0.000,77.0,22.0,1,0,0,0,0,0,0,NONE,,RPM:486bd1410c0000d1 TPS:486bd1411108de ADV:486bd1410e9164 MIL:486bd1410100000000c6
1789379156.4585,0.922,0.0,0.0,3.14,0.00,8.50,2.73,23.1,101.3,4.16,12.50,0.000,77.0,22.0,1,0,0,0,0,0,0,NONE,,RPM:486bd1410c0000d1 TPS:486bd1411108de ADV:486bd1410e9164 MIL:486bd1410100000000c6
1789379156.7337,1.198,0.0,0.0,3.14,0.00,8.50,2.73,23.1,101.3,4.16,12.50,0.000,77.0,22.0,1,0,0,0,0,0,0,NONE,,RPM:486bd1410c0000d1 TPS:486bd1411108de ADV:486bd1410e9164 MIL:486bd1410100000000c6
1789379157.0375,1.501,0.0,0.0,3.14,0.00,8.50,2.73,23.1,101.3,4.16,12.50,0.000,77.0,22.0,1,0,0,0,0,0,0,NONE,,RPM:486bd1410c0000d1 TPS:486bd1411108de ADV:486bd1410e9164 MIL:486bd1410100000000c6
1789379157.5007,1.965,0.0,0.0,3.14,0.00,8.50,2.73,23.1,101.3,4.16,12.50,0.000,77.0,22.0,1,0,0,0,0,0,0,NONE,,RPM:486bd1410c0000d1 TPS:486bd1411108de ADV:486bd1410e9164 MIL:486bd1410100000000c6
1789379157.7723,2.236,0.0,0.0,3.14,0.00,8.50,2.73,23.1,101.3,4.16,12.50,0.000,77.0,50.0,1,0,0,0,0,0,0,NONE,,RPM:486bd1410c0000d1 TPS:486bd1411108de ADV:486bd1410e9164 MIL:486bd1410100000000c6
1789379158.0440,2.508,0.0,0.0,3.14,0.00,8.50,2.73,23.1,101.3,4.16,12.50,0.000,77.0,50.0,1,0,0,0,0,0,0,NONE,,RPM:486bd1410c0000d1 TPS:486bd1411108de ADV:486bd1410e9164 MIL:486bd1410100000000c6
1789379158.3479,2.812,0.0,0.0,3.14,0.00,8.50,2.73,23.1,101.3,4.16,12.50,0.000,77.0,50.0,1,0,0,0,0,0,0,NONE,,RPM:486bd1410c0000d1 TPS:486bd1411108de ADV:486bd1410e9164 MIL:486bd1410100000000c6
1789379158.7976,3.261,0.0,0.0,3.14,0.00,8.50,2.73,23.1,101.3,4.16,12.50,0.000,77.0,50.0,1,0,0,0,0,0,0,NONE,,RPM:486bd1410c0000d1 TPS:486bd1411108de ADV:486bd1410e9164 MIL:486bd1410100000000c6
1789379159.0679,3.532,0.0,0.0,3.14,0.00,8.50,2.73,23.1,101.3,4.16,12.50,0.000,77.0,50.0,1,0,0,0,0,0,0,NONE,,RPM:486bd1410c0000d1 TPS:486bd1411108de ADV:486bd1410e9164 MIL:486bd1410100000000c6
1789379159.5497,4.014,0.0,0.0,3.14,0.00,8.50,2.73,23.1,101.3,4.16,12.50,0.000,77.0,50.0,1,0,0,0,0,0,0,NONE,,RPM:486bd1410c0000d1 TPS:486bd1411108de ADV:486bd1410e9164 MIL:486bd1410100000000c6
1789379159.8189,4.283,0.0,0.0,3.14,0.00,8.50,2.73,23.1,101.3,4.16,12.50,0.000,77.0,50.0,1,0,0,0,0,0,0,NONE,,RPM:486bd1410c0000d1 TPS:486bd1411108de ADV:486bd1410e9164 MIL:486bd1410100000000c6
1789379160.1373,4.601,0.0,0.0,3.14,0.00,8.50,2.73,23.1,101.3,4.16,12.50,0.000,77.0,50.0,1,0,0,0,0,0,0,NONE,,RPM:486bd1410c0000d1 TPS:486bd1411108de ADV:486bd1410e9164 MIL:486bd1410100000000c6
1789379160.4215,4.885,0.0,0.0,3.14,0.00,8.50,2.73,23.1,101.3,4.16,12.50,0.000,77.0,50.0,1,0,0,0,0,0,0,NONE,,RPM:486bd1410c0000d1 TPS:486bd1411108de ADV:486bd1410e9164 MIL:486bd1410100000000c6
1789379160.7292,5.193,0.0,0.0,3.14,0.00,8.50,2.73,23.1,101.3,4.16,12.50,0.000,77.0,50.0,1,0,0,0,0,0,0,NONE,,RPM:486bd1410c0000d1 TPS:486bd1411108de ADV:486bd1410e9164 MIL:486bd1410100000000c6
1789379161.0334,5.497,0.0,0.0,3.14,0.00,8.50,2.73,23.1,101.3,4.16,12.50,0.000,77.0,50.0,1,0,0,0,0,0,0,NONE,,RPM:486bd1410c0000d1 TPS:486bd1411108de ADV:486bd1410e9164 MIL:486bd1410100000000c6
1789379161.4935,5.957,0.0,0.0,3.14,0.00,8.50,2.73,23.1,101.3,4.16,12.50,0.000,77.0,50.0,1,0,0,0,0,0,0,NONE,,RPM:486bd1410c0000d1 TPS:486bd1411108de ADV:486bd1410e9164 MIL:486bd1410100000000c6
1789379161.8006,6.264,0.0,0.0,3.14,0.00,8.50,2.73,23.1,101.3,4.16,12.50,0.000,77.0,50.0,1,0,0,0,0,0,0,NONE,,RPM:486bd1410c0000d1 TPS:486bd1411108de ADV:486bd1410e9164 MIL:486bd1410100000000c6
1789379162.1096,6.573,0.0,0.0,3.14,0.00,8.50,2.73,23.1,101.3,4.16,12.50,0.000,77.0,50.0,1,0,0,0,0,0,0,NONE,,RPM:486bd1410c0000d1 TPS:486bd1411108de ADV:486bd1410e9164 MIL:486bd1410100000000c6
1789379162.3783,6.842,0.0,0.0,3.14,0.00,8.50,2.73,23.1,101.3,4.16,12.50,0.000,77.0,50.0,1,0,0,0,0,0,0,NONE,,RPM:486bd1410c0000d1 TPS:486bd1411108de ADV:486bd1410e9164 MIL:486bd1410100000000c6
1789379162.8122,7.276,0.0,0.0,3.14,0.00,8.50,2.73,23.1,101.3,4.16,12.50,0.000,77.0,50.0,1,0,0,0,0,0,0,NONE,,RPM:486bd1410c0000d1 TPS:486bd1411108de ADV:486bd1410e9164 MIL:486bd1410100000000c6
1789379163.1226,7.586,0.0,0.0,3.14,0.00,8.50,2.73,23.1,101.3,4.16,12.50,0.000,77.0,50.0,1,0,0,0,0,0,0,NONE,,RPM:486bd1410c0000d1 TPS:486bd1411108de ADV:486bd1410e9164 MIL:486bd1410100000000c6
1789379163.5776,8.042,0.0,0.0,3.14,0.00,8.50,2.73,23.1,101.3,4.16,12.50,0.000,77.0,50.0,1,0,0,0,0,0,0,NONE,,RPM:486bd1410c0000d1 TPS:486bd1411108de ADV:486bd1410e9164 MIL:486bd1410100000000c6
1789379163.8622,8.326,0.0,0.0,3.14,0.00,8.50,2.73,23.1,101.3,4.16,12.50,0.000,77.0,50.0,1,0,0,0,0,0,0,NONE,,RPM:486bd1410c0000d1 TPS:486bd1411108de ADV:486bd1410e9164 MIL:486bd1410100000000c6
1789379164.1339,8.598,0.0,0.0,3.14,0.00,8.50,2.73,23.1,101.3,4.16,12.50,0.000,77.0,50.0,1,0,0,0,0,0,0,NONE,,RPM:486bd1410c0000d1 TPS:486bd1411108de ADV:486bd1410e9164 MIL:486bd1410100000000c6
1789379164.4041,8.868,0.0,0.0,3.14,0.00,8.50,2.73,23.1,101.3,4.16,12.50,0.000,77.0,50.0,1,0,0,0,0,0,0,NONE,,RPM:486bd1410c0000d1 TPS:486bd1411108de ADV:486bd1410e9164 MIL:486bd1410100000000c6
1789379164.7164,9.180,0.0,0.0,3.14,0.00,8.50,2.73,23.1,101.3,4.16,12.50,0.000,77.0,50.0,1,0,0,0,0,0,0,NONE,,RPM:486bd1410c0000d1 TPS:486bd1411108de ADV:486bd1410e9164 MIL:486bd1410100000000c6
1789379164.9840,9.448,0.0,0.0,3.14,0.00,8.50,2.73,23.1,101.3,4.16,12.50,0.000,77.0,50.0,1,0,0,0,0,0,0,NONE,,RPM:486bd1410c0000d1 TPS:486bd1411108de ADV:486bd1410e9164 MIL:486bd1410100000000c6
1789379165.4287,9.893,0.0,0.0,3.14,0.00,8.50,2.73,23.1,101.3,4.16,12.50,0.000,77.0,50.0,1,0,0,0,0,0,0,NONE,,RPM:486bd1410c0000d1 TPS:486bd1411108de ADV:486bd1410e9164 MIL:486bd1410100000000c6
1789379165.7160,10.180,0.0,0.0,3.14,0.00,8.50,2.73,23.1,101.3,4.16,12.50,0.000,77.0,50.0,1,0,0,0,0,0,0,NONE,,RPM:486bd1410c0000d1 TPS:486bd1411108de ADV:486bd1410e9164 MIL:486bd1410100000000c6
1789379166.0256,10.489,0.0,0.0,3.14,0.00,8.50,2.73,23.1,101.3,4.16,12.50,0.000,77.0,50.0,1,0,0,0,0,0,0,NONE,,RPM:486bd1410c0000d1 TPS:486bd1411108de ADV:486bd1410e9164 MIL:486bd1410100000000c6
1789379166.2928,10.757,0.0,0.0,3.14,0.00,8.50,2.73,23.1,101.3,4.16,12.50,0.000,77.0,50.0,1,0,0,0,0,0,0,NONE,,RPM:486bd1410c0000d1 TPS:486bd1411108de ADV:486bd1410e9164 MIL:486bd1410100000000c6
1789379166.7464,11.210,0.0,0.0,3.14,0.00,8.50,2.73,23.1,101.3,4.16,12.50,0.000,77.0,50.0,1,0,0,0,0,0,0,NONE,,RPM:486bd1410c0000d1 TPS:486bd1411108de ADV:486bd1410e9164 MIL:486bd1410100000000c6
1789379167.0593,11.523,0.0,0.0,3.14,0.00,8.50,2.73,23.1,101.3,4.16,12.50,0.000,77.0,50.0,1,0,0,0,0,0,0,NONE,,RPM:486bd1410c0000d1 TPS:486bd1411108de ADV:486bd1410e9164 MIL:486bd1410100000000c6
1789379167.5680,12.032,0.0,0.0,3.14,0.00,8.50,2.73,23.1,101.3,4.16,12.50,0.000,77.0,50.0,1,0,0,0,0,0,0,NONE,,RPM:486bd1410c0000d1 TPS:486bd1411108de ADV:486bd1410e9164 MIL:486bd1410100000000c6
1789379167.8416,12.305,0.0,0.0,3.14,0.00,8.50,2.73,23.1,101.3,4.16,12.50,0.000,77.0,50.0,1,0,0,0,0,0,0,NONE,,RPM:486bd1410c0000d1 TPS:486bd1411108de ADV:486bd1410e9164 MIL:486bd1410100000000c6
1789379168.1612,12.625,0.0,0.0,3.14,0.00,8.50,2.73,23.1,101.3,4.16,12.50,0.000,77.0,50.0,1,0,0,0,0,0,0,NONE,,RPM:486bd1410c0000d1 TPS:486bd1411108de ADV:486bd1410e9164 MIL:486bd1410100000000c6
1789379168.4733,12.937,0.0,0.0,3.14,0.00,0.00,2.73,23.1,101.3,4.16,12.50,0.000,77.0,50.0,1,0,0,0,0,0,0,NONE,,RPM:486bd1410c0000d1 TPS:486bd1411108de ADV:486bd1410e8053 MIL:486bd1410100000000c6
1789379168.7608,13.225,0.0,0.0,3.14,0.00,0.00,2.73,23.1,101.3,4.16,12.50,0.000,77.0,50.0,1,0,0,0,0,0,0,NONE,,RPM:486bd1410c0000d1 TPS:486bd1411108de ADV:486bd1410e8053 MIL:486bd1410100000000c6
1789379169.0396,13.503,0.0,0.0,3.14,0.00,0.00,2.73,23.1,101.3,4.16,12.50,0.000,77.0,50.0,1,0,0,0,0,0,0,NONE,,RPM:486bd1410c0000d1 TPS:486bd1411108de ADV:486bd1410e8053 MIL:486bd1410100000000c6
1789379169.4706,13.934,1429.0,3315.9,3.14,0.00,8.50,2.40,23.1,45.1,4.16,14.10,3.713,77.0,50.0,1,0,0,0,0,0,0,NONE,,RPM:486bd1410c16543b TPS:486bd1411108de ADV:486bd1410e9164 MIL:486bd1410100000000c6
1789379169.7435,14.207,1993.0,2066.6,3.53,1.44,8.50,2.40,23.1,45.3,4.16,14.10,0.000,77.0,50.0,1,0,0,0,0,0,0,NONE,,RPM:486bd1410c1f2414 TPS:486bd1411109df ADV:486bd1410e9164 MIL:486bd1410100000000c6
1789379170.0285,14.492,2071.0,273.7,3.53,0.00,8.50,2.40,23.1,45.3,4.16,14.10,0.000,77.0,50.0,1,0,0,0,0,0,0,NONE,,RPM:486bd1410c205c4d TPS:486bd1411109df ADV:486bd1410e9164 MIL:486bd1410100000000c6
1789379170.3274,14.791,2074.0,10.0,3.53,0.00,8.50,2.40,23.1,45.3,4.16,14.10,0.000,77.0,50.0,1,0,0,0,0,0,0,NONE,,RPM:486bd1410c206859 TPS:486bd1411109df ADV:486bd1410e9164 MIL:486bd1410100000000c6
1789379170.7643,15.228,1917.0,-359.4,3.53,0.00,8.50,2.40,23.1,45.3,4.16,14.10,0.000,77.0,50.0,1,0,0,0,0,0,0,NONE,,RPM:486bd1410c1df4e2 TPS:486bd1411109df ADV:486bd1410e9164 MIL:486bd1410100000000c6
1789379171.0544,15.518,1705.0,-730.6,3.53,0.00,8.50,2.40,23.1,45.3,4.16,14.10,0.000,77.0,50.0,1,0,0,0,0,0,0,NONE,,RPM:486bd1410c1aa48f TPS:486bd1411109df ADV:486bd1410e9164 MIL:486bd1410100000000c6
1789379171.5177,15.982,1374.0,-714.5,3.53,0.00,8.00,2.40,23.1,45.3,4.16,14.10,0.000,77.0,50.0,1,0,0,0,0,0,0,NONE,,RPM:486bd1410c15785e TPS:486bd1411109df ADV:486bd1410e9063 MIL:486bd1410100000000c6
1789379171.7887,16.253,1453.0,291.5,3.53,0.00,6.50,2.40,23.1,45.3,4.16,14.10,0.000,77.0,50.0,1,0,0,0,0,0,0,NONE,,RPM:486bd1410c16b49b TPS:486bd1411109df ADV:486bd1410e8d60 MIL:486bd1410100000000c6
1789379172.0937,16.558,1340.0,-370.5,3.53,0.00,9.00,2.40,23.1,45.3,4.16,14.10,0.000,77.0,50.0,1,0,0,0,0,0,0,NONE,,RPM:486bd1410c14f0d5 TPS:486bd1411109df ADV:486bd1410e9265 MIL:486bd1410100000000c6
1789379172.3792,16.843,1470.0,455.4,3.53,0.00,8.50,2.40,24.7,45.3,4.30,14.10,0.000,77.0,50.0,1,0,0,0,0,0,0,NONE,,RPM:486bd1410c16f8df TPS:486bd1411109df ADV:486bd1410e9164 MIL:486bd1410100000000c6
1789379172.6722,17.136,1304.0,-566.4,3.53,0.00,7.50,2.40,24.7,45.3,4.30,14.10,0.000,77.0,50.0,1,0,0,0,0,0,0,NONE,,RPM:486bd1410c146045 TPS:486bd1411109df ADV:486bd1410e8f62 MIL:486bd1410100000000c6
1789379172.9405,17.404,1438.0,499.4,3.53,0.00,8.50,2.40,24.7,45.3,4.30,14.10,0.000,77.0,50.0,1,0,0,0,0,0,0,NONE,,RPM:486bd1410c16785f TPS:486bd1411109df ADV:486bd1410e9164 MIL:486bd1410100000000c6
1789379173.4572,17.921,1458.0,38.7,3.53,0.00,8.50,2.40,24.7,45.3,4.30,14.10,0.000,77.0,50.0,1,0,0,0,0,0,0,NONE,,RPM:486bd1410c16c8af TPS:486bd1411109df ADV:486bd1410e9164 MIL:486bd1410100000000c6
1789379173.7233,18.187,1305.0,-575.1,3.53,0.00,8.50,2.40,24.7,45.3,4.30,14.10,0.000,77.0,51.0,1,0,0,0,0,0,0,NONE,,RPM:486bd1410c146449 TPS:486bd1411109df ADV:486bd1410e9164 MIL:486bd1410100000000c6
1789379174.0299,18.494,1346.0,133.7,3.53,0.00,8.50,2.40,24.7,45.3,4.30,14.10,0.000,77.0,51.0,1,0,0,0,0,0,0,NONE,,RPM:486bd1410c1508ee TPS:486bd1411109df ADV:486bd1410e9164 MIL:486bd1410100000000c6
1789379174.3149,18.779,1323.0,-80.7,3.53,0.00,8.50,2.40,24.7,45.3,4.30,14.10,0.000,77.0,51.0,1,0,0,0,0,0,0,NONE,,RPM:486bd1410c14ac91 TPS:486bd1411109df ADV:486bd1410e9164 MIL:486bd1410100000000c6
1789379174.7623,19.226,1373.0,111.7,3.53,0.00,8.50,2.40,24.7,45.3,4.30,14.10,0.000,77.0,51.0,1,0,0,0,0,0,0,NONE,,RPM:486bd1410c15745a TPS:486bd1411109df ADV:486bd1410e9164 MIL:486bd1410100000000c6
1789379175.0344,19.498,1333.0,-147.1,3.53,0.00,8.50,2.40,24.7,45.3,4.30,14.10,0.000,77.0,51.0,1,0,0,0,0,0,0,NONE,,RPM:486bd1410c14d4b9 TPS:486bd1411109df ADV:486bd1410e9164 MIL:486bd1410100000000c6
1789379175.5038,19.968,1355.0,46.9,3.14,-0.84,9.00,2.40,24.7,45.1,4.30,14.10,0.000,77.0,51.0,1,0,0,0,0,0,0,NONE,,RPM:486bd1410c152c12 TPS:486bd1411108de ADV:486bd1410e9265 MIL:486bd1410100000000c6
1789379175.8013,20.265,1366.0,37.0,3.53,1.32,8.00,2.40,24.7,45.3,4.30,14.10,0.000,77.0,51.0,1,0,0,0,0,0,0,NONE,,RPM:486bd1410c15583e TPS:486bd1411109df ADV:486bd1410e9063 MIL:486bd1410100000000c6
1789379176.0723,20.536,1316.0,-184.5,3.53,0.00,8.50,2.40,24.7,45.3,4.30,14.10,0.000,77.0,51.0,1,0,0,0,0,0,0,NONE,,RPM:486bd1410c149075 TPS:486bd1411109df ADV:486bd1410e9164 MIL:486bd1410100000000c6
1789379176.3773,20.841,1362.0,150.8,3.53,0.00,8.50,2.40,23.1,45.3,4.16,14.10,0.000,77.0,51.0,1,0,0,0,0,0,0,NONE,,RPM:486bd1410c15482e TPS:486bd1411109df ADV:486bd1410e9164 MIL:486bd1410100000000c6
1789379176.6673,21.131,1347.0,-51.7,3.53,0.00,8.00,2.40,23.1,45.3,4.16,14.10,0.000,77.0,51.0,1,0,0,0,0,0,0,NONE,,RPM:486bd1410c150cf2 TPS:486bd1411109df ADV:486bd1410e9063 MIL:486bd1410100000000c6
1789379176.9565,21.420,1341.0,-20.7,3.53,0.00,8.50,2.40,23.1,45.3,4.16,14.10,0.000,77.0,51.0,1,0,0,0,0,0,0,NONE,,RPM:486bd1410c14f4d9 TPS:486bd1411109df ADV:486bd1410e9164 MIL:486bd1410100000000c6
1789379177.3795,21.843,1354.0,30.7,3.53,0.00,8.50,2.40,23.1,45.3,4.16,14.10,0.000,77.0,51.0,1,0,0,0,0,0,0,NONE,,RPM:486bd1410c15280e TPS:486bd1411109df ADV:486bd1410e9164 MIL:486bd1410100000000c6
1789379177.6721,22.136,1379.0,85.4,3.53,0.00,8.50,2.40,23.1,45.3,4.16,14.10,0.000,77.0,51.0,1,0,0,0,0,0,0,NONE,,RPM:486bd1410c158c72 TPS:486bd1411109df ADV:486bd1410e9164 MIL:486bd1410100000000c6
1789379177.9429,22.407,1338.0,-151.4,3.14,-1.45,9.00,2.40,23.1,45.1,4.16,14.10,0.000,77.0,51.0,1,0,0,0,0,0,0,NONE,,RPM:486bd1410c14e8cd TPS:486bd1411108de ADV:486bd1410e9265 MIL:486bd1410100000000c6
1789379178.2146,22.678,1350.0,44.2,3.14,0.00,8.50,2.40,23.1,45.1,4.16,14.10,0.000,77.0,51.0,1,0,0,0,0,0,0,NONE,,RPM:486bd1410c1518fe TPS:486bd1411108de ADV:486bd1410e9164 MIL:486bd1410100000000c6
1789379178.6713,23.135,1298.0,-113.9,3.53,0.86,9.00,2.40,23.1,45.3,4.16,14.10,0.000,77.0,51.0,1,0,0,0,0,0,0,NONE,,RPM:486bd1410c14482d TPS:486bd1411109df ADV:486bd1410e9265 MIL:486bd1410100000000c6
1789379178.9340,23.398,1369.0,270.2,3.53,0.00,8.50,2.40,23.1,45.3,4.16,14.10,0.000,77.0,51.0,1,0,0,0,0,0,0,NONE,,RPM:486bd1410c15644a TPS:486bd1411109df ADV:486bd1410e9164 MIL:486bd1410100000000c6
1789379179.4169,23.881,1312.0,-118.0,3.53,0.00,8.50,2.40,23.1,45.3,4.16,14.10,0.000,77.0,51.0,1,0,0,0,0,0,0,NONE,,RPM:486bd1410c148065 TPS:486bd1411109df ADV:486bd1410e9164 MIL:486bd1410100000000c6
1789379179.7251,24.189,1349.0,120.1,3.53,0.00,8.50,2.40,23.1,45.3,4.19,14.10,0.000,76.0,51.0,1,0,0,0,0,0,0,NONE,,RPM:486bd1410c1514fa TPS:486bd1411109df ADV:486bd1410e9164 MIL:486bd1410100000000c6
1789379179.9998,24.464,1321.0,-101.9,3.53,0.00,8.50,2.40,23.1,45.3,4.19,14.10,0.000,76.0,51.0,1,0,0,0,0,0,0,NONE,,RPM:486bd1410c14a489 TPS:486bd1411109df ADV:486bd1410e9164 MIL:486bd1410100000000c6
1789379180.2767,24.741,1354.0,119.2,3.53,0.00,8.50,2.40,22.7,45.3,4.15,14.10,0.000,76.0,51.0,1,0,0,0,0,0,0,NONE,,RPM:486bd1410c15280e TPS:486bd1411109df ADV:486bd1410e9164 MIL:486bd1410100000000c6
1789379180.5806,25.044,1345.0,-29.6,3.14,-1.29,8.50,2.40,22.7,45.1,4.15,14.10,0.000,76.0,51.0,1,0,0,0,0,0,0,NONE,,RPM:486bd1410c1504ea TPS:486bd1411108de ADV:486bd1410e9164 MIL:486bd1410100000000c6
1789379180.8517,25.316,1288.0,-210.3,3.53,1.45,8.00,2.40,22.7,45.3,4.15,14.10,0.000,76.0,51.0,1,0,0,0,0,0,0,NONE,,RPM:486bd1410c142005 TPS:486bd1411109df ADV:486bd1410e9063 MIL:486bd1410100000000c6
1789379181.3311,25.795,1347.0,123.1,3.14,-0.82,8.50,2.40,22.7,45.1,4.15,14.10,0.000,76.0,51.0,1,0,0,0,0,0,0,NONE,,RPM:486bd1410c150cf2 TPS:486bd1411108de ADV:486bd1410e9164 MIL:486bd1410100000000c6
1789379181.6054,26.069,1325.0,-80.2,3.14,0.00,8.50,2.40,22.7,45.1,4.15,14.10,0.000,76.0,51.0,1,0,0,0,0,0,0,NONE,,RPM:486bd1410c14b499 TPS:486bd1411108de ADV:486bd1410e9164 MIL:486bd1410100000000c6
1789379181.8751,26.339,1335.0,37.1,3.53,1.45,8.50,2.40,22.7,45.3,4.15,14.10,0.000,76.0,51.0,1,0,0,0,0,0,0,NONE,,RPM:486bd1410c14dcc1 TPS:486bd1411109df ADV:486bd1410e9164 MIL:486bd1410100000000c6
1789379182.1947,26.659,1328.0,-21.9,3.53,0.00,8.00,2.40,22.7,45.3,4.15,14.10,0.000,76.0,51.0,1,0,0,0,0,0,0,NONE,,RPM:486bd1410c14c0a5 TPS:486bd1411109df ADV:486bd1410e9063 MIL:486bd1410100000000c6
1789379182.6613,27.125,1332.0,8.6,3.53,0.00,8.50,2.40,22.7,45.3,4.15,14.10,0.000,76.0,51.0,1,0,0,0,0,0,0,NONE,,RPM:486bd1410c14d0b5 TPS:486bd1411109df ADV:486bd1410e9164 MIL:486bd1410100000000c6
1789379182.9309,27.395,1331.0,-3.7,3.14,-1.45,8.50,2.40,22.7,45.1,4.15,14.10,0.000,76.0,51.0,1,0,0,0,0,0,0,NONE,,RPM:486bd1410c14ccb1 TPS:486bd1411108de ADV:486bd1410e9164 MIL:486bd1410100000000c6
1789379183.3547,27.819,1324.0,-16.5,3.53,0.93,8.50,2.40,22.7,45.3,4.15,14.10,0.000,76.0,51.0,1,0,0,0,0,0,0,NONE,,RPM:486bd1410c14b095 TPS:486bd1411109df ADV:486bd1410e9164 MIL:486bd1410100000000c6
1789379183.6244,28.088,1362.0,140.9,3.53,0.00,8.50,2.40,22.7,45.3,4.15,14.10,0.000,76.0,51.0,1,0,0,0,0,0,0,NONE,,RPM:486bd1410c15482e TPS:486bd1411109df ADV:486bd1410e9164 MIL:486bd1410100000000c6
1789379183.8892,28.353,1306.0,-211.5,3.14,-1.48,8.50,2.40,22.7,45.1,4.15,14.10,0.000,76.0,51.0,1,0,0,0,0,0,0,NONE,,RPM:486bd1410c14684d TPS:486bd1411108de ADV:486bd1410e9164 MIL:486bd1410100000000c6
1789379184.1705,28.634,1373.0,238.2,3.53,1.39,8.50,2.40,22.7,45.3,4.15,14.10,0.000,76.0,51.0,1,0,0,0,0,0,0,NONE,,RPM:486bd1410c15745a TPS:486bd1411109df ADV:486bd1410e9164 MIL:486bd1410100000000c6
1789379184.4483,28.912,1373.0,0.0,3.14,-1.41,8.50,2.40,22.7,45.1,4.15,14.10,0.000,76.0,51.0,1,0,0,0,0,0,0,NONE,,RPM:486bd1410c15745a TPS:486bd1411108de ADV:486bd1410e9164 MIL:486bd1410100000000c6
1789379184.7195,29.183,1349.0,-88.5,3.53,1.45,8.50,2.40,22.7,45.3,4.15,14.10,0.000,76.0,51.0,1,0,0,0,0,0,0,NONE,,RPM:486bd1410c1514fa TPS:486bd1411109df ADV:486bd1410e9164 MIL:486bd1410100000000c6
1789379185.1502,29.614,1297.0,-120.7,3.53,0.00,8.50,2.40,22.7,45.3,4.15,14.10,0.000,76.0,51.0,1,0,0,0,0,0,0,NONE,,RPM:486bd1410c144429 TPS:486bd1411109df ADV:486bd1410e9164 MIL:486bd1410100000000c6
1789379185.4869,29.951,1337.0,118.8,3.53,0.00,8.00,2.40,22.7,45.3,4.15,14.10,0.000,76.0,51.0,1,0,0,0,0,0,0,NONE,,RPM:486bd1410c14e4c9 TPS:486bd1411109df ADV:486bd1410e9063 MIL:486bd1410100000000c6
1789379185.7944,30.258,1332.0,-16.3,3.53,0.00,8.50,2.40,22.7,45.3,4.15,14.10,0.000,76.0,51.0,1,0,0,0,0,0,0,NONE,,RPM:486bd1410c14d0b5 TPS:486bd1411109df ADV:486bd1410e9164 MIL:486bd1410100000000c6
1789379186.0658,30.530,1335.0,11.1,3.53,0.00,8.50,2.40,22.7,45.3,4.15,14.10,0.000,76.0,51.0,1,0,0,0,0,0,0,NONE,,RPM:486bd1410c14dcc1 TPS:486bd1411109df ADV:486bd1410e9164 MIL:486bd1410100000000c6
1789379186.4946,30.958,1358.0,53.6,3.53,0.00,8.50,2.40,22.7,45.3,4.15,14.10,0.000,76.0,51.0,1,0,0,0,0,0,0,NONE,,RPM:486bd1410c15381e TPS:486bd1411109df ADV:486bd1410e9164 MIL:486bd1410100000000c6
1789379186.8130,31.277,1341.0,-53.4,3.53,0.00,9.00,2.40,22.7,45.3,4.15,14.10,0.000,76.0,51.0,1,0,0,0,0,0,0,NONE,,RPM:486bd1410c14f4d9 TPS:486bd1411109df ADV:486bd1410e9265 MIL:486bd1410100000000c6
1789379187.2497,31.714,1349.0,18.3,3.53,0.00,8.50,2.40,22.7,45.3,4.15,14.10,0.000,76.0,51.0,1,0,0,0,0,0,0,NONE,,RPM:486bd1410c1514fa TPS:486bd1411109df ADV:486bd1410e9164 MIL:486bd1410100000000c6
1789379187.5522,32.016,1366.0,56.2,3.53,0.00,8.50,2.40,22.7,45.3,4.15,14.10,0.000,76.0,51.0,1,0,0,0,0,0,0,NONE,,RPM:486bd1410c15583e TPS:486bd1411109df ADV:486bd1410e9164 MIL:486bd1410100000000c6
1789379187.8208,32.285,1330.0,-134.0,3.53,0.00,8.50,2.40,22.7,45.3,4.15,14.10,0.000,76.0,51.0,1,0,0,0,0,0,0,NONE,,RPM:486bd1410c14c8ad TPS:486bd1411109df ADV:486bd1410e9164 MIL:486bd1410100000000c6
1789379188.0921,32.556,1349.0,70.0,3.14,-1.45,8.50,2.40,22.4,45.1,4.12,14.10,0.000,76.0,51.0,1,0,0,0,0,0,0,NONE,,RPM:486bd1410c1514fa TPS:486bd1411108de ADV:486bd1410e9164 MIL:486bd1410100000000c6
1789379188.3643,32.828,1326.0,-84.5,3.53,1.44,8.50,2.40,22.4,45.3,4.12,14.10,0.000,76.0,51.0,1,0,0,0,0,0,0,NONE,,RPM:486bd1410c14b89d TPS:486bd1411109df ADV:486bd1410e9164 MIL:486bd1410100000000c6
1789379188.6351,33.099,1339.0,48.0,3.53,0.00,8.50,2.40,22.4,45.3,4.12,14.10,0.000,76.0,51.0,1,0,0,0,0,0,0,NONE,,RPM:486bd1410c14ecd1 TPS:486bd1411109df ADV:486bd1410e9164 MIL:486bd1410100000000c6
1789379189.1304,33.594,1345.0,12.1,3.53,0.00,8.50,2.40,22.4,45.3,4.12,14.10,0.000,76.0,51.0,1,0,0,0,0,0,0,NONE,,RPM:486bd1410c1504ea TPS:486bd1411109df ADV:486bd1410e9164 MIL:486bd1410100000000c6
1789379189.4025,33.866,1357.0,44.1,3.53,0.00,8.50,2.40,22.4,45.3,4.12,14.10,0.000,76.0,51.0,1,0,0,0,0,0,0,NONE,,RPM:486bd1410c15341a TPS:486bd1411109df ADV:486bd1410e9164 MIL:486bd1410100000000c6
1789379189.6748,34.139,1328.0,-106.5,3.53,0.00,8.50,2.40,22.4,45.3,4.12,14.10,0.000,76.0,51.0,1,0,0,0,0,0,0,NONE,,RPM:486bd1410c14c0a5 TPS:486bd1411109df ADV:486bd1410e9164 MIL:486bd1410100000000c6
1789379190.0027,34.467,1357.0,88.5,3.14,-1.20,9.00,2.40,22.4,45.1,4.12,14.10,0.000,76.0,51.0,1,0,0,0,0,0,0,NONE,,RPM:486bd1410c15341a TPS:486bd1411108de ADV:486bd1410e9265 MIL:486bd1410100000000c6
1789379190.4528,34.917,1361.0,8.9,3.14,0.00,8.50,2.40,22.4,45.1,4.12,14.10,0.000,76.0,51.0,1,0,0,0,0,0,0,NONE,,RPM:486bd1410c15442a TPS:486bd1411108de ADV:486bd1410e9164 MIL:486bd1410100000000c6
1789379190.7690,35.233,1331.0,-94.9,3.53,1.24,8.50,2.40,22.4,45.3,4.12,14.10,0.000,76.0,51.0,1,0,0,0,0,0,0,NONE,,RPM:486bd1410c14ccb1 TPS:486bd1411109df ADV:486bd1410e9164 MIL:486bd1410100000000c6
1789379191.2674,35.731,1340.0,18.1,3.14,-0.79,8.00,2.40,22.4,45.1,4.12,14.10,0.000,76.0,51.0,1,0,0,0,0,0,0,NONE,,RPM:486bd1410c14f0d5 TPS:486bd1411108de ADV:486bd1410e9063 MIL:486bd1410100000000c6
1789379191.5451,36.009,1372.0,115.2,3.53,1.41,8.50,2.40,22.4,45.3,4.15,14.10,0.000,75.0,51.0,1,0,0,0,0,0,0,NONE,,RPM:486bd1410c157056 TPS:486bd1411109df ADV:486bd1410e9164 MIL:486bd1410100000000c6
1789379191.8311,36.295,1325.0,-164.3,3.53,0.00,9.00,2.40,22.4,45.3,4.15,14.10,0.000,75.0,51.0,1,0,0,0,0,0,0,NONE,,RPM:486bd1410c14b499 TPS:486bd1411109df ADV:486bd1410e9265 MIL:486bd1410100000000c6
1789379192.1250,36.589,1365.0,136.1,3.53,0.00,8.50,2.40,22.4,45.3,4.15,14.10,0.000,75.0,51.0,1,0,0,0,0,0,0,NONE,,RPM:486bd1410c15543a TPS:486bd1411109df ADV:486bd1410e9164 MIL:486bd1410100000000c6
1789379192.3917,36.856,1320.0,-168.8,3.14,-1.47,8.50,2.40,22.4,45.1,4.15,14.10,0.000,75.0,51.0,1,0,0,0,0,0,0,NONE,,RPM:486bd1410c14a085 TPS:486bd1411108de ADV:486bd1410e9164 MIL:486bd1410100000000c6
1789379192.7509,37.215,1363.0,119.7,3.53,1.09,8.50,2.40,22.4,45.3,4.15,14.10,0.000,75.0,51.0,1,0,0,0,0,0,0,NONE,,RPM:486bd1410c154c32 TPS:486bd1411109df ADV:486bd1410e9164 MIL:486bd1410100000000c6
1789379193.1768,37.641,1309.0,-126.8,3.53,0.00,8.50,2.40,22.4,45.3,4.15,14.10,0.000,75.0,51.0,1,0,0,0,0,0,0,NONE,,RPM:486bd1410c147459 TPS:486bd1411109df ADV:486bd1410e9164 MIL:486bd1410100000000c6
1789379193.4474,37.911,1365.0,207.0,3.53,0.00,8.50,2.40,22.4,45.3,4.15,14.10,0.000,75.0,52.0,1,0,0,0,0,0,0,NONE,,RPM:486bd1410c15543a TPS:486bd1411109df ADV:486bd1410e9164 MIL:486bd1410100000000c6
1789379193.7185,38.182,1331.0,-125.4,3.53,0.00,8.50,2.40,22.4,45.3,4.15,14.10,0.000,75.0,52.0,1,0,0,0,0,0,0,NONE,,RPM:486bd1410c14ccb1 TPS:486bd1411109df ADV:486bd1410e9164 MIL:486bd1410100000000c6
1789379194.0104,38.474,1335.0,13.7,3.53,0.00,8.50,2.40,22.4,45.3,4.15,14.10,0.000,75.0,52.0,1,0,0,0,0,0,0,NONE,,RPM:486bd1410c14dcc1 TPS:486bd1411109df ADV:486bd1410e9164 MIL:486bd1410100000000c6
1789379194.4523,38.916,1317.0,-40.7,3.14,-0.89,8.50,2.40,22.4,45.1,4.15,14.10,0.000,75.0,52.0,1,0,0,0,0,0,0,NONE,,RPM:486bd1410c149479 TPS:486bd1411108de ADV:486bd1410e9164 MIL:486bd1410100000000c6
1789379194.7414,39.205,1350.0,114.2,3.14,0.00,8.50,2.40,22.4,45.1,4.15,14.10,0.000,75.0,52.0,1,0,0,0,0,0,0,NONE,,RPM:486bd1410c1518fe TPS:486bd1411108de ADV:486bd1410e9164 MIL:486bd1410100000000c6
1789379195.2000,39.664,1355.0,10.9,3.53,0.86,8.50,2.40,22.4,45.3,4.15,14.10,0.000,75.0,52.0,1,0,0,0,0,0,0,NONE,,RPM:486bd1410c152c12 TPS:486bd1411109df ADV:486bd1410e9164 MIL:486bd1410100000000c6
1789379195.4763,39.940,1332.0,-83.3,3.53,0.00,8.50,2.40,22.4,45.3,4.17,14.10,0.000,74.0,52.0,1,0,0,0,0,0,0,NONE,,RPM:486bd1410c14d0b5 TPS:486bd1411109df ADV:486bd1410e9164 MIL:486bd1410100000000c6
1789379195.7652,40.229,1335.0,10.4,3.53,0.00,8.50,2.40,22.4,45.3,4.17,14.10,0.000,74.0,52.0,1,0,0,0,0,0,0,NONE,,RPM:486bd1410c14dcc1 TPS:486bd1411109df ADV:486bd1410e9164 MIL:486bd1410100000000c6
1789379196.0355,40.499,1325.0,-37.0,3.53,0.00,8.50,2.40,22.7,45.3,4.21,14.10,0.000,74.0,52.0,1,0,0,0,0,0,0,NONE,,RPM:486bd1410c14b499 TPS:486bd1411109df ADV:486bd1410e9164 MIL:486bd1410100000000c6
1789379196.3083,40.772,1324.0,-3.7,3.53,0.00,8.50,2.40,22.7,45.3,4.21,14.10,0.000,74.0,52.0,1,0,0,0,0,0,0,NONE,,RPM:486bd1410c14b095 TPS:486bd1411109df ADV:486bd1410e9164 MIL:486bd1410100000000c6
1789379196.5894,41.053,1360.0,128.1,3.53,0.00,8.50,2.40,22.7,45.3,4.21,14.10,0.000,74.0,52.0,1,0,0,0,0,0,0,NONE,,RPM:486bd1410c154026 TPS:486bd1411109df ADV:486bd1410e9164 MIL:486bd1410100000000c6
1789379197.0523,41.516,1312.0,-103.7,3.53,0.00,8.50,2.40,22.7,45.3,4.21,14.10,0.000,74.0,52.0,1,0,0,0,0,0,0,NONE,,RPM:486bd1410c148065 TPS:486bd1411109df ADV:486bd1410e9164 MIL:486bd1410100000000c6
1789379197.3861,41.850,1363.0,152.8,3.14,-1.17,8.50,2.40,22.7,45.1,4.21,14.10,0.000,74.0,52.0,1,0,0,0,0,0,0,NONE,,RPM:486bd1410c154c32 TPS:486bd1411108de ADV:486bd1410e9164 MIL:486bd1410100000000c6
1789379197.6657,42.130,1346.0,-60.8,3.53,1.40,8.50,2.40,22.7,45.3,4.21,14.10,0.000,74.0,52.0,1,0,0,0,0,0,0,NONE,,RPM:486bd1410c1508ee TPS:486bd1411109df ADV:486bd1410e9164 MIL:486bd1410100000000c6
1789379197.9696,42.433,1348.0,6.6,3.53,0.00,8.50,2.40,22.7,45.3,4.21,14.10,0.000,74.0,52.0,1,0,0,0,0,0,0,NONE,,RPM:486bd1410c1510f6 TPS:486bd1411109df ADV:486bd1410e9164 MIL:486bd1410100000000c6
1789379198.4194,42.883,1373.0,55.6,3.53,0.00,8.50,2.40,22.7,45.3,4.21,14.10,0.000,74.0,52.0,1,0,0,0,0,0,0,NONE,,RPM:486bd1410c15745a TPS:486bd1411109df ADV:486bd1410e9164 MIL:486bd1410100000000c6
1789379198.7115,43.175,1312.0,-208.8,3.53,0.00,8.50,2.40,22.7,45.3,4.21,14.10,0.000,74.0,52.0,1,0,0,0,0,0,0,NONE,,RPM:486bd1410c148065 TPS:486bd1411109df ADV:486bd1410e9164 MIL:486bd1410100000000c6
1789379199.1356,43.600,1389.0,181.5,3.53,0.00,8.50,2.40,22.7,45.3,4.21,14.10,0.000,74.0,52.0,1,0,0,0,0,0,0,NONE,,RPM:486bd1410c15b49a TPS:486bd1411109df ADV:486bd1410e9164 MIL:486bd1410100000000c6
1789379199.4413,43.905,1302.0,-284.7,3.14,-1.28,8.50,2.40,22.7,45.1,4.21,14.10,0.000,74.0,52.0,1,0,0,0,0,0,0,NONE,,RPM:486bd1410c14583d TPS:486bd1411108de ADV:486bd1410e9164 MIL:486bd1410100000000c6
1789379199.7403,44.204,1337.0,117.0,3.53,1.31,8.50,2.40,22.7,45.3,4.21,14.10,0.000,74.0,52.0,1,0,0,0,0,0,0,NONE,,RPM:486bd1410c14e4c9 TPS:486bd1411109df ADV:486bd1410e9164 MIL:486bd1410100000000c6
1789379200.0162,44.480,1351.0,50.8,3.14,-1.42,8.50,2.40,23.1,45.1,4.24,14.10,0.000,74.0,52.0,1,0,0,0,0,0,0,NONE,,RPM:486bd1410c151c02 TPS:486bd1411108de ADV:486bd1410e9164 MIL:486bd1410100000000c6
1789379200.2870,44.751,1329.0,-81.2,3.14,0.00,8.50,2.40,23.1,45.1,4.24,14.10,0.000,74.0,52.0,1,0,0,0,0,0,0,NONE,,RPM:486bd1410c14c4a9 TPS:486bd1411108de ADV:486bd1410e9164 MIL:486bd1410100000000c6
1789379200.5926,45.056,1351.0,72.0,3.53,1.28,8.50,2.40,23.1,45.3,4.24,14.10,0.000,74.0,52.0,1,0,0,0,0,0,0,NONE,,RPM:486bd1410c151c02 TPS:486bd1411109df ADV:486bd1410e9164 MIL:486bd1410100000000c6
1789379201.0403,45.504,1332.0,-42.4,3.53,0.00,9.00,2.40,23.1,45.3,4.24,14.10,0.000,74.0,52.0,1,0,0,0,0,0,0,NONE,,RPM:486bd1410c14d0b5 TPS:486bd1411109df ADV:486bd1410e9265 MIL:486bd1410100000000c6
1789379201.3101,45.774,1339.0,26.0,3.53,0.00,8.50,2.40,23.1,45.3,4.24,14.10,0.000,74.0,52.0,1,0,0,0,0,0,0,NONE,,RPM:486bd1410c14ecd1 TPS:486bd1411109df ADV:486bd1410e9164 MIL:486bd1410100000000c6
1789379201.5842,46.048,1331.0,-29.2,3.14,-1.43,8.50,2.40,23.1,45.1,4.24,14.10,0.000,74.0,52.0,1,0,0,0,0,0,0,NONE,,RPM:486bd1410c14ccb1 TPS:486bd1411108de ADV:486bd1410e9164 MIL:486bd1410100000000c6
1789379201.8641,46.328,1337.0,21.4,3.53,1.40,8.50,2.40,23.1,45.3,4.24,14.10,0.000,74.0,52.0,1,0,0,0,0,0,0,NONE,,RPM:486bd1410c14e4c9 TPS:486bd1411109df ADV:486bd1410e9164 MIL:486bd1410100000000c6
1789379202.2971,46.761,1329.0,-18.5,3.14,-0.91,8.50,2.40,23.1,45.1,4.24,14.10,0.000,74.0,52.0,1,0,0,0,0,0,0,NONE,,RPM:486bd1410c14c4a9 TPS:486bd1411108de ADV:486bd1410e9164 MIL:486bd1410100000000c6
1789379202.6054,47.069,1335.0,19.5,3.53,1.27,8.50,2.40,23.1,45.3,4.24,14.10,0.000,74.0,52.0,1,0,0,0,0,0,0,NONE,,RPM:486bd1410c14dcc1 TPS:486bd1411109df ADV:486bd1410e9164 MIL:486bd1410100000000c6
1789379203.0647,47.529,1325.0,-21.8,3.14,-0.85,8.50,2.40,23.1,45.1,4.24,14.10,0.000,74.0,52.0,1,0,0,0,0,0,0,NONE,,RPM:486bd1410c14b499 TPS:486bd1411108de ADV:486bd1410e9164 MIL:486bd1410100000000c6
1789379203.3436,47.808,1387.0,222.3,3.53,1.41,8.50,2.40,23.1,45.3,4.22,14.10,0.000,75.0,52.0,1,0,0,0,0,0,0,NONE,,RPM:486bd1410c15ac92 TPS:486bd1411109df ADV:486bd1410e9164 MIL:486bd1410100000000c6
1789379203.6600,48.124,1339.0,-151.7,3.53,0.00,8.50,2.40,23.1,45.3,4.22,14.10,0.000,75.0,52.0,1,0,0,0,0,0,0,NONE,,RPM:486bd1410c14ecd1 TPS:486bd1411109df ADV:486bd1410e9164 MIL:486bd1410100000000c6
1789379203.9429,48.407,1361.0,77.8,3.53,0.00,8.50,2.40,22.7,45.3,4.18,14.10,0.000,75.0,52.0,1,0,0,0,0,0,0,NONE,,RPM:486bd1410c15442a TPS:486bd1411109df ADV:486bd1410e9164 MIL:486bd1410100000000c6
1789379204.2514,48.715,1322.0,-126.4,3.53,0.00,8.50,2.40,22.7,45.3,4.18,14.10,0.000,75.0,52.0,1,0,0,0,0,0,0,NONE,,RPM:486bd1410c14a88d TPS:486bd1411109df ADV:486bd1410e9164 MIL:486bd1410100000000c6
1789379204.5279,48.992,1358.0,130.2,3.53,0.00,8.50,2.40,22.7,45.3,4.18,14.10,0.000,75.0,52.0,1,0,0,0,0,0,0,NONE,,RPM:486bd1410c15381e TPS:486bd1411109df ADV:486bd1410e9164 MIL:486bd1410100000000c6
1789379204.9548,49.419,1331.0,-63.2,3.53,0.00,8.50,2.40,22.7,45.3,4.18,14.10,0.000,75.0,52.0,1,0,0,0,0,0,0,NONE,,RPM:486bd1410c14ccb1 TPS:486bd1411109df ADV:486bd1410e9164 MIL:486bd1410100000000c6
1789379205.2435,49.707,1338.0,24.2,3.53,0.00,8.50,2.40,22.7,45.3,4.18,14.10,0.000,75.0,52.0,1,0,0,0,0,0,0,NONE,,RPM:486bd1410c14e8cd TPS:486bd1411109df ADV:486bd1410e9164 MIL:486bd1410100000000c6
1789379205.5156,49.979,1329.0,-33.1,3.53,0.00,9.00,2.40,22.7,45.3,4.18,14.10,0.000,75.0,52.0,1,0,0,0,0,0,0,NONE,,RPM:486bd1410c14c4a9 TPS:486bd1411109df ADV:486bd1410e9265 MIL:486bd1410100000000c6
1789379205.7862,50.250,1307.0,-81.3,3.53,0.00,8.50,2.40,22.7,45.3,4.18,14.10,0.000,75.0,52.0,1,0,0,0,0,0,0,NONE,,RPM:486bd1410c146c51 TPS:486bd1411109df ADV:486bd1410e9164 MIL:486bd1410100000000c6
1789379206.2432,50.707,1341.0,74.4,3.53,0.00,8.50,2.40,22.7,45.3,4.18,14.10,0.000,75.0,52.0,1,0,0,0,0,0,0,NONE,,RPM:486bd1410c14f4d9 TPS:486bd1411109df ADV:486bd1410e9164 MIL:486bd1410100000000c6
1789379206.5221,50.986,1331.0,-35.9,3.53,0.00,8.00,2.40,22.7,45.3,4.18,14.10,0.000,75.0,52.0,1,0,0,0,0,0,0,NONE,,RPM:486bd1410c14ccb1 TPS:486bd1411109df ADV:486bd1410e9063 MIL:486bd1410100000000c6
1789379207.0155,51.479,1357.0,52.7,3.53,0.00,8.50,2.40,22.7,45.3,4.18,14.10,0.000,75.0,52.0,1,0,0,0,0,0,0,NONE,,RPM:486bd1410c15341a TPS:486bd1411109df ADV:486bd1410e9164 MIL:486bd1410100000000c6
1789379207.2881,51.752,1367.0,36.7,3.53,0.00,9.00,2.40,22.7,45.3,4.18,14.10,0.000,75.0,52.0,1,0,0,0,0,0,0,NONE,,RPM:486bd1410c155c42 TPS:486bd1411109df ADV:486bd1410e9265 MIL:486bd1410100000000c6
1789379207.6421,52.106,1328.0,-110.2,3.14,-1.11,8.00,2.40,22.7,45.1,4.18,14.10,0.000,75.0,52.0,1,0,0,0,0,0,0,NONE,,RPM:486bd1410c14c0a5 TPS:486bd1411108de ADV:486bd1410e9063 MIL:486bd1410100000000c6
1789379207.9111,52.375,1368.0,148.7,3.53,1.46,8.50,2.40,22.7,45.3,4.18,14.10,0.000,75.0,52.0,1,0,0,0,0,0,0,NONE,,RPM:486bd1410c156046 TPS:486bd1411109df ADV:486bd1410e9164 MIL:486bd1410100000000c6
1789379208.2159,52.680,1341.0,-88.6,3.53,0.00,8.50,2.40,22.7,45.3,4.18,14.10,0.000,75.0,52.0,1,0,0,0,0,0,0,NONE,,RPM:486bd1410c14f4d9 TPS:486bd1411109df ADV:486bd1410e9164 MIL:486bd1410100000000c6
1789379208.4872,52.951,1354.0,47.9,3.53,0.00,8.50,2.40,22.7,45.3,4.18,14.10,0.000,75.0,52.0,1,0,0,0,0,0,0,NONE,,RPM:486bd1410c15280e TPS:486bd1411109df ADV:486bd1410e9164 MIL:486bd1410100000000c6
1789379208.9530,53.417,1335.0,-40.8,3.53,0.00,8.50,2.40,22.7,45.3,4.18,14.10,0.000,75.0,52.0,1,0,0,0,0,0,0,NONE,,RPM:486bd1410c14dcc1 TPS:486bd1411109df ADV:486bd1410e9164 MIL:486bd1410100000000c6
1789379209.2395,53.703,1359.0,83.8,3.53,0.00,8.50,2.40,22.7,45.3,4.18,14.10,0.000,75.0,52.0,1,0,0,0,0,0,0,NONE,,RPM:486bd1410c153c22 TPS:486bd1411109df ADV:486bd1410e9164 MIL:486bd1410100000000c6
1789379209.5431,54.007,1325.0,-112.0,3.14,-1.29,8.50,2.40,22.7,45.1,4.18,14.10,0.000,75.0,52.0,1,0,0,0,0,0,0,NONE,,RPM:486bd1410c14b499 TPS:486bd1411108de ADV:486bd1410e9164 MIL:486bd1410100000000c6
1789379209.8390,54.303,1312.0,-43.9,3.14,0.00,8.00,2.40,22.7,45.1,4.18,14.10,0.000,75.0,52.0,1,0,0,0,0,0,0,NONE,,RPM:486bd1410c148065 TPS:486bd1411108de ADV:486bd1410e9063 MIL:486bd1410100000000c6
1789379210.3118,54.776,1300.0,-25.4,3.53,0.83,8.00,2.40,22.7,45.3,4.18,14.10,0.000,75.0,52.0,1,0,0,0,0,0,0,NONE,,RPM:486bd1410c145035 TPS:486bd1411109df ADV:486bd1410e9063 MIL:486bd1410100000000c6
1789379210.6325,55.096,1365.0,202.7,3.53,0.00,8.50,2.40,22.7,45.3,4.18,14.10,0.000,75.0,52.0,1,0,0,0,0,0,0,NONE,,RPM:486bd1410c15543a TPS:486bd1411109df ADV:486bd1410e9164 MIL:486bd1410100000000c6
1789379211.0620,55.526,1399.0,79.2,3.53,0.00,8.50,2.40,22.7,45.3,4.18,14.10,0.000,75.0,52.0,1,0,0,0,0,0,0,NONE,,RPM:486bd1410c15dcc2 TPS:486bd1411109df ADV:486bd1410e9164 MIL:486bd1410100000000c6
1789379211.3499,55.814,1297.0,-354.4,3.53,0.00,7.50,2.40,22.7,45.3,4.15,14.10,0.000,76.0,52.0,1,0,0,0,0,0,0,NONE,,RPM:486bd1410c144429 TPS:486bd1411109df ADV:486bd1410e8f62 MIL:486bd1410100000000c6
1789379211.6544,56.118,1366.0,226.6,3.53,0.00,9.00,2.40,22.7,45.3,4.15,14.10,0.000,76.0,52.0,1,0,0,0,0,0,0,NONE,,RPM:486bd1410c15583e TPS:486bd1411109df ADV:486bd1410e9265 MIL:486bd1410100000000c6
1789379211.9237,56.388,1319.0,-174.5,3.53,0.00,7.50,2.40,21.6,45.3,4.05,14.10,0.000,76.0,52.0,1,0,0,0,0,0,0,NONE,,RPM:486bd1410c149c81 TPS:486bd1411109df ADV:486bd1410e8f62 MIL:486bd1410100000000c6
1789379212.1954,56.659,1412.0,342.3,3.53,0.00,8.50,2.40,21.6,45.3,4.05,14.10,0.000,76.0,52.0,1,0,0,0,0,0,0,NONE,,RPM:486bd1410c1610f7 TPS:486bd1411109df ADV:486bd1410e9164 MIL:486bd1410100000000c6
1789379212.4666,56.931,1315.0,-357.6,3.14,-1.45,8.00,2.40,21.6,45.1,4.05,14.10,0.000,76.0,52.0,1,0,0,0,0,0,0,NONE,,RPM:486bd1410c148c71 TPS:486bd1411108de ADV:486bd1410e9063 MIL:486bd1410100000000c6
1789379212.9553,57.419,1307.0,-16.4,3.53,0.80,8.50,2.40,21.6,45.3,4.05,14.10,0.000,76.0,52.0,1,0,0,0,0,0,0,NONE,,RPM:486bd1410c146c51 TPS:486bd1411109df ADV:486bd1410e9164 MIL:486bd1410100000000c6
1789379213.2229,57.687,1415.0,403.7,3.53,0.00,8.50,2.40,21.6,45.3,4.05,14.10,0.000,76.0,53.0,1,0,0,0,0,0,0,NONE,,RPM:486bd1410c161c03 TPS:486bd1411109df ADV:486bd1410e9164 MIL:486bd1410100000000c6
1789379213.5227,57.987,1339.0,-253.5,3.53,0.00,8.00,2.40,21.6,45.3,4.05,14.10,0.000,76.0,53.0,1,0,0,0,0,0,0,NONE,,RPM:486bd1410c14ecd1 TPS:486bd1411109df ADV:486bd1410e9063 MIL:486bd1410100000000c6
1789379213.8191,58.283,1321.0,-60.7,3.53,0.00,8.50,2.40,21.6,45.3,4.05,14.10,0.000,76.0,53.0,1,0,0,0,0,0,0,NONE,,RPM:486bd1410c14a489 TPS:486bd1411109df ADV:486bd1410e9164 MIL:486bd1410100000000c6
1789379214.2677,58.732,1357.0,80.3,3.14,-0.87,9.00,2.40,21.6,45.1,4.05,14.10,0.000,76.0,53.0,1,0,0,0,0,0,0,NONE,,RPM:486bd1410c15341a TPS:486bd1411108de ADV:486bd1410e9265 MIL:486bd1410100000000c6
1789379214.5761,59.040,1381.0,77.8,3.53,1.27,6.50,2.40,21.6,45.3,4.05,14.10,0.000,76.0,53.0,1,0,0,0,0,0,0,NONE,,RPM:486bd1410c15947a TPS:486bd1411109df ADV:486bd1410e8d60 MIL:486bd1410100000000c6
1789379215.0407,59.505,1300.0,-174.4,3.53,0.00,8.50,2.40,21.6,45.3,4.05,14.10,0.000,76.0,53.0,1,0,0,0,0,0,0,NONE,,RPM:486bd1410c145035 TPS:486bd1411109df ADV:486bd1410e9164 MIL:486bd1410100000000c6
1789379215.3128,59.777,1411.0,408.0,3.53,0.00,8.50,2.40,21.6,45.3,4.02,14.10,0.000,77.0,53.0,1,0,0,0,0,0,0,NONE,,RPM:486bd1410c160cf3 TPS:486bd1411109df ADV:486bd1410e9164 MIL:486bd1410100000000c6
1789379215.6013,60.065,1288.0,-426.3,3.53,0.00,8.50,2.40,21.6,45.3,4.02,14.10,0.000,77.0,53.0,1,0,0,0,0,0,0,NONE,,RPM:486bd1410c142005 TPS:486bd1411109df ADV:486bd1410e9164 MIL:486bd1410100000000c6
1789379215.8889,60.353,1396.0,375.5,3.53,0.00,8.50,2.40,22.4,45.3,4.09,14.10,0.000,77.0,53.0,1,0,0,0,0,0,0,NONE,,RPM:486bd1410c15d0b6 TPS:486bd1411109df ADV:486bd1410e9164 MIL:486bd1410100000000c6
1789379216.2156,60.679,1330.0,-202.0,3.14,-1.20,8.50,2.40,22.4,45.1,4.09,14.10,0.000,77.0,53.0,1,0,0,0,0,0,0,NONE,,RPM:486bd1410c14c8ad TPS:486bd1411108de ADV:486bd1410e9164 MIL:486bd1410100000000c6
1789379216.4946,60.958,1333.0,10.8,3.53,1.41,8.50,2.40,22.4,45.3,4.09,14.10,0.000,77.0,53.0,1,0,0,0,0,0,0,NONE,,RPM:486bd1410c14d4b9 TPS:486bd1411109df ADV:486bd1410e9164 MIL:486bd1410100000000c6
1789379216.9513,61.415,1379.0,100.7,3.53,0.00,8.50,2.40,22.4,45.3,4.09,14.10,0.000,77.0,53.0,1,0,0,0,0,0,0,NONE,,RPM:486bd1410c158c72 TPS:486bd1411109df ADV:486bd1410e9164 MIL:486bd1410100000000c6
1789379217.2317,61.696,1367.0,-42.8,3.53,0.00,8.00,2.40,22.4,45.3,4.09,14.10,0.000,77.0,53.0,1,0,0,0,0,0,0,NONE,,RPM:486bd1410c155c42 TPS:486bd1411109df ADV:486bd1410e9063 MIL:486bd1410100000000c6
1789379217.5023,61.966,1329.0,-140.4,3.53,0.00,10.00,2.40,22.4,45.3,4.09,14.10,0.000,77.0,53.0,1,0,0,0,0,0,0,NONE,,RPM:486bd1410c14c4a9 TPS:486bd1411109df ADV:486bd1410e9467 MIL:486bd1410100000000c6
1789379217.7744,62.238,1439.0,404.3,3.53,0.00,6.50,2.40,22.4,45.3,4.09,14.10,0.000,77.0,53.0,1,0,0,0,0,0,0,NONE,,RPM:486bd1410c167c63 TPS:486bd1411109df ADV:486bd1410e8d60 MIL:486bd1410100000000c6
1789379218.2182,62.682,1332.0,-241.1,3.53,0.00,8.00,2.40,22.4,45.3,4.09,14.10,0.000,77.0,53.0,1,0,0,0,0,0,0,NONE,,RPM:486bd1410c14d0b5 TPS:486bd1411109df ADV:486bd1410e9063 MIL:486bd1410100000000c6
1789379218.4933,62.957,1349.0,61.8,3.14,-1.43,8.50,2.40,22.4,45.1,4.09,14.10,0.000,77.0,53.0,1,0,0,0,0,0,0,NONE,,RPM:486bd1410c1514fa TPS:486bd1411108de ADV:486bd1410e9164 MIL:486bd1410100000000c6
1789379218.9907,63.455,1335.0,-28.1,3.53,0.79,8.50,2.40,22.4,45.3,4.09,14.10,0.000,77.0,53.0,1,0,0,0,0,0,0,NONE,,RPM:486bd1410c14dcc1 TPS:486bd1411109df ADV:486bd1410e9164 MIL:486bd1410100000000c6
1789379219.2594,63.723,1353.0,67.0,3.53,0.00,8.00,2.40,22.4,45.3,4.09,14.10,0.000,77.0,53.0,1,0,0,0,0,0,0,NONE,,RPM:486bd1410c15240a TPS:486bd1411109df ADV:486bd1410e9063 MIL:486bd1410100000000c6
1789379219.5325,63.996,1371.0,65.9,3.53,0.00,8.50,2.40,22.4,45.3,4.09,14.10,0.000,77.0,53.0,1,0,0,0,0,0,0,NONE,,RPM:486bd1410c156c52 TPS:486bd1411109df ADV:486bd1410e9164 MIL:486bd1410100000000c6
1789379219.8191,64.283,1352.0,-66.3,3.53,0.00,8.50,2.40,22.0,45.3,4.05,14.10,0.000,77.0,53.0,1,0,0,0,0,0,0,NONE,,RPM:486bd1410c152006 TPS:486bd1411109df ADV:486bd1410e9164 MIL:486bd1410100000000c6
1789379220.1076,64.572,1319.0,-114.4,3.53,0.00,9.00,2.40,22.0,45.3,4.05,14.10,0.000,77.0,53.0,1,0,0,0,0,0,0,NONE,,RPM:486bd1410c149c81 TPS:486bd1411109df ADV:486bd1410e9265 MIL:486bd1410100000000c6
1789379220.3868,64.851,1352.0,118.2,3.53,0.00,9.00,2.40,22.0,45.3,4.05,14.10,0.000,77.0,53.0,1,0,0,0,0,0,0,NONE,,RPM:486bd1410c152006 TPS:486bd1411109df ADV:486bd1410e9265 MIL:486bd1410100000000c6
1789379220.8608,65.325,1376.0,50.6,3.53,0.00,8.50,2.40,22.0,45.3,4.05,14.10,0.000,77.0,53.0,1,0,0,0,0,0,0,NONE,,RPM:486bd1410c158066 TPS:486bd1411109df ADV:486bd1410e9164 MIL:486bd1410100000000c6
1789379221.1480,65.612,1371.0,-17.4,3.53,0.00,8.50,2.40,22.0,45.3,4.05,14.10,0.000,77.0,53.0,1,0,0,0,0,0,0,NONE,,RPM:486bd1410c156c52 TPS:486bd1411109df ADV:486bd1410e9164 MIL:486bd1410100000000c6
1789379221.4245,65.888,1324.0,-170.0,3.53,0.00,9.00,2.40,22.0,45.3,4.05,14.10,0.000,77.0,53.0,1,0,0,0,0,0,0,NONE,,RPM:486bd1410c14b095 TPS:486bd1411109df ADV:486bd1410e9265 MIL:486bd1410100000000c6
1789379221.7385,66.202,1406.0,261.2,3.53,0.00,8.00,2.40,22.0,45.3,4.05,14.10,0.000,77.0,53.0,1,0,0,0,0,0,0,NONE,,RPM:486bd1410c15f8de TPS:486bd1411109df ADV:486bd1410e9063 MIL:486bd1410100000000c6
1789379222.2474,66.711,1342.0,-125.8,3.14,-0.77,8.50,2.40,22.0,45.1,4.05,14.10,0.000,77.0,53.0,1,0,0,0,0,0,0,NONE,,RPM:486bd1410c14f8dd TPS:486bd1411108de ADV:486bd1410e9164 MIL:486bd1410100000000c6
1789379222.5213,66.985,1322.0,-73.0,3.53,1.43,9.00,2.40,22.0,45.3,4.05,14.10,0.000,77.0,53.0,1,0,0,0,0,0,0,NONE,,RPM:486bd1410c14a88d TPS:486bd1411109df ADV:486bd1410e9265 MIL:486bd1410100000000c6
1789379223.0224,67.486,1384.0,123.7,3.53,0.00,8.50,2.40,22.0,45.3,4.05,14.10,0.000,77.0,53.0,1,0,0,0,0,0,0,NONE,,RPM:486bd1410c15a086 TPS:486bd1411109df ADV:486bd1410e9164 MIL:486bd1410100000000c6
1789379223.2882,67.752,1348.0,-135.4,3.53,0.00,8.50,2.40,22.0,45.3,4.03,14.10,0.000,78.0,53.0,1,0,0,0,0,0,0,NONE,,RPM:486bd1410c1510f6 TPS:486bd1411109df ADV:486bd1410e9164 MIL:486bd1410100000000c6
1789379223.5602,68.024,1338.0,-36.8,3.53,0.00,9.00,2.40,22.0,45.3,4.03,14.10,0.000,78.0,53.0,1,0,0,0,0,0,0,NONE,,RPM:486bd1410c14e8cd TPS:486bd1411109df ADV:486bd1410e9265 MIL:486bd1410100000000c6
1789379223.8637,68.328,1337.0,-3.3,3.53,0.00,8.00,2.40,22.7,45.3,4.10,14.10,0.000,78.0,53.0,1,0,0,0,0,0,0,NONE,,RPM:486bd1410c14e4c9 TPS:486bd1411109df ADV:486bd1410e9063 MIL:486bd1410100000000c6
1789379224.1688,68.633,1351.0,45.9,3.14,-1.29,8.50,2.40,22.7,45.1,4.10,14.10,0.000,78.0,53.0,1,0,0,0,0,0,0,NONE,,RPM:486bd1410c151c02 TPS:486bd1411108de ADV:486bd1410e9164 MIL:486bd1410100000000c6
1789379224.4459,68.910,1386.0,126.3,3.53,1.42,6.50,2.40,22.7,45.3,4.10,14.10,0.000,78.0,53.0,1,0,0,0,0,0,0,NONE,,RPM:486bd1410c15a88e TPS:486bd1411109df ADV:486bd1410e8d60 MIL:486bd1410100000000c6
1789379224.8768,69.341,1385.0,-2.3,3.53,0.00,8.50,2.40,22.7,45.3,4.10,14.10,0.000,78.0,53.0,1,0,0,0,0,0,0,NONE,,RPM:486bd1410c15a48a TPS:486bd1411109df ADV:486bd1410e9164 MIL:486bd1410100000000c6
1789379225.1589,69.623,1363.0,-78.0,3.53,0.00,6.50,2.40,22.7,45.3,4.10,14.10,0.000,78.0,53.0,1,0,0,0,0,0,0,NONE,,RPM:486bd1410c154c32 TPS:486bd1411109df ADV:486bd1410e8d60 MIL:486bd1410100000000c6
1789379225.4677,69.932,1327.0,-116.6,3.14,-1.27,7.50,2.40,22.7,45.1,4.10,14.10,0.000,78.0,53.0,1,0,0,0,0,0,0,NONE,,RPM:486bd1410c14bca1 TPS:486bd1411108de ADV:486bd1410e8f62 MIL:486bd1410100000000c6
1789379225.7430,70.207,1389.0,225.2,3.53,1.42,8.00,2.40,22.7,45.3,4.10,14.10,0.000,78.0,53.0,1,0,0,0,0,0,0,NONE,,RPM:486bd1410c15b49a TPS:486bd1411109df ADV:486bd1410e9063 MIL:486bd1410100000000c6
1789379226.2029,70.667,1391.0,4.3,3.14,-0.85,8.00,2.40,22.7,45.1,4.10,14.10,0.000,78.0,53.0,1,0,0,0,0,0,0,NONE,,RPM:486bd1410c15bca2 TPS:486bd1411108de ADV:486bd1410e9063 MIL:486bd1410100000000c6
1789379226.4933,70.957,1383.0,-27.5,3.53,1.35,8.00,2.40,22.7,45.3,4.10,14.10,0.000,78.0,53.0,1,0,0,0,0,0,0,NONE,,RPM:486bd1410c159c82 TPS:486bd1411109df ADV:486bd1410e9063 MIL:486bd1410100000000c6
1789379226.9429,71.407,1396.0,28.9,3.53,0.00,8.00,2.40,22.7,45.3,4.10,14.10,0.000,78.0,53.0,1,0,0,0,0,0,0,NONE,,RPM:486bd1410c15d0b6 TPS:486bd1411109df ADV:486bd1410e9063 MIL:486bd1410100000000c6
1789379227.2518,71.716,1349.0,-152.1,3.53,0.00,8.50,2.40,22.7,45.3,4.10,14.10,0.000,78.0,53.0,1,0,0,0,0,0,0,NONE,,RPM:486bd1410c1514fa TPS:486bd1411109df ADV:486bd1410e9164 MIL:486bd1410100000000c6
1789379227.5554,72.019,1381.0,105.4,3.53,0.00,8.00,2.40,22.7,45.3,4.10,14.10,0.000,78.0,53.0,1,0,0,0,0,0,0,NONE,,RPM:486bd1410c15947a TPS:486bd1411109df ADV:486bd1410e9063 MIL:486bd1410100000000c6
1789379227.8352,72.299,1369.0,-42.9,3.14,-1.40,8.50,2.40,22.4,45.1,4.06,14.10,0.000,78.0,53.0,1,0,0,0,0,0,0,NONE,,RPM:486bd1410c15644a TPS:486bd1411108de ADV:486bd1410e9164 MIL:486bd1410100000000c6
1789379228.1156,72.580,1389.0,71.3,3.53,1.40,7.50,2.40,22.4,45.3,4.06,14.10,0.000,78.0,53.0,1,0,0,0,0,0,0,NONE,,RPM:486bd1410c15b49a TPS:486bd1411109df ADV:486bd1410e8f62 MIL:486bd1410100000000c6
1789379228.4183,72.882,1398.0,29.7,3.53,0.00,8.00,2.40,22.4,45.3,4.06,14.10,0.000,78.0,53.0,1,0,0,0,0,0,0,NONE,,RPM:486bd1410c15d8be TPS:486bd1411109df ADV:486bd1410e9063 MIL:486bd1410100000000c6
1789379228.8819,73.346,1412.0,30.2,3.53,0.00,8.00,2.40,22.4,45.3,4.06,14.10,0.000,78.0,53.0,1,0,0,0,0,0,0,NONE,,RPM:486bd1410c1610f7 TPS:486bd1411109df ADV:486bd1410e9063 MIL:486bd1410100000000c6
1789379229.1582,73.622,1375.0,-133.9,3.53,0.00,8.00,2.40,22.4,45.3,4.06,14.10,0.000,78.0,53.0,1,0,0,0,0,0,0,NONE,,RPM:486bd1410c157c62 TPS:486bd1411109df ADV:486bd1410e9063 MIL:486bd1410100000000c6
1789379229.4259,73.890,1378.0,11.2,3.14,-1.46,8.00,2.40,22.4,45.1,4.06,14.10,0.000,78.0,53.0,1,0,0,0,0,0,0,NONE,,RPM:486bd1410c15886e TPS:486bd1411108de ADV:486bd1410e9063 MIL:486bd1410100000000c6
1789379229.7306,74.194,1357.0,-68.9,3.53,1.29,8.00,2.40,22.4,45.3,4.06,14.10,0.000,78.0,53.0,1,0,0,0,0,0,0,NONE,,RPM:486bd1410c15341a TPS:486bd1411109df ADV:486bd1410e9063 MIL:486bd1410100000000c6
1789379230.1985,74.662,1385.0,59.8,3.53,0.00,7.50,2.40,22.4,45.3,4.06,14.10,0.000,78.0,53.0,1,0,0,0,0,0,0,NONE,,RPM:486bd1410c15a48a TPS:486bd1411109df ADV:486bd1410e8f62 MIL:486bd1410100000000c6
1789379230.4651,74.929,1396.0,41.3,3.53,0.00,8.00,2.40,22.4,45.3,4.06,14.10,0.000,78.0,53.0,1,0,0,0,0,0,0,NONE,,RPM:486bd1410c15d0b6 TPS:486bd1411109df ADV:486bd1410e9063 MIL:486bd1410100000000c6
1789379230.8938,75.358,1370.0,-60.6,3.53,0.00,8.50,2.40,22.4,45.3,4.06,14.10,0.000,78.0,53.0,1,0,0,0,0,0,0,NONE,,RPM:486bd1410c15684e TPS:486bd1411109df ADV:486bd1410e9164 MIL:486bd1410100000000c6
1789379231.1841,75.648,1351.0,-65.5,3.53,0.00,8.50,2.40,22.4,45.3,4.04,14.10,0.000,79.0,53.0,1,0,0,0,0,0,0,NONE,,RPM:486bd1410c151c02 TPS:486bd1411109df ADV:486bd1410e9164 MIL:486bd1410100000000c6
1789379231.4564,75.920,1381.0,110.1,3.53,0.00,8.50,2.40,22.4,45.3,4.04,14.10,0.000,79.0,53.0,1,0,0,0,0,0,0,NONE,,RPM:486bd1410c15947a TPS:486bd1411109df ADV:486bd1410e9164 MIL:486bd1410100000000c6
1789379231.7283,76.192,1368.0,-47.8,3.53,0.00,8.50,2.40,22.7,45.3,4.07,14.10,0.000,79.0,53.0,1,0,0,0,0,0,0,NONE,,RPM:486bd1410c156046 TPS:486bd1411109df ADV:486bd1410e9164 MIL:486bd1410100000000c6
1789379232.0093,76.473,1359.0,-32.0,3.14,-1.40,8.00,2.40,22.7,45.1,4.07,14.10,0.000,79.0,53.0,1,0,0,0,0,0,0,NONE,,RPM:486bd1410c153c22 TPS:486bd1411108de ADV:486bd1410e9063 MIL:486bd1410100000000c6
1789379232.3035,76.767,1395.0,122.4,3.53,1.33,8.00,2.40,22.7,45.3,4.07,14.10,0.000,79.0,53.0,1,0,0,0,0,0,0,NONE,,RPM:486bd1410c15ccb2 TPS:486bd1411109df ADV:486bd1410e9063 MIL:486bd1410100000000c6
1789379232.7285,77.192,1375.0,-47.1,3.53,0.00,8.50,2.40,22.7,45.3,4.07,14.10,0.000,79.0,53.0,1,0,0,0,0,0,0,NONE,,RPM:486bd1410c157c62 TPS:486bd1411109df ADV:486bd1410e9164 MIL:486bd1410100000000c6
1789379233.0237,77.488,1348.0,-91.5,3.53,0.00,8.50,2.40,22.7,45.3,4.07,14.10,0.000,79.0,53.0,1,0,0,0,0,0,0,NONE,,RPM:486bd1410c1510f6 TPS:486bd1411109df ADV:486bd1410e9164 MIL:486bd1410100000000c6
1789379233.2942,77.758,1353.0,18.5,3.53,0.00,8.00,2.40,22.7,45.3,4.07,14.10,0.000,79.0,53.0,1,0,0,0,0,0,0,NONE,,RPM:486bd1410c15240a TPS:486bd1411109df ADV:486bd1410e9063 MIL:486bd1410100000000c6
1789379233.6043,78.068,1389.0,116.1,3.14,-1.26,8.00,2.40,22.7,45.1,4.07,14.10,0.000,79.0,53.0,1,0,0,0,0,0,0,NONE,,RPM:486bd1410c15b49a TPS:486bd1411108de ADV:486bd1410e9063 MIL:486bd1410100000000c6
1789379234.0615,78.525,1247.0,-310.6,3.53,0.86,9.00,2.40,22.7,45.3,4.07,14.10,0.000,79.0,53.0,1,0,0,0,0,0,0,NONE,,RPM:486bd1410c137c60 TPS:486bd1411109df ADV:486bd1410e9265 MIL:486bd1410100000000c6
1789379234.3724,78.836,1443.0,630.5,3.53,0.00,8.00,2.40,22.7,45.3,4.07,14.10,0.000,79.0,53.0,1,0,0,0,0,0,0,NONE,,RPM:486bd1410c168c73 TPS:486bd1411109df ADV:486bd1410e9063 MIL:486bd1410100000000c6
1789379234.8054,79.269,1267.0,-406.5,3.14,-0.91,8.50,2.40,22.7,45.1,4.07,14.10,0.000,79.0,53.0,1,0,0,0,0,0,0,NONE,,RPM:486bd1410c13ccb0 TPS:486bd1411108de ADV:486bd1410e9164 MIL:486bd1410100000000c6
1789379235.0681,79.532,1416.0,567.2,3.53,1.49,8.50,2.40,22.7,45.3,4.05,14.10,0.000,80.0,53.0,1,0,0,0,0,0,0,NONE,,RPM:486bd1410c162007 TPS:486bd1411109df ADV:486bd1410e9164 MIL:486bd1410100000000c6
1789379235.3406,79.804,1269.0,-539.4,3.53,0.00,8.50,2.40,22.7,45.3,4.05,14.10,0.000,80.0,53.0,1,0,0,0,0,0,0,NONE,,RPM:486bd1410c13d4b8 TPS:486bd1411109df ADV:486bd1410e9164 MIL:486bd1410100000000c6
1789379235.6119,80.076,1433.0,604.6,3.53,0.00,8.50,2.40,24.3,45.3,4.19,14.10,0.000,80.0,53.0,1,0,0,0,0,0,0,NONE,,RPM:486bd1410c16644b TPS:486bd1411109df ADV:486bd1410e9164 MIL:486bd1410100000000c6
1789379235.8992,80.363,1262.0,-595.2,3.53,0.00,8.50,2.40,24.3,45.3,4.19,14.10,0.000,80.0,53.0,1,0,0,0,0,0,0,NONE,,RPM:486bd1410c13b89c TPS:486bd1411109df ADV:486bd1410e9164 MIL:486bd1410100000000c6
1789379236.1713,80.635,1423.0,591.7,3.53,0.00,9.00,2.40,24.3,45.3,4.19,14.10,0.000,80.0,53.0,1,0,0,0,0,0,0,NONE,,RPM:486bd1410c163c23 TPS:486bd1411109df ADV:486bd1410e9265 MIL:486bd1410100000000c6
1789379236.6085,81.072,1411.0,-27.4,3.53,0.00,8.50,2.40,24.3,45.3,4.19,14.10,0.000,80.0,53.0,1,0,0,0,0,0,0,NONE,,RPM:486bd1410c160cf3 TPS:486bd1411109df ADV:486bd1410e9164 MIL:486bd1410100000000c6
1789379236.8749,81.339,1286.0,-469.3,3.53,0.00,10.00,2.40,24.3,45.3,4.19,14.10,0.000,80.0,53.0,1,0,0,0,0,0,0,NONE,,RPM:486bd1410c1418fd TPS:486bd1411109df ADV:486bd1410e9467 MIL:486bd1410100000000c6
1789379237.1783,81.642,1384.0,323.0,3.53,0.00,6.50,2.40,24.3,45.3,4.19,14.10,0.000,80.0,53.0,1,0,0,0,0,0,0,NONE,,RPM:486bd1410c15a086 TPS:486bd1411109df ADV:486bd1410e8d60 MIL:486bd1410100000000c6
1789379237.4502,81.914,1286.0,-360.4,3.53,0.00,10.00,2.40,24.3,45.3,4.19,14.10,0.000,80.0,53.0,1,0,0,0,0,0,0,NONE,,RPM:486bd1410c1418fd TPS:486bd1411109df ADV:486bd1410e9467 MIL:486bd1410100000000c6
1789379237.9013,82.365,1410.0,274.9,3.53,0.00,8.50,2.40,24.3,45.3,4.19,14.10,0.000,80.0,53.0,1,0,0,0,0,0,0,NONE,,RPM:486bd1410c1608ef TPS:486bd1411109df ADV:486bd1410e9164 MIL:486bd1410100000000c6
1789379238.1685,82.632,1278.0,-494.1,3.14,-1.47,8.50,2.40,24.3,45.1,4.19,14.10,0.000,80.0,53.0,1,0,0,0,0,0,0,NONE,,RPM:486bd1410c13f8dc TPS:486bd1411108de ADV:486bd1410e9164 MIL:486bd1410100000000c6
1789379238.6319,83.096,1362.0,181.3,3.53,0.85,10.50,2.40,24.3,45.3,4.19,14.10,0.000,80.0,53.0,1,0,0,0,0,0,0,NONE,,RPM:486bd1410c15482e TPS:486bd1411109df ADV:486bd1410e9568 MIL:486bd1410100000000c6
1789379238.9058,83.370,1288.0,-270.2,3.53,0.00,7.50,2.40,24.3,45.3,4.19,14.10,0.000,80.0,53.0,1,0,0,0,0,0,0,NONE,,RPM:486bd1410c142005 TPS:486bd1411109df ADV:486bd1410e8f62 MIL:486bd1410100000000c6
1789379239.1859,83.650,1406.0,421.3,3.53,0.00,10.00,2.40,24.3,45.3,4.19,14.10,0.000,80.0,53.0,1,0,0,0,0,0,0,NONE,,RPM:486bd1410c15f8de TPS:486bd1411109df ADV:486bd1410e9467 MIL:486bd1410100000000c6
1789379239.4803,83.944,1291.0,-390.6,3.53,0.00,8.00,2.40,22.0,45.3,3.98,14.10,0.000,80.0,53.0,1,0,0,0,0,0,0,NONE,,RPM:486bd1410c142c11 TPS:486bd1411109df ADV:486bd1410e9063 MIL:486bd1410100000000c6
1789379239.7514,84.215,1434.0,527.4,3.53,0.00,8.50,2.40,22.0,45.3,3.98,14.10,0.000,80.0,53.0,1,0,0,0,0,0,0,NONE,,RPM:486bd1410c16684f TPS:486bd1411109df ADV:486bd1410e9164 MIL:486bd1410100000000c6
1789379240.0560,84.520,1372.0,-203.5,3.53,0.00,8.50,2.40,22.0,45.3,3.98,14.10,0.000,80.0,53.0,1,0,0,0,0,0,0,NONE,,RPM:486bd1410c157056 TPS:486bd1411109df ADV:486bd1410e9164 MIL:486bd1410100000000c6
1789379240.5018,84.966,1336.0,-80.7,3.53,0.00,8.50,2.40,22.0,45.3,3.98,14.10,0.000,80.0,53.0,1,0,0,0,0,0,0,NONE,,RPM:486bd1410c14e0c5 TPS:486bd1411109df ADV:486bd1410e9164 MIL:486bd1410100000000c6
1789379240.7752,85.239,1347.0,40.2,3.53,0.00,9.00,2.40,22.0,45.3,3.98,14.10,0.000,80.0,54.0,1,0,0,0,0,0,0,NONE,,RPM:486bd1410c150cf2 TPS:486bd1411109df ADV:486bd1410e9265 MIL:486bd1410100000000c6
1789379241.0469,85.511,1325.0,-81.0,3.53,0.00,8.50,2.40,22.0,45.3,3.98,14.10,0.000,80.0,54.0,1,0,0,0,0,0,0,NONE,,RPM:486bd1410c14b499 TPS:486bd1411109df ADV:486bd1410e9164 MIL:486bd1410100000000c6
1789379241.3656,85.830,1376.0,160.0,3.53,0.00,8.50,2.40,22.0,45.3,3.98,14.10,0.000,80.0,54.0,1,0,0,0,0,0,0,NONE,,RPM:486bd1410c158066 TPS:486bd1411109df ADV:486bd1410e9164 MIL:486bd1410100000000c6
1789379241.8221,86.286,1308.0,-149.0,3.53,0.00,8.50,2.40,22.0,45.3,3.98,14.10,0.000,80.0,54.0,1,0,0,0,0,0,0,NONE,,RPM:486bd1410c147055 TPS:486bd1411109df ADV:486bd1410e9164 MIL:486bd1410100000000c6
1789379242.0848,86.549,1393.0,323.5,3.53,0.00,8.50,2.40,22.0,45.3,3.98,14.10,0.000,80.0,54.0,1,0,0,0,0,0,0,NONE,,RPM:486bd1410c15c4aa TPS:486bd1411109df ADV:486bd1410e9164 MIL:486bd1410100000000c6
1789379242.5830,87.047,1372.0,-42.2,3.53,0.00,8.00,2.40,22.0,45.3,3.98,14.10,0.000,80.0,54.0,1,0,0,0,0,0,0,NONE,,RPM:486bd1410c157056 TPS:486bd1411109df ADV:486bd1410e9063 MIL:486bd1410100000000c6
1789379242.8533,87.317,1364.0,-29.6,3.53,0.00,8.50,2.40,22.0,45.3,3.95,14.10,0.000,81.0,54.0,1,0,0,0,0,0,0,NONE,,RPM:486bd1410c155036 TPS:486bd1411109df ADV:486bd1410e9164 MIL:486bd1410100000000c6
1789379243.1558,87.620,1349.0,-49.6,3.53,0.00,8.50,2.40,22.0,45.3,3.95,14.10,0.000,81.0,54.0,1,0,0,0,0,0,0,NONE,,RPM:486bd1410c1514fa TPS:486bd1411109df ADV:486bd1410e9164 MIL:486bd1410100000000c6
1789379243.4286,87.893,1333.0,-58.6,3.53,0.00,8.50,2.40,22.0,45.3,3.95,14.10,0.000,81.0,54.0,1,0,0,0,0,0,0,NONE,,RPM:486bd1410c14d4b9 TPS:486bd1411109df ADV:486bd1410e9164 MIL:486bd1410100000000c6
1789379243.7083,88.172,1302.0,-110.8,3.14,-1.40,10.00,2.40,22.0,45.1,3.95,14.10,0.000,81.0,54.0,1,0,0,0,0,0,0,NONE,,RPM:486bd1410c14583d TPS:486bd1411108de ADV:486bd1410e9467 MIL:486bd1410100000000c6
1789379244.0028,88.467,1345.0,146.0,3.14,0.00,8.00,2.40,22.0,45.1,3.95,14.10,0.000,81.0,54.0,1,0,0,0,0,0,0,NONE,,RPM:486bd1410c1504ea TPS:486bd1411108de ADV:486bd1410e9063 MIL:486bd1410100000000c6
1789379244.4862,88.950,1306.0,-80.7,3.53,0.81,8.50,2.40,22.0,45.3,3.95,14.10,0.000,81.0,54.0,1,0,0,0,0,0,0,NONE,,RPM:486bd1410c14684d TPS:486bd1411109df ADV:486bd1410e9164 MIL:486bd1410100000000c6
1789379244.7858,89.250,1379.0,243.6,3.14,-1.31,8.50,2.40,22.0,45.1,3.95,14.10,0.000,81.0,54.0,1,0,0,0,0,0,0,NONE,,RPM:486bd1410c158c72 TPS:486bd1411108de ADV:486bd1410e9164 MIL:486bd1410100000000c6
1789379245.0590,89.523,1310.0,-252.6,3.14,0.00,10.00,2.40,22.0,45.1,3.95,14.10,0.000,81.0,54.0,1,0,0,0,0,0,0,NONE,,RPM:486bd1410c14785d TPS:486bd1411108de ADV:486bd1410e9467 MIL:486bd1410100000000c6
1789379245.3305,89.794,1300.0,-36.8,3.53,1.44,7.50,2.40,22.0,45.3,3.95,14.10,0.000,81.0,54.0,1,0,0,0,0,0,0,NONE,,RPM:486bd1410c145035 TPS:486bd1411109df ADV:486bd1410e8f62 MIL:486bd1410100000000c6
1789379245.8358,90.300,1330.0,59.4,3.53,0.00,10.50,2.40,22.0,45.3,3.95,14.10,0.000,81.0,54.0,1,0,0,0,0,0,0,NONE,,RPM:486bd1410c14c8ad TPS:486bd1411109df ADV:486bd1410e9568 MIL:486bd1410100000000c6
1789379246.1130,90.577,1349.0,68.5,7.45,14.15,5.50,2.40,22.0,47.6,3.95,14.10,0.000,81.0,54.0,1,0,0,0,0,0,0,NONE,,RPM:486bd1410c1514fa TPS:486bd1411113e9 ADV:486bd1410e8b5e MIL:486bd1410100000000c6
1789379246.5847,91.049,2065.0,1518.0,7.84,0.83,-2.00,2.40,22.0,47.8,3.95,14.10,0.000,81.0,54.0,1,0,0,0,0,0,0,NONE,,RPM:486bd1410c204435 TPS:486bd1411114ea ADV:486bd1410e7c4f MIL:486bd1410100000000c6
1789379246.8543,91.318,3019.0,3538.0,3.53,-16.00,9.00,2.40,22.0,45.3,3.95,14.10,0.000,81.0,54.0,1,0,0,0,0,0,0,NONE,,RPM:486bd1410c2f2c2c TPS:486bd1411109df ADV:486bd1410e9265 MIL:486bd1410100000000c6
1789379247.1542,91.618,2384.0,-2117.3,3.53,0.00,6.50,2.40,22.0,45.3,3.95,14.10,0.000,81.0,54.0,1,0,0,0,0,0,0,NONE,,RPM:486bd1410c254036 TPS:486bd1411109df ADV:486bd1410e8d60 MIL:486bd1410100000000c6
1789379247.4241,91.888,1695.0,-2552.7,10.20,24.70,0.50,2.40,42.4,49.2,5.79,14.10,0.000,81.0,54.0,1,0,0,0,0,0,0,NONE,,RPM:486bd1410c1a7c67 TPS:486bd141111af0 ADV:486bd1410e8154 MIL:486bd1410100000000c6
1789379247.6954,92.159,2759.0,3921.5,3.53,-24.57,11.50,2.40,42.4,45.3,5.79,14.10,0.000,81.0,54.0,1,0,0,0,0,0,0,NONE,,RPM:486bd1410c2b1c18 TPS:486bd1411109df ADV:486bd1410e976a MIL:486bd1410100000000c6
1789379247.9998,92.464,2567.0,-630.9,3.53,0.00,6.50,2.40,42.4,45.3,5.79,14.10,0.000,81.0,54.0,1,0,0,0,0,0,0,NONE,,RPM:486bd1410c281c15 TPS:486bd1411109df ADV:486bd1410e8d60 MIL:486bd1410100000000c6
1789379248.4554,92.919,3227.0,1448.5,3.53,0.00,14.00,2.40,42.4,45.3,5.79,14.10,0.000,81.0,54.0,1,0,0,0,0,0,0,NONE,,RPM:486bd1410c326c6f TPS:486bd1411109df ADV:486bd1410e9c6f MIL:486bd1410100000000c6
1789379248.7336,93.197,2924.0,-1089.2,3.53,0.00,8.00,2.40,42.4,45.3,5.79,14.10,0.000,81.0,54.0,1,0,0,0,0,0,0,NONE,,RPM:486bd1410c2db0ae TPS:486bd1411109df ADV:486bd1410e9063 MIL:486bd1410100000000c6
1789379249.0061,93.470,2103.0,-3013.0,3.53,0.00,6.50,2.40,42.4,45.3,5.79,14.10,0.000,81.0,54.0,1,0,0,0,0,0,0,NONE,,RPM:486bd1410c20dccd TPS:486bd1411109df ADV:486bd1410e8d60 MIL:486bd1410100000000c6
1789379249.2818,93.746,1358.0,-2702.1,3.53,0.00,13.00,2.40,42.4,45.3,5.79,14.10,0.000,81.0,54.0,1,0,0,0,0,0,0,NONE,,RPM:486bd1410c15381e TPS:486bd1411109df ADV:486bd1410e9a6d MIL:486bd1410100000000c6
1789379249.7121,94.176,1409.0,118.5,3.53,0.00,11.50,2.40,42.4,45.3,5.79,14.10,0.000,81.0,54.0,1,0,0,0,0,0,0,NONE,,RPM:486bd1410c1604eb TPS:486bd1411109df ADV:486bd1410e976a MIL:486bd1410100000000c6
1789379249.9939,94.458,1246.0,-578.4,3.92,1.39,11.00,2.40,42.4,45.6,5.79,14.10,0.000,81.0,54.0,1,0,0,0,0,0,0,NONE,,RPM:486bd1410c13785c TPS:486bd141110ae0 ADV:486bd1410e9669 MIL:486bd1410100000000c6
1789379250.4236,94.887,1583.0,784.3,4.31,0.91,11.50,2.40,42.4,45.8,5.79,14.10,0.000,81.0,54.0,1,0,0,0,0,0,0,NONE,,RPM:486bd1410c18bca5 TPS:486bd141110be1 ADV:486bd1410e976a MIL:486bd1410100000000c6
1789379250.7489,95.213,1665.0,252.0,4.71,1.21,13.00,2.40,42.4,46.0,5.76,14.10,0.000,82.0,54.0,1,0,0,0,0,0,0,NONE,,RPM:486bd1410c1a04ef TPS:486bd141110ce2 ADV:486bd1410e9a6d MIL:486bd1410100000000c6
1789379251.0367,95.501,1783.0,410.0,3.53,-4.09,10.00,2.40,42.4,45.3,5.76,14.10,0.000,82.0,54.0,1,0,0,0,0,0,0,NONE,,RPM:486bd1410c1bdcc8 TPS:486bd1411109df ADV:486bd1410e9467 MIL:486bd1410100000000c6
1789379251.3248,95.789,1451.0,-1152.5,3.14,-1.36,11.00,2.40,25.1,45.1,4.21,14.10,0.000,82.0,54.0,1,0,0,0,0,0,0,NONE,,RPM:486bd1410c16ac93 TPS:486bd1411108de ADV:486bd1410e9669 MIL:486bd1410100000000c6
1789379251.5958,96.060,1280.0,-630.9,3.53,1.45,9.00,2.40,25.1,45.3,4.21,14.10,0.000,82.0,54.0,1,0,0,0,0,0,0,NONE,,RPM:486bd1410c1400e5 TPS:486bd1411109df ADV:486bd1410e9265 MIL:486bd1410100000000c6
1789379251.8678,96.332,1359.0,290.5,3.92,1.44,11.00,2.40,25.1,45.6,4.21,14.10,0.000,82.0,54.0,1,0,0,0,0,0,0,NONE,,RPM:486bd1410c153c22 TPS:486bd141110ae0 ADV:486bd1410e9669 MIL:486bd1410100000000c6
1789379252.3346,96.798,1850.0,1051.8,5.88,4.20,9.00,2.40,25.1,46.7,4.21,14.10,0.000,82.0,54.0,1,0,0,0,0,0,0,NONE,,RPM:486bd1410c1ce8d5 TPS:486bd141110fe5 ADV:486bd1410e9265 MIL:486bd1410100000000c6
1789379252.6129,97.077,2132.0,1013.1,5.10,-2.82,15.50,2.40,25.1,46.3,4.21,14.10,0.000,82.0,54.0,1,0,0,0,0,0,0,NONE,,RPM:486bd1410c215042 TPS:486bd141110de3 ADV:486bd1410e9f72 MIL:486bd1410100000000c6
1789379252.8869,97.351,2190.0,211.7,5.10,0.00,16.50,2.40,25.1,46.3,4.21,14.10,0.000,82.0,54.0,1,0,0,0,0,0,0,NONE,,RPM:486bd1410c22382b TPS:486bd141110de3 ADV:486bd1410ea174 MIL:486bd1410100000000c6
1789379253.1844,97.648,2136.0,-181.5,5.10,0.00,15.00,2.40,25.1,46.3,4.21,14.10,0.000,82.0,54.0,1,0,0,0,0,0,0,NONE,,RPM:486bd1410c216052 TPS:486bd141110de3 ADV:486bd1410e9e71 MIL:486bd1410100000000c6
1789379253.6160,98.080,2105.0,-71.8,4.71,-0.91,16.00,2.40,25.1,46.0,4.21,14.10,0.000,82.0,54.0,1,0,0,0,0,0,0,NONE,,RPM:486bd1410c20e4d5 TPS:486bd141110ce2 ADV:486bd1410ea073 MIL:486bd1410100000000c6
1789379253.9157,98.380,2052.0,-176.9,4.71,0.00,16.00,2.40,25.1,46.0,4.21,14.10,0.000,82.0,54.0,1,0,0,0,0,0,0,NONE,,RPM:486bd1410c201001 TPS:486bd141110ce2 ADV:486bd1410ea073 MIL:486bd1410100000000c6
1789379254.3641,98.828,1844.0,-463.8,3.53,-2.62,10.00,2.40,25.1,45.3,4.21,14.10,0.000,82.0,54.0,1,0,0,0,0,0,0,NONE,,RPM:486bd1410c1cd0bd TPS:486bd1411109df ADV:486bd1410e9467 MIL:486bd1410100000000c6
1789379254.6327,99.097,1433.0,-1530.3,3.53,0.00,12.50,2.40,25.1,45.3,4.21,14.10,0.000,82.0,54.0,1,0,0,0,0,0,0,NONE,,RPM:486bd1410c16644b TPS:486bd1411109df ADV:486bd1410e996c MIL:486bd1410100000000c6
1789379254.9048,99.369,1222.0,-775.4,3.14,-1.44,10.00,2.40,25.1,45.1,4.21,14.10,0.000,82.0,54.0,1,0,0,0,0,0,0,NONE,,RPM:486bd1410c1318fc TPS:486bd1411108de ADV:486bd1410e9467 MIL:486bd1410100000000c6
1789379255.1930,99.657,1376.0,534.4,3.53,1.36,11.50,2.40,25.9,45.3,4.28,14.10,0.000,82.0,54.0,1,0,0,0,0,0,0,NONE,,RPM:486bd1410c158066 TPS:486bd1411109df ADV:486bd1410e976a MIL:486bd1410100000000c6
1789379255.4812,99.945,1344.0,-111.0,3.14,-1.36,8.50,2.40,25.9,45.1,4.28,14.10,0.000,82.0,54.0,1,0,0,0,0,0,0,NONE,,RPM:486bd1410c1500e6 TPS:486bd1411108de ADV:486bd1410e9164 MIL:486bd1410100000000c6
1789379255.7633,100.227,1247.0,-343.8,3.53,1.39,12.50,2.40,25.9,45.3,4.28,14.10,0.000,82.0,54.0,1,0,0,0,0,0,0,NONE,,RPM:486bd1410c137c60 TPS:486bd1411109df ADV:486bd1410e996c MIL:486bd1410100000000c6
1789379256.2819,100.746,1357.0,212.1,3.53,0.00,12.50,2.40,25.9,45.3,4.28,14.10,0.000,82.0,54.0,1,0,0,0,0,0,0,NONE,,RPM:486bd1410c15341a TPS:486bd1411109df ADV:486bd1410e996c MIL:486bd1410100000000c6
1789379256.5709,101.035,1334.0,-79.6,3.53,0.00,8.00,2.40,25.9,45.3,4.28,14.10,0.000,82.0,53.0,1,0,0,0,0,0,0,NONE,,RPM:486bd1410c14d8bd TPS:486bd1411109df ADV:486bd1410e9063 MIL:486bd1410100000000c6
1789379256.8382,101.302,1321.0,-48.6,3.14,-1.47,12.50,2.40,25.9,45.1,4.28,14.10,0.000,82.0,53.0,1,0,0,0,0,0,0,NONE,,RPM:486bd1410c14a489 TPS:486bd1411108de ADV:486bd1410e996c MIL:486bd1410100000000c6
1789379257.1108,101.575,1336.0,55.0,3.53,1.44,8.00,2.40,25.9,45.3,4.28,14.10,0.000,82.0,53.0,1,0,0,0,0,0,0,NONE,,RPM:486bd1410c14e0c5 TPS:486bd1411109df ADV:486bd1410e9063 MIL:486bd1410100000000c6
1789379257.6153,102.079,1297.0,-77.3,3.14,-0.78,8.50,2.40,25.9,45.1,4.28,14.10,0.000,82.0,53.0,1,0,0,0,0,0,0,NONE,,RPM:486bd1410c144429 TPS:486bd1411108de ADV:486bd1410e9164 MIL:486bd1410100000000c6
1789379257.8905,102.354,1363.0,239.8,3.14,0.00,12.50,2.40,25.9,45.1,4.28,14.10,0.000,82.0,53.0,1,0,0,0,0,0,0,NONE,,RPM:486bd1410c154c32 TPS:486bd1411108de ADV:486bd1410e996c MIL:486bd1410100000000c6
1789379258.3433,102.807,1333.0,-66.3,3.53,0.87,12.50,2.40,25.9,45.3,4.28,14.10,0.000,82.0,53.0,1,0,0,0,0,0,0,NONE,,RPM:486bd1410c14d4b9 TPS:486bd1411109df ADV:486bd1410e996c MIL:486bd1410100000000c6
1789379258.6125,103.076,1365.0,118.9,3.53,0.00,6.50,2.40,25.9,45.3,4.26,14.10,0.000,83.0,53.0,1,0,0,0,0,0,0,NONE,,RPM:486bd1410c15543a TPS:486bd1411109df ADV:486bd1410e8d60 MIL:486bd1410100000000c6
1789379258.8926,103.356,1253.0,-399.9,3.53,0.00,10.00,2.40,25.9,45.3,4.26,14.10,0.000,83.0,53.0,1,0,0,0,0,0,0,NONE,,RPM:486bd1410c139478 TPS:486bd1411109df ADV:486bd1410e9467 MIL:486bd1410100000000c6
1789379259.1909,103.655,1371.0,395.6,3.14,-1.31,8.00,2.40,22.0,45.1,3.90,14.10,0.000,83.0,53.0,1,0,0,0,0,0,0,NONE,,RPM:486bd1410c156c52 TPS:486bd1411108de ADV:486bd1410e9063 MIL:486bd1410100000000c6
1789379259.4601,103.924,1269.0,-378.8,3.14,0.00,10.50,2.40,22.0,45.1,3.90,14.10,0.000,83.0,53.0,1,0,0,0,0,0,0,NONE,,RPM:486bd1410c13d4b8 TPS:486bd1411108de ADV:486bd1410e9568 MIL:486bd1410100000000c6
1789379259.7430,104.207,1397.0,452.6,3.14,0.00,8.00,2.40,22.0,45.1,3.90,14.10,0.000,83.0,53.0,1,0,0,0,0,0,0,NONE,,RPM:486bd1410c15d4ba TPS:486bd1411108de ADV:486bd1410e9063 MIL:486bd1410100000000c6
1789379260.1805,104.644,1334.0,-144.0,3.53,0.90,6.50,2.40,22.0,45.3,3.90,14.10,0.000,83.0,53.0,1,0,0,0,0,0,0,NONE,,RPM:486bd1410c14d8bd TPS:486bd1411109df ADV:486bd1410e8d60 MIL:486bd1410100000000c6
1789379260.4514,104.915,1337.0,11.1,3.53,0.00,11.00,2.40,22.0,45.3,3.90,14.10,0.000,83.0,53.0,1,0,0,0,0,0,0,NONE,,RPM:486bd1410c14e4c9 TPS:486bd1411109df ADV:486bd1410e9669 MIL:486bd1410100000000c6
1789379260.7225,105.186,1322.0,-55.3,3.14,-1.45,6.50,2.40,22.0,45.1,3.90,14.10,0.000,83.0,53.0,1,0,0,0,0,0,0,NONE,,RPM:486bd1410c14a88d TPS:486bd1411108de ADV:486bd1410e8d60 MIL:486bd1410100000000c6
1789379261.0435,105.507,1299.0,-71.6,3.14,0.00,11.50,2.40,22.0,45.1,3.90,14.10,0.000,83.0,53.0,1,0,0,0,0,0,0,NONE,,RPM:486bd1410c144c31 TPS:486bd1411108de ADV:486bd1410e976a MIL:486bd1410100000000c6
1789379261.5210,105.985,1357.0,121.5,3.53,0.82,11.00,2.40,22.0,45.3,3.90,14.10,0.000,83.0,53.0,1,0,0,0,0,0,0,NONE,,RPM:486bd1410c15341a TPS:486bd1411109df ADV:486bd1410e9669 MIL:486bd1410100000000c6
1789379261.7961,106.260,1321.0,-130.8,3.53,0.00,6.50,2.40,22.0,45.3,3.90,14.10,0.000,83.0,53.0,1,0,0,0,0,0,0,NONE,,RPM:486bd1410c14a489 TPS:486bd1411109df ADV:486bd1410e8d60 MIL:486bd1410100000000c6
1789379262.2252,106.689,1275.0,-107.2,3.53,0.00,8.00,2.40,22.0,45.3,3.90,14.10,0.000,83.0,53.0,1,0,0,0,0,0,0,NONE,,RPM:486bd1410c13ecd0 TPS:486bd1411109df ADV:486bd1410e9063 MIL:486bd1410100000000c6
1789379262.5286,106.992,1388.0,372.4,3.53,0.00,9.00,2.40,22.0,45.3,3.88,14.10,0.000,84.0,53.0,1,0,0,0,0,0,0,NONE,,RPM:486bd1410c15b096 TPS:486bd1411109df ADV:486bd1410e9265 MIL:486bd1410100000000c6
1789379262.8016,107.265,1249.0,-509.1,3.14,-1.44,8.50,2.40,22.0,45.1,3.88,14.10,0.000,84.0,53.0,1,0,0,0,0,0,0,NONE,,RPM:486bd1410c138468 TPS:486bd1411108de ADV:486bd1410e9164 MIL:486bd1410100000000c6
1789379263.0916,107.555,1397.0,510.3,3.53,1.35,10.00,2.40,25.1,45.3,4.16,14.10,0.000,84.0,53.0,1,0,0,0,0,0,0,NONE,,RPM:486bd1410c15d4ba TPS:486bd1411109df ADV:486bd1410e9467 MIL:486bd1410100000000c6
1789379263.3948,107.859,1278.0,-392.5,3.53,0.00,8.00,2.40,25.1,45.3,4.16,14.10,0.000,84.0,53.0,1,0,0,0,0,0,0,NONE,,RPM:486bd1410c13f8dc TPS:486bd1411109df ADV:486bd1410e9063 MIL:486bd1410100000000c6
1789379263.6639,108.128,1406.0,475.6,3.53,0.00,8.50,2.40,25.1,45.3,4.16,14.10,0.000,84.0,53.0,1,0,0,0,0,0,0,NONE,,RPM:486bd1410c15f8de TPS:486bd1411109df ADV:486bd1410e9164 MIL:486bd1410100000000c6
1789379264.1345,108.598,1395.0,-23.4,3.53,0.00,6.50,2.40,25.1,45.3,4.16,14.10,0.000,84.0,53.0,1,0,0,0,0,0,0,NONE,,RPM:486bd1410c15ccb2 TPS:486bd1411109df ADV:486bd1410e8d60 MIL:486bd1410100000000c6
1789379264.4179,108.882,1256.0,-490.4,3.53,0.00,10.00,2.40,25.1,45.3,4.16,14.10,0.000,84.0,52.0,1,0,0,0,0,0,0,NONE,,RPM:486bd1410c13a084 TPS:486bd1411109df ADV:486bd1410e9467 MIL:486bd1410100000000c6
1789379264.6877,109.152,1383.0,470.7,3.53,0.00,6.50,2.40,25.1,45.3,4.16,14.10,0.000,84.0,52.0,1,0,0,0,0,0,0,NONE,,RPM:486bd1410c159c82 TPS:486bd1411109df ADV:486bd1410e8d60 MIL:486bd1410100000000c6
1789379264.9590,109.423,1282.0,-372.3,3.53,0.00,10.50,2.40,25.1,45.3,4.16,14.10,0.000,84.0,52.0,1,0,0,0,0,0,0,NONE,,RPM:486bd1410c1408ed TPS:486bd1411109df ADV:486bd1410e9568 MIL:486bd1410100000000c6
1789379265.4294,109.893,1378.0,204.1,3.14,-0.83,10.00,2.40,25.1,45.1,4.16,14.10,0.000,84.0,52.0,1,0,0,0,0,0,0,NONE,,RPM:486bd1410c15886e TPS:486bd1411108de ADV:486bd1410e9467 MIL:486bd1410100000000c6
1789379265.6981,110.162,1269.0,-405.6,3.53,1.46,6.50,2.40,25.1,45.3,4.16,14.10,0.000,84.0,52.0,1,0,0,0,0,0,0,NONE,,RPM:486bd1410c13d4b8 TPS:486bd1411109df ADV:486bd1410e8d60 MIL:486bd1410100000000c6
1789379266.1264,110.590,1235.0,-79.4,3.53,0.00,9.00,2.40,25.1,45.3,4.16,14.10,0.000,84.0,52.0,1,0,0,0,0,0,0,NONE,,RPM:486bd1410c134c30 TPS:486bd1411109df ADV:486bd1410e9265 MIL:486bd1410100000000c6
1789379266.3963,110.860,1383.0,548.2,3.53,0.00,8.50,2.40,25.1,45.3,4.16,14.10,0.000,84.0,52.0,1,0,0,0,0,0,0,NONE,,RPM:486bd1410c159c82 TPS:486bd1411109df ADV:486bd1410e9164 MIL:486bd1410100000000c6
1789379266.7014,111.165,1288.0,-311.4,3.14,-1.29,8.50,2.40,25.1,45.1,4.16,14.10,0.000,84.0,52.0,1,0,0,0,0,0,0,NONE,,RPM:486bd1410c142005 TPS:486bd1411108de ADV:486bd1410e9164 MIL:486bd1410100000000c6
1789379266.9895,111.453,1427.0,482.4,3.53,1.36,8.00,2.40,22.0,45.3,3.88,14.10,0.000,84.0,52.0,1,0,0,0,0,0,0,NONE,,RPM:486bd1410c164c33 TPS:486bd1411109df ADV:486bd1410e9063 MIL:486bd1410100000000c6
1789379267.2671,111.731,1258.0,-608.8,3.53,0.00,10.50,2.40,22.0,45.3,3.88,14.10,0.000,84.0,52.0,1,0,0,0,0,0,0,NONE,,RPM:486bd1410c13a88c TPS:486bd1411109df ADV:486bd1410e9568 MIL:486bd1410100000000c6
1789379267.5387,112.003,1400.0,522.8,3.53,0.00,6.50,2.40,22.0,45.3,3.88,14.10,0.000,84.0,52.0,1,0,0,0,0,0,0,NONE,,RPM:486bd1410c15e0c6 TPS:486bd1411109df ADV:486bd1410e8d60 MIL:486bd1410100000000c6
1789379267.9729,112.437,1306.0,-216.5,3.53,0.00,7.50,2.40,22.0,45.3,3.88,14.10,0.000,84.0,52.0,1,0,0,0,0,0,0,NONE,,RPM:486bd1410c14684d TPS:486bd1411109df ADV:486bd1410e8f62 MIL:486bd1410100000000c6
1789379268.2515,112.715,1380.0,265.6,3.53,0.00,11.00,2.40,22.0,45.3,3.88,14.10,0.000,84.0,52.0,1,0,0,0,0,0,0,NONE,,RPM:486bd1410c159076 TPS:486bd1411109df ADV:486bd1410e9669 MIL:486bd1410100000000c6
1789379268.5716,113.035,1367.0,-40.6,3.53,0.00,6.50,2.40,22.0,45.3,3.88,14.10,0.000,84.0,52.0,1,0,0,0,0,0,0,NONE,,RPM:486bd1410c155c42 TPS:486bd1411109df ADV:486bd1410e8d60 MIL:486bd1410100000000c6
1789379268.8430,113.307,1288.0,-291.1,3.53,0.00,10.50,2.40,22.0,45.3,3.88,14.10,0.000,84.0,52.0,1,0,0,0,0,0,0,NONE,,RPM:486bd1410c142005 TPS:486bd1411109df ADV:486bd1410e9568 MIL:486bd1410100000000c6
1789379269.3121,113.776,1356.0,144.9,3.53,0.00,10.50,2.40,22.0,45.3,3.88,14.10,0.000,84.0,52.0,1,0,0,0,0,0,0,NONE,,RPM:486bd1410c153016 TPS:486bd1411109df ADV:486bd1410e9568 MIL:486bd1410100000000c6
1789379269.5785,114.042,1309.0,-176.4,3.14,-1.47,7.50,2.40,22.0,45.1,3.88,14.10,0.000,84.0,52.0,1,0,0,0,0,0,0,NONE,,RPM:486bd1410c147459 TPS:486bd1411108de ADV:486bd1410e8f62 MIL:486bd1410100000000c6
1789379270.0514,114.515,1235.0,-156.5,3.53,0.83,8.00,2.40,22.0,45.3,3.88,14.10,0.000,84.0,52.0,1,0,0,0,0,0,0,NONE,,RPM:486bd1410c134c30 TPS:486bd1411109df ADV:486bd1410e9063 MIL:486bd1410100000000c6
1789379270.3457,114.810,1395.0,543.7,3.14,-1.33,10.00,2.40,22.0,45.1,3.86,14.10,0.000,85.0,52.0,1,0,0,0,0,0,0,NONE,,RPM:486bd1410c15ccb2 TPS:486bd1411108de ADV:486bd1410e9467 MIL:486bd1410100000000c6
1789379270.6173,115.081,1251.0,-530.2,3.53,1.44,8.00,2.40,22.0,45.3,3.86,14.10,0.000,85.0,52.0,1,0,0,0,0,0,0,NONE,,RPM:486bd1410c138c70 TPS:486bd1411109df ADV:486bd1410e9063 MIL:486bd1410100000000c6
1789379270.9217,115.386,1413.0,532.1,3.14,-1.29,10.00,2.40,24.7,45.1,4.11,14.10,0.000,85.0,52.0,1,0,0,0,0,0,0,NONE,,RPM:486bd1410c1614fb TPS:486bd1411108de ADV:486bd1410e9467 MIL:486bd1410100000000c6
1789379271.2390,115.703,1283.0,-409.7,3.53,1.24,8.00,2.40,24.7,45.3,4.11,14.10,0.000,85.0,52.0,1,0,0,0,0,0,0,NONE,,RPM:486bd1410c140cf1 TPS:486bd1411109df ADV:486bd1410e9063 MIL:486bd1410100000000c6
1789379271.5131,115.977,1394.0,404.9,3.53,0.00,10.00,2.40,24.7,45.3,4.11,14.10,0.000,85.0,52.0,1,0,0,0,0,0,0,NONE,,RPM:486bd1410c15c8ae TPS:486bd1411109df ADV:486bd1410e9467 MIL:486bd1410100000000c6
1789379271.9652,116.429,1425.0,68.6,3.14,-0.87,8.00,2.40,24.7,45.1,4.11,14.10,0.000,85.0,52.0,1,0,0,0,0,0,0,NONE,,RPM:486bd1410c16442b TPS:486bd1411108de ADV:486bd1410e9063 MIL:486bd1410100000000c6
1789379272.2316,116.696,1265.0,-600.5,3.14,0.00,10.00,2.40,24.7,45.1,4.11,14.10,0.000,85.0,52.0,1,0,0,0,0,0,0,NONE,,RPM:486bd1410c13c4a8 TPS:486bd1411108de ADV:486bd1410e9467 MIL:486bd1410100000000c6
1789379272.5158,116.980,1408.0,503.3,3.53,1.38,8.00,2.40,24.7,45.3,4.11,14.10,0.000,85.0,52.0,1,0,0,0,0,0,0,NONE,,RPM:486bd1410c1600e7 TPS:486bd1411109df ADV:486bd1410e9063 MIL:486bd1410100000000c6
1789379272.8132,117.277,1279.0,-433.7,3.53,0.00,10.50,2.40,24.7,45.3,4.11,14.10,0.000,85.0,52.0,1,0,0,0,0,0,0,NONE,,RPM:486bd1410c13fce0 TPS:486bd1411109df ADV:486bd1410e9568 MIL:486bd1410100000000c6
1789379273.2900,117.754,1236.0,-90.2,3.14,-0.82,11.50,2.40,24.7,45.1,4.11,14.10,0.000,85.0,52.0,1,0,0,0,0,0,0,NONE,,RPM:486bd1410c135034 TPS:486bd1411108de ADV:486bd1410e976a MIL:486bd1410100000000c6
1789379273.5777,118.042,1384.0,514.3,3.53,1.36,6.50,2.40,24.7,45.3,4.11,14.10,0.000,85.0,52.0,1,0,0,0,0,0,0,NONE,,RPM:486bd1410c15a086 TPS:486bd1411109df ADV:486bd1410e8d60 MIL:486bd1410100000000c6
1789379274.0070,118.471,1281.0,-239.9,3.53,0.00,8.00,2.40,24.7,45.3,4.11,14.10,0.000,85.0,52.0,1,0,0,0,0,0,0,NONE,,RPM:486bd1410c1404e9 TPS:486bd1411109df ADV:486bd1410e9063 MIL:486bd1410100000000c6
1789379274.3251,118.789,1387.0,333.3,3.53,0.00,9.00,2.40,24.7,45.3,4.11,14.10,0.000,85.0,52.0,1,0,0,0,0,0,0,NONE,,RPM:486bd1410c15ac92 TPS:486bd1411109df ADV:486bd1410e9265 MIL:486bd1410100000000c6
1789379274.6129,119.077,1253.0,-465.6,3.14,-1.36,7.50,2.40,24.7,45.1,4.11,14.10,0.000,85.0,52.0,1,0,0,0,0,0,0,NONE,,RPM:486bd1410c139478 TPS:486bd1411108de ADV:486bd1410e8f62 MIL:486bd1410100000000c6
1789379274.8850,119.349,1384.0,481.4,3.14,0.00,10.00,2.40,25.1,45.1,4.14,14.10,0.000,85.0,52.0,1,0,0,0,0,0,0,NONE,,RPM:486bd1410c15a086 TPS:486bd1411108de ADV:486bd1410e9467 MIL:486bd1410100000000c6
1789379275.1568,119.621,1286.0,-360.6,3.14,0.00,8.00,2.40,25.1,45.1,4.14,14.10,0.000,85.0,52.0,1,0,0,0,0,0,0,NONE,,RPM:486bd1410c1418fd TPS:486bd1411108de ADV:486bd1410e9063 MIL:486bd1410100000000c6
1789379275.4483,119.912,1338.0,178.4,3.53,1.35,11.00,2.40,25.1,45.3,4.14,14.10,0.000,85.0,52.0,1,0,0,0,0,0,0,NONE,,RPM:486bd1410c14e8cd TPS:486bd1411109df ADV:486bd1410e9669 MIL:486bd1410100000000c6
1789379275.8917,120.356,1416.0,175.9,3.53,0.00,10.50,2.40,25.1,45.3,4.14,14.10,0.000,85.0,52.0,1,0,0,0,0,0,0,NONE,,RPM:486bd1410c162007 TPS:486bd1411109df ADV:486bd1410e9568 MIL:486bd1410100000000c6
1789379276.2126,120.676,1303.0,-352.2,3.14,-1.22,8.00,2.40,25.1,45.1,4.14,14.10,0.000,85.0,52.0,1,0,0,0,0,0,0,NONE,,RPM:486bd1410c145c41 TPS:486bd1411108de ADV:486bd1410e9063 MIL:486bd1410100000000c6
1789379276.5239,120.988,1311.0,25.7,3.53,1.26,9.00,2.40,25.1,45.3,4.14,14.10,0.000,85.0,52.0,1,0,0,0,0,0,0,NONE,,RPM:486bd1410c147c61 TPS:486bd1411109df ADV:486bd1410e9265 MIL:486bd1410100000000c6
1789379276.8121,121.276,1376.0,225.5,3.53,0.00,8.00,2.40,25.1,45.3,4.14,14.10,0.000,85.0,52.0,1,0,0,0,0,0,0,NONE,,RPM:486bd1410c158066 TPS:486bd1411109df ADV:486bd1410e9063 MIL:486bd1410100000000c6
1789379277.2471,121.711,1299.0,-177.0,3.92,0.90,11.00,2.40,25.1,45.6,4.14,14.10,0.000,85.0,52.0,1,0,0,0,0,0,0,NONE,,RPM:486bd1410c144c31 TPS:486bd141110ae0 ADV:486bd1410e9669 MIL:486bd1410100000000c6
1789379277.5546,122.018,1666.0,1193.3,3.53,-1.28,6.50,2.40,25.1,45.3,4.14,14.10,0.000,85.0,52.0,1,0,0,0,0,0,0,NONE,,RPM:486bd1410c1a08f3 TPS:486bd1411109df ADV:486bd1410e8d60 MIL:486bd1410100000000c6
1789379277.9805,122.444,1421.0,-575.2,3.53,0.00,8.00,2.40,25.1,45.3,4.14,14.10,0.000,85.0,52.0,1,0,0,0,0,0,0,NONE,,RPM:486bd1410c16341b TPS:486bd1411109df ADV:486bd1410e9063 MIL:486bd1410100000000c6
1789379278.3214,122.785,1391.0,-88.0,3.14,-1.15,6.50,2.40,25.1,45.1,4.14,14.10,0.000,85.0,52.0,1,0,0,0,0,0,0,NONE,,RPM:486bd1410c15bca2 TPS:486bd1411108de ADV:486bd1410e8d60 MIL:486bd1410100000000c6
1789379278.5950,123.059,1347.0,-160.9,3.14,0.00,8.50,2.40,25.1,45.1,4.14,14.10,0.000,85.0,52.0,1,0,0,0,0,0,0,NONE,,RPM:486bd1410c150cf2 TPS:486bd1411108de ADV:486bd1410e9164 MIL:486bd1410100000000c6
1789379278.8644,123.328,1368.0,77.9,3.53,1.46,7.50,2.40,22.0,45.3,3.86,14.10,0.000,85.0,52.0,1,0,0,0,0,0,0,NONE,,RPM:486bd1410c156046 TPS:486bd1411109df ADV:486bd1410e8f62 MIL:486bd1410100000000c6
1789379279.1531,123.617,1392.0,83.2,3.53,0.00,8.50,2.40,22.0,45.3,3.86,14.10,0.000,85.0,52.0,1,0,0,0,0,0,0,NONE,,RPM:486bd1410c15c0a6 TPS:486bd1411109df ADV:486bd1410e9164 MIL:486bd1410100000000c6
1789379279.4574,123.921,1344.0,-157.7,3.53,0.00,8.00,2.40,22.0,45.3,3.86,14.10,0.000,85.0,52.0,1,0,0,0,0,0,0,NONE,,RPM:486bd1410c1500e6 TPS:486bd1411109df ADV:486bd1410e9063 MIL:486bd1410100000000c6
1789379279.8952,124.359,1311.0,-75.4,3.53,0.00,10.00,2.40,22.0,45.3,3.86,14.10,0.000,85.0,52.0,1,0,0,0,0,0,0,NONE,,RPM:486bd1410c147c61 TPS:486bd1411109df ADV:486bd1410e9467 MIL:486bd1410100000000c6
1789379280.1587,124.623,1368.0,216.3,3.14,-1.49,6.50,2.40,22.0,45.1,3.86,14.10,0.000,85.0,52.0,1,0,0,0,0,0,0,NONE,,RPM:486bd1410c156046 TPS:486bd1411108de ADV:486bd1410e8d60 MIL:486bd1410100000000c6
1789379280.4311,124.895,1352.0,-58.7,3.53,1.44,10.50,2.40,22.0,45.3,3.86,14.10,0.000,85.0,52.0,1,0,0,0,0,0,0,NONE,,RPM:486bd1410c152006 TPS:486bd1411109df ADV:486bd1410e9568 MIL:486bd1410100000000c6
1789379280.7035,125.167,1328.0,-88.1,3.53,0.00,6.50,2.40,22.0,45.3,3.86,14.10,0.000,85.0,52.0,1,0,0,0,0,0,0,NONE,,RPM:486bd1410c14c0a5 TPS:486bd1411109df ADV:486bd1410e8d60 MIL:486bd1410100000000c6
1789379281.1656,125.629,1256.0,-155.8,3.53,0.00,8.00,2.40,22.0,45.3,3.86,14.10,0.000,85.0,52.0,1,0,0,0,0,0,0,NONE,,RPM:486bd1410c13a084 TPS:486bd1411109df ADV:486bd1410e9063 MIL:486bd1410100000000c6
1789379281.4763,125.940,1419.0,524.5,3.53,0.00,8.50,2.40,22.0,45.3,3.86,14.10,0.000,85.0,52.0,1,0,0,0,0,0,0,NONE,,RPM:486bd1410c162c13 TPS:486bd1411109df ADV:486bd1410e9164 MIL:486bd1410100000000c6
1789379281.8968,126.361,1336.0,-197.4,3.14,-0.93,8.00,2.40,22.0,45.1,3.86,14.10,0.000,85.0,52.0,1,0,0,0,0,0,0,NONE,,RPM:486bd1410c14e0c5 TPS:486bd1411108de ADV:486bd1410e9063 MIL:486bd1410100000000c6
1789379282.1589,126.623,1322.0,-53.4,3.14,0.00,9.00,2.40,22.0,45.1,3.86,14.10,0.000,85.0,52.0,1,0,0,0,0,0,0,NONE,,RPM:486bd1410c14a88d TPS:486bd1411108de ADV:486bd1410e9265 MIL:486bd1410100000000c6
1789379282.4612,126.925,1367.0,148.8,3.53,1.30,8.00,2.40,22.0,45.3,3.86,14.10,0.000,85.0,52.0,1,0,0,0,0,0,0,NONE,,RPM:486bd1410c155c42 TPS:486bd1411109df ADV:486bd1410e9063 MIL:486bd1410100000000c6
1789379282.7339,127.198,1329.0,-139.3,3.14,-1.44,10.00,2.40,23.9,45.1,4.04,14.10,0.000,85.0,52.0,1,0,0,0,0,0,0,NONE,,RPM:486bd1410c14c4a9 TPS:486bd1411108de ADV:486bd1410e9467 MIL:486bd1410100000000c6
1789379283.0046,127.468,1359.0,110.8,3.53,1.45,7.50,2.40,23.9,45.3,4.04,14.10,0.000,85.0,52.0,1,0,0,0,0,0,0,NONE,,RPM:486bd1410c153c22 TPS:486bd1411109df ADV:486bd1410e8f62 MIL:486bd1410100000000c6
1789379283.2771,127.741,1358.0,-3.7,3.14,-1.44,9.00,2.40,23.9,45.1,4.04,14.10,0.000,85.0,52.0,1,0,0,0,0,0,0,NONE,,RPM:486bd1410c15381e TPS:486bd1411108de ADV:486bd1410e9265 MIL:486bd1410100000000c6
1789379283.7478,128.212,1400.0,89.2,3.14,0.00,8.00,2.40,23.9,45.1,4.04,14.10,0.000,85.0,52.0,1,0,0,0,0,0,0,NONE,,RPM:486bd1410c15e0c6 TPS:486bd1411108de ADV:486bd1410e9063 MIL:486bd1410100000000c6
1789379284.0274,128.491,1260.0,-500.8,3.14,0.00,10.00,2.40,23.9,45.1,4.04,14.10,0.000,85.0,52.0,1,0,0,0,0,0,0,NONE,,RPM:486bd1410c13b094 TPS:486bd1411108de ADV:486bd1410e9467 MIL:486bd1410100000000c6
1789379284.2996,128.763,1407.0,540.1,3.14,0.00,8.00,2.40,23.9,45.1,4.04,14.10,0.000,85.0,52.0,1,0,0,0,0,0,0,NONE,,RPM:486bd1410c15fce2 TPS:486bd1411108de ADV:486bd1410e9063 MIL:486bd1410100000000c6
1789379284.5708,129.035,1276.0,-483.0,3.14,0.00,9.00,2.40,23.9,45.1,4.04,14.10,0.000,85.0,52.0,1,0,0,0,0,0,0,NONE,,RPM:486bd1410c13f0d4 TPS:486bd1411108de ADV:486bd1410e9265 MIL:486bd1410100000000c6
1789379285.0812,129.545,1308.0,62.7,3.53,0.77,11.00,2.40,23.9,45.3,4.04,14.10,0.000,85.0,52.0,1,0,0,0,0,0,0,NONE,,RPM:486bd1410c147055 TPS:486bd1411109df ADV:486bd1410e9669 MIL:486bd1410100000000c6
1789379285.3555,129.819,1377.0,251.5,3.53,0.00,6.50,2.40,23.9,45.3,4.04,14.10,0.000,85.0,52.0,1,0,0,0,0,0,0,NONE,,RPM:486bd1410c15846a TPS:486bd1411109df ADV:486bd1410e8d60 MIL:486bd1410100000000c6
1789379285.8050,130.269,1267.0,-244.8,3.53,0.00,8.50,2.40,23.9,45.3,4.04,14.10,0.000,85.0,52.0,1,0,0,0,0,0,0,NONE,,RPM:486bd1410c13ccb0 TPS:486bd1411109df ADV:486bd1410e9164 MIL:486bd1410100000000c6
1789379286.0898,130.554,1373.0,372.1,3.14,-1.38,8.00,2.40,23.9,45.1,4.01,14.10,0.000,86.0,52.0,1,0,0,0,0,0,0,NONE,,RPM:486bd1410c15745a TPS:486bd1411108de ADV:486bd1410e9063 MIL:486bd1410100000000c6
1789379286.3622,130.826,1286.0,-319.4,3.92,2.88,10.50,2.40,23.9,45.6,4.01,14.10,0.000,86.0,52.0,1,0,0,0,0,0,0,NONE,,RPM:486bd1410c1418fd TPS:486bd141110ae0 ADV:486bd1410e9568 MIL:486bd1410100000000c6
1789379286.6336,131.097,1670.0,1414.7,4.31,1.44,12.50,2.40,20.8,45.8,3.73,14.10,0.000,86.0,52.0,1,0,0,0,0,0,0,NONE,,RPM:486bd1410c1a1803 TPS:486bd141110be1 ADV:486bd1410e996c MIL:486bd1410100000000c6
1789379286.9054,131.369,1776.0,390.0,3.53,-2.89,6.50,2.40,20.8,45.3,3.73,14.10,0.000,86.0,52.0,1,0,0,0,0,0,0,NONE,,RPM:486bd1410c1bc0ac TPS:486bd1411109df ADV:486bd1410e8d60 MIL:486bd1410100000000c6
1789379287.1930,131.657,1276.0,-1738.9,3.53,0.00,10.00,2.40,20.8,45.3,3.73,14.10,0.000,86.0,52.0,1,0,0,0,0,0,0,NONE,,RPM:486bd1410c13f0d4 TPS:486bd1411109df ADV:486bd1410e9467 MIL:486bd1410100000000c6
1789379287.6410,132.105,1423.0,328.1,3.53,0.00,8.50,2.40,20.8,45.3,3.73,14.10,0.000,86.0,52.0,1,0,0,0,0,0,0,NONE,,RPM:486bd1410c163c23 TPS:486bd1411109df ADV:486bd1410e9164 MIL:486bd1410100000000c6
1789379287.9139,132.378,1325.0,-359.2,3.53,0.00,6.50,2.40,20.8,45.3,3.73,14.10,0.000,86.0,52.0,1,0,0,0,0,0,0,NONE,,RPM:486bd1410c14b499 TPS:486bd1411109df ADV:486bd1410e8d60 MIL:486bd1410100000000c6
1789379288.2157,132.680,1433.0,357.8,3.53,0.00,9.00,2.40,20.8,45.3,3.73,14.10,0.000,86.0,52.0,1,0,0,0,0,0,0,NONE,,RPM:486bd1410c16644b TPS:486bd1411109df ADV:486bd1410e9265 MIL:486bd1410100000000c6
1789379288.4881,132.952,1256.0,-649.9,3.53,0.00,6.50,2.40,20.8,45.3,3.73,14.10,0.000,86.0,52.0,1,0,0,0,0,0,0,NONE,,RPM:486bd1410c13a084 TPS:486bd1411109df ADV:486bd1410e8d60 MIL:486bd1410100000000c6
1789379288.9355,133.399,1271.0,33.5,3.53,0.00,10.00,2.40,20.8,45.3,3.73,14.10,0.000,86.0,52.0,1,0,0,0,0,0,0,NONE,,RPM:486bd1410c13dcc0 TPS:486bd1411109df ADV:486bd1410e9467 MIL:486bd1410100000000c6
1789379289.2068,133.671,1435.0,604.5,3.53,0.00,8.50,2.40,20.8,45.3,3.73,14.10,0.000,86.0,52.0,1,0,0,0,0,0,0,NONE,,RPM:486bd1410c166c53 TPS:486bd1411109df ADV:486bd1410e9164 MIL:486bd1410100000000c6
1789379289.6500,134.114,1356.0,-178.2,3.14,-0.88,7.50,2.40,20.8,45.1,3.73,14.10,0.000,86.0,52.0,1,0,0,0,0,0,0,NONE,,RPM:486bd1410c153016 TPS:486bd1411108de ADV:486bd1410e8f62 MIL:486bd1410100000000c6
1789379289.9260,134.390,1292.0,-231.9,3.14,0.00,10.50,2.40,20.8,45.1,3.73,14.10,0.000,86.0,52.0,1,0,0,0,0,0,0,NONE,,RPM:486bd1410c143015 TPS:486bd1411108de ADV:486bd1410e9568 MIL:486bd1410100000000c6
1789379290.1982,134.662,1359.0,246.2,3.14,0.00,8.00,2.40,20.8,45.1,3.73,14.10,0.000,86.0,52.0,1,0,0,0,0,0,0,NONE,,RPM:486bd1410c153c22 TPS:486bd1411108de ADV:486bd1410e9063 MIL:486bd1410100000000c6
1789379290.4694,134.933,1293.0,-243.3,3.14,0.00,10.00,2.40,23.5,45.1,3.98,14.10,0.000,86.0,52.0,1,0,0,0,0,0,0,NONE,,RPM:486bd1410c143419 TPS:486bd1411108de ADV:486bd1410e9467 MIL:486bd1410100000000c6
1789379290.7408,135.205,1388.0,350.1,3.14,0.00,8.50,2.40,23.5,45.1,3.98,14.10,0.000,86.0,52.0,1,0,0,0,0,0,0,NONE,,RPM:486bd1410c15b096 TPS:486bd1411108de ADV:486bd1410e9164 MIL:486bd1410100000000c6
1789379291.0316,135.496,1216.0,-591.3,3.14,0.00,8.50,2.40,23.5,45.1,3.98,14.10,0.000,86.0,52.0,1,0,0,0,0,0,0,NONE,,RPM:486bd1410c1300e4 TPS:486bd1411108de ADV:486bd1410e9164 MIL:486bd1410100000000c6
1789379291.5100,135.974,1323.0,223.7,3.14,0.00,11.00,2.40,23.5,45.1,3.98,14.10,0.000,86.0,52.0,1,0,0,0,0,0,0,NONE,,RPM:486bd1410c14ac91 TPS:486bd1411108de ADV:486bd1410e9669 MIL:486bd1410100000000c6
1789379291.7945,136.258,1319.0,-14.1,3.53,1.38,7.50,2.40,23.5,45.3,3.98,14.10,0.000,86.0,53.0,1,0,0,0,0,0,0,NONE,,RPM:486bd1410c149c81 TPS:486bd1411109df ADV:486bd1410e8f62 MIL:486bd1410100000000c6
1789379292.0681,136.532,1347.0,102.3,3.53,0.00,10.00,2.40,23.5,45.3,3.98,14.10,0.000,86.0,53.0,1,0,0,0,0,0,0,NONE,,RPM:486bd1410c150cf2 TPS:486bd1411109df ADV:486bd1410e9467 MIL:486bd1410100000000c6
1789379292.3387,136.803,1318.0,-107.2,3.14,-1.45,6.50,2.40,23.5,45.1,3.98,14.10,0.000,86.0,53.0,1,0,0,0,0,0,0,NONE,,RPM:486bd1410c14987d TPS:486bd1411108de ADV:486bd1410e8d60 MIL:486bd1410100000000c6
1789379292.8201,137.284,1269.0,-101.8,3.14,0.00,8.50,2.40,23.5,45.1,3.98,14.10,0.000,86.0,53.0,1,0,0,0,0,0,0,NONE,,RPM:486bd1410c13d4b8 TPS:486bd1411108de ADV:486bd1410e9164 MIL:486bd1410100000000c6
1789379293.1036,137.567,1386.0,412.6,3.14,0.00,9.00,2.40,23.5,45.1,3.98,14.10,0.000,86.0,53.0,1,0,0,0,0,0,0,NONE,,RPM:486bd1410c15a88e TPS:486bd1411108de ADV:486bd1410e9265 MIL:486bd1410100000000c6
1789379293.5950,138.059,1405.0,38.7,3.14,0.00,9.00,2.40,23.5,45.1,3.98,14.10,0.000,86.0,53.0,1,0,0,0,0,0,0,NONE,,RPM:486bd1410c15f4da TPS:486bd1411108de ADV:486bd1410e9265 MIL:486bd1410100000000c6
1789379293.9187,138.383,1264.0,-435.6,3.53,1.21,8.50,2.40,23.5,45.3,3.96,14.10,0.000,87.0,53.0,1,0,0,0,0,0,0,NONE,,RPM:486bd1410c13c0a4 TPS:486bd1411109df ADV:486bd1410e9164 MIL:486bd1410100000000c6
1789379294.1949,138.659,1485.0,800.3,3.53,0.00,8.50,2.40,23.5,45.3,3.96,14.10,0.000,87.0,53.0,1,0,0,0,0,0,0,NONE,,RPM:486bd1410c17341c TPS:486bd1411109df ADV:486bd1410e9164 MIL:486bd1410100000000c6
1789379294.4972,138.961,1260.0,-744.1,3.53,0.00,8.50,2.40,23.1,45.3,3.92,14.10,0.000,87.0,53.0,1,0,0,0,0,0,0,NONE,,RPM:486bd1410c13b094 TPS:486bd1411109df ADV:486bd1410e9164 MIL:486bd1410100000000c6
1789379294.7801,139.244,1374.0,403.0,3.53,0.00,10.00,2.40,23.1,45.3,3.92,14.10,0.000,87.0,53.0,1,0,0,0,0,0,0,NONE,,RPM:486bd1410c15785e TPS:486bd1411109df ADV:486bd1410e9467 MIL:486bd1410100000000c6
1789379295.0940,139.558,1275.0,-315.4,3.53,0.00,8.50,2.40,23.1,45.3,3.92,14.10,0.000,87.0,53.0,1,0,0,0,0,0,0,NONE,,RPM:486bd1410c13ecd0 TPS:486bd1411109df ADV:486bd1410e9164 MIL:486bd1410100000000c6
1789379295.5146,139.978,1280.0,11.9,3.53,0.00,9.00,2.40,23.1,45.3,3.92,14.10,0.000,87.0,53.0,1,0,0,0,0,0,0,NONE,,RPM:486bd1410c1400e5 TPS:486bd1411109df ADV:486bd1410e9265 MIL:486bd1410100000000c6
1789379295.8093,140.273,1372.0,312.1,3.53,0.00,8.00,2.40,23.1,45.3,3.92,14.10,0.000,87.0,53.0,1,0,0,0,0,0,0,NONE,,RPM:486bd1410c157056 TPS:486bd1411109df ADV:486bd1410e9063 MIL:486bd1410100000000c6
1789379296.0808,140.545,1360.0,-44.2,3.53,0.00,9.00,2.40,23.1,45.3,3.92,14.10,0.000,87.0,53.0,1,0,0,0,0,0,0,NONE,,RPM:486bd1410c154026 TPS:486bd1411109df ADV:486bd1410e9265 MIL:486bd1410100000000c6
1789379296.3955,140.859,1347.0,-41.3,3.53,0.00,8.00,2.40,23.1,45.3,3.92,14.10,0.000,87.0,53.0,1,0,0,0,0,0,0,NONE,,RPM:486bd1410c150cf2 TPS:486bd1411109df ADV:486bd1410e9063 MIL:486bd1410100000000c6
1789379296.8580,141.322,1271.0,-164.3,3.53,0.00,8.00,2.40,23.1,45.3,3.92,14.10,0.000,87.0,53.0,1,0,0,0,0,0,0,NONE,,RPM:486bd1410c13dcc0 TPS:486bd1411109df ADV:486bd1410e9063 MIL:486bd1410100000000c6
1789379297.1475,141.611,1385.0,393.9,3.14,-1.35,10.00,2.40,23.1,45.1,3.92,14.10,0.000,87.0,53.0,1,0,0,0,0,0,0,NONE,,RPM:486bd1410c15a48a TPS:486bd1411108de ADV:486bd1410e9467 MIL:486bd1410100000000c6
1789379297.5985,142.062,1417.0,70.9,3.53,0.87,8.50,2.40,23.1,45.3,3.92,14.10,0.000,87.0,53.0,1,0,0,0,0,0,0,NONE,,RPM:486bd1410c16240b TPS:486bd1411109df ADV:486bd1410e9164 MIL:486bd1410100000000c6
1789379297.8873,142.351,1273.0,-498.6,3.53,0.00,10.00,2.40,23.1,45.3,3.92,14.10,0.000,87.0,53.0,1,0,0,0,0,0,0,NONE,,RPM:486bd1410c13e4c8 TPS:486bd1411109df ADV:486bd1410e9467 MIL:486bd1410100000000c6
1789379298.1774,142.641,1438.0,568.9,3.53,0.00,9.00,2.40,23.1,45.3,3.92,14.10,0.000,87.0,53.0,1,0,0,0,0,0,0,NONE,,RPM:486bd1410c16785f TPS:486bd1411109df ADV:486bd1410e9265 MIL:486bd1410100000000c6
1789379298.4970,142.961,1229.0,-653.9,3.53,0.00,8.50,2.40,22.7,45.3,3.89,14.10,0.000,87.0,53.0,1,0,0,0,0,0,0,NONE,,RPM:486bd1410c133418 TPS:486bd1411109df ADV:486bd1410e9164 MIL:486bd1410100000000c6
1789379298.7681,143.232,1395.0,612.4,3.53,0.00,8.00,2.40,22.7,45.3,3.89,14.10,0.000,87.0,53.0,1,0,0,0,0,0,0,NONE,,RPM:486bd1410c15ccb2 TPS:486bd1411109df ADV:486bd1410e9063 MIL:486bd1410100000000c6
1789379299.0375,143.501,1306.0,-330.3,3.14,-1.46,10.50,2.40,22.7,45.1,3.89,14.10,0.000,87.0,53.0,1,0,0,0,0,0,0,NONE,,RPM:486bd1410c14684d TPS:486bd1411108de ADV:486bd1410e9568 MIL:486bd1410100000000c6
1789379299.4908,143.955,1373.0,147.8,3.53,0.87,8.50,2.40,22.7,45.3,3.89,14.10,0.000,87.0,53.0,1,0,0,0,0,0,0,NONE,,RPM:486bd1410c15745a TPS:486bd1411109df ADV:486bd1410e9164 MIL:486bd1410100000000c6
1789379299.7569,144.221,1285.0,-330.7,3.14,-1.47,8.50,2.40,22.7,45.1,3.89,14.10,0.000,87.0,53.0,1,0,0,0,0,0,0,NONE,,RPM:486bd1410c1414f9 TPS:486bd1411108de ADV:486bd1410e9164 MIL:486bd1410100000000c6
1789379300.0296,144.493,1379.0,344.7,3.53,1.44,9.00,2.40,22.7,45.3,3.89,14.10,0.000,87.0,53.0,1,0,0,0,0,0,0,NONE,,RPM:486bd1410c158c72 TPS:486bd1411109df ADV:486bd1410e9265 MIL:486bd1410100000000c6
1789379300.2998,144.764,1317.0,-229.4,3.14,-1.45,8.50,2.40,22.7,45.1,3.89,14.10,0.000,87.0,53.0,1,0,0,0,0,0,0,NONE,,RPM:486bd1410c149479 TPS:486bd1411108de ADV:486bd1410e9164 MIL:486bd1410100000000c6
1789379300.7625,145.226,1301.0,-34.6,3.53,0.85,10.00,2.40,22.7,45.3,3.89,14.10,0.000,87.0,53.0,1,0,0,0,0,0,0,NONE,,RPM:486bd1410c145439 TPS:486bd1411109df ADV:486bd1410e9467 MIL:486bd1410100000000c6
1789379301.0362,145.500,1413.0,409.2,3.53,0.00,7.50,2.40,22.7,45.3,3.89,14.10,0.000,87.0,53.0,1,0,0,0,0,0,0,NONE,,RPM:486bd1410c1614fb TPS:486bd1411109df ADV:486bd1410e8f62 MIL:486bd1410100000000c6
1789379301.4636,145.927,1302.0,-259.7,3.53,0.00,8.50,2.40,22.7,45.3,3.89,14.10,0.000,87.0,53.0,1,0,0,0,0,0,0,NONE,,RPM:486bd1410c14583d TPS:486bd1411109df ADV:486bd1410e9164 MIL:486bd1410100000000c6
1789379301.7548,146.219,1319.0,58.4,3.14,-1.35,9.00,2.40,22.7,45.1,3.87,14.10,0.000,88.0,53.0,1,0,0,0,0,0,0,NONE,,RPM:486bd1410c149c81 TPS:486bd1411108de ADV:486bd1410e9265 MIL:486bd1410100000000c6
1789379302.0272,146.491,1345.0,95.4,3.14,0.00,8.00,2.40,22.7,45.1,3.87,14.10,0.000,88.0,53.0,1,0,0,0,0,0,0,NONE,,RPM:486bd1410c1504ea TPS:486bd1411108de ADV:486bd1410e9063 MIL:486bd1410100000000c6
1789379302.3143,146.778,1340.0,-17.4,3.14,0.00,10.00,2.40,24.3,45.1,4.01,14.10,0.000,88.0,53.0,1,0,0,0,0,0,0,NONE,,RPM:486bd1410c14f0d5 TPS:486bd1411108de ADV:486bd1410e9467 MIL:486bd1410100000000c6
1789379302.6244,147.088,1320.0,-64.5,3.53,1.26,8.50,2.40,24.3,45.3,4.01,14.10,0.000,88.0,53.0,1,0,0,0,0,0,0,NONE,,RPM:486bd1410c14a085 TPS:486bd1411109df ADV:486bd1410e9164 MIL:486bd1410100000000c6
1789379302.9370,147.401,1372.0,166.4,3.14,-1.25,8.00,2.40,24.3,45.1,4.01,14.10,0.000,88.0,53.0,1,0,0,0,0,0,0,NONE,,RPM:486bd1410c157056 TPS:486bd1411108de ADV:486bd1410e9063 MIL:486bd1410100000000c6
1789379303.4163,147.880,1349.0,-48.0,3.53,0.82,8.00,2.40,24.3,45.3,4.01,14.10,0.000,88.0,53.0,1,0,0,0,0,0,0,NONE,,RPM:486bd1410c1514fa TPS:486bd1411109df ADV:486bd1410e9063 MIL:486bd1410100000000c6
1789379303.6891,148.153,1372.0,84.3,3.53,0.00,8.50,2.40,24.3,45.3,4.01,14.10,0.000,88.0,54.0,1,0,0,0,0,0,0,NONE,,RPM:486bd1410c157056 TPS:486bd1411109df ADV:486bd1410e9164 MIL:486bd1410100000000c6
1789379303.9612,148.425,1325.0,-172.8,3.14,-1.44,7.50,2.40,24.3,45.1,4.01,14.10,0.000,88.0,54.0,1,0,0,0,0,0,0,NONE,,RPM:486bd1410c14b499 TPS:486bd1411108de ADV:486bd1410e8f62 MIL:486bd1410100000000c6
1789379304.2477,148.712,1362.0,129.1,3.53,1.37,9.00,2.40,24.3,45.3,4.01,14.10,0.000,88.0,54.0,1,0,0,0,0,0,0,NONE,,RPM:486bd1410c15482e TPS:486bd1411109df ADV:486bd1410e9265 MIL:486bd1410100000000c6
1789379304.7031,149.167,1343.0,-41.7,3.14,-0.86,8.50,2.40,24.3,45.1,4.01,14.10,0.000,88.0,54.0,1,0,0,0,0,0,0,NONE,,RPM:486bd1410c14fce1 TPS:486bd1411108de ADV:486bd1410e9164 MIL:486bd1410100000000c6
1789379304.9679,149.432,1353.0,37.8,3.14,0.00,8.50,2.40,24.3,45.1,4.01,14.10,0.000,88.0,54.0,1,0,0,0,0,0,0,NONE,,RPM:486bd1410c15240a TPS:486bd1411108de ADV:486bd1410e9164 MIL:486bd1410100000000c6
1789379305.4213,149.885,1373.0,44.1,3.14,0.00,8.50,2.40,24.3,45.1,4.01,14.10,0.000,88.0,54.0,1,0,0,0,0,0,0,NONE,,RPM:486bd1410c15745a TPS:486bd1411108de ADV:486bd1410e9164 MIL:486bd1410100000000c6
1789379305.6871,150.151,1281.0,-346.2,3.14,0.00,8.50,2.40,24.3,45.1,3.99,14.10,0.000,89.0,54.0,1,0,0,0,0,0,0,NONE,,RPM:486bd1410c1404e9 TPS:486bd1411108de ADV:486bd1410e9164 MIL:486bd1410100000000c6
1789379305.9983,150.462,1375.0,302.1,3.14,0.00,8.50,2.40,24.3,45.1,3.99,14.10,0.000,89.0,54.0,1,0,0,0,0,0,0,NONE,,RPM:486bd1410c157c62 TPS:486bd1411108de ADV:486bd1410e9164 MIL:486bd1410100000000c6
1789379306.2787,150.743,1309.0,-235.4,3.14,0.00,8.50,2.40,22.4,45.1,3.81,14.10,0.000,89.0,54.0,1,0,0,0,0,0,0,NONE,,RPM:486bd1410c147459 TPS:486bd1411108de ADV:486bd1410e9164 MIL:486bd1410100000000c6
1789379306.5841,151.048,1381.0,235.7,3.14,0.00,8.50,2.40,22.4,45.1,3.81,14.10,0.000,89.0,54.0,1,0,0,0,0,0,0,NONE,,RPM:486bd1410c15947a TPS:486bd1411108de ADV:486bd1410e9164 MIL:486bd1410100000000c6
1789379306.8546,151.318,1298.0,-306.8,3.14,0.00,10.00,2.40,22.4,45.1,3.81,14.10,0.000,89.0,54.0,1,0,0,0,0,0,0,NONE,,RPM:486bd1410c14482d TPS:486bd1411108de ADV:486bd1410e9467 MIL:486bd1410100000000c6
1789379307.3169,151.781,1403.0,227.1,3.14,0.00,10.00,2.40,22.4,45.1,3.81,14.10,0.000,89.0,54.0,1,0,0,0,0,0,0,NONE,,RPM:486bd1410c15ecd2 TPS:486bd1411108de ADV:486bd1410e9467 MIL:486bd1410100000000c6
1789379307.5885,152.052,1304.0,-364.4,3.14,0.00,8.50,2.40,22.4,45.1,3.81,14.10,0.000,89.0,54.0,1,0,0,0,0,0,0,NONE,,RPM:486bd1410c146045 TPS:486bd1411108de ADV:486bd1410e9164 MIL:486bd1410100000000c6
1789379307.8617,152.326,1371.0,245.2,3.14,0.00,8.50,2.40,22.4,45.1,3.81,14.10,0.000,89.0,54.0,1,0,0,0,0,0,0,NONE,,RPM:486bd1410c156c52 TPS:486bd1411108de ADV:486bd1410e9164 MIL:486bd1410100000000c6
1789379308.1485,152.612,1290.0,-282.5,3.14,0.00,8.50,2.40,22.4,45.1,3.81,14.10,0.000,89.0,54.0,1,0,0,0,0,0,0,NONE,,RPM:486bd1410c14280d TPS:486bd1411108de ADV:486bd1410e9164 MIL:486bd1410100000000c6
1789379308.6011,153.065,1284.0,-13.3,3.53,0.87,10.00,2.40,22.4,45.3,3.81,14.10,0.000,89.0,54.0,1,0,0,0,0,0,0,NONE,,RPM:486bd1410c1410f5 TPS:486bd1411109df ADV:486bd1410e9467 MIL:486bd1410100000000c6
1789379308.8687,153.333,1376.0,343.8,3.53,0.00,8.00,2.40,22.4,45.3,3.81,14.10,0.000,89.0,54.0,1,0,0,0,0,0,0,NONE,,RPM:486bd1410c158066 TPS:486bd1411109df ADV:486bd1410e9063 MIL:486bd1410100000000c6
1789379309.3782,153.842,1396.0,39.3,3.53,0.00,6.50,2.40,22.4,45.3,3.81,14.10,0.000,89.0,54.0,1,0,0,0,0,0,0,NONE,,RPM:486bd1410c15d0b6 TPS:486bd1411109df ADV:486bd1410e8d60 MIL:486bd1410100000000c6
1789379309.6514,154.115,1332.0,-234.3,3.53,0.00,10.00,2.40,22.4,45.3,3.81,14.10,0.000,89.0,54.0,1,0,0,0,0,0,0,NONE,,RPM:486bd1410c14d0b5 TPS:486bd1411109df ADV:486bd1410e9467 MIL:486bd1410100000000c6
1789379309.9710,154.435,1351.0,59.4,3.53,0.00,7.50,2.40,22.4,45.3,3.81,14.10,0.000,89.0,54.0,1,0,0,0,0,0,0,NONE,,RPM:486bd1410c151c02 TPS:486bd1411109df ADV:486bd1410e8f62 MIL:486bd1410100000000c6
1789379310.2826,154.746,1327.0,-77.0,3.14,-1.26,10.50,2.40,25.1,45.1,4.06,14.10,0.000,89.0,54.0,1,0,0,0,0,0,0,NONE,,RPM:486bd1410c14bca1 TPS:486bd1411108de ADV:486bd1410e9568 MIL:486bd1410100000000c6
1789379310.5654,155.029,1399.0,254.6,3.14,0.00,6.50,2.40,25.1,45.1,4.06,14.10,0.000,89.0,54.0,1,0,0,0,0,0,0,NONE,,RPM:486bd1410c15dcc2 TPS:486bd1411108de ADV:486bd1410e8d60 MIL:486bd1410100000000c6
1789379310.8345,155.298,1297.0,-379.1,3.14,0.00,10.00,2.40,25.1,45.1,4.06,14.10,0.000,89.0,54.0,1,0,0,0,0,0,0,NONE,,RPM:486bd1410c144429 TPS:486bd1411108de ADV:486bd1410e9467 MIL:486bd1410100000000c6
1789379311.2994,155.763,1363.0,141.9,3.53,0.84,10.50,2.40,25.1,45.3,4.06,14.10,0.000,89.0,54.0,1,0,0,0,0,0,0,NONE,,RPM:486bd1410c154c32 TPS:486bd1411109df ADV:486bd1410e9568 MIL:486bd1410100000000c6
1789379311.6198,156.084,1336.0,-84.3,3.53,0.00,8.00,2.40,25.1,45.3,4.06,14.10,0.000,89.0,54.0,1,0,0,0,0,0,0,NONE,,RPM:486bd1410c14e0c5 TPS:486bd1411109df ADV:486bd1410e9063 MIL:486bd1410100000000c6
1789379311.8925,156.356,1384.0,176.0,3.14,-1.44,8.50,2.40,25.1,45.1,4.06,14.10,0.000,89.0,54.0,1,0,0,0,0,0,0,NONE,,RPM:486bd1410c15a086 TPS:486bd1411108de ADV:486bd1410e9164 MIL:486bd1410100000000c6
1789379312.1674,156.631,1276.0,-392.9,3.14,0.00,8.50,2.40,25.1,45.1,4.06,14.10,0.000,89.0,54.0,1,0,0,0,0,0,0,NONE,,RPM:486bd1410c13f0d4 TPS:486bd1411108de ADV:486bd1410e9164 MIL:486bd1410100000000c6
1789379312.5966,157.061,1268.0,-18.6,3.14,0.00,10.00,2.40,25.1,45.1,4.06,14.10,0.000,89.0,54.0,1,0,0,0,0,0,0,NONE,,RPM:486bd1410c13d0b4 TPS:486bd1411108de ADV:486bd1410e9467 MIL:486bd1410100000000c6
1789379312.8883,157.352,1418.0,514.4,3.53,1.34,8.00,2.40,25.1,45.3,4.06,14.10,0.000,89.0,54.0,1,0,0,0,0,0,0,NONE,,RPM:486bd1410c16280f TPS:486bd1411109df ADV:486bd1410e9063 MIL:486bd1410100000000c6
1789379313.3556,157.819,1338.0,-171.2,3.53,0.00,8.50,2.40,25.1,45.3,4.06,14.10,0.000,89.0,54.0,1,0,0,0,0,0,0,NONE,,RPM:486bd1410c14e8cd TPS:486bd1411109df ADV:486bd1410e9164 MIL:486bd1410100000000c6
1789379313.6476,158.111,1305.0,-113.0,3.14,-1.34,10.00,2.40,25.1,45.1,4.06,14.10,0.000,89.0,54.0,1,0,0,0,0,0,0,NONE,,RPM:486bd1410c146449 TPS:486bd1411108de ADV:486bd1410e9467 MIL:486bd1410100000000c6
1789379313.9277,158.392,1346.0,146.4,3.14,0.00,7.50,2.40,25.1,45.1,4.06,14.10,0.000,89.0,54.0,1,0,0,0,0,0,0,NONE,,RPM:486bd1410c1508ee TPS:486bd1411108de ADV:486bd1410e8f62 MIL:486bd1410100000000c6
1789379314.2411,158.705,1347.0,3.2,3.53,1.25,10.50,2.40,25.5,45.3,4.09,14.10,0.000,89.0,54.0,1,0,0,0,0,0,0,NONE,,RPM:486bd1410c150cf2 TPS:486bd1411109df ADV:486bd1410e9568 MIL:486bd1410100000000c6
1789379314.5162,158.980,1376.0,105.4,3.53,0.00,8.00,2.40,25.5,45.3,4.09,14.10,0.000,89.0,54.0,1,0,0,0,0,0,0,NONE,,RPM:486bd1410c158066 TPS:486bd1411109df ADV:486bd1410e9063 MIL:486bd1410100000000c6
1789379314.7974,159.261,1370.0,-21.3,3.92,1.39,10.00,2.40,25.5,45.6,4.09,14.10,0.000,89.0,54.0,1,0,0,0,0,0,0,NONE,,RPM:486bd1410c15684e TPS:486bd141110ae0 ADV:486bd1410e9467 MIL:486bd1410100000000c6
1789379315.2743,159.738,1619.0,522.2,4.31,0.82,13.00,2.40,25.5,45.8,4.09,14.10,0.000,89.0,54.0,1,0,0,0,0,0,0,NONE,,RPM:486bd1410c194c36 TPS:486bd141110be1 ADV:486bd1410e9a6d MIL:486bd1410100000000c6
1789379315.6259,160.090,1617.0,-5.7,4.71,1.12,13.00,2.40,25.5,46.0,4.09,14.10,0.000,89.0,54.0,1,0,0,0,0,0,0,NONE,,RPM:486bd1410c19442e TPS:486bd141110ce2 ADV:486bd1410e9a6d MIL:486bd1410100000000c6
1789379315.9192,160.383,1717.0,340.9,5.10,1.34,12.50,2.40,25.5,46.3,4.09,14.10,0.000,89.0,54.0,1,0,0,0,0,0,0,NONE,,RPM:486bd1410c1ad4bf TPS:486bd141110de3 ADV:486bd1410e996c MIL:486bd1410100000000c6
1789379316.2101,160.674,1877.0,550.1,5.10,0.00,11.50,2.40,25.5,46.3,4.09,14.10,0.000,89.0,54.0,1,0,0,0,0,0,0,NONE,,RPM:486bd1410c1d5442 TPS:486bd141110de3 ADV:486bd1410e976a MIL:486bd1410100000000c6
1789379316.6440,161.108,1802.0,-172.9,5.10,0.00,11.50,2.40,25.5,46.3,4.09,14.10,0.000,89.0,54.0,1,0,0,0,0,0,0,NONE,,RPM:486bd1410c1c2815 TPS:486bd141110de3 ADV:486bd1410e976a MIL:486bd1410100000000c6
1789379316.9392,161.403,1749.0,-179.5,5.10,0.00,13.50,2.40,25.5,46.3,4.09,14.10,0.000,89.0,54.0,1,0,0,0,0,0,0,NONE,,RPM:486bd1410c1b5440 TPS:486bd141110de3 ADV:486bd1410e9b6e MIL:486bd1410100000000c6
1789379317.3860,161.850,1743.0,-13.4,5.10,0.00,13.00,2.40,25.5,46.3,4.09,14.10,0.000,89.0,54.0,1,0,0,0,0,0,0,NONE,,RPM:486bd1410c1b3c28 TPS:486bd141110de3 ADV:486bd1410e9a6d MIL:486bd1410100000000c6
1789379317.6603,162.124,1772.0,105.7,5.10,0.00,12.50,2.40,25.5,46.3,4.07,14.10,0.000,90.0,54.0,1,0,0,0,0,0,0,NONE,,RPM:486bd1410c1bb09c TPS:486bd141110de3 ADV:486bd1410e996c MIL:486bd1410100000000c6
1789379317.9400,162.404,1853.0,289.6,5.10,0.00,11.50,2.40,25.5,46.3,4.07,14.10,0.000,90.0,54.0,1,0,0,0,0,0,0,NONE,,RPM:486bd1410c1cf4e1 TPS:486bd141110de3 ADV:486bd1410e976a MIL:486bd1410100000000c6
1789379318.2722,162.736,2018.0,496.6,5.10,0.00,14.00,2.40,21.6,46.3,3.72,14.10,0.000,90.0,54.0,1,0,0,0,0,0,0,NONE,,RPM:486bd1410c1f8878 TPS:486bd141110de3 ADV:486bd1410e9c6f MIL:486bd1410100000000c6
1789379318.5487,163.013,2122.0,376.2,3.53,-5.67,15.50,2.40,21.6,45.3,3.72,14.10,0.000,90.0,54.0,1,0,0,0,0,0,0,NONE,,RPM:486bd1410c21281a TPS:486bd1411109df ADV:486bd1410e9f72 MIL:486bd1410100000000c6
1789379318.8347,163.299,2091.0,-108.4,3.53,0.00,16.50,2.40,21.6,45.3,3.72,14.10,0.000,90.0,54.0,1,0,0,0,0,0,0,NONE,,RPM:486bd1410c20ac9d TPS:486bd1411109df ADV:486bd1410ea174 MIL:486bd1410100000000c6
1789379319.3302,163.794,2070.0,-42.4,3.53,0.00,15.50,2.40,21.6,45.3,3.72,14.10,0.000,90.0,54.0,1,0,0,0,0,0,0,NONE,,RPM:486bd1410c205849 TPS:486bd1411109df ADV:486bd1410e9f72 MIL:486bd1410100000000c6
1789379319.6256,164.089,1972.0,-331.8,3.53,0.00,14.00,2.40,21.6,45.3,3.72,14.10,0.000,90.0,53.0,1,0,0,0,0,0,0,NONE,,RPM:486bd1410c1ed0bf TPS:486bd1411109df ADV:486bd1410e9c6f MIL:486bd1410100000000c6
1789379319.8967,164.361,1942.0,-110.6,3.53,0.00,13.50,2.40,21.6,45.3,3.72,14.10,0.000,90.0,53.0,1,0,0,0,0,0,0,NONE,,RPM:486bd1410c1e5847 TPS:486bd1411109df ADV:486bd1410e9b6e MIL:486bd1410100000000c6
1789379320.1854,164.649,1842.0,-346.4,3.53,0.00,13.00,2.40,21.6,45.3,3.72,14.10,0.000,90.0,53.0,1,0,0,0,0,0,0,NONE,,RPM:486bd1410c1cc8b5 TPS:486bd1411109df ADV:486bd1410e9a6d MIL:486bd1410100000000c6
1789379320.6849,165.149,1203.0,-1279.3,3.14,-0.79,11.00,2.40,21.6,45.1,3.72,14.10,0.000,90.0,53.0,1,0,0,0,0,0,0,NONE,,RPM:486bd1410c12ccaf TPS:486bd1411108de ADV:486bd1410e9669 MIL:486bd1410100000000c6
1789379320.9568,165.421,1303.0,367.8,3.14,0.00,11.50,2.40,21.6,45.1,3.72,14.10,0.000,90.0,53.0,1,0,0,0,0,0,0,NONE,,RPM:486bd1410c145c41 TPS:486bd1411108de ADV:486bd1410e976a MIL:486bd1410100000000c6
1789379321.3869,165.851,1317.0,32.5,3.53,0.91,10.00,2.40,21.6,45.3,3.72,14.10,0.000,90.0,53.0,1,0,0,0,0,0,0,NONE,,RPM:486bd1410c149479 TPS:486bd1411109df ADV:486bd1410e9467 MIL:486bd1410100000000c6
1789379321.6878,166.152,1507.0,631.6,3.53,0.00,8.00,2.40,21.6,45.3,3.70,14.10,0.000,91.0,53.0,1,0,0,0,0,0,0,NONE,,RPM:486bd1410c178c74 TPS:486bd1411109df ADV:486bd1410e9063 MIL:486bd1410100000000c6
1789379322.0033,166.467,1472.0,-110.9,3.92,1.24,12.50,2.40,21.6,45.6,3.70,14.10,0.000,91.0,53.0,1,0,0,0,0,0,0,NONE,,RPM:486bd1410c1700e8 TPS:486bd141110ae0 ADV:486bd1410e996c MIL:486bd1410100000000c6
1789379322.2790,166.743,1494.0,79.8,4.71,2.85,11.50,2.40,31.8,46.0,4.62,14.10,0.000,91.0,53.0,1,0,0,0,0,0,0,NONE,,RPM:486bd1410c175840 TPS:486bd141110ce2 ADV:486bd1410e976a MIL:486bd1410100000000c6
1789379322.5505,167.014,1572.0,287.3,6.27,5.78,8.50,2.40,31.8,46.9,4.62,14.10,0.000,91.0,53.0,1,0,0,0,0,0,0,NONE,,RPM:486bd1410c189079 TPS:486bd1411110e6 ADV:486bd1410e9164 MIL:486bd1410100000000c6
1789379322.8222,167.286,1665.0,342.3,6.67,1.44,7.50,2.40,31.8,47.2,4.62,14.10,0.000,91.0,53.0,1,0,0,0,0,0,0,NONE,,RPM:486bd1410c1a04ef TPS:486bd1411111e7 ADV:486bd1410e8f62 MIL:486bd1410100000000c6
1789379323.2967,167.761,1949.0,598.5,6.67,0.00,9.00,2.40,31.8,47.2,4.62,14.10,0.000,91.0,53.0,1,0,0,0,0,0,0,NONE,,RPM:486bd1410c1e7463 TPS:486bd1411111e7 ADV:486bd1410e9265 MIL:486bd1410100000000c6
1789379323.5928,168.057,2129.0,607.9,6.67,0.00,10.50,2.40,31.8,47.2,4.62,14.10,0.000,91.0,52.0,1,0,0,0,0,0,0,NONE,,RPM:486bd1410c214436 TPS:486bd1411111e7 ADV:486bd1410e9568 MIL:486bd1410100000000c6
1789379323.8642,168.328,2222.0,342.7,6.67,0.00,12.50,2.40,31.8,47.2,4.62,14.10,0.000,91.0,52.0,1,0,0,0,0,0,0,NONE,,RPM:486bd1410c22b8ab TPS:486bd1411111e7 ADV:486bd1410e996c MIL:486bd1410100000000c6
1789379324.1326,168.596,2265.0,160.2,7.45,2.92,13.00,2.40,31.8,47.6,4.62,14.10,0.000,91.0,52.0,1,0,0,0,0,0,0,NONE,,RPM:486bd1410c236458 TPS:486bd1411113e9 ADV:486bd1410e9a6d MIL:486bd1410100000000c6
1789379324.5620,169.026,2371.0,246.8,8.63,2.74,15.50,2.40,31.8,48.3,4.62,14.10,0.000,91.0,52.0,1,0,0,0,0,0,0,NONE,,RPM:486bd1410c250c02 TPS:486bd1411116ec ADV:486bd1410e9f72 MIL:486bd1410100000000c6
1789379324.8519,169.316,2460.0,307.1,9.02,1.35,17.50,2.40,31.8,48.5,4.62,14.10,0.000,91.0,52.0,1,0,0,0,0,0,0,NONE,,RPM:486bd1410c267067 TPS:486bd1411117ed ADV:486bd1410ea376 MIL:486bd1410100000000c6
1789379325.3165,169.780,2670.0,452.0,9.41,0.84,20.50,2.40,31.8,48.8,4.62,14.10,0.000,91.0,52.0,1,0,0,0,0,0,0,NONE,,RPM:486bd1410c29b8b2 TPS:486bd1411118ee ADV:486bd1410ea97c MIL:486bd1410100000000c6
1789379325.5875,170.051,2825.0,571.8,9.41,0.00,23.50,2.40,31.8,48.8,4.60,14.10,0.000,92.0,52.0,1,0,0,0,0,0,0,NONE,,RPM:486bd1410c2c2421 TPS:486bd1411118ee ADV:486bd1410eaf82 MIL:486bd1410100000000c6
1789379325.8598,170.324,2983.0,580.2,8.63,-2.88,31.00,2.40,31.8,48.3,4.60,14.10,0.000,92.0,52.0,1,0,0,0,0,0,0,NONE,,RPM:486bd1410c2e9c9b TPS:486bd1411116ec ADV:486bd1410ebe91 MIL:486bd1410100000000c6
1789379326.1629,170.627,3121.0,455.3,7.06,-5.17,36.50,2.40,22.4,47.4,3.75,14.10,0.000,92.0,52.0,1,0,0,0,0,0,0,NONE,,RPM:486bd1410c30c4c5 TPS:486bd1411112e8 ADV:486bd1410ec99c MIL:486bd1410100000000c6
1789379326.4513,170.915,3134.0,45.1,6.67,-1.36,40.50,2.40,22.4,47.2,3.75,14.10,0.000,92.0,52.0,1,0,0,0,0,0,0,NONE,,RPM:486bd1410c30f8f9 TPS:486bd1411111e7 ADV:486bd1410ed1a4 MIL:486bd1410100000000c6
1789379326.7264,171.190,3128.0,-21.8,6.67,0.00,39.00,2.40,22.4,47.2,3.75,14.10,0.000,92.0,52.0,1,0,0,0,0,0,0,NONE,,RPM:486bd1410c30e0e1 TPS:486bd1411111e7 ADV:486bd1410ecea1 MIL:486bd1410100000000c6
1789379327.1765,171.640,3087.0,-91.1,6.67,0.00,36.50,2.40,22.4,47.2,3.75,14.10,0.000,92.0,52.0,1,0,0,0,0,0,0,NONE,,RPM:486bd1410c303c3d TPS:486bd1411111e7 ADV:486bd1410ec99c MIL:486bd1410100000000c6
1789379327.4589,171.923,3029.0,-205.4,6.67,0.00,37.50,2.40,22.4,47.2,3.75,14.10,0.000,92.0,51.0,1,0,0,0,0,0,0,NONE,,RPM:486bd1410c2f5454 TPS:486bd1411111e7 ADV:486bd1410ecb9e MIL:486bd1410100000000c6
1789379327.7611,172.225,3025.0,-13.2,6.27,-1.30,37.50,2.40,22.4,46.9,3.75,14.10,0.000,92.0,51.0,1,0,0,0,0,0,0,NONE,,RPM:486bd1410c2f4444 TPS:486bd1411110e6 ADV:486bd1410ecb9e MIL:486bd1410100000000c6
1789379328.0330,172.497,3007.0,-66.2,6.27,0.00,40.50,2.40,22.4,46.9,3.75,14.10,0.000,92.0,51.0,1,0,0,0,0,0,0,NONE,,RPM:486bd1410c2efcfb TPS:486bd1411110e6 ADV:486bd1410ed1a4 MIL:486bd1410100000000c6
1789379328.4993,172.963,2909.0,-210.1,4.71,-3.36,42.50,2.40,22.4,46.0,3.75,14.10,0.000,92.0,51.0,1,0,0,0,0,0,0,NONE,,RPM:486bd1410c2d7472 TPS:486bd141110ce2 ADV:486bd1410ed5a8 MIL:486bd1410100000000c6
1789379328.7681,173.232,2718.0,-710.7,4.31,-1.46,39.00,2.40,22.4,45.8,3.75,14.10,0.000,92.0,51.0,1,0,0,0,0,0,0,NONE,,RPM:486bd1410c2a7873 TPS:486bd141110be1 ADV:486bd1410ecea1 MIL:486bd1410100000000c6
1789379329.2871,173.751,2517.0,-387.3,4.71,0.76,34.00,2.40,22.4,46.0,3.75,14.10,0.000,92.0,51.0,1,0,0,0,0,0,0,NONE,,RPM:486bd1410c27544c TPS:486bd141110ce2 ADV:486bd1410ec497 MIL:486bd1410100000000c6
1789379329.5654,174.029,2494.0,-82.7,4.71,0.00,31.50,2.40,22.4,46.0,3.75,14.10,0.000,92.0,51.0,1,0,0,0,0,0,0,NONE,,RPM:486bd1410c26f8ef TPS:486bd141110ce2 ADV:486bd1410ebf92 MIL:486bd1410100000000c6
1789379329.8401,174.304,2346.0,-538.7,5.88,4.28,15.50,2.40,22.4,46.7,3.75,14.10,0.000,92.0,51.0,1,0,0,0,0,0,0,NONE,,RPM:486bd1410c24a89d TPS:486bd141110fe5 ADV:486bd1410e9f72 MIL:486bd1410100000000c6
1789379330.1588,174.623,2269.0,-241.6,6.27,1.23,12.50,2.40,27.1,46.9,4.17,14.10,0.000,92.0,51.0,1,0,0,0,0,0,0,NONE,,RPM:486bd1410c237468 TPS:486bd1411110e6 ADV:486bd1410e996c MIL:486bd1410100000000c6
1789379330.4425,174.906,2223.0,-162.1,6.67,1.38,12.50,2.40,27.1,47.2,4.17,14.10,0.000,92.0,51.0,1,0,0,0,0,0,0,NONE,,RPM:486bd1410c22bcaf TPS:486bd1411111e7 ADV:486bd1410e996c MIL:486bd1410100000000c6
1789379330.7593,175.223,2295.0,227.2,6.67,0.00,13.00,2.40,27.1,47.2,4.17,14.10,0.000,92.0,51.0,1,0,0,0,0,0,0,NONE,,RPM:486bd1410c23dcd0 TPS:486bd1411111e7 ADV:486bd1410e9a6d MIL:486bd1410100000000c6
1789379331.1749,175.639,2342.0,113.1,7.06,0.94,14.00,2.40,27.1,47.4,4.17,14.10,0.000,92.0,51.0,1,0,0,0,0,0,0,NONE,,RPM:486bd1410c24988d TPS:486bd1411112e8 ADV:486bd1410e9c6f MIL:486bd1410100000000c6
1789379331.4862,175.950,2374.0,102.8,7.06,0.00,16.00,2.40,27.1,47.4,4.17,14.10,0.000,92.0,51.0,1,0,0,0,0,0,0,NONE,,RPM:486bd1410c25180e TPS:486bd1411112e8 ADV:486bd1410ea073 MIL:486bd1410100000000c6
1789379331.7580,176.222,2469.0,349.5,7.06,0.00,18.00,2.40,27.1,47.4,4.17,14.10,0.000,92.0,51.0,1,0,0,0,0,0,0,NONE,,RPM:486bd1410c26948b TPS:486bd1411112e8 ADV:486bd1410ea477 MIL:486bd1410100000000c6
1789379332.0288,176.493,2573.0,384.0,7.06,0.00,20.50,2.40,27.1,47.4,4.17,14.10,0.000,92.0,51.0,1,0,0,0,0,0,0,NONE,,RPM:486bd1410c28342d TPS:486bd1411112e8 ADV:486bd1410ea97c MIL:486bd1410100000000c6
1789379332.4979,176.962,2694.0,258.0,7.06,0.00,25.00,2.40,27.1,47.4,4.17,14.10,0.000,92.0,51.0,1,0,0,0,0,0,0,NONE,,RPM:486bd1410c2a1813 TPS:486bd1411112e8 ADV:486bd1410eb285 MIL:486bd1410100000000c6
1789379332.7678,177.232,2754.0,222.3,7.06,0.00,29.00,2.40,27.1,47.4,4.17,14.10,0.000,92.0,51.0,1,0,0,0,0,0,0,NONE,,RPM:486bd1410c2b0804 TPS:486bd1411112e8 ADV:486bd1410eba8d MIL:486bd1410100000000c6
1789379333.2281,177.692,2871.0,254.2,6.27,-1.70,36.50,2.40,27.1,46.9,4.17,14.10,0.000,92.0,51.0,1,0,0,0,0,0,0,NONE,,RPM:486bd1410c2cdcd9 TPS:486bd1411110e6 ADV:486bd1410ec99c MIL:486bd1410100000000c6
1789379333.5003,177.964,2889.0,66.1,5.49,-2.88,43.50,2.40,27.1,46.5,4.17,14.10,0.000,92.0,51.0,1,0,0,0,0,0,0,NONE,,RPM:486bd1410c2d2422 TPS:486bd141110ee4 ADV:486bd1410ed7aa MIL:486bd1410100000000c6
1789379333.7717,178.236,2551.0,-1245.2,3.53,-7.22,23.00,2.40,27.1,45.3,4.17,14.10,0.000,92.0,51.0,1,0,0,0,0,0,0,NONE,,RPM:486bd1410c27dcd4 TPS:486bd1411109df ADV:486bd1410eae81 MIL:486bd1410100000000c6
1789379334.0553,178.519,1924.0,-2211.4,3.53,0.00,10.00,2.40,21.2,45.3,3.65,14.10,0.000,92.0,51.0,1,0,0,0,0,0,0,NONE,,RPM:486bd1410c1e10ff TPS:486bd1411109df ADV:486bd1410e9467 MIL:486bd1410100000000c6
1789379334.3528,178.817,1289.0,-2134.5,3.53,0.00,12.50,2.40,21.2,45.3,3.65,14.10,0.000,92.0,51.0,1,0,0,0,0,0,0,NONE,,RPM:486bd1410c142409 TPS:486bd1411109df ADV:486bd1410e996c MIL:486bd1410100000000c6
1789379334.6208,179.085,1265.0,-89.5,3.53,0.00,11.00,2.40,21.2,45.3,3.65,14.10,0.000,92.0,51.0,1,0,0,0,0,0,0,NONE,,RPM:486bd1410c13c4a8 TPS:486bd1411109df ADV:486bd1410e9669 MIL:486bd1410100000000c6
1789379335.0525,179.516,1344.0,183.0,3.53,0.00,8.00,2.40,21.2,45.3,3.65,14.10,0.000,92.0,51.0,1,0,0,0,0,0,0,NONE,,RPM:486bd1410c1500e6 TPS:486bd1411109df ADV:486bd1410e9063 MIL:486bd1410100000000c6
1789379335.3547,179.819,1716.0,1231.0,3.53,0.00,13.50,2.40,21.2,45.3,3.65,14.10,0.000,92.0,50.0,1,0,0,0,0,0,0,NONE,,RPM:486bd1410c1ad0bb TPS:486bd1411109df ADV:486bd1410e9b6e MIL:486bd1410100000000c6
1789379335.6262,180.090,1861.0,534.2,3.92,1.44,16.00,2.40,21.2,45.6,3.65,14.10,0.000,92.0,50.0,1,0,0,0,0,0,0,NONE,,RPM:486bd1410c1d1402 TPS:486bd141110ae0 ADV:486bd1410ea073 MIL:486bd1410100000000c6
1789379335.9054,180.369,1745.0,-415.4,3.53,-1.40,10.00,2.40,21.2,45.3,3.65,14.10,0.000,92.0,50.0,1,0,0,0,0,0,0,NONE,,RPM:486bd1410c1b4430 TPS:486bd1411109df ADV:486bd1410e9467 MIL:486bd1410100000000c6
1789379336.3609,180.825,1206.0,-1183.3,3.53,0.00,11.00,2.40,21.2,45.3,3.65,14.10,0.000,92.0,50.0,1,0,0,0,0,0,0,NONE,,RPM:486bd1410c12d8bb TPS:486bd1411109df ADV:486bd1410e9669 MIL:486bd1410100000000c6
1789379336.6650,181.129,1351.0,476.8,3.53,0.00,10.00,2.40,21.2,45.3,3.65,14.10,0.000,92.0,50.0,1,0,0,0,0,0,0,NONE,,RPM:486bd1410c151c02 TPS:486bd1411109df ADV:486bd1410e9467 MIL:486bd1410100000000c6
1789379337.1027,181.567,1319.0,-73.1,3.14,-0.90,10.00,2.40,21.2,45.1,3.65,14.10,0.000,92.0,50.0,1,0,0,0,0,0,0,NONE,,RPM:486bd1410c149c81 TPS:486bd1411108de ADV:486bd1410e9467 MIL:486bd1410100000000c6
1789379337.4179,181.882,1256.0,-199.9,3.53,1.24,10.00,2.40,21.2,45.3,3.65,14.10,0.000,92.0,50.0,1,0,0,0,0,0,0,NONE,,RPM:486bd1410c13a084 TPS:486bd1411109df ADV:486bd1410e9467 MIL:486bd1410100000000c6
1789379337.6879,182.152,1302.0,170.4,3.14,-1.45,11.50,2.40,21.2,45.1,3.65,14.10,0.000,92.0,50.0,1,0,0,0,0,0,0,NONE,,RPM:486bd1410c14583d TPS:486bd1411108de ADV:486bd1410e976a MIL:486bd1410100000000c6
1789379337.9603,182.424,1305.0,11.0,3.14,0.00,10.00,2.40,22.4,45.1,3.75,14.10,0.000,92.0,50.0,1,0,0,0,0,0,0,NONE,,RPM:486bd1410c146449 TPS:486bd1411108de ADV:486bd1410e9467 MIL:486bd1410100000000c6
1789379338.2631,182.727,1280.0,-82.6,3.14,0.00,10.50,2.40,22.4,45.1,3.75,14.10,0.000,92.0,50.0,1,0,0,0,0,0,0,NONE,,RPM:486bd1410c1400e5 TPS:486bd1411108de ADV:486bd1410e9568 MIL:486bd1410100000000c6
1789379338.5533,183.017,1339.0,203.3,3.53,1.35,10.00,2.40,22.4,45.3,3.75,14.10,0.000,92.0,50.0,1,0,0,0,0,0,0,NONE,,RPM:486bd1410c14ecd1 TPS:486bd1411109df ADV:486bd1410e9467 MIL:486bd1410100000000c6
1789379339.0036,183.467,1331.0,-17.8,3.14,-0.87,10.50,2.40,22.4,45.1,3.75,14.10,0.000,92.0,50.0,1,0,0,0,0,0,0,NONE,,RPM:486bd1410c14ccb1 TPS:486bd1411108de ADV:486bd1410e9568 MIL:486bd1410100000000c6
1789379339.3024,183.766,1350.0,63.6,3.14,0.00,8.50,2.40,22.4,45.1,3.75,14.10,0.000,92.0,50.0,1,0,0,0,0,0,0,NONE,,RPM:486bd1410c1518fe TPS:486bd1411108de ADV:486bd1410e9164 MIL:486bd1410100000000c6
1789379339.5965,184.060,1317.0,-112.2,3.14,0.00,10.50,2.40,22.4,45.1,3.75,14.10,0.000,92.0,50.0,1,0,0,0,0,0,0,NONE,,RPM:486bd1410c149479 TPS:486bd1411108de ADV:486bd1410e9568 MIL:486bd1410100000000c6
1789379339.8765,184.340,1358.0,146.5,3.53,1.40,9.00,2.40,22.4,45.3,3.75,14.10,0.000,92.0,50.0,1,0,0,0,0,0,0,NONE,,RPM:486bd1410c15381e TPS:486bd1411109df ADV:486bd1410e9265 MIL:486bd1410100000000c6
1789379340.3506,184.815,1411.0,111.8,3.53,0.00,8.00,2.40,22.4,45.3,3.75,14.10,0.000,92.0,50.0,1,0,0,0,0,0,0,NONE,,RPM:486bd1410c160cf3 TPS:486bd1411109df ADV:486bd1410e9063 MIL:486bd1410100000000c6
1789379340.6319,185.096,1531.0,426.7,3.53,0.00,8.00,2.40,22.4,45.3,3.75,14.10,0.000,92.0,50.0,1,0,0,0,0,0,0,NONE,,RPM:486bd1410c17ecd4 TPS:486bd1411109df ADV:486bd1410e9063 MIL:486bd1410100000000c6
1789379341.1201,185.584,1648.0,239.6,3.92,0.80,8.00,2.40,22.4,45.6,3.75,14.10,0.000,92.0,50.0,1,0,0,0,0,0,0,NONE,,RPM:486bd1410c19c0aa TPS:486bd141110ae0 ADV:486bd1410e9063 MIL:486bd1410100000000c6
1789379341.4099,185.874,1626.0,-75.9,3.92,0.00,13.50,2.40,22.4,45.6,3.75,14.10,0.000,92.0,50.0,1,0,0,0,0,0,0,NONE,,RPM:486bd1410c196852 TPS:486bd141110ae0 ADV:486bd1410e9b6e MIL:486bd1410100000000c6
1789379341.7318,186.196,1645.0,59.0,3.92,0.00,14.00,2.40,22.4,45.6,3.75,14.10,0.000,92.0,50.0,1,0,0,0,0,0,0,NONE,,RPM:486bd1410c19b49e TPS:486bd141110ae0 ADV:486bd1410e9c6f MIL:486bd1410100000000c6
1789379342.0043,186.468,1698.0,194.5,3.92,0.00,15.50,2.40,22.7,45.6,3.79,14.10,0.000,92.0,50.0,1,0,0,0,0,0,0,NONE,,RPM:486bd1410c1a8873 TPS:486bd141110ae0 ADV:486bd1410e9f72 MIL:486bd1410100000000c6
1789379342.2924,186.756,1732.0,118.0,4.31,1.36,16.50,2.40,22.7,45.8,3.79,14.10,0.000,92.0,50.0,1,0,0,0,0,0,0,NONE,,RPM:486bd1410c1b10fc TPS:486bd141110be1 ADV:486bd1410ea174 MIL:486bd1410100000000c6
1789379342.6028,187.067,1781.0,157.9,4.31,0.00,18.00,2.40,22.7,45.8,3.79,14.10,0.000,92.0,50.0,1,0,0,0,0,0,0,NONE,,RPM:486bd1410c1bd4c0 TPS:486bd141110be1 ADV:486bd1410ea477 MIL:486bd1410100000000c6
1789379343.0671,187.531,1861.0,172.3,4.31,0.00,18.00,2.40,22.7,45.8,3.79,14.10,0.000,92.0,50.0,1,0,0,0,0,0,0,NONE,,RPM:486bd1410c1d1402 TPS:486bd141110be1 ADV:486bd1410ea477 MIL:486bd1410100000000c6
1789379343.3456,187.809,1952.0,326.9,4.31,0.00,22.50,2.40,22.7,45.8,3.79,14.10,0.000,92.0,50.0,1,0,0,0,0,0,0,NONE,,RPM:486bd1410c1e806f TPS:486bd141110be1 ADV:486bd1410ead80 MIL:486bd1410100000000c6
1789379343.6180,188.082,1989.0,135.8,4.31,0.00,21.50,2.40,22.7,45.8,3.79,14.10,0.000,92.0,50.0,1,0,0,0,0,0,0,NONE,,RPM:486bd1410c1f1404 TPS:486bd141110be1 ADV:486bd1410eab7e MIL:486bd1410100000000c6
1789379343.8908,188.355,2080.0,333.5,4.31,0.00,24.00,2.40,22.7,45.8,3.79,14.10,0.000,92.0,50.0,1,0,0,0,0,0,0,NONE,,RPM:486bd1410c208071 TPS:486bd141110be1 ADV:486bd1410eb083 MIL:486bd1410100000000c6
1789379344.3499,188.814,2139.0,128.5,3.53,-1.71,18.00,2.40,22.7,45.3,3.79,14.10,0.000,92.0,50.0,1,0,0,0,0,0,0,NONE,,RPM:486bd1410c216c5e TPS:486bd1411109df ADV:486bd1410ea477 MIL:486bd1410100000000c6
1789379344.6249,189.089,2103.0,-130.9,3.53,0.00,20.00,2.40,22.7,45.3,3.79,14.10,0.000,92.0,50.0,1,0,0,0,0,0,0,NONE,,RPM:486bd1410c20dccd TPS:486bd1411109df ADV:486bd1410ea87b MIL:486bd1410100000000c6
1789379345.1191,189.583,1925.0,-360.1,3.53,0.00,14.00,2.40,22.7,45.3,3.79,14.10,0.000,92.0,50.0,1,0,0,0,0,0,0,NONE,,RPM:486bd1410c1e1403 TPS:486bd1411109df ADV:486bd1410e9c6f MIL:486bd1410100000000c6
1789379345.3916,189.855,1849.0,-278.9,3.53,0.00,13.00,2.40,22.7,45.3,3.79,14.10,0.000,92.0,50.0,1,0,0,0,0,0,0,NONE,,RPM:486bd1410c1ce4d1 TPS:486bd1411109df ADV:486bd1410e9a6d MIL:486bd1410100000000c6
1789379345.6641,190.128,1752.0,-356.0,3.53,0.00,11.50,2.40,22.7,45.3,3.79,14.10,0.000,92.0,50.0,1,0,0,0,0,0,0,NONE,,RPM:486bd1410c1b604c TPS:486bd1411109df ADV:486bd1410e976a MIL:486bd1410100000000c6
1789379345.9353,190.399,1503.0,-918.0,3.14,-1.45,11.50,2.40,24.7,45.1,3.96,14.10,0.000,92.0,50.0,1,0,0,0,0,0,0,NONE,,RPM:486bd1410c177c64 TPS:486bd1411108de ADV:486bd1410e976a MIL:486bd1410100000000c6
1789379346.2544,190.718,1224.0,-874.3,3.53,1.23,10.00,2.40,24.7,45.3,3.96,14.10,0.000,92.0,50.0,1,0,0,0,0,0,0,NONE,,RPM:486bd1410c132004 TPS:486bd1411109df ADV:486bd1410e9467 MIL:486bd1410100000000c6
1789379346.5281,190.992,1299.0,274.1,3.53,0.00,11.50,2.40,24.7,45.3,3.96,14.10,0.000,92.0,50.0,1,0,0,0,0,0,0,NONE,,RPM:486bd1410c144c31 TPS:486bd1411109df ADV:486bd1410e976a MIL:486bd1410100000000c6
1789379346.9788,191.443,1266.0,-73.2,3.53,0.00,11.00,2.40,24.7,45.3,3.96,14.10,0.000,92.0,50.0,1,0,0,0,0,0,0,NONE,,RPM:486bd1410c13c8ac TPS:486bd1411109df ADV:486bd1410e9669 MIL:486bd1410100000000c6
1789379347.2458,191.710,1309.0,161.1,3.14,-1.47,10.00,2.40,24.7,45.1,3.96,14.10,0.000,92.0,50.0,1,0,0,0,0,0,0,NONE,,RPM:486bd1410c147459 TPS:486bd1411108de ADV:486bd1410e9467 MIL:486bd1410100000000c6
1789379347.5343,191.998,1292.0,-58.9,3.14,0.00,11.50,2.40,24.7,45.1,3.96,14.10,0.000,92.0,50.0,1,0,0,0,0,0,0,NONE,,RPM:486bd1410c143015 TPS:486bd1411108de ADV:486bd1410e976a MIL:486bd1410100000000c6
1789379347.8054,192.269,1311.0,70.1,3.14,0.00,10.50,2.40,24.7,45.1,3.96,14.10,0.000,92.0,50.0,1,0,0,0,0,0,0,NONE,,RPM:486bd1410c147c61 TPS:486bd1411108de ADV:486bd1410e9568 MIL:486bd1410100000000c6
1789379348.2584,192.722,1281.0,-66.2,3.14,0.00,10.50,2.40,24.7,45.1,3.96,14.10,0.000,92.0,50.0,1,0,0,0,0,0,0,NONE,,RPM:486bd1410c1404e9 TPS:486bd1411108de ADV:486bd1410e9568 MIL:486bd1410100000000c6
1789379348.5250,192.989,1317.0,135.0,3.14,0.00,11.00,2.40,24.7,45.1,3.96,14.10,0.000,92.0,50.0,1,0,0,0,0,0,0,NONE,,RPM:486bd1410c149479 TPS:486bd1411108de ADV:486bd1410e9669 MIL:486bd1410100000000c6
1789379348.9463,193.410,1379.0,147.2,3.53,0.93,10.50,2.40,24.7,45.3,3.96,14.10,0.000,92.0,50.0,1,0,0,0,0,0,0,NONE,,RPM:486bd1410c158c72 TPS:486bd1411109df ADV:486bd1410e9568 MIL:486bd1410100000000c6
1789379349.2444,193.708,1308.0,-238.1,3.14,-1.32,10.00,2.40,24.7,45.1,3.98,14.10,0.000,91.0,50.0,1,0,0,0,0,0,0,NONE,,RPM:486bd1410c147055 TPS:486bd1411108de ADV:486bd1410e9467 MIL:486bd1410100000000c6
1789379349.5646,194.028,1309.0,3.1,3.14,0.00,10.50,2.40,24.7,45.1,3.98,14.10,0.000,91.0,50.0,1,0,0,0,0,0,0,NONE,,RPM:486bd1410c147459 TPS:486bd1411108de ADV:486bd1410e9568 MIL:486bd1410100000000c6
1789379349.8391,194.303,1340.0,112.9,3.14,0.00,9.00,2.40,22.4,45.1,3.77,14.10,0.000,91.0,50.0,1,0,0,0,0,0,0,NONE,,RPM:486bd1410c14f0d5 TPS:486bd1411108de ADV:486bd1410e9265 MIL:486bd1410100000000c6
1789379350.1239,194.588,1344.0,14.0,3.53,1.38,11.50,2.40,22.4,45.3,3.77,14.10,0.000,91.0,50.0,1,0,0,0,0,0,0,NONE,,RPM:486bd1410c1500e6 TPS:486bd1411109df ADV:486bd1410e976a MIL:486bd1410100000000c6
1789379350.4136,194.877,1366.0,75.9,3.14,-1.35,9.00,2.40,22.4,45.1,3.77,14.10,0.000,91.0,50.0,1,0,0,0,0,0,0,NONE,,RPM:486bd1410c15583e TPS:486bd1411108de ADV:486bd1410e9265 MIL:486bd1410100000000c6
1789379350.8735,195.337,1347.0,-41.3,3.14,0.00,10.00,2.40,22.4,45.1,3.77,14.10,0.000,91.0,50.0,1,0,0,0,0,0,0,NONE,,RPM:486bd1410c150cf2 TPS:486bd1411108de ADV:486bd1410e9467 MIL:486bd1410100000000c6
1789379351.1481,195.612,1297.0,-182.1,3.14,0.00,10.00,2.40,22.4,45.1,3.77,14.10,0.000,91.0,51.0,1,0,0,0,0,0,0,NONE,,RPM:486bd1410c144429 TPS:486bd1411108de ADV:486bd1410e9467 MIL:486bd1410100000000c6
1789379351.4176,195.881,1379.0,304.3,3.14,0.00,10.00,2.40,22.4,45.1,3.77,14.10,0.000,91.0,51.0,1,0,0,0,0,0,0,NONE,,RPM:486bd1410c158c72 TPS:486bd1411108de ADV:486bd1410e9467 MIL:486bd1410100000000c6
1789379351.7464,196.210,1328.0,-155.1,3.14,0.00,10.00,2.40,22.4,45.1,3.77,14.10,0.000,91.0,51.0,1,0,0,0,0,0,0,NONE,,RPM:486bd1410c14c0a5 TPS:486bd1411108de ADV:486bd1410e9467 MIL:486bd1410100000000c6
1789379352.2033,196.667,1320.0,-17.5,3.14,0.00,9.00,2.40,22.4,45.1,3.77,14.10,0.000,91.0,51.0,1,0,0,0,0,0,0,NONE,,RPM:486bd1410c14a085 TPS:486bd1411108de ADV:486bd1410e9265 MIL:486bd1410100000000c6
1789379352.4895,196.953,1359.0,136.3,3.53,1.37,10.00,2.40,22.4,45.3,3.77,14.10,0.000,91.0,51.0,1,0,0,0,0,0,0,NONE,,RPM:486bd1410c153c22 TPS:486bd1411109df ADV:486bd1410e9467 MIL:486bd1410100000000c6
1789379352.9581,197.422,1317.0,-89.6,3.14,-0.84,10.50,2.40,22.4,45.1,3.77,14.10,0.000,91.0,51.0,1,0,0,0,0,0,0,NONE,,RPM:486bd1410c149479 TPS:486bd1411108de ADV:486bd1410e9568 MIL:486bd1410100000000c6
1789379353.2259,197.690,1407.0,336.1,3.53,1.46,8.00,2.40,22.4,45.3,3.75,14.10,0.000,92.0,51.0,1,0,0,0,0,0,0,NONE,,RPM:486bd1410c15fce2 TPS:486bd1411109df ADV:486bd1410e9063 MIL:486bd1410100000000c6
1789379353.4975,197.961,1320.0,-320.3,3.53,0.00,10.50,2.40,22.4,45.3,3.75,14.10,0.000,92.0,51.0,1,0,0,0,0,0,0,NONE,,RPM:486bd1410c14a085 TPS:486bd1411109df ADV:486bd1410e9568 MIL:486bd1410100000000c6
1789379353.8008,198.265,1346.0,85.7,3.14,-1.29,9.00,2.40,22.0,45.1,3.72,14.10,0.000,92.0,51.0,1,0,0,0,0,0,0,NONE,,RPM:486bd1410c1508ee TPS:486bd1411108de ADV:486bd1410e9265 MIL:486bd1410100000000c6
1789379354.0718,198.536,1322.0,-88.6,3.14,0.00,11.00,2.40,22.0,45.1,3.72,14.10,0.000,92.0,51.0,1,0,0,0,0,0,0,NONE,,RPM:486bd1410c14a88d TPS:486bd1411108de ADV:486bd1410e9669 MIL:486bd1410100000000c6
1789379354.3437,198.808,1353.0,114.0,3.53,1.44,10.00,2.40,22.0,45.3,3.72,14.10,0.000,92.0,51.0,1,0,0,0,0,0,0,NONE,,RPM:486bd1410c15240a TPS:486bd1411109df ADV:486bd1410e9467 MIL:486bd1410100000000c6
1789379354.7896,199.253,1352.0,-2.2,3.14,-0.88,8.00,2.40,22.0,45.1,3.72,14.10,0.000,92.0,51.0,1,0,0,0,0,0,0,NONE,,RPM:486bd1410c152006 TPS:486bd1411108de ADV:486bd1410e9063 MIL:486bd1410100000000c6
1789379355.0620,199.526,1349.0,-11.0,3.14,0.00,11.00,2.40,22.0,45.1,3.72,14.10,0.000,92.0,51.0,1,0,0,0,0,0,0,NONE,,RPM:486bd1410c1514fa TPS:486bd1411108de ADV:486bd1410e9669 MIL:486bd1410100000000c6
1789379355.3343,199.798,1332.0,-62.4,3.14,0.00,9.00,2.40,22.0,45.1,3.72,14.10,0.000,92.0,51.0,1,0,0,0,0,0,0,NONE,,RPM:486bd1410c14d0b5 TPS:486bd1411108de ADV:486bd1410e9265 MIL:486bd1410100000000c6
1789379355.6065,200.070,1312.0,-73.5,3.14,0.00,11.00,2.40,22.0,45.1,3.72,14.10,0.000,92.0,51.0,1,0,0,0,0,0,0,NONE,,RPM:486bd1410c148065 TPS:486bd1411108de ADV:486bd1410e9669 MIL:486bd1410100000000c6
1789379356.1114,200.575,1440.0,253.5,3.14,0.00,10.50,2.40,22.0,45.1,3.72,14.10,0.000,92.0,51.0,1,0,0,0,0,0,0,NONE,,RPM:486bd1410c168067 TPS:486bd1411108de ADV:486bd1410e9568 MIL:486bd1410100000000c6
1789379356.3920,200.856,1295.0,-516.7,3.14,0.00,10.00,2.40,22.0,45.1,3.72,14.10,0.000,92.0,51.0,1,0,0,0,0,0,0,NONE,,RPM:486bd1410c143c21 TPS:486bd1411108de ADV:486bd1410e9467 MIL:486bd1410100000000c6
1789379356.8109,201.275,1294.0,-2.4,3.14,0.00,10.50,2.40,22.0,45.1,3.72,14.10,0.000,92.0,51.0,1,0,0,0,0,0,0,NONE,,RPM:486bd1410c14381d TPS:486bd1411108de ADV:486bd1410e9568 MIL:486bd1410100000000c6
1789379357.1092,201.573,1358.0,214.5,3.14,0.00,10.00,2.40,22.0,45.1,3.72,14.10,0.000,92.0,51.0,1,0,0,0,0,0,0,NONE,,RPM:486bd1410c15381e TPS:486bd1411108de ADV:486bd1410e9467 MIL:486bd1410100000000c6
1789379357.4114,201.875,1290.0,-225.1,3.14,0.00,10.00,2.40,22.0,45.1,3.72,14.10,0.000,92.0,51.0,1,0,0,0,0,0,0,NONE,,RPM:486bd1410c14280d TPS:486bd1411108de ADV:486bd1410e9467 MIL:486bd1410100000000c6
1789379357.6833,202.147,1397.0,393.5,3.14,0.00,10.00,2.40,23.9,45.1,3.89,14.10,0.000,92.0,51.0,1,0,0,0,0,0,0,NONE,,RPM:486bd1410c15d4ba TPS:486bd1411108de ADV:486bd1410e9467 MIL:486bd1410100000000c6
1789379357.9557,202.420,1275.0,-447.9,3.14,0.00,10.00,2.40,23.9,45.1,3.89,14.10,0.000,92.0,51.0,1,0,0,0,0,0,0,NONE,,RPM:486bd1410c13ecd0 TPS:486bd1411108de ADV:486bd1410e9467 MIL:486bd1410100000000c6
1789379358.2763,202.740,1306.0,96.7,3.53,1.22,10.50,2.40,23.9,45.3,3.89,14.10,0.000,92.0,51.0,1,0,0,0,0,0,0,NONE,,RPM:486bd1410c14684d TPS:486bd1411109df ADV:486bd1410e9568 MIL:486bd1410100000000c6
1789379358.7187,203.183,1325.0,42.9,3.14,-0.89,10.00,2.40,23.9,45.1,3.89,14.10,0.000,92.0,51.0,1,0,0,0,0,0,0,NONE,,RPM:486bd1410c14b499 TPS:486bd1411108de ADV:486bd1410e9467 MIL:486bd1410100000000c6
1789379359.0262,203.490,1307.0,-58.5,3.53,1.28,10.00,2.40,23.9,45.3,3.89,14.10,0.000,92.0,51.0,1,0,0,0,0,0,0,NONE,,RPM:486bd1410c146c51 TPS:486bd1411109df ADV:486bd1410e9467 MIL:486bd1410100000000c6
1789379359.3564,203.820,1427.0,363.4,3.14,-1.19,8.50,2.40,23.9,45.1,3.89,14.10,0.000,92.0,51.0,1,0,0,0,0,0,0,NONE,,RPM:486bd1410c164c33 TPS:486bd1411108de ADV:486bd1410e9164 MIL:486bd1410100000000c6
1789379359.6331,204.097,1269.0,-571.0,3.14,0.00,10.50,2.40,23.9,45.1,3.89,14.10,0.000,92.0,51.0,1,0,0,0,0,0,0,NONE,,RPM:486bd1410c13d4b8 TPS:486bd1411108de ADV:486bd1410e9568 MIL:486bd1410100000000c6
1789379360.1264,204.590,1283.0,28.4,3.53,0.80,10.00,2.40,23.9,45.3,3.89,14.10,0.000,92.0,51.0,1,0,0,0,0,0,0,NONE,,RPM:486bd1410c140cf1 TPS:486bd1411109df ADV:486bd1410e9467 MIL:486bd1410100000000c6
1789379360.4013,204.865,1418.0,491.1,3.92,1.43,11.50,2.40,23.9,45.6,3.89,14.10,0.000,92.0,51.0,1,0,0,0,0,0,0,NONE,,RPM:486bd1410c16280f TPS:486bd141110ae0 ADV:486bd1410e976a MIL:486bd1410100000000c6
1789379360.9096,205.373,1534.0,228.2,4.71,1.54,11.50,2.40,23.9,46.0,3.89,14.10,0.000,92.0,51.0,1,0,0,0,0,0,0,NONE,,RPM:486bd1410c17f8e0 TPS:486bd141110ce2 ADV:486bd1410e976a MIL:486bd1410100000000c6
1789379361.2167,205.681,1634.0,325.6,9.02,14.05,0.50,2.40,23.9,48.5,3.89,14.10,0.000,92.0,51.0,1,0,0,0,0,0,0,NONE,,RPM:486bd1410c198872 TPS:486bd1411117ed ADV:486bd1410e8154 MIL:486bd1410100000000c6
1789379361.4889,205.953,2084.0,1653.4,9.41,1.44,3.00,2.40,23.9,48.8,3.89,14.10,0.000,92.0,51.0,1,0,0,0,0,0,0,NONE,,RPM:486bd1410c209081 TPS:486bd1411118ee ADV:486bd1410e8659 MIL:486bd1410100000000c6
1789379361.7599,206.224,2247.0,601.4,9.02,-1.45,9.00,2.40,34.9,48.5,4.88,14.10,0.000,92.0,51.0,1,0,0,0,0,0,0,NONE,,RPM:486bd1410c231c10 TPS:486bd1411117ed ADV:486bd1410e9265 MIL:486bd1410100000000c6
1789379362.0447,206.509,2321.0,259.8,9.02,0.00,11.00,2.40,34.9,48.5,4.88,14.10,0.000,92.0,51.0,1,0,0,0,0,0,0,NONE,,RPM:486bd1410c244439 TPS:486bd1411117ed ADV:486bd1410e9669 MIL:486bd1410100000000c6
1789379362.3875,206.851,2241.0,-233.4,9.02,0.00,10.50,2.40,34.9,48.5,4.88,14.10,0.000,92.0,51.0,1,0,0,0,0,0,0,NONE,,RPM:486bd1410c2304f8 TPS:486bd1411117ed ADV:486bd1410e9568 MIL:486bd1410100000000c6
1789379362.8107,207.275,2438.0,465.5,9.41,0.93,18.00,2.40,34.9,48.8,4.88,14.10,0.000,92.0,51.0,1,0,0,0,0,0,0,NONE,,RPM:486bd1410c26180f TPS:486bd1411118ee ADV:486bd1410ea477 MIL:486bd1410100000000c6
1789379363.1182,207.582,2705.0,868.2,9.41,0.00,22.50,2.40,34.9,48.8,4.88,14.10,0.000,92.0,51.0,1,0,0,0,0,0,0,NONE,,RPM:486bd1410c2a443f TPS:486bd1411118ee ADV:486bd1410ead80 MIL:486bd1410100000000c6
1789379363.3920,207.856,2959.0,927.8,9.41,0.00,25.50,2.40,34.9,48.8,4.88,14.10,0.000,92.0,51.0,1,0,0,0,0,0,0,NONE,,RPM:486bd1410c2e3c3b TPS:486bd1411118ee ADV:486bd1410eb386 MIL:486bd1410100000000c6
1789379363.6691,208.133,3272.0,1129.6,3.53,-21.23,60.00,2.40,34.9,45.3,4.88,14.10,0.000,92.0,51.0,1,0,0,0,0,0,0,NONE,,RPM:486bd1410c332024 TPS:486bd1411109df ADV:486bd1410ef8cb MIL:486bd1410100000000c6
1789379364.1135,208.577,2516.0,-1701.1,5.10,3.53,34.00,2.40,34.9,46.3,4.88,14.10,0.000,92.0,51.0,1,0,0,0,0,0,0,NONE,,RPM:486bd1410c275048 TPS:486bd141110de3 ADV:486bd1410ec497 MIL:486bd1410100000000c6
1789379364.3804,208.844,2430.0,-322.2,5.49,1.47,33.50,2.40,34.9,46.5,4.88,14.10,0.000,92.0,51.0,1,0,0,0,0,0,0,NONE,,RPM:486bd1410c25f8ee TPS:486bd141110ee4 ADV:486bd1410ec396 MIL:486bd1410100000000c6
1789379364.8160,209.280,2531.0,231.9,5.88,0.90,33.50,2.40,34.9,46.7,4.88,14.10,0.000,92.0,51.0,1,0,0,0,0,0,0,NONE,,RPM:486bd1410c278c84 TPS:486bd141110fe5 ADV:486bd1410ec396 MIL:486bd1410100000000c6
1789379365.1003,209.564,2624.0,327.1,6.27,1.38,32.50,2.40,34.9,46.9,4.88,14.10,0.000,92.0,51.0,1,0,0,0,0,0,0,NONE,,RPM:486bd1410c2900fa TPS:486bd1411110e6 ADV:486bd1410ec194 MIL:486bd1410100000000c6
1789379365.3733,209.837,2723.0,362.7,6.27,0.00,33.00,2.40,34.9,46.9,4.88,14.10,0.000,92.0,51.0,1,0,0,0,0,0,0,NONE,,RPM:486bd1410c2a8c87 TPS:486bd1411110e6 ADV:486bd1410ec295 MIL:486bd1410100000000c6
1789379365.6437,210.108,2796.0,270.0,7.06,2.90,27.50,2.40,25.5,47.4,4.03,14.10,0.000,92.0,51.0,1,0,0,0,0,0,0,NONE,,RPM:486bd1410c2bb0ac TPS:486bd1411112e8 ADV:486bd1410eb78a MIL:486bd1410100000000c6
1789379365.9162,210.380,2888.0,337.6,8.24,4.32,22.50,2.40,25.5,48.1,4.03,14.10,0.000,92.0,51.0,1,0,0,0,0,0,0,NONE,,RPM:486bd1410c2d201e TPS:486bd1411115eb ADV:486bd1410ead80 MIL:486bd1410100000000c6
1789379366.2005,210.664,3022.0,471.4,8.63,1.38,23.50,2.40,25.5,48.3,4.03,14.10,0.000,92.0,51.0,1,0,0,0,0,0,0,NONE,,RPM:486bd1410c2f3838 TPS:486bd1411116ec ADV:486bd1410eaf82 MIL:486bd1410100000000c6
1789379366.6512,211.115,3292.0,599.0,10.20,3.48,20.00,2.40,25.5,49.2,4.03,14.10,0.000,92.0,51.0,1,0,0,0,0,0,0,NONE,,RPM:486bd1410c337074 TPS:486bd141111af0 ADV:486bd1410ea87b MIL:486bd1410100000000c6
1789379366.9704,211.434,3515.0,698.7,10.98,2.46,23.50,2.40,25.5,49.7,4.03,14.10,0.000,92.0,50.0,1,0,0,0,0,0,0,NONE,,RPM:486bd1410c36ecf3 TPS:486bd141111cf2 ADV:486bd1410eaf82 MIL:486bd1410100000000c6
1789379367.2846,211.748,3746.0,735.2,11.37,1.25,28.00,2.40,25.5,49.9,4.03,14.10,0.000,92.0,50.0,1,0,0,0,0,0,0,NONE,,RPM:486bd1410c3a8893 TPS:486bd141111df3 ADV:486bd1410eb88b MIL:486bd1410100000000c6
1789379367.5617,212.026,3939.0,696.4,11.37,0.00,31.00,2.40,25.5,49.9,4.03,14.10,0.000,92.0,50.0,1,0,0,0,0,0,0,NONE,,RPM:486bd1410c3d8c9a TPS:486bd141111df3 ADV:486bd1410ebe91 MIL:486bd1410100000000c6
1789379368.0469,212.511,4258.0,657.4,4.71,-13.74,60.00,2.40,25.5,46.0,4.03,14.10,0.000,92.0,50.0,1,0,0,0,0,0,0,NONE,,RPM:486bd1410c42889b TPS:486bd141110ce2 ADV:486bd1410ef8cb MIL:486bd1410100000000c6
1789379368.3143,212.778,3845.0,-1544.7,13.73,33.74,23.00,2.40,25.5,51.3,4.03,14.10,0.000,92.0,50.0,1,0,0,0,0,0,0,NONE,,RPM:486bd1410c3c1421 TPS:486bd1411123f9 ADV:486bd1410eae81 MIL:486bd1410100000000c6
1789379368.7596,213.224,3729.0,-260.5,25.10,25.54,24.00,2.40,25.5,57.9,4.03,14.10,0.000,92.0,50.0,1,0,0,0,0,0,0,NONE,,RPM:486bd1410c3a444f TPS:486bd141114016 ADV:486bd1410eb083 MIL:486bd1410100000000c6
1789379369.0323,213.496,3916.0,685.8,27.84,10.07,23.00,2.40,25.5,59.4,4.03,14.10,0.000,92.0,50.0,1,0,0,0,0,0,0,NONE,,RPM:486bd1410c3d303e TPS:486bd14111471d ADV:486bd1410eae81 MIL:486bd1410100000000c6
1789379369.3058,213.770,4167.0,917.7,27.84,0.00,21.50,2.40,25.5,59.4,4.03,14.10,0.000,92.0,50.0,1,0,0,0,0,0,0,NONE,,RPM:486bd1410c411c2e TPS:486bd14111471d ADV:486bd1410eab7e MIL:486bd1410100000000c6
1789379369.6094,214.073,4416.0,820.1,25.49,-7.75,31.50,2.40,9.4,58.1,2.59,14.10,0.000,92.0,50.0,1,0,0,0,0,0,0,NONE,,RPM:486bd1410c450016 TPS:486bd141114117 ADV:486bd1410ebf92 MIL:486bd1410100000000c6
1789379369.8956,214.359,3975.0,-1541.4,20.78,-16.45,14.00,2.40,9.4,55.4,2.59,14.10,0.000,92.0,50.0,1,0,0,0,0,0,0,NONE,,RPM:486bd1410c3e1c2b TPS:486bd14111350b ADV:486bd1410e9c6f MIL:486bd1410100000000c6
1789379370.1666,214.630,3665.0,-1143.9,19.22,-5.79,20.00,2.40,9.4,54.4,2.59,14.10,0.000,92.0,50.0,1,0,0,0,0,0,0,NONE,,RPM:486bd1410c39444e TPS:486bd141113107 ADV:486bd1410ea87b MIL:486bd1410100000000c6
1789379370.6175,215.081,3665.0,0.0,3.53,-34.79,55.50,2.40,9.4,45.3,2.59,14.10,0.000,92.0,50.0,1,0,0,0,0,0,0,NONE,,RPM: TPS:486bd1411109df ADV:486bd1410eefc2 MIL:486bd1410100000000c6
1789379371.0632,215.527,3501.0,-367.9,3.53,0.00,54.00,2.40,9.4,45.3,2.59,14.10,0.000,92.0,48.0,1,0,0,0,0,0,0,NONE,,RPM:486bd1410c36b4bb TPS:486bd1411109df ADV:486bd1410eecbf MIL:486bd1410100000000c6
1789379371.3334,215.797,3377.0,-458.9,3.53,0.00,52.50,2.40,9.4,45.3,2.59,14.10,0.000,92.0,48.0,1,0,0,0,0,0,0,NONE,,RPM:486bd1410c34c4c9 TPS:486bd1411109df ADV:486bd1410ee9bc MIL:486bd1410100000000c6
1789379371.6062,216.070,3273.0,-381.2,3.53,0.00,50.00,2.40,9.4,45.3,2.59,14.10,0.000,92.0,48.0,1,0,0,0,0,0,0,NONE,,RPM:486bd1410c332428 TPS:486bd1411109df ADV:486bd1410ee4b7 MIL:486bd1410100000000c6
1789379372.0539,216.518,2988.0,-636.7,3.53,0.00,46.00,2.40,9.4,45.3,2.59,14.10,0.000,92.0,48.0,1,0,0,0,0,0,0,NONE,,RPM:486bd1410c2eb0af TPS:486bd1411109df ADV:486bd1410edcaf MIL:486bd1410100000000c6
1789379372.3255,216.789,2898.0,-331.3,3.53,0.00,36.50,2.40,9.4,45.3,2.59,14.10,0.000,92.0,48.0,1,0,0,0,0,0,0,NONE,,RPM:486bd1410c2d4846 TPS:486bd1411109df ADV:486bd1410ec99c MIL:486bd1410100000000c6
1789379372.7951,217.259,2359.0,-1147.9,3.53,0.00,12.50,2.40,9.4,45.3,2.59,14.10,0.000,92.0,48.0,1,0,0,0,0,0,0,NONE,,RPM:486bd1410c24dcd1 TPS:486bd1411109df ADV:486bd1410e996c MIL:486bd1410100000000c6
1789379373.0668,217.531,1564.0,-2926.0,3.53,0.00,8.00,2.40,9.4,45.3,2.59,14.10,0.000,92.0,48.0,1,0,0,0,0,0,0,NONE,,RPM:486bd1410c187059 TPS:486bd1411109df ADV:486bd1410e9063 MIL:486bd1410100000000c6
1789379373.3323,217.796,2328.0,2877.9,3.53,0.00,10.50,2.40,9.4,45.3,2.59,14.10,0.000,92.0,48.0,1,0,0,0,0,0,0,NONE,,RPM:486bd1410c246055 TPS:486bd1411109df ADV:486bd1410e9568 MIL:486bd1410100000000c6
1789379373.6031,218.067,2865.0,1982.8,3.53,0.00,10.00,2.40,6.3,45.3,2.30,14.10,0.000,92.0,48.0,1,0,0,0,0,0,0,NONE,,RPM:486bd1410c2cc4c1 TPS:486bd1411109df ADV:486bd1410e9467 MIL:486bd1410100000000c6
1789379373.8916,218.355,2740.0,-433.3,3.53,0.00,9.00,2.40,6.3,45.3,2.30,14.10,0.000,92.0,48.0,1,0,0,0,0,0,0,NONE,,RPM:486bd1410c2ad0cb TPS:486bd1411109df ADV:486bd1410e9265 MIL:486bd1410100000000c6
1789379374.1947,218.659,2681.0,-194.6,3.53,0.00,8.50,2.40,6.3,45.3,2.30,14.10,0.000,92.0,48.0,1,0,0,0,0,0,0,NONE,,RPM:486bd1410c29e4de TPS:486bd1411109df ADV:486bd1410e9164 MIL:486bd1410100000000c6
1789379374.6614,219.125,2576.0,-225.0,3.53,0.00,8.00,2.40,6.3,45.3,2.30,14.10,0.000,92.0,48.0,1,0,0,0,0,0,0,NONE,,RPM:486bd1410c284039 TPS:486bd1411109df ADV:486bd1410e9063 MIL:486bd1410100000000c6
1789379374.9309,219.395,2524.0,-192.9,3.53,0.00,25.00,2.40,6.3,45.3,2.30,14.10,0.000,92.0,49.0,1,0,0,0,0,0,0,NONE,,RPM:486bd1410c277068 TPS:486bd1411109df ADV:486bd1410eb285 MIL:486bd1410100000000c6
1789379375.2162,219.680,2489.0,-122.7,5.49,6.87,26.50,2.40,6.3,46.5,2.30,14.10,0.000,92.0,49.0,1,0,0,0,0,0,0,NONE,,RPM:486bd1410c26e4db TPS:486bd141110ee4 ADV:486bd1410eb588 MIL:486bd1410100000000c6
1789379375.5384,220.002,2501.0,37.2,6.67,3.65,15.00,2.40,6.3,47.2,2.30,14.10,0.000,92.0,49.0,1,0,0,0,0,0,0,NONE,,RPM:486bd1410c27140c TPS:486bd1411111e7 ADV:486bd1410e9e71 MIL:486bd1410100000000c6
1789379375.9711,220.435,2465.0,-83.2,9.80,7.25,11.00,2.40,6.3,49.0,2.30,14.10,0.000,92.0,49.0,1,0,0,0,0,0,0,NONE,,RPM:486bd1410c26847b TPS:486bd1411119ef ADV:486bd1410e9669 MIL:486bd1410100000000c6
1789379376.2585,220.722,2495.0,104.4,8.63,-4.09,16.00,2.40,6.3,48.3,2.30,14.10,0.000,92.0,49.0,1,0,0,0,0,0,0,NONE,,RPM:486bd1410c26fcf3 TPS:486bd1411116ec ADV:486bd1410ea073 MIL:486bd1410100000000c6
1789379376.7258,221.190,2594.0,211.9,7.45,-2.52,20.50,2.40,6.3,47.6,2.30,14.10,0.000,92.0,49.0,1,0,0,0,0,0,0,NONE,,RPM:486bd1410c288881 TPS:486bd1411113e9 ADV:486bd1410ea97c MIL:486bd1410100000000c6
1789379376.9965,221.460,2627.0,121.9,7.06,-1.45,21.00,2.40,6.3,47.4,2.34,14.10,0.000,90.0,49.0,1,0,0,0,0,0,0,NONE,,RPM:486bd1410c290c06 TPS:486bd1411112e8 ADV:486bd1410eaa7d MIL:486bd1410100000000c6
1789379377.2740,221.738,2676.0,176.5,7.06,0.00,24.00,2.40,6.3,47.4,2.34,14.10,0.000,90.0,49.0,1,0,0,0,0,0,0,NONE,,RPM:486bd1410c29d0ca TPS:486bd1411112e8 ADV:486bd1410eb083 MIL:486bd1410100000000c6
1789379377.5473,222.011,2693.0,62.2,6.67,-1.43,26.00,2.40,23.9,47.2,3.93,14.10,0.000,90.0,49.0,1,0,0,0,0,0,0,NONE,,RPM:486bd1410c2a140f TPS:486bd1411111e7 ADV:486bd1410eb487 MIL:486bd1410100000000c6
1789379377.8247,222.289,2729.0,129.8,6.67,0.00,30.50,2.40,23.9,47.2,3.93,14.10,0.000,90.0,49.0,1,0,0,0,0,0,0,NONE,,RPM:486bd1410c2aa49f TPS:486bd1411111e7 ADV:486bd1410ebd90 MIL:486bd1410100000000c6
1789379378.0950,222.559,2759.0,111.0,6.67,0.00,28.00,2.40,23.9,47.2,3.93,14.10,0.000,90.0,49.0,1,0,0,0,0,0,0,NONE,,RPM:486bd1410c2b1c18 TPS:486bd1411111e7 ADV:486bd1410eb88b MIL:486bd1410100000000c6
1789379378.5444,223.008,2787.0,62.3,6.67,0.00,31.00,2.40,23.9,47.2,3.93,14.10,0.000,90.0,49.0,1,0,0,0,0,0,0,NONE,,RPM:486bd1410c2b8c88 TPS:486bd1411111e7 ADV:486bd1410ebe91 MIL:486bd1410100000000c6
1789379378.8156,223.280,2820.0,121.7,6.67,0.00,31.50,2.40,23.9,47.2,3.93,14.10,0.000,90.0,48.0,1,0,0,0,0,0,0,NONE,,RPM:486bd1410c2c100d TPS:486bd1411111e7 ADV:486bd1410ebf92 MIL:486bd1410100000000c6
1789379379.0864,223.550,2838.0,66.5,6.67,0.00,30.50,2.40,23.9,47.2,3.93,14.10,0.000,90.0,48.0,1,0,0,0,0,0,0,NONE,,RPM:486bd1410c2c5855 TPS:486bd1411111e7 ADV:486bd1410ebd90 MIL:486bd1410100000000c6
1789379379.3587,223.823,2871.0,121.2,6.67,0.00,30.50,2.40,23.9,47.2,3.93,14.10,0.000,90.0,48.0,1,0,0,0,0,0,0,NONE,,RPM:486bd1410c2cdcd9 TPS:486bd1411111e7 ADV:486bd1410ebd90 MIL:486bd1410100000000c6
1789379379.8122,224.276,2900.0,63.9,6.27,-0.86,37.50,2.40,23.9,46.9,3.93,14.10,0.000,90.0,48.0,1,0,0,0,0,0,0,NONE,,RPM:486bd1410c2d504e TPS:486bd1411110e6 ADV:486bd1410ecb9e MIL:486bd1410100000000c6
1789379380.0786,224.543,2908.0,30.0,5.49,-2.94,42.50,2.40,23.9,46.5,3.93,14.10,0.000,90.0,48.0,1,0,0,0,0,0,0,NONE,,RPM:486bd1410c2d706e TPS:486bd141110ee4 ADV:486bd1410ed5a8 MIL:486bd1410100000000c6
1789379380.5623,225.026,2886.0,-45.5,3.53,-4.05,46.00,2.40,23.9,45.3,3.93,14.10,0.000,90.0,48.0,1,0,0,0,0,0,0,NONE,,RPM:486bd1410c2d1816 TPS:486bd1411109df ADV:486bd1410edcaf MIL:486bd1410100000000c6
1789379380.8292,225.293,2880.0,-22.5,3.53,0.00,42.50,2.40,23.9,45.3,3.95,14.10,0.000,89.0,48.0,1,0,0,0,0,0,0,NONE,,RPM:486bd1410c2d00fe TPS:486bd1411109df ADV:486bd1410ed5a8 MIL:486bd1410100000000c6
1789379381.1006,225.564,2824.0,-206.4,3.53,0.00,38.00,2.40,23.9,45.3,3.95,14.10,0.000,89.0,48.0,1,0,0,0,0,0,0,NONE,,RPM:486bd1410c2c201d TPS:486bd1411109df ADV:486bd1410ecc9f MIL:486bd1410100000000c6
1789379381.3882,225.852,2797.0,-93.9,3.53,0.00,35.50,2.40,13.7,45.3,3.03,14.10,0.000,89.0,48.0,1,0,0,0,0,0,0,NONE,,RPM:486bd1410c2bb4b0 TPS:486bd1411109df ADV:486bd1410ec79a MIL:486bd1410100000000c6
1789379381.6756,226.139,2738.0,-205.3,3.53,0.00,31.50,2.40,13.7,45.3,3.03,14.10,0.000,89.0,48.0,1,0,0,0,0,0,0,NONE,,RPM:486bd1410c2ac8c3 TPS:486bd1411109df ADV:486bd1410ebf92 MIL:486bd1410100000000c6
1789379381.9630,226.427,2717.0,-73.1,3.53,0.00,31.50,2.40,13.7,45.3,3.03,14.10,0.000,89.0,48.0,1,0,0,0,0,0,0,NONE,,RPM:486bd1410c2a746f TPS:486bd1411109df ADV:486bd1410ebf92 MIL:486bd1410100000000c6
1789379382.4278,226.892,2634.0,-178.6,3.53,0.00,28.00,2.40,13.7,45.3,3.03,14.10,0.000,89.0,48.0,1,0,0,0,0,0,0,NONE,,RPM:486bd1410c292822 TPS:486bd1411109df ADV:486bd1410eb88b MIL:486bd1410100000000c6
1789379382.7063,227.170,2574.0,-215.4,3.53,0.00,25.50,2.40,13.7,45.3,3.03,14.10,0.000,89.0,48.0,1,0,0,0,0,0,0,NONE,,RPM:486bd1410c283831 TPS:486bd1411109df ADV:486bd1410eb386 MIL:486bd1410100000000c6
1789379382.9966,227.461,2543.0,-106.8,3.53,0.00,23.00,2.40,13.7,45.3,3.03,14.10,0.000,89.0,48.0,1,0,0,0,0,0,0,NONE,,RPM:486bd1410c27bcb4 TPS:486bd1411109df ADV:486bd1410eae81 MIL:486bd1410100000000c6
1789379383.2755,227.739,2446.0,-347.9,3.53,0.00,22.50,2.40,13.7,45.3,3.03,14.10,0.000,89.0,48.0,1,0,0,0,0,0,0,NONE,,RPM:486bd1410c26382f TPS:486bd1411109df ADV:486bd1410ead80 MIL:486bd1410100000000c6
1789379383.7016,228.165,2322.0,-291.0,3.53,0.00,20.50,2.40,13.7,45.3,3.03,14.10,0.000,89.0,48.0,1,0,0,0,0,0,0,NONE,,RPM:486bd1410c24483d TPS:486bd1411109df ADV:486bd1410ea97c MIL:486bd1410100000000c6
1789379384.0250,228.489,1867.0,-1406.7,3.53,0.00,10.00,2.40,13.7,45.3,3.03,14.10,0.000,89.0,48.0,1,0,0,0,0,0,0,NONE,,RPM:486bd1410c1d2c1a TPS:486bd1411109df ADV:486bd1410e9467 MIL:486bd1410100000000c6
1789379384.5133,228.977,1937.0,143.4,3.53,0.00,8.00,2.40,13.7,45.3,3.03,14.10,0.000,89.0,48.0,1,0,0,0,0,0,0,NONE,,RPM:486bd1410c1e4433 TPS:486bd1411109df ADV:486bd1410e9063 MIL:486bd1410100000000c6
1789379384.7768,229.241,2455.0,1966.4,3.53,0.00,8.00,2.40,13.7,45.3,3.03,14.10,0.000,89.0,48.0,1,0,0,0,0,0,0,NONE,,RPM:486bd1410c265c53 TPS:486bd1411109df ADV:486bd1410e9063 MIL:486bd1410100000000c6
1789379385.0974,229.561,2308.0,-458.5,3.53,0.00,8.00,2.40,13.7,45.3,3.03,14.10,0.000,89.0,48.0,1,0,0,0,0,0,0,NONE,,RPM:486bd1410c241005 TPS:486bd1411109df ADV:486bd1410e9063 MIL:486bd1410100000000c6
1789379385.3682,229.832,2184.0,-457.8,3.53,0.00,18.00,2.40,18.4,45.3,3.46,14.10,0.000,89.0,48.0,1,0,0,0,0,0,0,NONE,,RPM:486bd1410c222013 TPS:486bd1411109df ADV:486bd1410ea477 MIL:486bd1410100000000c6
1789379385.6561,230.120,2105.0,-274.4,3.92,1.36,18.00,2.40,18.4,45.6,3.46,14.10,0.000,89.0,48.0,1,0,0,0,0,0,0,NONE,,RPM:486bd1410c20e4d5 TPS:486bd141110ae0 ADV:486bd1410ea477 MIL:486bd1410100000000c6
1789379385.9602,230.424,2020.0,-279.5,3.92,0.00,19.00,2.40,18.4,45.6,3.46,14.10,0.000,89.0,48.0,1,0,0,0,0,0,0,NONE,,RPM:486bd1410c1f9080 TPS:486bd141110ae0 ADV:486bd1410ea679 MIL:486bd1410100000000c6
1789379386.3923,230.856,1906.0,-263.9,4.71,1.82,13.50,2.40,18.4,46.0,3.46,14.10,0.000,89.0,48.0,1,0,0,0,0,0,0,NONE,,RPM:486bd1410c1dc8b6 TPS:486bd141110ce2 ADV:486bd1410e9b6e MIL:486bd1410100000000c6
1789379386.6954,231.159,1844.0,-204.5,5.10,1.29,11.00,2.40,18.4,46.3,3.46,14.10,0.000,89.0,48.0,1,0,0,0,0,0,0,NONE,,RPM:486bd1410c1cd0bd TPS:486bd141110de3 ADV:486bd1410e9669 MIL:486bd1410100000000c6
1789379386.9753,231.439,1885.0,146.5,5.49,1.40,8.50,2.40,18.4,46.5,3.46,14.10,0.000,89.0,48.0,1,0,0,0,0,0,0,NONE,,RPM:486bd1410c1d7462 TPS:486bd141110ee4 ADV:486bd1410e9164 MIL:486bd1410100000000c6
1789379387.3034,231.767,1859.0,-79.3,6.27,2.39,9.00,2.40,18.4,46.9,3.46,14.10,0.000,89.0,48.0,1,0,0,0,0,0,0,NONE,,RPM:486bd1410c1d0cfa TPS:486bd1411110e6 ADV:486bd1410e9265 MIL:486bd1410100000000c6
1789379387.7556,232.219,1923.0,141.5,6.27,0.00,8.00,2.40,18.4,46.9,3.46,14.10,0.000,89.0,48.0,1,0,0,0,0,0,0,NONE,,RPM:486bd1410c1e0cfb TPS:486bd1411110e6 ADV:486bd1410e9063 MIL:486bd1410100000000c6
1789379388.0392,232.503,1990.0,236.2,6.27,0.00,8.00,2.40,18.4,46.9,3.46,14.10,0.000,89.0,48.0,1,0,0,0,0,0,0,NONE,,RPM:486bd1410c1f1808 TPS:486bd1411110e6 ADV:486bd1410e9063 MIL:486bd1410100000000c6
1789379388.5126,232.976,2075.0,179.6,6.27,0.00,10.00,2.40,18.4,46.9,3.46,14.10,0.000,89.0,48.0,1,0,0,0,0,0,0,NONE,,RPM:486bd1410c206c5d TPS:486bd1411110e6 ADV:486bd1410e9467 MIL:486bd1410100000000c6
1789379388.7769,233.241,2129.0,204.3,6.27,0.00,11.50,2.40,18.4,46.9,3.48,14.10,0.000,88.0,48.0,1,0,0,0,0,0,0,NONE,,RPM:486bd1410c214436 TPS:486bd1411110e6 ADV:486bd1410e976a MIL:486bd1410100000000c6
1789379389.0453,233.509,2175.0,171.4,6.27,0.00,11.50,2.40,18.4,46.9,3.48,14.10,0.000,88.0,48.0,1,0,0,0,0,0,0,NONE,,RPM:486bd1410c21fcee TPS:486bd1411110e6 ADV:486bd1410e976a MIL:486bd1410100000000c6
1789379389.3647,233.829,2238.0,197.3,6.27,0.00,13.50,2.40,26.3,46.9,4.18,14.10,0.000,88.0,48.0,1,0,0,0,0,0,0,NONE,,RPM:486bd1410c22f8eb TPS:486bd1411110e6 ADV:486bd1410e9b6e MIL:486bd1410100000000c6
1789379389.6359,234.100,2317.0,291.3,6.27,0.00,15.00,2.40,26.3,46.9,4.18,14.10,0.000,88.0,48.0,1,0,0,0,0,0,0,NONE,,RPM:486bd1410c243429 TPS:486bd1411110e6 ADV:486bd1410e9e71 MIL:486bd1410100000000c6
1789379389.9175,234.381,2352.0,124.3,6.27,0.00,15.50,2.40,26.3,46.9,4.18,14.10,0.000,88.0,48.0,1,0,0,0,0,0,0,NONE,,RPM:486bd1410c24c0b5 TPS:486bd1411110e6 ADV:486bd1410e9f72 MIL:486bd1410100000000c6
1789379390.3696,234.833,2464.0,247.7,6.67,0.87,17.50,2.40,26.3,47.2,4.18,14.10,0.000,88.0,48.0,1,0,0,0,0,0,0,NONE,,RPM:486bd1410c268077 TPS:486bd1411111e7 ADV:486bd1410ea376 MIL:486bd1410100000000c6
1789379390.6426,235.106,2542.0,285.7,7.06,1.44,19.00,2.40,26.3,47.4,4.18,14.10,0.000,88.0,48.0,1,0,0,0,0,0,0,NONE,,RPM:486bd1410c27b8b0 TPS:486bd1411112e8 ADV:486bd1410ea679 MIL:486bd1410100000000c6
1789379390.9148,235.379,2636.0,345.3,7.06,0.00,23.00,2.40,26.3,47.4,4.18,14.10,0.000,88.0,48.0,1,0,0,0,0,0,0,NONE,,RPM:486bd1410c29302a TPS:486bd1411112e8 ADV:486bd1410eae81 MIL:486bd1410100000000c6
1789379391.2190,235.683,2738.0,335.3,7.06,0.00,28.00,2.40,26.3,47.4,4.18,14.10,0.000,88.0,48.0,1,0,0,0,0,0,0,NONE,,RPM:486bd1410c2ac8c3 TPS:486bd1411112e8 ADV:486bd1410eb88b MIL:486bd1410100000000c6
1789379391.6792,236.143,2843.0,228.2,7.06,0.00,30.00,2.40,26.3,47.4,4.18,14.10,0.000,88.0,48.0,1,0,0,0,0,0,0,NONE,,RPM:486bd1410c2c6c69 TPS:486bd1411112e8 ADV:486bd1410ebc8f MIL:486bd1410100000000c6
1789379391.9552,236.419,2895.0,188.4,7.06,0.00,31.50,2.40,26.3,47.4,4.18,14.10,0.000,88.0,48.0,1,0,0,0,0,0,0,NONE,,RPM:486bd1410c2d3c3a TPS:486bd1411112e8 ADV:486bd1410ebf92 MIL:486bd1410100000000c6
1789379392.4600,236.924,2766.0,-255.5,3.53,-6.99,41.00,2.40,26.3,45.3,4.18,14.10,0.000,88.0,48.0,1,0,0,0,0,0,0,NONE,,RPM:486bd1410c2b3834 TPS:486bd1411109df ADV:486bd1410ed2a5 MIL:486bd1410100000000c6
1789379392.7362,237.200,2903.0,496.0,3.53,0.00,35.50,2.40,26.3,45.3,4.20,14.10,0.000,87.0,48.0,1,0,0,0,0,0,0,NONE,,RPM:486bd1410c2d5c5a TPS: ADV:486bd1410ec79a MIL:486bd1410100000000c6
1789379393.1692,237.633,2750.0,-353.4,3.53,0.00,31.00,2.40,26.3,45.3,4.20,14.10,0.000,87.0,48.0,1,0,0,0,0,0,0,NONE,,RPM:486bd1410c2af8f3 TPS:486bd1411109df ADV:486bd1410ebe91 MIL:486bd1410100000000c6
1789379393.5167,237.981,2614.0,-391.3,3.53,0.00,27.50,2.40,14.1,45.3,3.11,14.10,0.000,87.0,48.0,1,0,0,0,0,0,0,NONE,,RPM:486bd1410c28d8d1 TPS:486bd1411109df ADV:486bd1410eb78a MIL:486bd1410100000000c6
1789379393.7911,238.255,2520.0,-342.5,3.53,0.00,22.50,2.40,14.1,45.3,3.11,14.10,0.000,87.0,48.0,1,0,0,0,0,0,0,NONE,,RPM:486bd1410c276058 TPS:486bd1411109df ADV:486bd1410ead80 MIL:486bd1410100000000c6
1789379394.0957,238.560,2383.0,-449.7,3.53,0.00,21.00,2.40,14.1,45.3,3.11,14.10,0.000,87.0,48.0,1,0,0,0,0,0,0,NONE,,RPM:486bd1410c253c32 TPS:486bd1411109df ADV:486bd1410eaa7d MIL:486bd1410100000000c6
1789379394.5781,239.042,1991.0,-812.7,3.53,0.00,13.00,2.40,14.1,45.3,3.11,14.10,0.000,87.0,48.0,1,0,0,0,0,0,0,NONE,,RPM:486bd1410c1f1c0c TPS:486bd1411109df ADV:486bd1410e9a6d MIL:486bd1410100000000c6
1789379394.8472,239.311,1270.0,-2679.6,3.14,-1.46,15.00,2.40,14.1,45.1,3.11,14.10,0.000,87.0,48.0,1,0,0,0,0,0,0,NONE,,RPM:486bd1410c13d8bc TPS:486bd1411108de ADV:486bd1410e9e71 MIL:486bd1410100000000c6
1789379395.1179,239.582,1314.0,162.5,3.53,1.45,8.00,2.40,14.1,45.3,3.11,14.10,0.000,87.0,48.0,1,0,0,0,0,0,0,NONE,,RPM:486bd1410c14886d TPS:486bd1411109df ADV:486bd1410e9063 MIL:486bd1410100000000c6
1789379395.3910,239.855,2196.0,3229.8,3.53,0.00,8.00,2.40,14.1,45.3,3.11,14.10,0.000,87.0,48.0,1,0,0,0,0,0,0,NONE,,RPM:486bd1410c225043 TPS:486bd1411109df ADV:486bd1410e9063 MIL:486bd1410100000000c6
1789379395.8485,240.312,1882.0,-686.3,3.53,0.00,8.00,2.40,14.1,45.3,3.11,14.10,0.000,87.0,48.0,1,0,0,0,0,0,0,NONE,,RPM:486bd1410c1d6856 TPS:486bd1411109df ADV:486bd1410e9063 MIL:486bd1410100000000c6
1789379396.1587,240.623,1719.0,-525.4,3.53,0.00,8.00,2.40,14.1,45.3,3.11,14.10,0.000,87.0,48.0,1,0,0,0,0,0,0,NONE,,RPM:486bd1410c1adcc7 TPS:486bd1411109df ADV:486bd1410e9063 MIL:486bd1410100000000c6
1789379396.6430,241.107,1139.0,-1197.7,3.53,0.00,16.00,2.40,14.1,45.3,3.11,14.10,0.000,87.0,48.0,1,0,0,0,0,0,0,NONE,,RPM:486bd1410c11ccae TPS:486bd1411109df ADV:486bd1410ea073 MIL:486bd1410100000000c6
1789379396.9418,241.406,1273.0,448.5,3.53,0.00,12.50,2.40,14.1,45.3,3.11,14.10,0.000,87.0,48.0,1,0,0,0,0,0,0,NONE,,RPM:486bd1410c13e4c8 TPS:486bd1411109df ADV:486bd1410e996c MIL:486bd1410100000000c6
1789379397.2126,241.676,1140.0,-491.2,3.53,0.00,11.50,2.40,14.1,45.3,3.11,14.10,0.000,87.0,48.0,1,0,0,0,0,0,0,NONE,,RPM:486bd1410c11d0b2 TPS:486bd1411109df ADV:486bd1410e976a MIL:486bd1410100000000c6
1789379397.4846,241.948,1197.0,209.5,3.92,1.44,10.50,2.40,27.8,45.6,4.34,14.10,0.000,87.0,48.0,1,0,0,0,0,0,0,NONE,,RPM:486bd1410c12b497 TPS:486bd141110ae0 ADV:486bd1410e9568 MIL:486bd1410100000000c6
1789379397.8057,242.270,1306.0,339.5,4.31,1.22,11.00,2.40,27.8,45.8,4.34,14.10,0.000,87.0,48.0,1,0,0,0,0,0,0,NONE,,RPM:486bd1410c14684d TPS:486bd141110be1 ADV:486bd1410e9669 MIL:486bd1410100000000c6
1789379398.0930,242.557,1520.0,744.8,4.71,1.36,12.50,2.40,27.8,46.0,4.34,14.10,0.000,87.0,48.0,1,0,0,0,0,0,0,NONE,,RPM:486bd1410c17c0a8 TPS:486bd141110ce2 ADV:486bd1410e996c MIL:486bd1410100000000c6
1789379398.5381,243.002,1483.0,-83.1,5.49,1.76,11.50,2.40,27.8,46.5,4.34,14.10,0.000,87.0,48.0,1,0,0,0,0,0,0,NONE,,RPM:486bd1410c172c14 TPS:486bd141110ee4 ADV:486bd1410e976a MIL:486bd1410100000000c6
1789379398.8273,243.291,1595.0,387.3,6.27,2.71,9.00,2.40,27.8,46.9,4.34,14.10,0.000,87.0,48.0,1,0,0,0,0,0,0,NONE,,RPM:486bd1410c18ecd5 TPS:486bd1411110e6 ADV:486bd1410e9265 MIL:486bd1410100000000c6
1789379399.0980,243.562,1755.0,590.9,6.67,1.45,6.50,2.40,27.8,47.2,4.34,14.10,0.000,87.0,48.0,1,0,0,0,0,0,0,NONE,,RPM:486bd1410c1b6c58 TPS:486bd1411111e7 ADV:486bd1410e8d60 MIL:486bd1410100000000c6
1789379399.3788,243.843,1951.0,698.2,7.45,2.79,6.00,2.40,27.8,47.6,4.34,14.10,0.000,87.0,48.0,1,0,0,0,0,0,0,NONE,,RPM:486bd1410c1e7c6b TPS:486bd1411113e9 ADV:486bd1410e8c5f MIL:486bd1410100000000c6
1789379399.8354,244.299,2290.0,742.3,8.63,2.58,14.00,2.40,27.8,48.3,4.34,14.10,0.000,87.0,48.0,1,0,0,0,0,0,0,NONE,,RPM:486bd1410c23c8bc TPS:486bd1411116ec ADV:486bd1410e9c6f MIL:486bd1410100000000c6
1789379400.1055,244.569,2495.0,759.2,8.63,0.00,19.00,2.40,27.8,48.3,4.34,14.10,0.000,87.0,48.0,1,0,0,0,0,0,0,NONE,,RPM:486bd1410c26fcf3 TPS:486bd1411116ec ADV:486bd1410ea679 MIL:486bd1410100000000c6
1789379400.5515,245.015,2918.0,948.5,9.02,0.88,21.00,2.40,27.8,48.5,4.34,14.10,0.000,87.0,48.0,1,0,0,0,0,0,0,NONE,,RPM:486bd1410c2d9896 TPS:486bd1411117ed ADV:486bd1410eaa7d MIL:486bd1410100000000c6
1789379400.8756,245.339,3255.0,1039.6,10.59,4.84,22.50,2.40,27.8,49.4,4.34,14.10,0.000,87.0,48.0,1,0,0,0,0,0,0,NONE,,RPM:486bd1410c32dcdf TPS:486bd141111bf1 ADV:486bd1410ead80 MIL:486bd1410100000000c6
1789379401.1439,245.608,3544.0,1077.4,3.53,-26.31,60.00,2.40,27.8,45.3,4.34,14.10,0.000,87.0,48.0,1,0,0,0,0,0,0,NONE,,RPM:486bd1410c376068 TPS:486bd1411109df ADV:486bd1410ef8cb MIL:486bd1410100000000c6
1789379401.4173,245.881,2763.0,-2856.3,3.53,0.00,37.50,2.40,22.0,45.3,3.82,14.10,0.000,87.0,48.0,1,0,0,0,0,0,0,NONE,,RPM:486bd1410c2b2c28 TPS:486bd1411109df ADV:486bd1410ecb9e MIL:486bd1410100000000c6
1789379401.6893,246.153,2607.0,-573.4,9.02,20.18,20.50,2.40,22.0,48.5,3.82,14.10,0.000,87.0,48.0,1,0,0,0,0,0,0,NONE,,RPM:486bd1410c28bcb5 TPS:486bd1411117ed ADV:486bd1410ea97c MIL:486bd1410100000000c6
1789379401.9620,246.426,2711.0,381.4,10.20,4.31,20.50,2.40,22.0,49.2,3.82,14.10,0.000,87.0,48.0,1,0,0,0,0,0,0,NONE,,RPM:486bd1410c2a5c57 TPS:486bd141111af0 ADV:486bd1410ea97c MIL:486bd1410100000000c6
1789379402.3901,246.854,2929.0,509.3,9.80,-0.92,28.50,2.40,22.0,49.0,3.82,14.10,0.000,87.0,48.0,1,0,0,0,0,0,0,NONE,,RPM:486bd1410c2dc4c2 TPS:486bd1411119ef ADV:486bd1410eb98c MIL:486bd1410100000000c6
1789379402.6951,247.159,3056.0,416.4,3.92,-19.29,54.00,2.40,22.0,45.6,3.82,14.10,0.000,87.0,48.0,1,0,0,0,0,0,0,NONE,,RPM:486bd1410c2fc0c0 TPS:486bd141110ae0 ADV:486bd1410eecbf MIL:486bd1410100000000c6
1789379403.0060,247.470,3032.0,-77.2,3.53,-1.26,55.50,2.40,22.0,45.3,3.82,14.10,0.000,87.0,48.0,1,0,0,0,0,0,0,NONE,,RPM:486bd1410c2f6060 TPS:486bd1411109df ADV:486bd1410eefc2 MIL:486bd1410100000000c6
1789379403.2713,247.735,2983.0,-184.7,3.53,0.00,51.50,2.40,22.0,45.3,3.82,14.10,0.000,87.0,48.0,1,0,0,0,0,0,0,NONE,,RPM:486bd1410c2e9c9b TPS:486bd1411109df ADV:486bd1410ee7ba MIL:486bd1410100000000c6
1789379403.7715,248.235,2879.0,-207.9,3.53,0.00,43.00,2.40,22.0,45.3,3.82,14.10,0.000,87.0,48.0,1,0,0,0,0,0,0,NONE,,RPM:486bd1410c2cfcf9 TPS:486bd1411109df ADV:486bd1410ed6a9 MIL:486bd1410100000000c6
1789379404.0392,248.503,2837.0,-156.9,3.53,0.00,40.00,2.40,22.0,45.3,3.82,14.10,0.000,87.0,48.0,1,0,0,0,0,0,0,NONE,,RPM:486bd1410c2c5451 TPS:486bd1411109df ADV:486bd1410ed0a3 MIL:486bd1410100000000c6
1789379404.4732,248.937,2774.0,-145.2,6.67,7.23,25.50,2.40,22.0,47.2,3.82,14.10,0.000,87.0,48.0,1,0,0,0,0,0,0,NONE,,RPM:486bd1410c2b5854 TPS:486bd1411111e7 ADV:486bd1410eb386 MIL:486bd1410100000000c6
1789379404.7747,249.239,2864.0,298.5,9.80,10.40,13.00,2.40,22.0,49.0,3.84,14.10,0.000,86.0,48.0,1,0,0,0,0,0,0,NONE,,RPM:486bd1410c2cc0bd TPS:486bd1411119ef ADV:486bd1410e9a6d MIL:486bd1410100000000c6
1789379405.0447,249.509,2974.0,407.4,15.29,20.33,10.00,2.40,22.0,52.2,3.84,14.10,0.000,86.0,48.0,1,0,0,0,0,0,0,NONE,,RPM:486bd1410c2e7877 TPS:486bd1411127fd ADV:486bd1410e9467 MIL:486bd1410100000000c6
1789379405.3253,249.789,3172.0,705.6,20.39,18.17,13.00,2.40,54.9,55.1,6.80,14.10,0.000,86.0,48.0,1,0,0,0,0,0,0,NONE,,RPM:486bd1410c319092 TPS:486bd14111340a ADV:486bd1410e9a6d MIL:486bd1410100000000c6
1789379405.6372,250.101,3552.0,1218.5,26.27,18.86,17.50,2.40,54.9,58.5,6.80,14.10,0.000,86.0,48.0,1,0,0,0,0,0,0,NONE,,RPM:486bd1410c378088 TPS:486bd141114319 ADV:486bd1410ea376 MIL:486bd1410100000000c6
1789379405.9079,250.372,3908.0,1315.1,29.80,13.04,19.00,2.40,54.9,60.6,6.80,14.10,0.000,86.0,48.0,1,0,0,0,0,0,0,NONE,,RPM:486bd1410c3d101e TPS:486bd141114c22 ADV:486bd1410ea679 MIL:486bd1410100000000c6
1789379406.4235,250.887,4633.0,1406.2,34.90,9.89,23.00,2.40,54.9,63.5,6.80,14.10,0.000,86.0,48.0,1,0,0,0,0,0,0,NONE,,RPM:486bd1410c48647d TPS:486bd14111592f ADV:486bd1410eae81 MIL:486bd1410100000000c6
1789379406.6987,251.163,5037.0,1468.1,40.78,21.38,26.50,2.40,54.9,67.0,6.80,14.10,0.000,86.0,47.0,1,0,0,0,0,0,0,NONE,,RPM:486bd1410c4eb4d3 TPS:486bd14111683e ADV:486bd1410eb588 MIL:486bd1410100000000c6
1789379406.9627,251.427,5423.0,1461.9,41.57,2.97,29.00,2.40,54.9,67.4,6.80,14.10,0.000,86.0,47.0,1,0,0,0,0,0,0,NONE,,RPM:486bd1410c54bce1 TPS:486bd141116a40 ADV:486bd1410eba8d MIL:486bd1410100000000c6
1789379407.2344,251.698,5864.0,1623.1,43.14,5.77,27.50,2.40,54.9,68.3,6.80,14.10,0.000,86.0,47.0,1,0,0,0,0,0,0,NONE,,RPM:486bd1410c5ba0cc TPS:486bd141116e44 ADV:486bd1410eb78a MIL:486bd1410100000000c6
1789379407.6981,252.162,4955.0,-1960.3,48.24,10.99,25.00,2.40,54.9,71.3,6.80,14.10,0.000,86.0,47.0,1,0,0,0,0,0,0,NONE,,RPM:486bd1410c4d6c8a TPS:486bd141117b51 ADV:486bd1410eb285 MIL:486bd1410100000000c6
1789379408.0059,252.470,5272.0,1029.9,58.82,34.40,27.50,2.40,54.9,77.4,6.80,14.10,0.000,86.0,47.0,1,0,0,0,0,0,0,NONE,,RPM:486bd1410c526083 TPS:486bd14111966c ADV:486bd1410eb78a MIL:486bd1410100000000c6
1789379408.4298,252.894,5647.0,884.6,50.59,-19.43,29.00,2.40,54.9,72.6,6.80,14.10,0.000,86.0,47.0,1,0,0,0,0,0,0,NONE,,RPM:486bd1410c583c65 TPS:486bd141118157 ADV:486bd1410eba8d MIL:486bd1410100000000c6
1789379408.7212,253.185,5913.0,913.0,6.67,-150.75,60.00,2.40,54.9,47.2,6.80,14.10,0.000,86.0,47.0,1,0,0,0,0,0,0,NONE,,RPM:486bd1410c5c6491 TPS:486bd1411111e7 ADV:486bd1410ef8cb MIL:486bd1410100000000c6
1789379408.9934,253.457,5780.0,-488.6,3.53,-11.53,60.00,2.40,54.9,45.3,6.80,14.10,0.000,86.0,47.0,1,0,0,0,0,0,0,NONE,,RPM:486bd1410c5a507b TPS:486bd1411109df ADV:486bd1410ef8cb MIL:486bd1410100000000c6
1789379409.2651,253.729,5676.0,-382.7,3.53,0.00,60.00,2.40,8.6,45.3,2.64,14.10,0.000,86.0,47.0,1,0,0,0,0,0,0,NONE,,RPM:486bd1410c58b0d9 TPS:486bd1411109df ADV:486bd1410ef8cb MIL:486bd1410100000000c6
1789379409.5638,254.028,5529.0,-492.2,3.53,0.00,60.00,2.40,8.6,45.3,2.64,14.10,0.000,86.0,47.0,1,0,0,0,0,0,0,NONE,,RPM:486bd1410c56648b TPS:486bd1411109df ADV:486bd1410ef8cb MIL:486bd1410100000000c6
1789379409.8415,254.305,5435.0,-338.5,3.92,1.41,60.00,2.40,8.6,45.6,2.64,14.10,0.000,86.0,47.0,1,0,0,0,0,0,0,NONE,,RPM:486bd1410c54ec11 TPS:486bd141110ae0 ADV:486bd1410ef8cb MIL:486bd1410100000000c6
1789379410.2841,254.748,5469.0,76.8,13.73,22.15,31.00,2.40,8.6,51.3,2.64,14.10,0.000,86.0,47.0,1,0,0,0,0,0,0,NONE,,RPM:486bd1410c55749a TPS:486bd1411123f9 ADV:486bd1410ebe91 MIL:486bd1410100000000c6
1789379410.5908,255.055,5587.0,384.6,19.61,19.17,36.00,2.40,8.6,54.7,2.64,14.10,0.000,86.0,46.0,1,0,0,0,0,0,0,NONE,,RPM:486bd1410c574c74 TPS:486bd141113208 ADV:486bd1410ec89b MIL:486bd1410100000000c6
1789379410.8790,255.343,5673.0,298.4,25.10,19.05,34.00,2.40,8.6,57.9,2.64,14.10,0.000,86.0,46.0,1,0,0,0,0,0,0,NONE,,RPM:486bd1410c58a4cd TPS:486bd141114016 ADV:486bd1410ec497 MIL:486bd1410100000000c6
1789379411.1498,255.614,5776.0,380.4,27.45,8.69,32.50,2.40,8.6,59.2,2.64,14.10,0.000,86.0,46.0,1,0,0,0,0,0,0,NONE,,RPM:486bd1410c5a406b TPS:486bd14111461c ADV:486bd1410ec194 MIL:486bd1410100000000c6
1789379411.5917,256.056,6096.0,724.1,39.22,26.62,27.50,2.40,8.6,66.0,2.64,14.10,0.000,86.0,46.0,1,0,0,0,0,0,0,NONE,,RPM:486bd1410c5f4070 TPS:486bd14111643a ADV:486bd1410eb78a MIL:486bd1410100000000c6
1789379411.8706,256.334,6253.0,563.0,46.27,25.31,26.50,2.40,8.6,70.1,2.64,14.10,0.000,86.0,46.0,1,0,0,0,0,0,0,NONE,,RPM:486bd1410c61b4e6 TPS:486bd14111764c ADV:486bd1410eb588 MIL:486bd1410100000000c6
1789379412.3150,256.779,6587.0,751.4,53.73,16.76,26.50,2.40,8.6,74.5,2.64,14.10,0.000,86.0,46.0,1,0,0,0,0,0,0,NONE,,RPM:486bd1410c66ec23 TPS:486bd14111895f ADV:486bd1410eb588 MIL:486bd1410100000000c6
1789379412.5887,257.053,6667.0,292.3,3.92,-181.97,60.00,2.40,8.6,45.6,2.66,14.10,0.000,85.0,46.0,1,0,0,0,0,0,0,NONE,,RPM:486bd1410c682c65 TPS:486bd141110ae0 ADV:486bd1410ef8cb MIL:486bd1410100000000c6
1789379412.8611,257.325,6452.0,-789.3,3.53,-1.44,60.00,2.40,8.6,45.3,2.66,14.10,0.000,85.0,46.0,1,0,0,0,0,0,0,NONE,,RPM:486bd1410c64d005 TPS:486bd1411109df ADV:486bd1410ef8cb MIL:486bd1410100000000c6
1789379413.1321,257.596,6308.0,-531.5,3.53,0.00,60.00,2.40,8.2,45.3,2.62,14.10,0.000,85.0,46.0,1,0,0,0,0,0,0,NONE,,RPM:486bd1410c6290c3 TPS:486bd1411109df ADV:486bd1410ef8cb MIL:486bd1410100000000c6
1789379413.4368,257.901,6171.0,-449.6,3.53,0.00,60.00,2.40,8.2,45.3,2.62,14.10,0.000,85.0,46.0,1,0,0,0,0,0,0,NONE,,RPM:486bd1410c606c9d TPS:486bd1411109df ADV:486bd1410ef8cb MIL:486bd1410100000000c6
1789379413.7096,258.173,6000.0,-626.7,3.53,0.00,60.00,2.40,8.2,45.3,2.62,14.10,0.000,85.0,46.0,1,0,0,0,0,0,0,NONE,,RPM:486bd1410c5dc0ee TPS:486bd1411109df ADV:486bd1410ef8cb MIL:486bd1410100000000c6
1789379414.1787,258.643,5663.0,-718.4,3.53,0.00,60.00,2.40,8.2,45.3,2.62,14.10,0.000,85.0,46.0,1,0,0,0,0,0,0,NONE,,RPM:486bd1410c587ca5 TPS:486bd1411109df ADV:486bd1410ef8cb MIL:486bd1410100000000c6
1789379414.4585,258.922,5525.0,-493.3,3.53,0.00,60.00,2.40,8.2,45.3,2.62,14.10,0.000,85.0,45.0,1,0,0,0,0,0,0,NONE,,RPM:486bd1410c56547b TPS:486bd1411109df ADV:486bd1410ef8cb MIL:486bd1410100000000c6
1789379414.7631,259.227,5378.0,-482.6,3.53,0.00,60.00,2.40,8.2,45.3,2.62,14.10,0.000,85.0,45.0,1,0,0,0,0,0,0,NONE,,RPM:486bd1410c54082d TPS:486bd1411109df ADV:486bd1410ef8cb MIL:486bd1410100000000c6
1789379415.0664,259.530,5194.0,-606.8,3.53,0.00,60.00,2.40,8.2,45.3,2.62,14.10,0.000,85.0,45.0,1,0,0,0,0,0,0,NONE,,RPM:486bd1410c51284a TPS:486bd1411109df ADV:486bd1410ef8cb MIL:486bd1410100000000c6
1789379415.5261,259.990,4983.0,-458.9,3.53,0.00,60.00,2.40,8.2,45.3,2.62,14.10,0.000,85.0,45.0,1,0,0,0,0,0,0,NONE,,RPM:486bd1410c4ddcfa TPS:486bd1411109df ADV:486bd1410ef8cb MIL:486bd1410100000000c6
1789379415.8031,260.267,4885.0,-353.9,3.53,0.00,60.00,2.40,8.2,45.3,2.62,14.10,0.000,85.0,45.0,1,0,0,0,0,0,0,NONE,,RPM:486bd1410c4c5471 TPS:486bd1411109df ADV:486bd1410ef8cb MIL:486bd1410100000000c6
1789379416.2665,260.730,4732.0,-330.1,3.53,0.00,60.00,2.40,8.2,45.3,2.62,14.10,0.000,85.0,45.0,1,0,0,0,0,0,0,NONE,,RPM:486bd1410c49f00a TPS:486bd1411109df ADV:486bd1410ef8cb MIL:486bd1410100000000c6
1789379416.5388,261.003,4679.0,-194.7,3.53,0.00,60.00,2.40,8.2,45.3,2.62,14.10,0.000,85.0,45.0,1,0,0,0,0,0,0,NONE,,RPM:486bd1410c491c36 TPS:486bd1411109df ADV:486bd1410ef8cb MIL:486bd1410100000000c6
1789379416.8413,261.305,4547.0,-436.3,3.53,0.00,60.00,2.40,8.2,45.3,2.62,14.10,0.000,85.0,45.0,1,0,0,0,0,0,0,NONE,,RPM:486bd1410c470c24 TPS:486bd1411109df ADV:486bd1410ef8cb MIL:486bd1410100000000c6
1789379417.1135,261.577,4428.0,-437.2,3.53,0.00,60.00,2.40,9.4,45.3,2.73,14.10,0.000,85.0,45.0,1,0,0,0,0,0,0,NONE,,RPM:486bd1410c453046 TPS:486bd1411109df ADV:486bd1410ef8cb MIL:486bd1410100000000c6
1789379417.4035,261.867,4353.0,-258.6,3.53,0.00,60.00,2.40,9.4,45.3,2.73,14.10,0.000,85.0,45.0,1,0,0,0,0,0,0,NONE,,RPM:486bd1410c440419 TPS:486bd1411109df ADV:486bd1410ef8cb MIL:486bd1410100000000c6
1789379417.6926,262.157,4250.0,-356.2,3.53,0.00,60.00,2.40,9.4,45.3,2.73,14.10,0.000,85.0,45.0,1,0,0,0,0,0,0,NONE,,RPM:486bd1410c42687b TPS:486bd1411109df ADV:486bd1410ef8cb MIL:486bd1410100000000c6
1789379418.1168,262.581,4116.0,-315.9,3.53,0.00,60.00,2.40,9.4,45.3,2.73,14.10,0.000,85.0,45.0,1,0,0,0,0,0,0,NONE,,RPM:486bd1410c405061 TPS:486bd1411109df ADV:486bd1410ef8cb MIL:486bd1410100000000c6
1789379418.4253,262.889,4009.0,-346.9,3.53,0.00,60.00,2.40,9.4,45.3,2.73,14.10,0.000,85.0,45.0,1,0,0,0,0,0,0,NONE,,RPM:486bd1410c3ea4b3 TPS:486bd1411109df ADV:486bd1410ef8cb MIL:486bd1410100000000c6
1789379418.6967,263.161,3900.0,-401.6,3.53,0.00,58.50,2.40,9.4,45.3,2.73,14.10,0.000,85.0,45.0,1,0,0,0,0,0,0,NONE,,RPM:486bd1410c3cf0fd TPS:486bd1411109df ADV:486bd1410ef5c8 MIL:486bd1410100000000c6
1789379419.0062,263.470,3824.0,-245.5,3.53,0.00,58.00,2.40,9.4,45.3,2.73,14.10,0.000,85.0,45.0,1,0,0,0,0,0,0,NONE,,RPM:486bd1410c3bc0cc TPS:486bd1411109df ADV:486bd1410ef4c7 MIL:486bd1410100000000c6
1789379419.4503,263.914,3693.0,-295.0,3.53,0.00,56.00,2.40,9.4,45.3,2.73,14.10,0.000,85.0,45.0,1,0,0,0,0,0,0,NONE,,RPM:486bd1410c39b4be TPS:486bd1411109df ADV:486bd1410ef0c3 MIL:486bd1410100000000c6
1789379419.7504,264.214,3609.0,-279.9,3.53,0.00,55.50,2.40,9.4,45.3,2.73,14.10,0.000,85.0,45.0,1,0,0,0,0,0,0,NONE,,RPM:486bd1410c38646d TPS:486bd1411109df ADV:486bd1410eefc2 MIL:486bd1410100000000c6
1789379420.2126,264.676,3485.0,-268.2,3.53,0.00,54.00,2.40,9.4,45.3,2.73,14.10,0.000,85.0,45.0,1,0,0,0,0,0,0,NONE,,RPM:486bd1410c36747b TPS:486bd1411109df ADV:486bd1410eecbf MIL:486bd1410100000000c6
1789379420.4861,264.950,3449.0,-131.6,3.53,0.00,53.50,2.40,9.4,45.3,2.75,14.10,0.000,84.0,45.0,1,0,0,0,0,0,0,NONE,,RPM:486bd1410c35e4ea TPS:486bd1411109df ADV:486bd1410eebbe MIL:486bd1410100000000c6
1789379420.8052,265.269,3353.0,-300.9,3.53,0.00,52.50,2.40,9.4,45.3,2.75,14.10,0.000,84.0,45.0,1,0,0,0,0,0,0,NONE,,RPM:486bd1410c346469 TPS:486bd1411109df ADV:486bd1410ee9bc MIL:486bd1410100000000c6
1789379421.0766,265.541,3334.0,-70.0,3.53,0.00,51.00,2.40,13.3,45.3,3.10,14.10,0.000,84.0,45.0,1,0,0,0,0,0,0,NONE,,RPM:486bd1410c34181d TPS:486bd1411109df ADV:486bd1410ee6b9 MIL:486bd1410100000000c6
1789379421.3490,265.813,3266.0,-249.7,3.53,0.00,51.00,2.40,13.3,45.3,3.10,14.10,0.000,84.0,45.0,1,0,0,0,0,0,0,NONE,,RPM:486bd1410c33080c TPS:486bd1411109df ADV:486bd1410ee6b9 MIL:486bd1410100000000c6
1789379421.6426,266.106,3250.0,-54.5,4.31,2.67,47.50,2.40,13.3,45.8,3.10,14.10,0.000,84.0,45.0,1,0,0,0,0,0,0,NONE,,RPM:486bd1410c32c8cb TPS:486bd141110be1 ADV:486bd1410edfb2 MIL:486bd1410100000000c6
1789379422.0819,266.546,3314.0,145.7,9.02,10.71,16.00,2.40,13.3,48.5,3.10,14.10,0.000,84.0,45.0,1,0,0,0,0,0,0,NONE,,RPM:486bd1410c33c8cc TPS:486bd1411117ed ADV:486bd1410ea073 MIL:486bd1410100000000c6
1789379422.3564,266.820,3364.0,182.1,16.08,25.71,13.00,2.40,13.3,52.6,3.10,14.10,0.000,84.0,45.0,1,0,0,0,0,0,0,NONE,,RPM:486bd1410c349095 TPS:486bd1411129ff ADV:486bd1410e9a6d MIL:486bd1410100000000c6
1789379422.6274,267.091,3579.0,793.2,25.49,34.72,16.50,2.40,13.3,58.1,3.10,14.10,0.000,84.0,45.0,1,0,0,0,0,0,0,NONE,,RPM:486bd1410c37ecf4 TPS:486bd141114117 ADV:486bd1410ea174 MIL:486bd1410100000000c6
1789379422.9309,267.395,3837.0,850.1,36.08,34.89,15.50,2.40,13.3,64.2,3.10,14.10,0.000,84.0,45.0,1,0,0,0,0,0,0,NONE,,RPM:486bd1410c3bf400 TPS:486bd141115c32 ADV:486bd1410e9f72 MIL:486bd1410100000000c6
1789379423.3975,267.861,4402.0,1210.9,45.49,20.17,18.00,2.40,13.3,69.7,3.10,14.10,0.000,84.0,45.0,1,0,0,0,0,0,0,NONE,,RPM:486bd1410c44c8dd TPS:486bd14111744a ADV:486bd1410ea477 MIL:486bd1410100000000c6
1789379423.6663,268.130,4712.0,1153.4,51.37,21.89,23.50,2.40,13.3,73.1,3.10,14.10,0.000,84.0,45.0,1,0,0,0,0,0,0,NONE,,RPM:486bd1410c49a0ba TPS:486bd141118359 ADV:486bd1410eaf82 MIL:486bd1410100000000c6
1789379424.1700,268.634,5266.0,1100.0,52.16,1.56,28.00,2.40,13.3,73.6,3.10,14.10,0.000,84.0,45.0,1,0,0,0,0,0,0,NONE,,RPM:486bd1410c52486b TPS:486bd14111855b ADV:486bd1410eb88b MIL:486bd1410100000000c6
1789379424.4659,268.930,5597.0,1118.4,52.55,1.32,28.50,2.40,13.3,73.8,3.15,14.10,0.000,82.0,45.0,1,0,0,0,0,0,0,NONE,,RPM:486bd1410c57749c TPS:486bd14111865c ADV:486bd1410eb98c MIL:486bd1410100000000c6
1789379424.7664,269.230,5776.0,595.7,3.53,-163.13,60.00,2.40,13.3,45.3,3.15,14.10,0.000,82.0,45.0,1,0,0,0,0,0,0,NONE,,RPM:486bd1410c5a406b TPS:486bd1411109df ADV:486bd1410ef8cb MIL:486bd1410100000000c6
1789379425.0726,269.536,5636.0,-457.3,3.53,0.00,60.00,2.40,9.0,45.3,2.76,14.10,0.000,82.0,45.0,1,0,0,0,0,0,0,NONE,,RPM:486bd1410c581039 TPS:486bd1411109df ADV:486bd1410ef8cb MIL:486bd1410100000000c6
1789379425.3450,269.809,5527.0,-400.2,3.53,0.00,60.00,2.40,9.0,45.3,2.76,14.10,0.000,82.0,45.0,1,0,0,0,0,0,0,NONE,,RPM:486bd1410c565c83 TPS:486bd1411109df ADV:486bd1410ef8cb MIL:486bd1410100000000c6
1789379425.6165,270.080,5398.0,-475.0,3.53,0.00,60.00,2.40,9.0,45.3,2.76,14.10,0.000,82.0,45.0,1,0,0,0,0,0,0,NONE,,RPM:486bd1410c54587d TPS:486bd1411109df ADV:486bd1410ef8cb MIL:486bd1410100000000c6
1789379426.0649,270.529,5130.0,-597.8,3.53,0.00,60.00,2.40,9.0,45.3,2.76,14.10,0.000,82.0,45.0,1,0,0,0,0,0,0,NONE,,RPM:486bd1410c502849 TPS:486bd1411109df ADV:486bd1410ef8cb MIL:486bd1410100000000c6
1789379426.3369,270.801,4990.0,-514.7,3.53,0.00,60.00,2.40,9.0,45.3,2.76,14.10,0.000,82.0,45.0,1,0,0,0,0,0,0,NONE,,RPM:486bd1410c4df816 TPS:486bd1411109df ADV:486bd1410ef8cb MIL:486bd1410100000000c6
1789379426.6065,271.070,4868.0,-452.5,3.53,0.00,60.00,2.40,9.0,45.3,2.76,14.10,0.000,82.0,45.0,1,0,0,0,0,0,0,NONE,,RPM:486bd1410c4c102d TPS:486bd1411109df ADV:486bd1410ef8cb MIL:486bd1410100000000c6
1789379426.8785,271.342,4738.0,-477.9,3.53,0.00,60.00,2.40,9.0,45.3,2.76,14.10,0.000,82.0,45.0,1,0,0,0,0,0,0,NONE,,RPM:486bd1410c4a0823 TPS:486bd1411109df ADV:486bd1410ef8cb MIL:486bd1410100000000c6
1789379427.3447,271.809,4542.0,-420.4,3.53,0.00,60.00,2.40,9.0,45.3,2.76,14.10,0.000,82.0,45.0,1,0,0,0,0,0,0,NONE,,RPM:486bd1410c46f80f TPS:486bd1411109df ADV:486bd1410ef8cb MIL:486bd1410100000000c6
1789379427.6146,272.078,4471.0,-263.0,3.53,0.00,60.00,2.40,9.0,45.3,2.76,14.10,0.000,82.0,45.0,1,0,0,0,0,0,0,NONE,,RPM:486bd1410c45dcf2 TPS:486bd1411109df ADV:486bd1410ef8cb MIL:486bd1410100000000c6
1789379428.0908,272.555,4259.0,-445.2,3.53,0.00,60.00,2.40,9.0,45.3,2.76,14.10,0.000,82.0,45.0,1,0,0,0,0,0,0,NONE,,RPM:486bd1410c428c9f TPS:486bd1411109df ADV:486bd1410ef8cb MIL:486bd1410100000000c6
1789379428.3961,272.860,4193.0,-216.2,3.53,0.00,60.00,2.40,9.0,45.3,2.79,14.10,0.000,81.0,45.0,1,0,0,0,0,0,0,NONE,,RPM:486bd1410c418496 TPS:486bd1411109df ADV:486bd1410ef8cb MIL:486bd1410100000000c6
1789379428.6706,273.134,4140.0,-193.1,3.53,0.00,60.00,2.40,9.0,45.3,2.79,14.10,0.000,81.0,45.0,1,0,0,0,0,0,0,NONE,,RPM:486bd1410c40b0c1 TPS:486bd1411109df ADV:486bd1410ef8cb MIL:486bd1410100000000c6
1789379428.9902,273.454,4031.0,-341.0,3.53,0.00,60.00,2.40,11.0,45.3,2.96,14.10,0.000,81.0,45.0,1,0,0,0,0,0,0,NONE,,RPM:486bd1410c3efc0b TPS:486bd1411109df ADV:486bd1410ef8cb MIL:486bd1410100000000c6
1789379429.2709,273.735,3965.0,-235.1,4.31,2.79,59.00,2.40,11.0,45.8,2.96,14.10,0.000,81.0,45.0,1,0,0,0,0,0,0,NONE,,RPM:486bd1410c3df402 TPS:486bd141110be1 ADV:486bd1410ef6c9 MIL:486bd1410100000000c6
1789379429.5855,274.049,3903.0,-197.1,6.67,7.48,35.50,2.40,11.0,47.2,2.96,14.10,0.000,81.0,45.0,1,0,0,0,0,0,0,NONE,,RPM:486bd1410c3cfc09 TPS:486bd1411111e7 ADV:486bd1410ec79a MIL:486bd1410100000000c6
1789379430.0159,274.480,3894.0,-20.9,7.45,1.82,28.00,2.40,11.0,47.6,2.96,14.10,0.000,81.0,45.0,1,0,0,0,0,0,0,NONE,,RPM:486bd1410c3cd8e5 TPS:486bd1411113e9 ADV:486bd1410eb88b MIL:486bd1410100000000c6
1789379430.3450,274.809,3862.0,-97.2,9.41,5.96,21.50,2.40,11.0,48.8,2.96,14.10,0.000,81.0,45.0,1,0,0,0,0,0,0,NONE,,RPM:486bd1410c3c5865 TPS:486bd1411118ee ADV:486bd1410eab7e MIL:486bd1410100000000c6
1789379430.6382,275.102,3917.0,187.6,13.73,14.71,27.50,2.40,11.0,51.3,2.96,14.10,0.000,81.0,45.0,1,0,0,0,0,0,0,NONE,,RPM:486bd1410c3d3442 TPS:486bd1411123f9 ADV:486bd1410eb78a MIL:486bd1410100000000c6
1789379430.9082,275.372,4082.0,611.2,19.22,20.34,28.00,2.40,11.0,54.4,2.96,14.10,0.000,81.0,45.0,1,0,0,0,0,0,0,NONE,,RPM:486bd1410c3fc8d8 TPS:486bd141113107 ADV:486bd1410eb88b MIL:486bd1410100000000c6
1789379431.3461,275.810,4405.0,737.5,25.88,15.22,21.50,2.40,11.0,58.3,2.96,14.10,0.000,81.0,45.0,1,0,0,0,0,0,0,NONE,,RPM:486bd1410c44d4e9 TPS:486bd141114218 ADV:486bd1410eab7e MIL:486bd1410100000000c6
1789379431.6265,276.090,4633.0,813.2,34.90,32.17,21.50,2.40,11.0,63.5,2.96,14.10,0.000,81.0,45.0,1,0,0,0,0,0,0,NONE,,RPM:486bd1410c48647d TPS:486bd14111592f ADV:486bd1410eab7e MIL:486bd1410100000000c6
1789379432.0973,276.561,4975.0,726.4,43.92,19.16,26.00,2.40,11.0,68.8,2.96,14.10,0.000,81.0,45.0,1,0,0,0,0,0,0,NONE,,RPM:486bd1410c4dbcda TPS:486bd141117046 ADV:486bd1410eb487 MIL:486bd1410100000000c6
1789379432.3653,276.829,5201.0,843.3,47.06,11.71,29.00,2.40,11.0,70.6,2.96,14.10,0.000,81.0,45.0,1,0,0,0,0,0,0,NONE,,RPM:486bd1410c514466 TPS:486bd14111784e ADV:486bd1410eba8d MIL:486bd1410100000000c6
1789379432.6333,277.097,5384.0,683.0,3.53,-162.46,60.00,2.40,11.0,45.3,2.96,14.10,0.000,81.0,45.0,1,0,0,0,0,0,0,NONE,,RPM:486bd1410c542045 TPS:486bd1411109df ADV:486bd1410ef8cb MIL:486bd1410100000000c6
1789379432.9536,277.417,5144.0,-749.1,3.53,0.00,60.00,2.40,9.0,45.3,2.79,14.10,0.000,81.0,45.0,1,0,0,0,0,0,0,NONE,,RPM:486bd1410c506081 TPS:486bd1411109df ADV:486bd1410ef8cb MIL:486bd1410100000000c6
1789379433.2330,277.697,5015.0,-461.8,3.53,0.00,60.00,2.40,9.0,45.3,2.79,14.10,0.000,81.0,45.0,1,0,0,0,0,0,0,NONE,,RPM:486bd1410c4e5c7b TPS:486bd1411109df ADV:486bd1410ef8cb MIL:486bd1410100000000c6
1789379433.5443,278.008,4762.0,-812.5,3.53,0.00,60.00,2.40,9.0,45.3,2.79,14.10,0.000,81.0,45.0,1,0,0,0,0,0,0,NONE,,RPM:486bd1410c4a6883 TPS:486bd1411109df ADV:486bd1410ef8cb MIL:486bd1410100000000c6
1789379434.0569,278.521,4341.0,-821.4,3.53,0.00,60.00,2.40,9.0,45.3,2.79,14.10,0.000,81.0,45.0,1,0,0,0,0,0,0,NONE,,RPM:486bd1410c43d4e8 TPS:486bd1411109df ADV:486bd1410ef8cb MIL:486bd1410100000000c6
1789379434.3269,278.791,4180.0,-596.3,3.53,0.00,60.00,2.40,9.0,45.3,2.79,14.10,0.000,81.0,45.0,1,0,0,0,0,0,0,NONE,,RPM:486bd1410c415062 TPS:486bd1411109df ADV:486bd1410ef8cb MIL:486bd1410100000000c6
1789379434.5993,279.063,4027.0,-561.8,3.53,0.00,59.00,2.40,9.0,45.3,2.79,14.10,0.000,81.0,45.0,1,0,0,0,0,0,0,NONE,,RPM:486bd1410c3eecfb TPS:486bd1411109df ADV:486bd1410ef6c9 MIL:486bd1410100000000c6
1789379434.9195,279.383,3856.0,-534.0,3.53,0.00,57.50,2.40,9.0,45.3,2.79,14.10,0.000,81.0,45.0,1,0,0,0,0,0,0,NONE,,RPM:486bd1410c3c404d TPS:486bd1411109df ADV:486bd1410ef3c6 MIL:486bd1410100000000c6
1789379435.3697,279.834,3627.0,-508.6,3.53,0.00,55.50,2.40,9.0,45.3,2.79,14.10,0.000,81.0,45.0,1,0,0,0,0,0,0,NONE,,RPM:486bd1410c38acb5 TPS:486bd1411109df ADV:486bd1410eefc2 MIL:486bd1410100000000c6
1789379435.6379,280.102,3484.0,-533.2,3.53,0.00,54.00,2.40,9.0,45.3,2.79,14.10,0.000,81.0,45.0,1,0,0,0,0,0,0,NONE,,RPM:486bd1410c367077 TPS:486bd1411109df ADV:486bd1410eecbf MIL:486bd1410100000000c6
1789379436.1194,280.583,3280.0,-423.7,3.53,0.00,51.00,2.40,9.0,45.3,2.79,14.10,0.000,81.0,45.0,1,0,0,0,0,0,0,NONE,,RPM:486bd1410c334044 TPS:486bd1411109df ADV:486bd1410ee6b9 MIL:486bd1410100000000c6
1789379436.4058,280.870,3181.0,-345.7,3.53,0.00,49.00,2.40,9.0,45.3,2.81,14.10,0.000,80.0,45.0,1,0,0,0,0,0,0,NONE,,RPM:486bd1410c31b4b6 TPS:486bd1411109df ADV:486bd1410ee2b5 MIL:486bd1410100000000c6
1789379436.6937,281.158,3099.0,-284.8,3.53,0.00,47.50,2.40,9.0,45.3,2.81,14.10,0.000,80.0,45.0,1,0,0,0,0,0,0,NONE,,RPM:486bd1410c306c6d TPS:486bd1411109df ADV:486bd1410edfb2 MIL:486bd1410100000000c6
1789379436.9808,281.445,3023.0,-264.8,3.53,0.00,45.50,2.40,14.1,45.3,3.27,14.10,0.000,80.0,45.0,1,0,0,0,0,0,0,NONE,,RPM:486bd1410c2f3c3c TPS:486bd1411109df ADV:486bd1410edbae MIL:486bd1410100000000c6
1789379437.2647,281.729,2954.0,-243.0,3.53,0.00,43.00,2.40,14.1,45.3,3.27,14.10,0.000,80.0,45.0,1,0,0,0,0,0,0,NONE,,RPM:486bd1410c2e2827 TPS:486bd1411109df ADV:486bd1410ed6a9 MIL:486bd1410100000000c6
1789379437.5998,282.064,2874.0,-238.8,3.53,0.00,39.00,2.40,14.1,45.3,3.27,14.10,0.000,80.0,45.0,1,0,0,0,0,0,0,NONE,,RPM:486bd1410c2ce8e5 TPS:486bd1411109df ADV:486bd1410ecea1 MIL:486bd1410100000000c6
1789379438.0325,282.496,2799.0,-173.3,3.53,0.00,35.00,2.40,14.1,45.3,3.27,14.10,0.000,80.0,45.0,1,0,0,0,0,0,0,NONE,,RPM:486bd1410c2bbcb8 TPS:486bd1411109df ADV:486bd1410ec699 MIL:486bd1410100000000c6
1789379438.3076,282.771,2730.0,-250.9,3.92,1.43,34.00,2.40,14.1,45.6,3.27,14.10,0.000,80.0,45.0,1,0,0,0,0,0,0,NONE,,RPM:486bd1410c2aa8a3 TPS:486bd141110ae0 ADV:486bd1410ec497 MIL:486bd1410100000000c6
1789379438.6106,283.074,2697.0,-108.9,3.92,0.00,33.00,2.40,14.1,45.6,3.27,14.10,0.000,80.0,45.0,1,0,0,0,0,0,0,NONE,,RPM:486bd1410c2a241f TPS:486bd141110ae0 ADV:486bd1410ec295 MIL:486bd1410100000000c6
1789379438.8884,283.352,2661.0,-129.6,4.31,1.41,31.50,2.40,14.1,45.8,3.27,14.10,0.000,80.0,45.0,1,0,0,0,0,0,0,NONE,,RPM:486bd1410c29948e TPS:486bd141110be1 ADV:486bd1410ebf92 MIL:486bd1410100000000c6
1789379439.3480,283.812,2703.0,91.4,6.27,4.27,28.50,2.40,14.1,46.9,3.27,14.10,0.000,80.0,45.0,1,0,0,0,0,0,0,NONE,,RPM:486bd1410c2a3c37 TPS:486bd1411110e6 ADV:486bd1410eb98c MIL:486bd1410100000000c6
1789379439.6507,284.115,2657.0,-152.0,6.27,0.00,26.50,2.40,14.1,46.9,3.27,14.10,0.000,80.0,45.0,1,0,0,0,0,0,0,NONE,,RPM:486bd1410c29847e TPS:486bd1411110e6 ADV:486bd1410eb588 MIL:486bd1410100000000c6
1789379440.1148,284.579,2679.0,47.4,6.67,0.84,23.50,2.40,14.1,47.2,3.27,14.10,0.000,80.0,45.0,1,0,0,0,0,0,0,NONE,,RPM:486bd1410c29dcd6 TPS:486bd1411111e7 ADV:486bd1410eaf82 MIL:486bd1410100000000c6
1789379440.3865,284.850,2703.0,88.4,6.67,0.00,25.00,2.40,14.1,47.2,3.27,14.10,0.000,80.0,45.0,1,0,0,0,0,0,0,NONE,,RPM:486bd1410c2a3c37 TPS:486bd1411111e7 ADV:486bd1410eb285 MIL:486bd1410100000000c6
1789379440.6889,285.153,2751.0,158.7,7.06,1.30,25.00,2.40,14.1,47.4,3.27,14.10,0.000,80.0,45.0,1,0,0,0,0,0,0,NONE,,RPM:486bd1410c2afcf7 TPS:486bd1411112e8 ADV:486bd1410eb285 MIL:486bd1410100000000c6
1789379440.9775,285.441,2771.0,69.3,7.06,0.00,26.50,2.40,25.1,47.4,4.26,14.10,0.000,80.0,45.0,1,0,0,0,0,0,0,NONE,,RPM:486bd1410c2b4c48 TPS:486bd1411112e8 ADV:486bd1410eb588 MIL:486bd1410100000000c6
1789379441.2497,285.714,2806.0,128.6,7.06,0.00,28.00,2.40,25.1,47.4,4.26,14.10,0.000,80.0,45.0,1,0,0,0,0,0,0,NONE,,RPM:486bd1410c2bd8d4 TPS:486bd1411112e8 ADV:486bd1410eb88b MIL:486bd1410100000000c6
1789379441.5202,285.984,2845.0,144.2,6.67,-1.45,31.00,2.40,25.1,47.2,4.26,14.10,0.000,80.0,45.0,1,0,0,0,0,0,0,NONE,,RPM:486bd1410c2c7471 TPS:486bd1411111e7 ADV:486bd1410ebe91 MIL:486bd1410100000000c6
1789379441.9845,286.448,2896.0,109.9,6.67,0.00,33.00,2.40,25.1,47.2,4.26,14.10,0.000,80.0,45.0,1,0,0,0,0,0,0,NONE,,RPM:486bd1410c2d403e TPS:486bd1411111e7 ADV:486bd1410ec295 MIL:486bd1410100000000c6
1789379442.2549,286.719,2931.0,129.4,6.67,0.00,33.00,2.40,25.1,47.2,4.26,14.10,0.000,80.0,45.0,1,0,0,0,0,0,0,NONE,,RPM:486bd1410c2dccca TPS:486bd1411111e7 ADV:486bd1410ec295 MIL:486bd1410100000000c6
1789379442.5760,287.040,2962.0,96.6,6.67,0.00,35.00,2.40,25.1,47.2,4.26,14.10,0.000,80.0,45.0,1,0,0,0,0,0,0,NONE,,RPM:486bd1410c2e4847 TPS:486bd1411111e7 ADV:486bd1410ec699 MIL:486bd1410100000000c6
1789379442.8626,287.326,2988.0,90.7,6.67,0.00,35.00,2.40,25.1,47.2,4.26,14.10,0.000,80.0,45.0,1,0,0,0,0,0,0,NONE,,RPM:486bd1410c2eb0af TPS:486bd1411111e7 ADV:486bd1410ec699 MIL:486bd1410100000000c6
1789379443.3065,287.770,3037.0,110.4,6.67,0.00,35.50,2.40,25.1,47.2,4.26,14.10,0.000,80.0,45.0,1,0,0,0,0,0,0,NONE,,RPM:486bd1410c2f7474 TPS:486bd1411111e7 ADV:486bd1410ec79a MIL:486bd1410100000000c6
1789379443.6159,288.080,3065.0,90.5,7.45,2.54,22.50,2.40,25.1,47.6,4.26,14.10,0.000,80.0,45.0,1,0,0,0,0,0,0,NONE,,RPM:486bd1410c2fe4e4 TPS:486bd1411113e9 ADV:486bd1410ead80 MIL:486bd1410100000000c6
1789379444.0900,288.554,3274.0,440.8,21.57,29.78,15.50,2.40,25.1,55.8,4.26,14.10,0.000,80.0,45.0,1,0,0,0,0,0,0,NONE,,RPM:486bd1410c33282c TPS:486bd14111370d ADV:486bd1410e9f72 MIL:486bd1410100000000c6
1789379444.3657,288.830,3453.0,649.1,32.16,38.39,13.00,2.40,25.1,62.0,4.28,14.10,0.000,79.0,45.0,1,0,0,0,0,0,0,NONE,,RPM:486bd1410c35f4fa TPS:486bd141115228 ADV:486bd1410e9a6d MIL:486bd1410100000000c6
1789379444.6698,289.134,3772.0,1049.2,38.82,21.93,13.50,2.40,25.1,65.8,4.28,14.10,0.000,79.0,45.0,1,0,0,0,0,0,0,NONE,,RPM:486bd1410c3af0fb TPS:486bd141116339 ADV:486bd1410e9b6e MIL:486bd1410100000000c6
1789379444.9885,289.452,4116.0,1079.4,42.75,12.31,15.50,2.40,76.1,68.1,8.87,14.10,0.000,79.0,45.0,1,0,0,0,0,0,0,NONE,,RPM:486bd1410c405061 TPS:486bd141116d43 ADV:486bd1410e9f72 MIL:486bd1410100000000c6
1789379445.2604,289.724,4403.0,1055.6,46.67,14.42,18.00,2.40,76.1,70.4,8.87,14.10,0.000,79.0,45.0,1,0,0,0,0,0,0,NONE,,RPM:486bd1410c44cce1 TPS:486bd14111774d ADV:486bd1410ea477 MIL:486bd1410100000000c6
1789379445.5321,289.996,4712.0,1136.9,43.14,-12.99,23.00,2.40,76.1,68.3,8.87,14.10,0.000,79.0,45.0,1,0,0,0,0,0,0,NONE,,RPM:486bd1410c49a0ba TPS:486bd141116e44 ADV:486bd1410eae81 MIL:486bd1410100000000c6
1789379446.0319,290.496,4709.0,-6.0,3.53,-79.26,60.00,2.40,76.1,45.3,8.87,14.10,0.000,79.0,45.0,1,0,0,0,0,0,0,NONE,,RPM:486bd1410c4994ae TPS:486bd1411109df ADV:486bd1410ef8cb MIL:486bd1410100000000c6
1789379446.3641,290.828,4584.0,-376.3,3.53,0.00,60.00,2.40,76.1,45.3,8.87,14.10,0.000,79.0,44.0,1,0,0,0,0,0,0,NONE,,RPM:486bd1410c47a0b8 TPS:486bd1411109df ADV:486bd1410ef8cb MIL:486bd1410100000000c6
1789379446.6378,291.102,4524.0,-219.2,3.53,0.00,60.00,2.40,76.1,45.3,8.87,14.10,0.000,79.0,44.0,1,0,0,0,0,0,0,NONE,,RPM:486bd1410c46b0c7 TPS:486bd1411109df ADV:486bd1410ef8cb MIL:486bd1410100000000c6
1789379446.9203,291.384,4437.0,-307.9,3.53,0.00,60.00,2.40,76.1,45.3,8.87,14.10,0.000,79.0,44.0,1,0,0,0,0,0,0,NONE,,RPM:486bd1410c45546a TPS:486bd1411109df ADV:486bd1410ef8cb MIL:486bd1410100000000c6
1789379447.3595,291.823,4286.0,-343.8,3.53,0.00,60.00,2.40,76.1,45.3,8.87,14.10,0.000,79.0,44.0,1,0,0,0,0,0,0,NONE,,RPM:486bd1410c42f80b TPS:486bd1411109df ADV:486bd1410ef8cb MIL:486bd1410100000000c6
1789379447.6264,292.090,4203.0,-311.0,3.53,0.00,60.00,2.40,76.1,45.3,8.87,14.10,0.000,79.0,44.0,1,0,0,0,0,0,0,NONE,,RPM:486bd1410c41acbe TPS:486bd1411109df ADV:486bd1410ef8cb MIL:486bd1410100000000c6
1789379448.0808,292.545,4035.0,-369.7,3.53,0.00,60.00,2.40,76.1,45.3,8.87,14.10,0.000,79.0,44.0,1,0,0,0,0,0,0,NONE,,RPM:486bd1410c3f0c1c TPS:486bd1411109df ADV:486bd1410ef8cb MIL:486bd1410100000000c6
1789379448.3469,292.811,3960.0,-281.8,3.53,0.00,58.50,2.40,76.1,45.3,8.90,14.10,0.000,78.0,44.0,1,0,0,0,0,0,0,NONE,,RPM:486bd1410c3de0ee TPS:486bd1411109df ADV:486bd1410ef5c8 MIL:486bd1410100000000c6
1789379448.6177,293.082,3853.0,-395.1,3.53,0.00,58.00,2.40,76.1,45.3,8.90,14.10,0.000,78.0,44.0,1,0,0,0,0,0,0,NONE,,RPM:486bd1410c3c3441 TPS:486bd1411109df ADV:486bd1410ef4c7 MIL:486bd1410100000000c6
1789379448.9166,293.381,3746.0,-357.9,3.53,0.00,57.50,2.40,11.8,45.3,3.11,14.10,0.000,78.0,44.0,1,0,0,0,0,0,0,NONE,,RPM:486bd1410c3a8893 TPS:486bd1411109df ADV:486bd1410ef3c6 MIL:486bd1410100000000c6
1789379449.2396,293.704,3675.0,-219.8,3.53,0.00,56.00,2.40,11.8,45.3,3.11,14.10,0.000,78.0,44.0,1,0,0,0,0,0,0,NONE,,RPM:486bd1410c396c76 TPS:486bd1411109df ADV:486bd1410ef0c3 MIL:486bd1410100000000c6
1789379449.5120,293.976,3616.0,-216.6,3.53,0.00,55.50,2.40,11.8,45.3,3.11,14.10,0.000,78.0,44.0,1,0,0,0,0,0,0,NONE,,RPM:486bd1410c388089 TPS:486bd1411109df ADV:486bd1410eefc2 MIL:486bd1410100000000c6
1789379449.9375,294.401,3528.0,-206.8,3.53,0.00,55.00,2.40,11.8,45.3,3.11,14.10,0.000,78.0,44.0,1,0,0,0,0,0,0,NONE,,RPM:486bd1410c372028 TPS:486bd1411109df ADV:486bd1410eeec1 MIL:486bd1410100000000c6
1789379450.2636,294.727,3454.0,-227.0,3.53,0.00,54.00,2.40,11.8,45.3,3.11,14.10,0.000,78.0,45.0,1,0,0,0,0,0,0,NONE,,RPM:486bd1410c35f8fe TPS:486bd1411109df ADV:486bd1410eecbf MIL:486bd1410100000000c6
1789379450.5476,295.011,3410.0,-154.9,3.92,1.38,52.50,2.40,11.8,45.6,3.11,14.10,0.000,78.0,45.0,1,0,0,0,0,0,0,NONE,,RPM:486bd1410c35484e TPS:486bd141110ae0 ADV:486bd1410ee9bc MIL:486bd1410100000000c6
1789379450.8549,295.319,3386.0,-78.1,6.27,7.66,28.50,2.40,11.8,46.9,3.11,14.10,0.000,78.0,45.0,1,0,0,0,0,0,0,NONE,,RPM:486bd1410c34e8ed TPS:486bd1411110e6 ADV:486bd1410eb98c MIL:486bd1410100000000c6
1789379451.3769,295.841,3412.0,49.8,7.84,3.00,23.00,2.40,11.8,47.8,3.11,14.10,0.000,78.0,45.0,1,0,0,0,0,0,0,NONE,,RPM:486bd1410c355056 TPS:486bd1411114ea ADV:486bd1410eae81 MIL:486bd1410100000000c6
1789379451.7036,296.167,3439.0,82.6,8.63,2.40,23.00,2.40,11.8,48.3,3.11,14.10,0.000,78.0,45.0,1,0,0,0,0,0,0,NONE,,RPM:486bd1410c35bcc2 TPS:486bd1411116ec ADV:486bd1410eae81 MIL:486bd1410100000000c6
1789379452.1723,296.636,3521.0,174.9,8.63,0.00,28.00,2.40,11.8,48.3,3.11,14.10,0.000,78.0,45.0,1,0,0,0,0,0,0,NONE,,RPM:486bd1410c37040c TPS:486bd1411116ec ADV:486bd1410eb88b MIL:486bd1410100000000c6
1789379452.4703,296.934,3580.0,198.0,5.88,-9.21,60.00,2.40,11.8,46.7,3.11,14.10,0.000,78.0,45.0,1,0,0,0,0,0,0,NONE,,RPM:486bd1410c37f0f8 TPS:486bd141110fe5 ADV:486bd1410ef8cb MIL:486bd1410100000000c6
1789379452.7546,297.218,3513.0,-235.7,3.53,-8.28,60.00,2.40,11.8,45.3,3.11,14.10,0.000,78.0,45.0,1,0,0,0,0,0,0,NONE,,RPM:486bd1410c36e4eb TPS:486bd1411109df ADV:486bd1410ef8cb MIL:486bd1410100000000c6
1789379453.0505,297.514,3478.0,-118.3,3.53,0.00,60.00,2.40,12.9,45.3,3.22,14.10,0.000,78.0,45.0,1,0,0,0,0,0,0,NONE,,RPM:486bd1410c36585f TPS:486bd1411109df ADV:486bd1410ef8cb MIL:486bd1410100000000c6
1789379453.3161,297.780,3426.0,-195.8,3.53,0.00,59.00,2.40,12.9,45.3,3.22,14.10,0.000,78.0,45.0,1,0,0,0,0,0,0,NONE,,RPM:486bd1410c35888e TPS:486bd1411109df ADV:486bd1410ef6c9 MIL:486bd1410100000000c6
1789379453.6217,298.086,3357.0,-225.8,3.53,0.00,55.00,2.40,12.9,45.3,3.22,14.10,0.000,78.0,45.0,1,0,0,0,0,0,0,NONE,,RPM:486bd1410c347479 TPS:486bd1411109df ADV:486bd1410eeec1 MIL:486bd1410100000000c6
1789379454.0782,298.542,3270.0,-190.5,3.53,0.00,50.50,2.40,12.9,45.3,3.22,14.10,0.000,78.0,45.0,1,0,0,0,0,0,0,NONE,,RPM:486bd1410c33181c TPS:486bd1411109df ADV:486bd1410ee5b8 MIL:486bd1410100000000c6
1789379454.3549,298.819,3228.0,-151.8,3.53,0.00,50.50,2.40,12.9,45.3,3.22,14.10,0.000,78.0,45.0,1,0,0,0,0,0,0,NONE,,RPM:486bd1410c327073 TPS:486bd1411109df ADV:486bd1410ee5b8 MIL:486bd1410100000000c6
1789379454.6441,299.108,3170.0,-200.6,3.53,0.00,49.00,2.40,12.9,45.3,3.22,14.10,0.000,78.0,45.0,1,0,0,0,0,0,0,NONE,,RPM:486bd1410c31888a TPS:486bd1411109df ADV:486bd1410ee2b5 MIL:486bd1410100000000c6
1789379454.9310,299.395,3114.0,-195.2,3.53,0.00,48.00,2.40,12.9,45.3,3.22,14.10,0.000,78.0,45.0,1,0,0,0,0,0,0,NONE,,RPM:486bd1410c30a8a9 TPS:486bd1411109df ADV:486bd1410ee0b3 MIL:486bd1410100000000c6
1789379455.4069,299.871,2997.0,-245.9,3.53,0.00,46.00,2.40,12.9,45.3,3.22,14.10,0.000,78.0,45.0,1,0,0,0,0,0,0,NONE,,RPM:486bd1410c2ed4d3 TPS:486bd1411109df ADV:486bd1410edcaf MIL:486bd1410100000000c6
1789379455.6825,300.146,2955.0,-152.4,3.53,0.00,42.50,2.40,12.9,45.3,3.22,14.10,0.000,78.0,45.0,1,0,0,0,0,0,0,NONE,,RPM:486bd1410c2e2c2b TPS:486bd1411109df ADV:486bd1410ed5a8 MIL:486bd1410100000000c6
1789379456.1863,300.650,2833.0,-242.1,3.53,0.00,38.00,2.40,12.9,45.3,3.22,14.10,0.000,78.0,45.0,1,0,0,0,0,0,0,NONE,,RPM:486bd1410c2c4441 TPS:486bd1411109df ADV:486bd1410ecc9f MIL:486bd1410100000000c6
1789379456.4655,300.929,2774.0,-211.4,3.53,0.00,34.00,2.40,12.9,45.3,3.24,14.10,0.000,77.0,45.0,1,0,0,0,0,0,0,NONE,,RPM:486bd1410c2b5854 TPS:486bd1411109df ADV:486bd1410ec497 MIL:486bd1410100000000c6
1789379456.7981,301.262,2695.0,-237.5,3.53,0.00,31.00,2.40,12.9,45.3,3.24,14.10,0.000,77.0,45.0,1,0,0,0,0,0,0,NONE,,RPM:486bd1410c2a1c17 TPS:486bd1411109df ADV:486bd1410ebe91 MIL:486bd1410100000000c6
1789379457.1082,301.572,2612.0,-267.6,3.53,0.00,26.50,2.40,14.1,45.3,3.35,14.10,0.000,77.0,45.0,1,0,0,0,0,0,0,NONE,,RPM:486bd1410c28d0c9 TPS:486bd1411109df ADV:486bd1410eb588 MIL:486bd1410100000000c6
1789379457.3759,301.840,2550.0,-231.6,3.53,0.00,25.00,2.40,14.1,45.3,3.35,14.10,0.000,77.0,45.0,1,0,0,0,0,0,0,NONE,,RPM:486bd1410c27d8d0 TPS:486bd1411109df ADV:486bd1410eb285 MIL:486bd1410100000000c6
1789379457.6485,302.112,2525.0,-91.7,3.53,0.00,23.50,2.40,14.1,45.3,3.35,14.10,0.000,77.0,45.0,1,0,0,0,0,0,0,NONE,,RPM:486bd1410c27746c TPS:486bd1411109df ADV:486bd1410eaf82 MIL:486bd1410100000000c6
1789379458.1405,302.604,1525.0,-2032.5,3.14,-0.80,10.00,2.40,14.1,45.1,3.35,14.10,0.000,77.0,45.0,1,0,0,0,0,0,0,NONE,,RPM:486bd1410c17d4bc TPS:486bd1411108de ADV:486bd1410e9467 MIL:486bd1410100000000c6
1789379458.4153,302.879,1694.0,615.0,3.53,1.43,8.00,2.40,14.1,45.3,3.35,14.10,0.000,77.0,45.0,1,0,0,0,0,0,0,NONE,,RPM:486bd1410c1a7863 TPS:486bd1411109df ADV:486bd1410e9063 MIL:486bd1410100000000c6
1789379458.7359,303.200,2652.0,2988.4,3.53,0.00,8.00,2.40,14.1,45.3,3.35,14.10,0.000,77.0,45.0,1,0,0,0,0,0,0,NONE,,RPM:486bd1410c29706a TPS:486bd1411109df ADV:486bd1410e9063 MIL:486bd1410100000000c6
1789379459.0069,303.471,2539.0,-417.0,3.14,-1.45,8.00,2.40,14.1,45.1,3.35,14.10,0.000,77.0,45.0,1,0,0,0,0,0,0,NONE,,RPM:486bd1410c27aca4 TPS:486bd1411108de ADV:486bd1410e9063 MIL:486bd1410100000000c6
1789379459.4835,303.947,2360.0,-375.5,3.53,0.82,8.00,2.40,14.1,45.3,3.35,14.10,0.000,77.0,45.0,1,0,0,0,0,0,0,NONE,,RPM:486bd1410c24e0d5 TPS:486bd1411109df ADV:486bd1410e9063 MIL:486bd1410100000000c6
1789379459.7591,304.223,2202.0,-573.3,3.53,0.00,8.00,2.40,14.1,45.3,3.35,14.10,0.000,77.0,45.0,1,0,0,0,0,0,0,NONE,,RPM:486bd1410c22685b TPS:486bd1411109df ADV:486bd1410e9063 MIL:486bd1410100000000c6
1789379460.2217,304.686,1062.0,-2464.2,3.14,-0.85,18.00,2.40,14.1,45.1,3.35,14.10,0.000,77.0,45.0,1,0,0,0,0,0,0,NONE,,RPM:486bd1410c109879 TPS:486bd1411108de ADV:486bd1410ea477 MIL:486bd1410100000000c6
1789379460.4930,304.957,1362.0,1105.8,3.53,1.45,10.50,2.40,14.1,45.3,3.35,14.10,0.000,77.0,45.0,1,0,0,0,0,0,0,NONE,,RPM:486bd1410c15482e TPS:486bd1411109df ADV:486bd1410e9568 MIL:486bd1410100000000c6
1789379460.8051,305.269,1061.0,-964.6,3.14,-1.26,12.50,2.40,14.1,45.1,3.35,14.10,0.000,77.0,45.0,1,0,0,0,0,0,0,NONE,,RPM:486bd1410c109475 TPS:486bd1411108de ADV:486bd1410e996c MIL:486bd1410100000000c6
1789379461.0689,305.533,1342.0,1064.9,3.14,0.00,12.50,2.40,27.8,45.1,4.58,14.10,0.000,77.0,45.0,1,0,0,0,0,0,0,NONE,,RPM:486bd1410c14f8dd TPS:486bd1411108de ADV:486bd1410e996c MIL:486bd1410100000000c6
1789379461.3894,305.853,1229.0,-352.6,3.14,0.00,11.00,2.40,27.8,45.1,4.58,14.10,0.000,77.0,45.0,1,0,0,0,0,0,0,NONE,,RPM:486bd1410c133418 TPS:486bd1411108de ADV:486bd1410e9669 MIL:486bd1410100000000c6
1789379461.6966,306.160,1310.0,263.7,3.53,1.28,11.00,2.40,27.8,45.3,4.58,14.10,0.000,77.0,45.0,1,0,0,0,0,0,0,NONE,,RPM:486bd1410c14785d TPS:486bd1411109df ADV:486bd1410e9669 MIL:486bd1410100000000c6
1789379462.1454,306.609,1314.0,8.9,3.14,-0.87,11.00,2.40,27.8,45.1,4.58,14.10,0.000,77.0,45.0,1,0,0,0,0,0,0,NONE,,RPM:486bd1410c14886d TPS:486bd1411108de ADV:486bd1410e9669 MIL:486bd1410100000000c6
1789379462.4277,306.892,1290.0,-85.0,3.14,0.00,11.00,2.40,27.8,45.1,4.58,14.10,0.000,77.0,45.0,1,0,0,0,0,0,0,NONE,,RPM:486bd1410c14280d TPS:486bd1411108de ADV:486bd1410e9669 MIL:486bd1410100000000c6
1789379462.7155,307.179,1293.0,10.4,3.53,1.36,11.00,2.40,27.8,45.3,4.58,14.10,0.000,77.0,45.0,1,0,0,0,0,0,0,NONE,,RPM:486bd1410c143419 TPS:486bd1411109df ADV:486bd1410e9669 MIL:486bd1410100000000c6
1789379462.9867,307.451,1311.0,66.4,3.53,0.00,11.00,2.40,27.8,45.3,4.58,14.10,0.000,77.0,45.0,1,0,0,0,0,0,0,NONE,,RPM:486bd1410c147c61 TPS:486bd1411109df ADV:486bd1410e9669 MIL:486bd1410100000000c6
1789379463.4542,307.918,1299.0,-25.7,3.14,-0.84,10.00,2.40,27.8,45.1,4.58,14.10,0.000,77.0,45.0,1,0,0,0,0,0,0,NONE,,RPM:486bd1410c144c31 TPS:486bd1411108de ADV:486bd1410e9467 MIL:486bd1410100000000c6
1789379463.7229,308.187,1298.0,-3.7,3.53,1.46,10.00,2.40,27.8,45.3,4.58,14.10,0.000,77.0,45.0,1,0,0,0,0,0,0,NONE,,RPM:486bd1410c14482d TPS:486bd1411109df ADV:486bd1410e9467 MIL:486bd1410100000000c6
1789379464.1538,308.618,1367.0,160.2,3.92,0.91,11.00,2.40,27.8,45.6,4.58,14.10,0.000,77.0,45.0,1,0,0,0,0,0,0,NONE,,RPM:486bd1410c155c42 TPS:486bd141110ae0 ADV:486bd1410e9669 MIL:486bd1410100000000c6
1789379464.4423,308.906,1447.0,277.3,4.31,1.36,12.50,2.40,27.8,45.8,4.58,14.10,0.000,77.0,45.0,1,0,0,0,0,0,0,NONE,,RPM:486bd1410c169c83 TPS:486bd141110be1 ADV:486bd1410e996c MIL:486bd1410100000000c6
1789379464.7462,309.210,1502.0,181.0,4.31,0.00,12.50,2.40,27.8,45.8,4.58,14.10,0.000,77.0,45.0,1,0,0,0,0,0,0,NONE,,RPM:486bd1410c177860 TPS:486bd141110be1 ADV:486bd1410e996c MIL:486bd1410100000000c6
1789379465.0165,309.480,1554.0,192.4,4.71,1.45,12.50,2.40,28.6,46.0,4.65,14.10,0.000,77.0,45.0,1,0,0,0,0,0,0,NONE,,RPM:486bd1410c184831 TPS:486bd141110ce2 ADV:486bd1410e996c MIL:486bd1410100000000c6
1789379465.3201,309.784,1602.0,158.1,5.10,1.29,12.50,2.40,28.6,46.3,4.65,14.10,0.000,77.0,45.0,1,0,0,0,0,0,0,NONE,,RPM:486bd1410c1908f2 TPS:486bd141110de3 ADV:486bd1410e996c MIL:486bd1410100000000c6
1789379465.5931,310.057,1634.0,117.2,5.10,0.00,13.50,2.40,28.6,46.3,4.65,14.10,0.000,77.0,45.0,1,0,0,0,0,0,0,NONE,,RPM:486bd1410c198872 TPS:486bd141110de3 ADV:486bd1410e9b6e MIL:486bd1410100000000c6
1789379466.0454,310.509,1624.0,-22.1,5.10,0.00,13.00,2.40,28.6,46.3,4.65,14.10,0.000,77.0,45.0,1,0,0,0,0,0,0,NONE,,RPM:486bd1410c19604a TPS:486bd141110de3 ADV:486bd1410e9a6d MIL:486bd1410100000000c6
1789379466.3765,310.840,1614.0,-30.2,5.49,1.18,12.50,2.40,28.6,46.5,4.65,14.10,0.000,77.0,46.0,1,0,0,0,0,0,0,NONE,,RPM:486bd1410c193822 TPS:486bd141110ee4 ADV:486bd1410e996c MIL:486bd1410100000000c6
1789379466.6576,311.121,1548.0,-234.8,5.88,1.39,11.00,2.40,28.6,46.7,4.65,14.10,0.000,77.0,46.0,1,0,0,0,0,0,0,NONE,,RPM:486bd1410c183019 TPS:486bd141110fe5 ADV:486bd1410e9669 MIL:486bd1410100000000c6
1789379466.9641,311.428,1570.0,71.8,7.45,5.12,6.00,2.40,28.6,47.6,4.65,14.10,0.000,77.0,46.0,1,0,0,0,0,0,0,NONE,,RPM:486bd1410c188871 TPS:486bd1411113e9 ADV:486bd1410e8c5f MIL:486bd1410100000000c6
1789379467.4217,311.886,1854.0,620.6,8.24,1.71,1.00,2.40,28.6,48.1,4.65,14.10,0.000,77.0,46.0,1,0,0,0,0,0,0,NONE,,RPM:486bd1410c1cf8e5 TPS:486bd1411115eb ADV:486bd1410e8255 MIL:486bd1410100000000c6
1789379467.6874,312.151,2035.0,681.3,8.24,0.00,6.00,2.40,28.6,48.1,4.65,14.10,0.000,77.0,46.0,1,0,0,0,0,0,0,NONE,,RPM:486bd1410c1fccbc TPS:486bd1411115eb ADV:486bd1410e8c5f MIL:486bd1410100000000c6
1789379468.1505,312.614,2336.0,649.9,8.63,0.85,16.00,2.40,28.6,48.3,4.65,14.10,0.000,77.0,46.0,1,0,0,0,0,0,0,NONE,,RPM:486bd1410c248075 TPS:486bd1411116ec ADV:486bd1410ea073 MIL:486bd1410100000000c6
1789379468.4213,312.885,2588.0,930.9,9.41,2.90,18.00,2.40,28.6,48.8,4.65,14.10,0.000,77.0,46.0,1,0,0,0,0,0,0,NONE,,RPM:486bd1410c287069 TPS:486bd1411118ee ADV:486bd1410ea477 MIL:486bd1410100000000c6
1789379468.7263,313.190,2837.0,816.3,15.69,20.57,16.00,2.40,28.6,52.4,4.65,14.10,0.000,77.0,46.0,1,0,0,0,0,0,0,NONE,,RPM:486bd1410c2c5451 TPS:486bd1411128fe ADV:486bd1410ea073 MIL:486bd1410100000000c6
1789379469.0287,313.493,3365.0,1746.2,18.43,9.08,21.00,2.40,47.5,54.0,6.35,14.10,0.000,77.0,46.0,1,0,0,0,0,0,0,NONE,,RPM:486bd1410c349499 TPS:486bd141112f05 ADV:486bd1410eaa7d MIL:486bd1410100000000c6
1789379469.3584,313.822,3816.0,1367.8,20.39,5.95,26.00,2.40,47.5,55.1,6.35,14.10,0.000,77.0,46.0,1,0,0,0,0,0,0,NONE,,RPM:486bd1410c3ba0ac TPS:486bd14111340a ADV:486bd1410eb487 MIL:486bd1410100000000c6
1789379469.6374,314.101,4295.0,1716.9,25.88,19.68,24.00,2.40,47.5,58.3,6.35,14.10,0.000,77.0,46.0,1,0,0,0,0,0,0,NONE,,RPM:486bd1410c431c30 TPS:486bd141114218 ADV:486bd1410eb083 MIL:486bd1410100000000c6
1789379470.1525,314.616,5263.0,1879.1,31.76,11.42,31.00,2.40,47.5,61.7,6.35,14.10,0.000,77.0,46.0,1,0,0,0,0,0,0,NONE,,RPM:486bd1410c523c5f TPS:486bd141115127 ADV:486bd1410ebe91 MIL:486bd1410100000000c6
1789379470.4185,314.882,5888.0,2349.8,35.69,14.74,28.50,2.40,47.5,64.0,6.35,14.10,0.000,77.0,45.0,1,0,0,0,0,0,0,NONE,,RPM:486bd1410c5c002d TPS:486bd141115b31 ADV:486bd1410eb98c MIL:486bd1410100000000c6
1789379470.6910,315.155,6389.0,1838.7,3.53,-118.02,28.50,2.40,47.5,45.3,6.35,14.10,0.000,77.0,45.0,1,0,0,0,0,0,0,NONE,,RPM:486bd1410c63d408 TPS:486bd1411109df ADV:486bd1410eb98c MIL:486bd1410100000000c6
1789379471.0113,315.475,4633.0,-5482.2,25.88,69.79,23.50,2.40,47.5,58.3,6.35,14.10,0.000,77.0,45.0,1,0,0,0,0,0,0,NONE,,RPM:486bd1410c48647d TPS:486bd141114218 ADV:486bd1410eaf82 MIL:486bd1410100000000c6
1789379471.4621,315.926,5014.0,845.2,29.80,8.70,28.00,2.40,47.5,60.6,6.35,14.10,0.000,77.0,45.0,1,0,0,0,0,0,0,NONE,,RPM:486bd1410c4e5877 TPS:486bd141114c22 ADV:486bd1410eb88b MIL:486bd1410100000000c6
1789379471.7298,316.194,5375.0,1348.4,37.25,27.83,29.00,2.40,47.5,64.9,6.35,14.10,0.000,77.0,45.0,1,0,0,0,0,0,0,NONE,,RPM:486bd1410c53fc20 TPS:486bd141115f35 ADV:486bd1410eba8d MIL:486bd1410100000000c6
1789379472.2346,316.698,5990.0,1218.5,39.22,3.88,27.50,2.40,47.5,66.0,6.35,14.10,0.000,77.0,45.0,1,0,0,0,0,0,0,NONE,,RPM:486bd1410c5d98c6 TPS:486bd14111643a ADV:486bd1410eb78a MIL:486bd1410100000000c6
1789379472.5024,316.966,6289.0,1116.4,40.00,2.93,26.50,2.40,47.5,66.5,6.35,14.10,0.000,77.0,45.0,1,0,0,0,0,0,0,NONE,,RPM:486bd1410c624477 TPS:486bd14111663c ADV:486bd1410eb588 MIL:486bd1410100000000c6
1789379472.7780,317.242,6594.0,1106.5,46.27,22.76,29.00,2.40,47.5,70.1,6.35,14.10,0.000,77.0,45.0,1,0,0,0,0,0,0,NONE,,RPM:486bd1410c670840 TPS:486bd14111764c ADV:486bd1410eba8d MIL:486bd1410100000000c6
1789379473.0453,317.509,6850.0,957.8,3.53,-159.93,60.00,2.40,42.0,45.3,5.85,14.10,0.000,77.0,45.0,1,0,0,0,0,0,0,NONE,,RPM:486bd1410c6b0844 TPS:486bd1411109df ADV:486bd1410ef8cb MIL:486bd1410100000000c6
1789379473.3126,317.776,5515.0,-4994.6,30.59,101.23,30.00,2.40,42.0,61.0,5.85,14.10,0.000,77.0,45.0,1,0,0,0,0,0,0,NONE,,RPM:486bd1410c562c53 TPS:486bd141114e24 ADV:486bd1410ebc8f MIL:486bd1410100000000c6
1789379473.6010,318.065,5580.0,225.4,34.51,13.60,28.50,2.40,42.0,63.3,5.85,14.10,0.000,77.0,45.0,1,0,0,0,0,0,0,NONE,,RPM:486bd1410c573058 TPS:486bd14111582e ADV:486bd1410eb98c MIL:486bd1410100000000c6
1789379474.0763,318.540,5892.0,656.4,46.67,25.58,27.50,2.40,42.0,70.4,5.85,14.10,0.000,77.0,45.0,1,0,0,0,0,0,0,NONE,,RPM:486bd1410c5c103d TPS:486bd14111774d ADV:486bd1410eb78a MIL:486bd1410100000000c6
1789379474.3511,318.815,6108.0,786.0,49.41,9.99,26.50,2.40,42.0,72.0,5.85,14.10,0.000,77.0,43.0,1,0,0,0,0,0,0,NONE,,RPM:486bd1410c5f70a0 TPS:486bd141117e54 ADV:486bd1410eb588 MIL:486bd1410100000000c6
1789379474.6245,319.088,6326.0,797.4,49.80,1.43,26.00,2.40,42.0,72.2,5.85,14.10,0.000,77.0,43.0,1,0,0,0,0,0,0,NONE,,RPM:486bd1410c62d80b TPS:486bd141117f55 ADV:486bd1410eb487 MIL:486bd1410100000000c6
1789379474.8954,319.359,6472.0,538.9,49.02,-2.90,27.50,2.40,42.0,71.7,5.85,14.10,0.000,77.0,43.0,1,0,0,0,0,0,0,NONE,,RPM:486bd1410c652056 TPS:486bd141117d53 ADV:486bd1410eb78a MIL:486bd1410100000000c6
1789379475.3255,319.789,6737.0,616.1,38.82,-23.70,60.00,2.40,42.0,65.8,5.85,14.10,0.000,77.0,43.0,1,0,0,0,0,0,0,NONE,,RPM:486bd1410c69447e TPS:486bd141116339 ADV:486bd1410ef8cb MIL:486bd1410100000000c6
1789379475.5989,320.063,6348.0,-1422.6,37.25,-5.74,26.50,2.40,42.0,64.9,5.85,14.10,0.000,77.0,43.0,1,0,0,0,0,0,0,NONE,,RPM:486bd1410c633064 TPS:486bd141115f35 ADV:486bd1410eb588 MIL:486bd1410100000000c6
1789379476.0682,320.532,5579.0,-1638.6,41.18,8.36,29.00,2.40,42.0,67.2,5.85,14.10,0.000,77.0,43.0,1,0,0,0,0,0,0,NONE,,RPM:486bd1410c572c54 TPS:486bd14111693f ADV:486bd1410eba8d MIL:486bd1410100000000c6
1789379476.3431,320.807,5718.0,505.7,34.51,-24.25,29.00,2.40,42.0,63.3,5.85,14.10,0.000,77.0,43.0,1,0,0,0,0,0,0,NONE,,RPM:486bd1410c595882 TPS:486bd14111582e ADV:486bd1410eba8d MIL:486bd1410100000000c6
1789379476.6054,321.069,5391.0,-1246.6,3.53,-118.10,60.00,2.40,42.0,45.3,5.85,14.10,0.000,77.0,43.0,1,0,0,0,0,0,0,NONE,,RPM:486bd1410c543c61 TPS:486bd1411109df ADV:486bd1410ef8cb MIL:486bd1410100000000c6
1789379476.8767,321.341,5454.0,232.2,3.53,0.00,60.00,2.40,9.0,45.3,2.89,14.10,0.000,77.0,43.0,1,0,0,0,0,0,0,NONE,,RPM:486bd1410c55385e TPS:486bd1411109df ADV:486bd1410ef8cb MIL:486bd1410100000000c6
1789379477.1498,321.614,5299.0,-567.4,3.53,0.00,60.00,2.40,9.0,45.3,2.89,14.10,0.000,77.0,43.0,1,0,0,0,0,0,0,NONE,,RPM:486bd1410c52ccef TPS:486bd1411109df ADV:486bd1410ef8cb MIL:486bd1410100000000c6
1789379477.4365,321.900,5163.0,-474.5,3.53,0.00,60.00,2.40,9.0,45.3,2.89,14.10,0.000,77.0,43.0,1,0,0,0,0,0,0,NONE,,RPM:486bd1410c50accd TPS:486bd1411109df ADV:486bd1410ef8cb MIL:486bd1410100000000c6
1789379477.9196,322.383,4932.0,-478.1,3.53,0.00,60.00,2.40,9.0,45.3,2.89,14.10,0.000,77.0,43.0,1,0,0,0,0,0,0,NONE,,RPM:486bd1410c4d102e TPS:486bd1411109df ADV:486bd1410ef8cb MIL:486bd1410100000000c6
1789379478.1874,322.651,4852.0,-298.8,3.53,0.00,60.00,2.40,9.0,45.3,2.89,14.10,0.000,77.0,42.0,1,0,0,0,0,0,0,NONE,,RPM:486bd1410c4bd0ec TPS:486bd1411109df ADV:486bd1410ef8cb MIL:486bd1410100000000c6
1789379478.4594,322.923,4715.0,-503.6,3.53,0.00,60.00,2.40,9.0,45.3,2.89,14.10,0.000,77.0,42.0,1,0,0,0,0,0,0,NONE,,RPM:486bd1410c49acc6 TPS:486bd1411109df ADV:486bd1410ef8cb MIL:486bd1410100000000c6
1789379478.7627,323.227,4573.0,-468.2,3.53,0.00,60.00,2.40,9.0,45.3,2.89,14.10,0.000,77.0,42.0,1,0,0,0,0,0,0,NONE,,RPM:486bd1410c47748c TPS:486bd1411109df ADV:486bd1410ef8cb MIL:486bd1410100000000c6
1789379479.2266,323.690,4447.0,-271.6,4.31,1.69,60.00,2.40,9.0,45.8,2.89,14.10,0.000,77.0,42.0,1,0,0,0,0,0,0,NONE,,RPM:486bd1410c457c92 TPS:486bd141110be1 ADV:486bd1410ef8cb MIL:486bd1410100000000c6
1789379479.4994,323.963,4379.0,-249.2,5.88,5.75,60.00,2.40,9.0,46.7,2.89,14.10,0.000,77.0,42.0,1,0,0,0,0,0,0,NONE,,RPM:486bd1410c446c81 TPS:486bd141110fe5 ADV:486bd1410ef8cb MIL:486bd1410100000000c6
1789379479.9264,324.390,4275.0,-243.6,7.06,2.76,46.00,2.40,9.0,47.4,2.89,14.10,0.000,77.0,42.0,1,0,0,0,0,0,0,NONE,,RPM:486bd1410c42ccdf TPS:486bd1411112e8 ADV:486bd1410edcaf MIL:486bd1410100000000c6
1789379480.2179,324.682,4298.0,78.9,9.80,9.42,23.50,2.40,9.0,49.0,2.89,14.10,0.000,77.0,42.0,1,0,0,0,0,0,0,NONE,,RPM:486bd1410c43283c TPS:486bd1411119ef ADV:486bd1410eaf82 MIL:486bd1410100000000c6
1789379480.5067,324.971,4259.0,-135.1,14.12,14.94,27.50,2.40,9.0,51.5,2.89,14.10,0.000,77.0,42.0,1,0,0,0,0,0,0,NONE,,RPM:486bd1410c428c9f TPS:486bd1411124fa ADV:486bd1410eb78a MIL:486bd1410100000000c6
1789379480.7764,325.240,4322.0,233.6,20.78,24.72,26.00,2.40,49.8,55.4,6.56,14.10,0.000,77.0,42.0,1,0,0,0,0,0,0,NONE,,RPM:486bd1410c43889c TPS:486bd14111350b ADV:486bd1410eb487 MIL:486bd1410100000000c6
1789379481.0652,325.529,4356.0,117.7,23.92,10.86,23.00,2.40,49.8,57.2,6.56,14.10,0.000,77.0,42.0,1,0,0,0,0,0,0,NONE,,RPM:486bd1410c441025 TPS:486bd141113d13 ADV:486bd1410eae81 MIL:486bd1410100000000c6
1789379481.3525,325.816,4479.0,428.0,27.45,12.28,20.00,2.40,49.8,59.2,6.56,14.10,0.000,77.0,42.0,1,0,0,0,0,0,0,NONE,,RPM:486bd1410c45fc12 TPS:486bd14111461c ADV:486bd1410ea87b MIL:486bd1410100000000c6
1789379481.8339,326.298,4602.0,255.5,34.90,15.48,21.00,2.40,49.8,63.5,6.56,14.10,0.000,77.0,42.0,1,0,0,0,0,0,0,NONE,,RPM:486bd1410c47e800 TPS:486bd14111592f ADV:486bd1410eaa7d MIL:486bd1410100000000c6
1789379482.1037,326.568,4703.0,374.4,40.39,20.35,23.00,2.40,49.8,66.7,6.56,14.10,0.000,77.0,41.0,1,0,0,0,0,0,0,NONE,,RPM:486bd1410c497c96 TPS:486bd14111673d ADV:486bd1410eae81 MIL:486bd1410100000000c6
1789379482.4068,326.871,4927.0,739.0,43.92,11.64,24.00,2.40,49.8,68.8,6.56,14.10,0.000,77.0,41.0,1,0,0,0,0,0,0,NONE,,RPM:486bd1410c4cfc19 TPS:486bd141117046 ADV:486bd1410eb083 MIL:486bd1410100000000c6
1789379482.6790,327.143,5000.0,268.2,49.41,20.17,25.50,2.40,49.8,72.0,6.56,14.10,0.000,77.0,41.0,1,0,0,0,0,0,0,NONE,,RPM:486bd1410c4e203f TPS:486bd141117e54 ADV:486bd1410eb386 MIL:486bd1410100000000c6
1789379483.1426,327.606,4678.0,-694.6,3.53,-98.98,60.00,2.40,49.8,45.3,6.56,14.10,0.000,77.0,41.0,1,0,0,0,0,0,0,NONE,,RPM:486bd1410c491832 TPS:486bd1411109df ADV:486bd1410ef8cb MIL:486bd1410100000000c6
1789379483.4459,327.910,4851.0,570.2,3.53,0.00,60.00,2.40,49.8,45.3,6.56,14.10,0.000,77.0,41.0,1,0,0,0,0,0,0,NONE,,RPM:486bd1410c4bcce8 TPS:486bd1411109df ADV:486bd1410ef8cb MIL:486bd1410100000000c6
1789379483.9128,328.377,4033.0,-1752.3,3.53,0.00,56.00,2.40,49.8,45.3,6.56,14.10,0.000,77.0,41.0,1,0,0,0,0,0,0,NONE,,RPM:486bd1410c3f0414 TPS:486bd1411109df ADV:486bd1410ef0c3 MIL:486bd1410100000000c6
1789379484.1909,328.655,3836.0,-708.3,3.53,0.00,60.00,2.40,49.8,45.3,6.56,14.10,0.000,77.0,41.0,1,0,0,0,0,0,0,NONE,,RPM:486bd1410c3bf0fc TPS:486bd1411109df ADV:486bd1410ef8cb MIL:486bd1410100000000c6
1789379484.4692,328.933,4824.0,3550.4,3.53,0.00,60.00,2.40,49.8,45.3,6.56,14.10,0.000,77.0,41.0,1,0,0,0,0,0,0,NONE,,RPM:486bd1410c4b607c TPS:486bd1411109df ADV:486bd1410ef8cb MIL:486bd1410100000000c6
1789379484.7412,329.205,5114.0,1066.3,3.53,0.00,60.00,2.40,9.0,45.3,2.89,14.10,0.000,77.0,41.0,1,0,0,0,0,0,0,NONE,,RPM:486bd1410c4fe808 TPS:486bd1411109df ADV:486bd1410ef8cb MIL:486bd1410100000000c6
1789379485.0459,329.510,4973.0,-462.7,3.53,0.00,60.00,2.40,9.0,45.3,2.89,14.10,0.000,77.0,41.0,1,0,0,0,0,0,0,NONE,,RPM:486bd1410c4db4d2 TPS:486bd1411109df ADV:486bd1410ef8cb MIL:486bd1410100000000c6
1789379485.3168,329.781,4856.0,-431.9,4.71,4.34,60.00,2.40,9.0,46.0,2.89,14.10,0.000,77.0,41.0,1,0,0,0,0,0,0,NONE,,RPM:486bd1410c4be0fc TPS:486bd141110ce2 ADV:486bd1410ef8cb MIL:486bd1410100000000c6
1789379485.7867,330.251,4912.0,119.2,10.20,11.69,30.50,2.40,9.0,49.2,2.89,14.10,0.000,77.0,41.0,1,0,0,0,0,0,0,NONE,,RPM:486bd1410c4cc0dd TPS:486bd141111af0 ADV:486bd1410ebd90 MIL:486bd1410100000000c6
1789379486.0594,330.523,4879.0,-121.0,10.98,2.88,33.00,2.40,9.0,49.7,2.89,14.10,0.000,77.0,42.0,1,0,0,0,0,0,0,NONE,,RPM:486bd1410c4c3c59 TPS:486bd141111cf2 ADV:486bd1410ec295 MIL:486bd1410100000000c6
1789379486.3399,330.804,4935.0,199.6,14.12,11.18,34.00,2.40,9.0,51.5,2.89,14.10,0.000,77.0,42.0,1,0,0,0,0,0,0,NONE,,RPM:486bd1410c4d1c3a TPS:486bd1411124fa ADV:486bd1410ec497 MIL:486bd1410100000000c6
1789379486.6745,331.138,5072.0,409.5,20.39,18.75,36.00,2.40,9.0,55.1,2.89,14.10,0.000,77.0,42.0,1,0,0,0,0,0,0,NONE,,RPM:486bd1410c4f4060 TPS:486bd14111340a ADV:486bd1410ec89b MIL:486bd1410100000000c6
1789379487.1356,331.600,5264.0,416.3,33.33,28.06,28.50,2.40,9.0,62.6,2.89,14.10,0.000,77.0,42.0,1,0,0,0,0,0,0,NONE,,RPM:486bd1410c524063 TPS:486bd14111552b ADV:486bd1410eb98c MIL:486bd1410100000000c6
1789379487.4553,331.919,5458.0,606.9,36.86,11.04,28.50,2.40,9.0,64.7,2.89,14.10,0.000,77.0,42.0,1,0,0,0,0,0,0,NONE,,RPM:486bd1410c55486e TPS:486bd141115e34 ADV:486bd1410eb98c MIL:486bd1410100000000c6
1789379487.9048,332.369,5784.0,725.2,45.10,18.32,28.50,2.40,9.0,69.5,2.89,14.10,0.000,77.0,42.0,1,0,0,0,0,0,0,NONE,,RPM:486bd1410c5a608b TPS:486bd141117349 ADV:486bd1410eb98c MIL:486bd1410100000000c6
1789379488.2098,332.674,5991.0,678.7,50.59,18.00,27.50,2.40,9.0,72.6,2.89,14.10,0.000,77.0,42.0,1,0,0,0,0,0,0,NONE,,RPM:486bd1410c5d9cca TPS:486bd141118157 ADV:486bd1410eb78a MIL:486bd1410100000000c6
1789379488.4822,332.946,6218.0,833.5,52.16,5.76,26.00,2.40,9.0,73.6,2.89,14.10,0.000,77.0,42.0,1,0,0,0,0,0,0,NONE,,RPM:486bd1410c61285a TPS:486bd14111855b ADV:486bd1410eb487 MIL:486bd1410100000000c6
1789379488.7526,333.217,6412.0,717.3,53.73,5.80,26.00,2.40,79.2,74.5,9.21,14.10,0.000,77.0,42.0,1,0,0,0,0,0,0,NONE,,RPM:486bd1410c643065 TPS:486bd14111895f ADV:486bd1410eb487 MIL:486bd1410100000000c6
1789379489.0334,333.497,6668.0,911.7,60.39,23.74,25.50,2.40,79.2,78.3,9.21,14.10,0.000,77.0,42.0,1,0,0,0,0,0,0,NONE,,RPM:486bd1410c683069 TPS:486bd141119a70 ADV:486bd1410eb386 MIL:486bd1410100000000c6
1789379489.3598,333.824,6886.0,667.9,69.41,27.63,25.00,2.40,79.2,83.6,9.21,14.10,0.000,77.0,42.0,1,0,0,0,0,0,0,NONE,,RPM:486bd1410c6b98d4 TPS:486bd14111b187 ADV:486bd1410eb285 MIL:486bd1410100000000c6
1789379489.8176,334.281,6339.0,-1194.9,62.75,-14.56,28.00,2.40,79.2,79.7,9.21,14.10,0.000,77.0,42.0,1,0,0,0,0,0,0,NONE,,RPM:486bd1410c630c40 TPS:486bd14111a076 ADV:486bd1410eb88b MIL:486bd1410100000000c6
1789379490.1527,334.617,5913.0,-1271.4,73.73,32.77,28.50,2.40,79.2,86.1,9.21,14.10,0.000,77.0,40.0,1,0,0,0,0,0,0,NONE,,RPM:486bd1410c5c6491 TPS:486bd14111bc92 ADV:486bd1410eb98c MIL:486bd1410100000000c6
1789379490.4378,334.902,5996.0,291.1,73.73,0.00,28.00,2.40,79.2,86.1,9.21,14.10,0.000,77.0,40.0,1,0,0,0,0,0,0,NONE,,RPM:486bd1410c5db0de TPS:486bd14111bc92 ADV:486bd1410eb88b MIL:486bd1410100000000c6
1789379490.7295,335.193,6167.0,586.2,63.53,-34.95,27.50,2.40,79.2,80.1,9.21,14.10,0.000,77.0,40.0,1,0,0,0,0,0,0,NONE,,RPM:486bd1410c605c8d TPS:486bd14111a278 ADV:486bd1410eb78a MIL:486bd1410100000000c6
1789379491.1521,335.616,6044.0,-291.1,3.53,-141.98,60.00,2.40,79.2,45.3,9.21,14.10,0.000,77.0,40.0,1,0,0,0,0,0,0,NONE,,RPM:486bd1410c5e709f TPS:486bd1411109df ADV:486bd1410ef8cb MIL:486bd1410100000000c6
1789379491.4537,335.918,5970.0,-245.3,3.53,0.00,60.00,2.40,79.2,45.3,9.21,14.10,0.000,77.0,40.0,1,0,0,0,0,0,0,NONE,,RPM:486bd1410c5d4876 TPS:486bd1411109df ADV:486bd1410ef8cb MIL:486bd1410100000000c6
1789379491.9039,336.368,5648.0,-715.3,3.53,0.00,60.00,2.40,79.2,45.3,9.21,14.10,0.000,77.0,40.0,1,0,0,0,0,0,0,NONE,,RPM:486bd1410c584069 TPS:486bd1411109df ADV:486bd1410ef8cb MIL:486bd1410100000000c6
1789379492.2156,336.679,5254.0,-1264.0,3.53,0.00,60.00,2.40,79.2,45.3,9.23,14.10,0.000,76.0,40.0,1,0,0,0,0,0,0,NONE,,RPM:486bd1410c52183b TPS: ADV:486bd1410ef8cb MIL:486bd1410100000000c6
1789379492.6852,337.149,4937.0,-675.1,3.53,0.00,60.00,2.40,79.2,45.3,9.23,14.10,0.000,76.0,40.0,1,0,0,0,0,0,0,NONE,,RPM:486bd1410c4d2442 TPS:486bd1411109df ADV:486bd1410ef8cb MIL:486bd1410100000000c6
1789379492.9559,337.420,4697.0,-886.6,3.53,0.00,60.00,2.40,9.0,45.3,2.92,14.10,0.000,76.0,40.0,1,0,0,0,0,0,0,NONE,,RPM:486bd1410c49647e TPS:486bd1411109df ADV:486bd1410ef8cb MIL:486bd1410100000000c6
1789379493.2437,337.708,4463.0,-812.8,3.53,0.00,60.00,2.40,9.0,45.3,2.92,14.10,0.000,76.0,40.0,1,0,0,0,0,0,0,NONE,,RPM:486bd1410c45bcd2 TPS:486bd1411109df ADV:486bd1410ef8cb MIL:486bd1410100000000c6
1789379493.5545,338.018,4262.0,-646.8,3.53,0.00,60.00,2.40,9.0,45.3,2.92,14.10,0.000,76.0,40.0,1,0,0,0,0,0,0,NONE,,RPM:486bd1410c4298ab TPS:486bd1411109df ADV:486bd1410ef8cb MIL:486bd1410100000000c6
1789379494.0437,338.508,3911.0,-717.5,3.53,0.00,56.00,2.40,9.0,45.3,2.92,14.10,0.000,76.0,40.0,1,0,0,0,0,0,0,NONE,,RPM:486bd1410c3d1c2a TPS:486bd1411109df ADV:486bd1410ef0c3 MIL:486bd1410100000000c6
1789379494.3563,338.820,3076.0,-2671.6,3.53,0.00,42.50,2.40,9.0,45.3,2.92,14.10,0.000,76.0,41.0,1,0,0,0,0,0,0,NONE,,RPM:486bd1410c301011 TPS:486bd1411109df ADV:486bd1410ed5a8 MIL:486bd1410100000000c6
1789379494.6363,339.100,3315.0,853.5,3.53,0.00,60.00,2.40,9.0,45.3,2.92,14.10,0.000,76.0,41.0,1,0,0,0,0,0,0,NONE,,RPM:486bd1410c33ccd0 TPS:486bd1411109df ADV:486bd1410ef8cb MIL:486bd1410100000000c6
1789379494.9382,339.402,4329.0,3358.5,12.16,28.58,23.50,2.40,9.0,50.4,2.92,14.10,0.000,76.0,41.0,1,0,0,0,0,0,0,NONE,,RPM:486bd1410c43a4b8 TPS:486bd141111ff5 ADV:486bd1410eaf82 MIL:486bd1410100000000c6
1789379495.3862,339.850,4480.0,337.0,32.94,46.39,20.50,2.40,9.0,62.4,2.92,14.10,0.000,76.0,41.0,1,0,0,0,0,0,0,NONE,,RPM:486bd1410c460017 TPS:486bd14111542a ADV:486bd1410ea97c MIL:486bd1410100000000c6
1789379495.7059,340.170,4777.0,929.0,45.10,38.03,21.50,2.40,9.0,69.5,2.92,14.10,0.000,76.0,41.0,1,0,0,0,0,0,0,NONE,,RPM:486bd1410c4aa4bf TPS:486bd141117349 ADV:486bd1410eab7e MIL:486bd1410100000000c6
1789379496.1664,340.630,5047.0,586.3,55.29,22.14,26.50,2.40,9.0,75.4,2.92,14.10,0.000,76.0,41.0,1,0,0,0,0,0,0,NONE,,RPM:486bd1410c4edcfb TPS:486bd141118d63 ADV:486bd1410eb588 MIL:486bd1410100000000c6
1789379496.4901,340.954,5210.0,503.7,56.86,4.85,27.50,2.40,9.0,76.3,2.92,14.10,0.000,76.0,41.0,1,0,0,0,0,0,0,NONE,,RPM:486bd1410c51688a TPS:486bd141119167 ADV:486bd1410eb78a MIL:486bd1410100000000c6
1789379496.7609,341.225,5412.0,746.0,60.78,14.48,27.50,2.40,9.0,78.6,2.92,14.10,0.000,76.0,41.0,1,0,0,0,0,0,0,NONE,,RPM:486bd1410c5490b5 TPS:486bd141119b71 ADV:486bd1410eb78a MIL:486bd1410100000000c6
1789379497.0332,341.497,5712.0,1101.7,61.18,1.44,29.00,2.40,80.0,78.8,9.31,14.10,0.000,76.0,41.0,1,0,0,0,0,0,0,NONE,,RPM:486bd1410c59406a TPS:486bd141119c72 ADV:486bd1410eba8d MIL:486bd1410100000000c6
1789379497.3529,341.817,5947.0,735.1,30.98,-94.45,60.00,2.40,80.0,61.3,9.31,14.10,0.000,76.0,41.0,1,0,0,0,0,0,0,NONE,,RPM:486bd1410c5cec19 TPS:486bd141114f25 ADV:486bd1410ef8cb MIL:486bd1410100000000c6
1789379497.6243,342.088,5059.0,-3271.5,30.98,0.00,23.50,2.40,80.0,61.3,9.31,14.10,0.000,76.0,41.0,1,0,0,0,0,0,0,NONE,,RPM:486bd1410c4f0c2c TPS: ADV:486bd1410eaf82 MIL:486bd1410100000000c6
1789379498.2862,342.750,5163.0,157.1,36.47,8.29,26.50,2.40,80.0,64.5,9.31,14.10,0.000,76.0,41.0,1,0,0,0,0,0,0,NONE,,RPM:486bd1410c50accd TPS:486bd141115d33 ADV:486bd1410eb588 MIL:486bd1410100000000c6
1789379498.5684,343.032,5195.0,113.4,34.90,-5.56,27.50,2.40,80.0,63.5,9.31,14.10,0.000,76.0,40.0,1,0,0,0,0,0,0,NONE,,RPM:486bd1410c512c4e TPS:486bd14111592f ADV:486bd1410eb78a MIL:486bd1410100000000c6
1789379498.8384,343.302,5243.0,177.8,40.78,21.79,28.50,2.40,80.0,67.0,9.31,14.10,0.000,76.0,40.0,1,0,0,0,0,0,0,NONE,,RPM:486bd1410c51ec0e TPS:486bd14111683e ADV:486bd1410eb98c MIL:486bd1410100000000c6
1789379499.1433,343.607,5377.0,439.5,47.45,21.87,27.50,2.40,80.0,70.8,9.31,14.10,0.000,76.0,40.0,1,0,0,0,0,0,0,NONE,,RPM:486bd1410c540429 TPS:486bd14111794f ADV:486bd1410eb78a MIL:486bd1410100000000c6
1789379499.5987,344.063,5297.0,-175.7,3.53,-96.45,60.00,2.40,80.0,45.3,9.31,14.10,0.000,76.0,40.0,1,0,0,0,0,0,0,NONE,,RPM:486bd1410c52c4e7 TPS:486bd1411109df ADV:486bd1410ef8cb MIL:486bd1410100000000c6
1789379499.8618,344.326,5342.0,171.0,3.53,0.00,60.00,2.40,80.0,45.3,9.31,14.10,0.000,76.0,40.0,1,0,0,0,0,0,0,NONE,,RPM:486bd1410c53789c TPS:486bd1411109df ADV:486bd1410ef8cb MIL:486bd1410100000000c6
1789379500.3502,344.814,5105.0,-485.3,3.53,0.00,60.00,2.40,80.0,45.3,9.31,14.10,0.000,76.0,40.0,1,0,0,0,0,0,0,NONE,,RPM:486bd1410c4fc4e4 TPS:486bd1411109df ADV:486bd1410ef8cb MIL:486bd1410100000000c6
1789379500.6289,345.093,4976.0,-462.8,3.53,0.00,60.00,2.40,80.0,45.3,9.33,14.10,0.000,75.0,40.0,1,0,0,0,0,0,0,NONE,,RPM:486bd1410c4dc0de TPS:486bd1411109df ADV:486bd1410ef8cb MIL:486bd1410100000000c6
1789379500.9020,345.366,4842.0,-490.7,3.53,0.00,60.00,2.40,80.0,45.3,9.33,14.10,0.000,75.0,40.0,1,0,0,0,0,0,0,NONE,,RPM:486bd1410c4ba8c4 TPS:486bd1411109df ADV:486bd1410ef8cb MIL:486bd1410100000000c6
1789379501.1715,345.635,4661.0,-671.6,3.53,0.00,60.00,2.40,8.6,45.3,2.91,14.10,0.000,75.0,40.0,1,0,0,0,0,0,0,NONE,,RPM:486bd1410c48d4ed TPS:486bd1411109df ADV:486bd1410ef8cb MIL:486bd1410100000000c6
1789379501.4430,345.907,4586.0,-276.2,3.53,0.00,60.00,2.40,8.6,45.3,2.91,14.10,0.000,75.0,40.0,1,0,0,0,0,0,0,NONE,,RPM:486bd1410c47a8c0 TPS:486bd1411109df ADV:486bd1410ef8cb MIL:486bd1410100000000c6
1789379501.7138,346.178,4383.0,-749.8,3.53,0.00,60.00,2.40,8.6,45.3,2.91,14.10,0.000,75.0,40.0,1,0,0,0,0,0,0,NONE,,RPM:486bd1410c447c91 TPS:486bd1411109df ADV:486bd1410ef8cb MIL:486bd1410100000000c6
1789379502.1703,346.634,4278.0,-230.0,3.53,0.00,60.00,2.40,8.6,45.3,2.91,14.10,0.000,75.0,40.0,1,0,0,0,0,0,0,NONE,,RPM:486bd1410c42d8eb TPS:486bd1411109df ADV:486bd1410ef8cb MIL:486bd1410100000000c6
1789379502.4370,346.901,4158.0,-449.9,3.53,0.00,60.00,2.40,8.6,45.3,2.91,14.10,0.000,75.0,40.0,1,0,0,0,0,0,0,NONE,,RPM:486bd1410c40f809 TPS:486bd1411109df ADV:486bd1410ef8cb MIL:486bd1410100000000c6
1789379502.7075,347.171,4091.0,-247.6,5.10,5.80,56.00,2.40,8.6,46.3,2.91,14.10,0.000,75.0,40.0,1,0,0,0,0,0,0,NONE,,RPM:486bd1410c3fecfc TPS:486bd141110de3 ADV:486bd1410ef0c3 MIL:486bd1410100000000c6
1789379502.9789,347.443,4151.0,221.1,10.20,18.78,19.00,2.40,8.6,49.2,2.91,14.10,0.000,75.0,40.0,1,0,0,0,0,0,0,NONE,,RPM:486bd1410c40dced TPS:486bd141111af0 ADV:486bd1410ea679 MIL:486bd1410100000000c6
1789379503.4355,347.899,4132.0,-41.6,23.92,30.06,21.00,2.40,8.6,57.2,2.91,14.10,0.000,75.0,40.0,1,0,0,0,0,0,0,NONE,,RPM:486bd1410c4090a1 TPS:486bd141113d13 ADV:486bd1410eaa7d MIL:486bd1410100000000c6
1789379503.7148,348.179,4273.0,504.9,40.00,57.58,16.50,2.40,8.6,66.5,2.91,14.10,0.000,75.0,40.0,1,0,0,0,0,0,0,NONE,,RPM:486bd1410c42c4d7 TPS:486bd14111663c ADV:486bd1410ea174 MIL:486bd1410100000000c6
1789379504.2182,348.682,4564.0,578.1,50.59,21.03,23.00,2.40,8.6,72.6,2.91,14.10,0.000,75.0,40.0,1,0,0,0,0,0,0,NONE,,RPM:486bd1410c475068 TPS:486bd141118157 ADV:486bd1410eae81 MIL:486bd1410100000000c6
1789379504.4970,348.961,4334.0,-824.8,3.53,-168.75,60.00,2.40,8.6,45.3,2.91,14.10,0.000,75.0,40.0,1,0,0,0,0,0,0,NONE,,RPM:486bd1410c43b8cc TPS:486bd1411109df ADV:486bd1410ef8cb MIL:486bd1410100000000c6
1789379504.7695,349.233,4306.0,-102.8,3.53,0.00,60.00,2.40,8.6,45.3,2.91,14.10,0.000,75.0,40.0,1,0,0,0,0,0,0,NONE,,RPM:486bd1410c43485c TPS:486bd1411109df ADV:486bd1410ef8cb MIL:486bd1410100000000c6
1789379505.0781,349.542,4203.0,-333.7,3.53,0.00,60.00,2.40,9.4,45.3,2.98,14.10,0.000,75.0,40.0,1,0,0,0,0,0,0,NONE,,RPM:486bd1410c41acbe TPS:486bd1411109df ADV:486bd1410ef8cb MIL:486bd1410100000000c6
1789379505.3873,349.851,4077.0,-407.6,3.53,0.00,60.00,2.40,9.4,45.3,2.98,14.10,0.000,75.0,40.0,1,0,0,0,0,0,0,NONE,,RPM:486bd1410c3fb4c4 TPS:486bd1411109df ADV:486bd1410ef8cb MIL:486bd1410100000000c6
1789379505.6636,350.128,3968.0,-394.4,3.53,0.00,59.00,2.40,9.4,45.3,2.98,14.10,0.000,75.0,40.0,1,0,0,0,0,0,0,NONE,,RPM:486bd1410c3e000f TPS:486bd1411109df ADV:486bd1410ef6c9 MIL:486bd1410100000000c6
1789379506.1156,350.579,3740.0,-504.5,3.53,0.00,52.50,2.40,9.4,45.3,2.98,14.10,0.000,75.0,40.0,1,0,0,0,0,0,0,NONE,,RPM:486bd1410c3a707b TPS:486bd1411109df ADV:486bd1410ee9bc MIL:486bd1410100000000c6
1789379506.3837,350.848,2824.0,-3416.5,3.53,0.00,23.00,2.40,9.4,45.3,2.98,14.10,0.000,75.0,40.0,1,0,0,0,0,0,0,NONE,,RPM:486bd1410c2c201d TPS:486bd1411109df ADV:486bd1410eae81 MIL:486bd1410100000000c6
1789379506.6905,351.154,2378.0,-1453.6,3.53,0.00,45.00,2.40,9.4,45.3,2.98,14.10,0.000,75.0,40.0,1,0,0,0,0,0,0,NONE,,RPM:486bd1410c25281e TPS:486bd1411109df ADV:486bd1410edaad MIL:486bd1410100000000c6
1789379506.9581,351.422,3828.0,5417.6,3.53,0.00,60.00,2.40,9.4,45.3,2.98,14.10,0.000,75.0,40.0,1,0,0,0,0,0,0,NONE,,RPM:486bd1410c3bd0dc TPS:486bd1411109df ADV:486bd1410ef8cb MIL:486bd1410100000000c6
1789379507.4575,351.921,3874.0,92.1,3.53,0.00,58.00,2.40,9.4,45.3,2.98,14.10,0.000,75.0,40.0,1,0,0,0,0,0,0,NONE,,RPM:486bd1410c3c8895 TPS:486bd1411109df ADV:486bd1410ef4c7 MIL:486bd1410100000000c6
1789379507.7256,352.189,3715.0,-593.1,3.53,0.00,56.00,2.40,9.4,45.3,2.98,14.10,0.000,75.0,40.0,1,0,0,0,0,0,0,NONE,,RPM:486bd1410c3a0c17 TPS:486bd1411109df ADV:486bd1410ef0c3 MIL:486bd1410100000000c6
1789379508.1472,352.611,3075.0,-1518.1,3.53,0.00,33.50,2.40,9.4,45.3,2.98,14.10,0.000,75.0,40.0,1,0,0,0,0,0,0,NONE,,RPM:486bd1410c300c0d TPS:486bd1411109df ADV:486bd1410ec396 MIL:486bd1410100000000c6
1789379508.4621,352.926,2156.0,-2918.2,3.53,0.00,18.00,2.40,9.4,45.3,2.98,14.10,0.000,75.0,40.0,1,0,0,0,0,0,0,NONE,,RPM:486bd1410c21b0a2 TPS:486bd1411109df ADV:486bd1410ea477 MIL:486bd1410100000000c6
1789379508.7367,353.201,2645.0,1780.3,3.53,0.00,55.00,2.40,9.4,45.3,2.98,14.10,0.000,75.0,40.0,1,0,0,0,0,0,0,NONE,,RPM:486bd1410c29544e TPS:486bd1411109df ADV:486bd1410eeec1 MIL:486bd1410100000000c6
1789379509.0414,353.505,3527.0,2894.7,3.53,0.00,54.00,2.40,12.9,45.3,3.30,14.10,0.000,75.0,40.0,1,0,0,0,0,0,0,NONE,,RPM:486bd1410c371c24 TPS:486bd1411109df ADV:486bd1410eecbf MIL:486bd1410100000000c6
1789379509.3080,353.772,3368.0,-596.4,3.53,0.00,51.00,2.40,12.9,45.3,3.30,14.10,0.000,75.0,40.0,1,0,0,0,0,0,0,NONE,,RPM:486bd1410c34a0a5 TPS:486bd1411109df ADV:486bd1410ee6b9 MIL:486bd1410100000000c6
1789379509.6121,354.076,3192.0,-578.8,3.53,0.00,49.00,2.40,12.9,45.3,3.30,14.10,0.000,75.0,40.0,1,0,0,0,0,0,0,NONE,,RPM:486bd1410c31e0e2 TPS:486bd1411109df ADV:486bd1410ee2b5 MIL:486bd1410100000000c6
1789379510.0756,354.539,2977.0,-463.9,3.53,0.00,41.50,2.40,12.9,45.3,3.30,14.10,0.000,75.0,40.0,1,0,0,0,0,0,0,NONE,,RPM:486bd1410c2e8483 TPS:486bd1411109df ADV:486bd1410ed3a6 MIL:486bd1410100000000c6
1789379510.3477,354.812,2835.0,-521.9,3.53,0.00,35.00,2.40,12.9,45.3,3.30,14.10,0.000,75.0,41.0,1,0,0,0,0,0,0,NONE,,RPM:486bd1410c2c4c49 TPS:486bd1411109df ADV:486bd1410ec699 MIL:486bd1410100000000c6
1789379510.6505,355.114,2654.0,-597.7,3.53,0.00,27.50,2.40,12.9,45.3,3.30,14.10,0.000,75.0,41.0,1,0,0,0,0,0,0,NONE,,RPM:486bd1410c297872 TPS:486bd1411109df ADV:486bd1410eb78a MIL:486bd1410100000000c6
1789379510.9712,355.435,2478.0,-548.8,3.53,0.00,20.50,2.40,12.9,45.3,3.30,14.10,0.000,75.0,41.0,1,0,0,0,0,0,0,NONE,,RPM:486bd1410c26b8af TPS:486bd1411109df ADV:486bd1410ea97c MIL:486bd1410100000000c6
1789379511.4174,355.881,1303.0,-2633.6,3.53,0.00,15.00,2.40,12.9,45.3,3.30,14.10,0.000,75.0,41.0,1,0,0,0,0,0,0,NONE,,RPM:486bd1410c145c41 TPS:486bd1411109df ADV:486bd1410e9e71 MIL:486bd1410100000000c6
1789379511.7222,356.186,1022.0,-921.9,3.53,0.00,10.00,2.40,12.9,45.3,3.30,14.10,0.000,75.0,41.0,1,0,0,0,0,0,0,NONE,,RPM:486bd1410c0ff8d8 TPS:486bd1411109df ADV:486bd1410e9467 MIL:486bd1410100000000c6
1789379512.1827,356.647,1116.0,204.1,3.14,-0.85,10.00,2.40,12.9,45.1,3.30,14.10,0.000,75.0,41.0,1,0,0,0,0,0,0,NONE,,RPM:486bd1410c117052 TPS:486bd1411108de ADV:486bd1410e9467 MIL:486bd1410100000000c6
1789379512.5043,356.968,1124.0,24.9,3.14,0.00,14.00,2.40,12.9,45.1,3.30,14.10,0.000,75.0,41.0,1,0,0,0,0,0,0,NONE,,RPM:486bd1410c119072 TPS:486bd1411108de ADV:486bd1410e9c6f MIL:486bd1410100000000c6
1789379512.7827,357.247,1417.0,1052.2,3.14,0.00,11.00,2.40,12.9,45.1,3.30,14.10,0.000,75.0,41.0,1,0,0,0,0,0,0,NONE,,RPM:486bd1410c16240b TPS:486bd1411108de ADV:486bd1410e9669 MIL:486bd1410100000000c6
1789379513.0690,357.533,1123.0,-1027.1,3.53,1.37,10.00,2.40,24.3,45.3,4.32,14.10,0.000,75.0,41.0,1,0,0,0,0,0,0,NONE,,RPM:486bd1410c118c6e TPS:486bd1411109df ADV:486bd1410e9467 MIL:486bd1410100000000c6
1789379513.3664,357.830,1358.0,790.1,3.14,-1.32,12.50,2.40,24.3,45.1,4.32,14.10,0.000,75.0,41.0,1,0,0,0,0,0,0,NONE,,RPM:486bd1410c15381e TPS:486bd1411108de ADV:486bd1410e996c MIL:486bd1410100000000c6
1789379513.6562,358.120,1332.0,-89.7,3.14,0.00,10.00,2.40,24.3,45.1,4.32,14.10,0.000,75.0,41.0,1,0,0,0,0,0,0,NONE,,RPM:486bd1410c14d0b5 TPS:486bd1411108de ADV:486bd1410e9467 MIL:486bd1410100000000c6
1789379514.1167,358.581,1328.0,-8.7,3.53,0.85,10.50,2.40,24.3,45.3,4.32,14.10,0.000,75.0,41.0,1,0,0,0,0,0,0,NONE,,RPM:486bd1410c14c0a5 TPS:486bd1411109df ADV:486bd1410e9568 MIL:486bd1410100000000c6
1789379514.4642,358.928,1328.0,0.0,3.14,-1.13,10.00,2.40,24.3,45.1,4.32,14.10,0.000,75.0,42.0,1,0,0,0,0,0,0,NONE,,RPM:486bd1410c14c0a5 TPS:486bd1411108de ADV:486bd1410e9467 MIL:486bd1410100000000c6
1789379514.7494,359.213,1275.0,-185.8,3.14,0.00,10.00,2.40,24.3,45.1,4.32,14.10,0.000,75.0,42.0,1,0,0,0,0,0,0,NONE,,RPM:486bd1410c13ecd0 TPS:486bd1411108de ADV:486bd1410e9467 MIL:486bd1410100000000c6
1789379515.0222,359.486,1282.0,25.7,3.14,0.00,10.00,2.40,24.3,45.1,4.32,14.10,0.000,75.0,42.0,1,0,0,0,0,0,0,NONE,,RPM:486bd1410c1408ed TPS:486bd1411108de ADV:486bd1410e9467 MIL:486bd1410100000000c6
1789379515.5147,359.979,1345.0,127.9,3.53,0.80,10.00,2.40,24.3,45.3,4.32,14.10,0.000,75.0,42.0,1,0,0,0,0,0,0,NONE,,RPM:486bd1410c1504ea TPS:486bd1411109df ADV:486bd1410e9467 MIL:486bd1410100000000c6
1789379515.8478,360.312,1275.0,-210.2,3.53,0.00,9.00,2.40,24.3,45.3,4.32,14.10,0.000,75.0,42.0,1,0,0,0,0,0,0,NONE,,RPM:486bd1410c13ecd0 TPS:486bd1411109df ADV:486bd1410e9265 MIL:486bd1410100000000c6
1789379516.3122,360.776,1336.0,131.4,3.53,0.00,10.00,2.40,24.3,45.3,4.32,14.10,0.000,75.0,42.0,1,0,0,0,0,0,0,NONE,,RPM:486bd1410c14e0c5 TPS:486bd1411109df ADV:486bd1410e9467 MIL:486bd1410100000000c6
1789379516.6143,361.078,1355.0,62.9,3.14,-1.30,10.00,2.40,24.3,45.1,4.32,14.10,0.000,75.0,42.0,1,0,0,0,0,0,0,NONE,,RPM:486bd1410c152c12 TPS:486bd1411108de ADV:486bd1410e9467 MIL:486bd1410100000000c6
1789379516.9009,361.365,1342.0,-45.4,3.14,0.00,10.00,2.40,24.3,45.1,4.32,14.10,0.000,75.0,42.0,1,0,0,0,0,0,0,NONE,,RPM:486bd1410c14f8dd TPS:486bd1411108de ADV:486bd1410e9467 MIL:486bd1410100000000c6
1789379517.2040,361.668,1357.0,49.5,3.14,0.00,10.00,2.40,26.3,45.1,4.50,14.10,0.000,75.0,42.0,1,0,0,0,0,0,0,NONE,,RPM:486bd1410c15341a TPS:486bd1411108de ADV:486bd1410e9467 MIL:486bd1410100000000c6
1789379517.4753,361.939,1354.0,-11.1,3.14,0.00,10.00,2.40,26.3,45.1,4.50,14.10,0.000,75.0,42.0,1,0,0,0,0,0,0,NONE,,RPM:486bd1410c15280e TPS:486bd1411108de ADV:486bd1410e9467 MIL:486bd1410100000000c6
1789379517.7551,362.219,1347.0,-25.0,3.53,1.40,10.00,2.40,26.3,45.3,4.50,14.10,0.000,75.0,42.0,1,0,0,0,0,0,0,NONE,,RPM:486bd1410c150cf2 TPS:486bd1411109df ADV:486bd1410e9467 MIL:486bd1410100000000c6
1789379518.2007,362.665,1371.0,53.9,3.14,-0.88,10.00,2.40,26.3,45.1,4.50,14.10,0.000,75.0,42.0,1,0,0,0,0,0,0,NONE,,RPM:486bd1410c156c52 TPS:486bd1411108de ADV:486bd1410e9467 MIL:486bd1410100000000c6
1789379518.5316,362.995,1344.0,-81.6,3.53,1.19,10.00,2.40,26.3,45.3,4.50,14.10,0.000,75.0,43.0,1,0,0,0,0,0,0,NONE,,RPM:486bd1410c1500e6 TPS:486bd1411109df ADV:486bd1410e9467 MIL:486bd1410100000000c6
1789379518.8098,363.274,1352.0,28.8,3.14,-1.41,10.00,2.40,26.3,45.1,4.50,14.10,0.000,75.0,43.0,1,0,0,0,0,0,0,NONE,,RPM:486bd1410c152006 TPS:486bd1411108de ADV:486bd1410e9467 MIL:486bd1410100000000c6
1789379519.1088,363.573,1336.0,-53.5,3.14,0.00,10.00,2.40,26.3,45.1,4.50,14.10,0.000,75.0,43.0,1,0,0,0,0,0,0,NONE,,RPM:486bd1410c14e0c5 TPS:486bd1411108de ADV:486bd1410e9467 MIL:486bd1410100000000c6
1789379519.5375,364.001,1377.0,95.6,3.53,0.91,10.00,2.40,26.3,45.3,4.50,14.10,0.000,75.0,43.0,1,0,0,0,0,0,0,NONE,,RPM:486bd1410c15846a TPS:486bd1411109df ADV:486bd1410e9467 MIL:486bd1410100000000c6
1789379519.8416,364.305,1335.0,-138.1,3.14,-1.29,10.00,2.40,26.3,45.1,4.50,14.10,0.000,75.0,43.0,1,0,0,0,0,0,0,NONE,,RPM:486bd1410c14dcc1 TPS:486bd1411108de ADV:486bd1410e9467 MIL:486bd1410100000000c6
1789379520.3094,364.773,1301.0,-72.7,3.53,0.84,10.50,2.40,26.3,45.3,4.50,14.10,0.000,75.0,43.0,1,0,0,0,0,0,0,NONE,,RPM:486bd1410c145439 TPS:486bd1411109df ADV:486bd1410e9568 MIL:486bd1410100000000c6
1789379520.5756,365.039,1331.0,112.7,4.31,2.95,7.50,2.40,26.3,45.8,4.50,14.10,0.000,75.0,43.0,1,0,0,0,0,0,0,NONE,,RPM:486bd1410c14ccb1 TPS:486bd141110be1 ADV:486bd1410e8f62 MIL:486bd1410100000000c6
1789379520.8496,365.313,1494.0,594.8,9.80,20.03,-1.00,2.40,26.3,49.0,4.50,14.10,0.000,75.0,43.0,1,0,0,0,0,0,0,NONE,,RPM:486bd1410c175840 TPS:486bd1411119ef ADV:486bd1410e7e51 MIL:486bd1410100000000c6
1789379521.1528,365.617,1993.0,1645.7,9.41,-1.29,-2.50,2.40,41.6,48.8,5.87,14.10,0.000,75.0,43.0,1,0,0,0,0,0,0,NONE,,RPM:486bd1410c1f2414 TPS:486bd1411118ee ADV:486bd1410e7b4e MIL:486bd1410100000000c6
1789379521.4239,365.888,1952.0,-151.2,9.02,-1.45,0.00,2.40,41.6,48.5,5.87,14.10,0.000,75.0,43.0,1,0,0,0,0,0,0,NONE,,RPM:486bd1410c1e806f TPS:486bd1411117ed ADV:486bd1410e8053 MIL:486bd1410100000000c6
1789379521.7116,366.175,1924.0,-97.3,3.53,-19.09,17.50,2.40,41.6,45.3,5.87,14.10,0.000,75.0,43.0,1,0,0,0,0,0,0,NONE,,RPM:486bd1410c1e10ff TPS:486bd1411109df ADV:486bd1410ea376 MIL:486bd1410100000000c6
1789379522.1618,366.626,1108.0,-1812.4,3.53,0.00,13.50,2.40,41.6,45.3,5.87,14.10,0.000,75.0,43.0,1,0,0,0,0,0,0,NONE,,RPM:486bd1410c115032 TPS:486bd1411109df ADV:486bd1410e9b6e MIL:486bd1410100000000c6
1789379522.4792,366.943,1344.0,743.6,3.14,-1.24,13.50,2.40,41.6,45.1,5.87,14.10,0.000,75.0,43.0,1,0,0,0,0,0,0,NONE,,RPM:486bd1410c1500e6 TPS:486bd1411108de ADV:486bd1410e9b6e MIL:486bd1410100000000c6
1789379522.7505,367.214,1143.0,-740.8,3.53,1.45,8.00,2.40,41.6,45.3,5.87,14.10,0.000,75.0,43.0,1,0,0,0,0,0,0,NONE,,RPM:486bd1410c11dcbe TPS:486bd1411109df ADV:486bd1410e9063 MIL:486bd1410100000000c6
1789379523.0631,367.527,1226.0,265.5,3.53,0.00,15.50,2.40,41.6,45.3,5.87,14.10,0.000,75.0,43.0,1,0,0,0,0,0,0,NONE,,RPM:486bd1410c13280c TPS:486bd1411109df ADV:486bd1410e9f72 MIL:486bd1410100000000c6
1789379523.4847,367.949,1412.0,441.2,3.14,-0.93,13.00,2.40,41.6,45.1,5.87,14.10,0.000,75.0,43.0,1,0,0,0,0,0,0,NONE,,RPM:486bd1410c1610f7 TPS:486bd1411108de ADV:486bd1410e9a6d MIL:486bd1410100000000c6
1789379523.7897,368.254,1299.0,-370.5,3.14,0.00,8.00,2.40,41.6,45.1,5.87,14.10,0.000,75.0,43.0,1,0,0,0,0,0,0,NONE,,RPM:486bd1410c144c31 TPS:486bd1411108de ADV:486bd1410e9063 MIL:486bd1410100000000c6
1789379524.2548,368.719,1147.0,-326.8,3.14,0.00,8.00,2.40,41.6,45.1,5.87,14.10,0.000,75.0,43.0,1,0,0,0,0,0,0,NONE,,RPM:486bd1410c11ecce TPS:486bd1411108de ADV:486bd1410e9063 MIL:486bd1410100000000c6
1789379524.5255,368.989,1388.0,890.1,3.14,0.00,13.00,2.40,41.6,45.1,5.85,14.10,0.000,76.0,43.0,1,0,0,0,0,0,0,NONE,,RPM:486bd1410c15b096 TPS:486bd1411108de ADV:486bd1410e9a6d MIL:486bd1410100000000c6
1789379524.7965,369.260,1204.0,-679.0,3.14,0.00,8.00,2.40,41.6,45.1,5.85,14.10,0.000,76.0,43.0,1,0,0,0,0,0,0,NONE,,RPM:486bd1410c12d0b3 TPS:486bd1411108de ADV:486bd1410e9063 MIL:486bd1410100000000c6
1789379525.0718,369.536,1314.0,399.6,3.14,0.00,12.50,2.40,27.5,45.1,4.58,14.10,0.000,76.0,43.0,1,0,0,0,0,0,0,NONE,,RPM:486bd1410c14886d TPS:486bd1411108de ADV:486bd1410e996c MIL:486bd1410100000000c6
1789379525.3887,369.853,1347.0,104.1,3.14,0.00,10.00,2.40,27.5,45.1,4.58,14.10,0.000,76.0,43.0,1,0,0,0,0,0,0,NONE,,RPM:486bd1410c150cf2 TPS:486bd1411108de ADV:486bd1410e9467 MIL:486bd1410100000000c6
1789379525.6789,370.143,1267.0,-275.7,3.14,0.00,9.00,2.40,27.5,45.1,4.58,14.10,0.000,76.0,43.0,1,0,0,0,0,0,0,NONE,,RPM:486bd1410c13ccb0 TPS:486bd1411108de ADV:486bd1410e9265 MIL:486bd1410100000000c6
1789379526.1193,370.583,1314.0,106.7,3.14,0.00,9.00,2.40,27.5,45.1,4.58,14.10,0.000,76.0,43.0,1,0,0,0,0,0,0,NONE,,RPM:486bd1410c14886d TPS:486bd1411108de ADV:486bd1410e9265 MIL:486bd1410100000000c6
1789379526.3954,370.859,1297.0,-61.6,3.14,0.00,9.00,2.40,27.5,45.1,4.58,14.10,0.000,76.0,43.0,1,0,0,0,0,0,0,NONE,,RPM:486bd1410c144429 TPS:486bd1411108de ADV:486bd1410e9265 MIL:486bd1410100000000c6
1789379526.6666,371.131,1283.0,-51.6,3.14,0.00,8.50,2.40,27.5,45.1,4.58,14.10,0.000,76.0,43.0,1,0,0,0,0,0,0,NONE,,RPM:486bd1410c140cf1 TPS:486bd1411108de ADV:486bd1410e9164 MIL:486bd1410100000000c6
1789379526.9702,371.434,1342.0,194.4,3.14,0.00,8.50,2.40,27.5,45.1,4.58,14.10,0.000,76.0,43.0,1,0,0,0,0,0,0,NONE,,RPM:486bd1410c14f8dd TPS:486bd1411108de ADV:486bd1410e9164 MIL:486bd1410100000000c6
1789379527.4230,371.887,1302.0,-88.3,3.14,0.00,8.50,2.40,27.5,45.1,4.58,14.10,0.000,76.0,43.0,1,0,0,0,0,0,0,NONE,,RPM:486bd1410c14583d TPS:486bd1411108de ADV:486bd1410e9164 MIL:486bd1410100000000c6
1789379527.7370,372.201,1353.0,162.4,3.14,0.00,8.50,2.40,27.5,45.1,4.58,14.10,0.000,76.0,43.0,1,0,0,0,0,0,0,NONE,,RPM:486bd1410c15240a TPS:486bd1411108de ADV:486bd1410e9164 MIL:486bd1410100000000c6
1789379528.1833,372.647,1309.0,-98.6,3.14,0.00,8.50,2.40,27.5,45.1,4.58,14.10,0.000,76.0,43.0,1,0,0,0,0,0,0,NONE,,RPM:486bd1410c147459 TPS:486bd1411108de ADV:486bd1410e9164 MIL:486bd1410100000000c6
1789379528.4568,372.921,1310.0,3.7,3.14,0.00,8.50,2.40,27.5,45.1,4.55,14.10,0.000,77.0,43.0,1,0,0,0,0,0,0,NONE,,RPM:486bd1410c14785d TPS:486bd1411108de ADV:486bd1410e9164 MIL:486bd1410100000000c6
1789379528.7288,373.193,1337.0,99.3,3.14,0.00,9.00,2.40,27.5,45.1,4.55,14.10,0.000,77.0,43.0,1,0,0,0,0,0,0,NONE,,RPM:486bd1410c14e4c9 TPS:486bd1411108de ADV:486bd1410e9265 MIL:486bd1410100000000c6
1789379529.0327,373.497,1313.0,-79.0,3.14,0.00,8.50,2.40,25.9,45.1,4.41,14.10,0.000,77.0,43.0,1,0,0,0,0,0,0,NONE,,RPM:486bd1410c148469 TPS:486bd1411108de ADV:486bd1410e9164 MIL:486bd1410100000000c6
1789379529.3040,373.768,1352.0,143.8,3.14,0.00,9.00,2.40,25.9,45.1,4.41,14.10,0.000,77.0,43.0,1,0,0,0,0,0,0,NONE,,RPM:486bd1410c152006 TPS:486bd1411108de ADV:486bd1410e9265 MIL:486bd1410100000000c6
1789379529.5763,374.040,1380.0,102.8,3.14,0.00,8.50,2.40,25.9,45.1,4.41,14.10,0.000,77.0,43.0,1,0,0,0,0,0,0,NONE,,RPM:486bd1410c159076 TPS:486bd1411108de ADV:486bd1410e9164 MIL:486bd1410100000000c6
1789379530.0451,374.509,1376.0,-8.5,3.14,0.00,8.50,2.40,25.9,45.1,4.41,14.10,0.000,77.0,43.0,1,0,0,0,0,0,0,NONE,,RPM:486bd1410c158066 TPS:486bd1411108de ADV:486bd1410e9164 MIL:486bd1410100000000c6
1789379530.3144,374.778,1330.0,-170.8,3.14,0.00,8.50,2.40,25.9,45.1,4.41,14.10,0.000,77.0,43.0,1,0,0,0,0,0,0,NONE,,RPM:486bd1410c14c8ad TPS:486bd1411108de ADV:486bd1410e9164 MIL:486bd1410100000000c6
1789379530.5837,375.048,1358.0,104.0,3.14,0.00,9.00,2.40,25.9,45.1,4.41,14.10,0.000,77.0,43.0,1,0,0,0,0,0,0,NONE,,RPM:486bd1410c15381e TPS:486bd1411108de ADV:486bd1410e9265 MIL:486bd1410100000000c6
1789379530.9013,375.365,1317.0,-129.1,3.14,0.00,8.50,2.40,25.9,45.1,4.41,14.10,0.000,77.0,43.0,1,0,0,0,0,0,0,NONE,,RPM:486bd1410c149479 TPS:486bd1411108de ADV:486bd1410e9164 MIL:486bd1410100000000c6
1789379531.3651,375.829,1309.0,-17.3,3.14,0.00,8.50,2.40,25.9,45.1,4.41,14.10,0.000,77.0,43.0,1,0,0,0,0,0,0,NONE,,RPM:486bd1410c147459 TPS:486bd1411108de ADV:486bd1410e9164 MIL:486bd1410100000000c6
1789379531.6373,376.101,1330.0,77.2,3.14,0.00,8.50,2.40,25.9,45.1,4.41,14.10,0.000,77.0,43.0,1,0,0,0,0,0,0,NONE,,RPM:486bd1410c14c8ad TPS:486bd1411108de ADV:486bd1410e9164 MIL:486bd1410100000000c6
1789379532.1255,376.589,1297.0,-67.6,3.14,0.00,8.50,2.40,25.9,45.1,4.41,14.10,0.000,77.0,43.0,1,0,0,0,0,0,0,NONE,,RPM:486bd1410c144429 TPS:486bd1411108de ADV:486bd1410e9164 MIL:486bd1410100000000c6
1789379532.3887,376.853,1396.0,376.2,3.14,0.00,9.00,2.40,25.9,45.1,4.41,14.10,0.000,77.0,43.0,1,0,0,0,0,0,0,NONE,,RPM:486bd1410c15d0b6 TPS:486bd1411108de ADV:486bd1410e9265 MIL:486bd1410100000000c6
1789379532.6604,377.124,1318.0,-287.1,3.14,0.00,8.50,2.40,25.9,45.1,4.41,14.10,0.000,77.0,43.0,1,0,0,0,0,0,0,NONE,,RPM:486bd1410c14987d TPS:486bd1411108de ADV:486bd1410e9164 MIL:486bd1410100000000c6
1789379532.9325,377.396,1342.0,88.2,3.14,0.00,8.50,2.40,25.5,45.1,4.37,14.10,0.000,77.0,43.0,1,0,0,0,0,0,0,NONE,,RPM:486bd1410c14f8dd TPS:486bd1411108de ADV:486bd1410e9164 MIL:486bd1410100000000c6
1789379533.2355,377.699,1338.0,-13.2,3.14,0.00,8.50,2.40,25.5,45.1,4.37,14.10,0.000,77.0,43.0,1,0,0,0,0,0,0,NONE,,RPM:486bd1410c14e8cd TPS:486bd1411108de ADV:486bd1410e9164 MIL:486bd1410100000000c6
1789379533.5635,378.027,1369.0,94.5,3.14,0.00,9.00,2.40,25.5,45.1,4.37,14.10,0.000,77.0,43.0,1,0,0,0,0,0,0,NONE,,RPM:486bd1410c15644a TPS:486bd1411108de ADV:486bd1410e9265 MIL:486bd1410100000000c6
1789379534.0012,378.465,1353.0,-36.6,3.14,0.00,8.50,2.40,25.5,45.1,4.37,14.10,0.000,77.0,43.0,1,0,0,0,0,0,0,NONE,,RPM:486bd1410c15240a TPS:486bd1411108de ADV:486bd1410e9164 MIL:486bd1410100000000c6
1789379534.2751,378.739,1373.0,73.0,3.14,0.00,9.00,2.40,25.5,45.1,4.37,14.10,0.000,77.0,44.0,1,0,0,0,0,0,0,NONE,,RPM:486bd1410c15745a TPS:486bd1411108de ADV:486bd1410e9265 MIL:486bd1410100000000c6
1789379534.5471,379.011,1316.0,-209.6,3.14,0.00,8.50,2.40,25.5,45.1,4.37,14.10,0.000,77.0,44.0,1,0,0,0,0,0,0,NONE,,RPM:486bd1410c149075 TPS:486bd1411108de ADV:486bd1410e9164 MIL:486bd1410100000000c6
1789379534.8264,379.290,1352.0,128.9,3.14,0.00,8.50,2.40,25.5,45.1,4.37,14.10,0.000,77.0,44.0,1,0,0,0,0,0,0,NONE,,RPM:486bd1410c152006 TPS:486bd1411108de ADV:486bd1410e9164 MIL:486bd1410100000000c6
1789379535.2768,379.741,1347.0,-11.1,3.14,0.00,8.50,2.40,25.5,45.1,4.37,14.10,0.000,77.0,44.0,1,0,0,0,0,0,0,NONE,,RPM:486bd1410c150cf2 TPS:486bd1411108de ADV:486bd1410e9164 MIL:486bd1410100000000c6
1789379535.5538,380.018,1375.0,101.1,3.14,0.00,8.50,2.40,25.5,45.1,4.37,14.10,0.000,77.0,44.0,1,0,0,0,0,0,0,NONE,,RPM:486bd1410c157c62 TPS:486bd1411108de ADV:486bd1410e9164 MIL:486bd1410100000000c6
1789379536.0167,380.481,1377.0,4.3,3.14,0.00,8.50,2.40,25.5,45.1,4.37,14.10,0.000,77.0,44.0,1,0,0,0,0,0,0,NONE,,RPM:486bd1410c15846a TPS:486bd1411108de ADV:486bd1410e9164 MIL:486bd1410100000000c6
1789379536.2890,380.753,1357.0,-73.4,3.53,1.44,8.50,2.40,25.5,45.3,4.37,14.10,0.000,77.0,44.0,1,0,0,0,0,0,0,NONE,,RPM:486bd1410c15341a TPS:486bd1411109df ADV:486bd1410e9164 MIL:486bd1410100000000c6
1789379536.5608,381.025,1361.0,14.7,3.53,0.00,8.50,2.40,25.5,45.3,4.37,14.10,0.000,77.0,44.0,1,0,0,0,0,0,0,NONE,,RPM:486bd1410c15442a TPS:486bd1411109df ADV:486bd1410e9164 MIL:486bd1410100000000c6
1789379536.8474,381.311,1346.0,-52.3,3.14,-1.37,8.50,2.40,25.5,45.1,4.37,14.10,0.000,77.0,44.0,1,0,0,0,0,0,0,NONE,,RPM:486bd1410c1508ee TPS:486bd1411108de ADV:486bd1410e9164 MIL:486bd1410100000000c6
1789379537.1514,381.615,1369.0,75.7,3.14,0.00,8.50,2.40,25.5,45.1,4.37,14.10,0.000,77.0,44.0,1,0,0,0,0,0,0,NONE,,RPM:486bd1410c15644a TPS:486bd1411108de ADV:486bd1410e9164 MIL:486bd1410100000000c6
1789379537.4402,381.904,1342.0,-93.5,3.14,0.00,8.50,2.40,25.5,45.1,4.37,14.10,0.000,77.0,44.0,1,0,0,0,0,0,0,NONE,,RPM:486bd1410c14f8dd TPS:486bd1411108de ADV:486bd1410e9164 MIL:486bd1410100000000c6
1789379537.8934,382.357,1343.0,2.2,3.14,0.00,8.50,2.40,25.5,45.1,4.37,14.10,0.000,77.0,44.0,1,0,0,0,0,0,0,NONE,,RPM:486bd1410c14fce1 TPS:486bd1411108de ADV:486bd1410e9164 MIL:486bd1410100000000c6
1789379538.1901,382.654,1327.0,-53.9,3.53,1.32,8.50,2.40,25.5,45.3,4.37,14.10,0.000,77.0,46.0,1,0,0,0,0,0,0,NONE,,RPM:486bd1410c14bca1 TPS:486bd1411109df ADV:486bd1410e9164 MIL:486bd1410100000000c6
1789379538.4628,382.927,1364.0,135.7,3.53,0.00,8.50,2.40,25.5,45.3,4.37,14.10,0.000,77.0,46.0,1,0,0,0,0,0,0,NONE,,RPM:486bd1410c155036 TPS:486bd1411109df ADV:486bd1410e9164 MIL:486bd1410100000000c6
1789379538.7972,383.261,1370.0,17.9,3.14,-1.17,8.50,2.40,25.5,45.1,4.37,14.10,0.000,77.0,46.0,1,0,0,0,0,0,0,NONE,,RPM:486bd1410c15684e TPS:486bd1411108de ADV:486bd1410e9164 MIL:486bd1410100000000c6
1789379539.2425,383.706,1319.0,-114.5,3.14,0.00,7.50,2.40,25.5,45.1,4.37,14.10,0.000,77.0,46.0,1,0,0,0,0,0,0,NONE,,RPM:486bd1410c149c81 TPS:486bd1411108de ADV:486bd1410e8f62 MIL:486bd1410100000000c6
1789379539.5343,383.998,1326.0,24.0,3.14,0.00,8.50,2.40,25.5,45.1,4.37,14.10,0.000,77.0,46.0,1,0,0,0,0,0,0,NONE,,RPM:486bd1410c14b89d TPS:486bd1411108de ADV:486bd1410e9164 MIL:486bd1410100000000c6
1789379540.0049,384.469,1309.0,-36.1,3.53,0.83,8.50,2.40,25.5,45.3,4.37,14.10,0.000,77.0,46.0,1,0,0,0,0,0,0,NONE,,RPM:486bd1410c147459 TPS:486bd1411109df ADV:486bd1410e9164 MIL:486bd1410100000000c6
1789379540.2720,384.736,1347.0,142.2,3.14,-1.47,8.50,2.40,25.5,45.1,4.37,14.10,0.000,77.0,46.0,1,0,0,0,0,0,0,NONE,,RPM:486bd1410c150cf2 TPS:486bd1411108de ADV:486bd1410e9164 MIL:486bd1410100000000c6
1789379540.5412,385.005,1339.0,-29.7,3.14,0.00,8.50,2.40,25.5,45.1,4.37,14.10,0.000,77.0,46.0,1,0,0,0,0,0,0,NONE,,RPM:486bd1410c14ecd1 TPS:486bd1411108de ADV:486bd1410e9164 MIL:486bd1410100000000c6
1789379540.8154,385.279,1364.0,91.2,3.14,0.00,8.50,2.40,25.1,45.1,4.34,14.10,0.000,77.0,46.0,1,0,0,0,0,0,0,NONE,,RPM:486bd1410c155036 TPS:486bd1411108de ADV:486bd1410e9164 MIL:486bd1410100000000c6
1789379541.0832,385.547,1347.0,-63.5,3.53,1.46,9.00,2.40,25.1,45.3,4.34,14.10,0.000,77.0,46.0,1,0,0,0,0,0,0,NONE,,RPM:486bd1410c150cf2 TPS:486bd1411109df ADV:486bd1410e9265 MIL:486bd1410100000000c6
1789379541.3567,385.821,1358.0,40.2,3.53,0.00,8.50,2.40,25.1,45.3,4.34,14.10,0.000,77.0,46.0,1,0,0,0,0,0,0,NONE,,RPM:486bd1410c15381e TPS:486bd1411109df ADV:486bd1410e9164 MIL:486bd1410100000000c6
1789379541.8657,386.330,1328.0,-58.9,3.14,-0.77,8.50,2.40,25.1,45.1,4.34,14.10,0.000,77.0,46.0,1,0,0,0,0,0,0,NONE,,RPM:486bd1410c14c0a5 TPS:486bd1411108de ADV:486bd1410e9164 MIL:486bd1410100000000c6
1789379542.1411,386.605,1335.0,25.4,3.14,0.00,8.50,2.40,25.1,45.1,4.34,14.10,0.000,77.0,46.0,1,0,0,0,0,0,0,NONE,,RPM:486bd1410c14dcc1 TPS:486bd1411108de ADV:486bd1410e9164 MIL:486bd1410100000000c6
1789379542.4103,386.874,1329.0,-22.3,3.14,0.00,8.50,2.40,25.1,45.1,4.34,14.10,0.000,77.0,46.0,1,0,0,0,0,0,0,NONE,,RPM:486bd1410c14c4a9 TPS:486bd1411108de ADV:486bd1410e9164 MIL:486bd1410100000000c6
1789379542.6818,387.146,1343.0,51.6,3.53,1.44,8.50,2.40,25.1,45.3,4.34,14.10,0.000,77.0,46.0,1,0,0,0,0,0,0,NONE,,RPM:486bd1410c14fce1 TPS:486bd1411109df ADV:486bd1410e9164 MIL:486bd1410100000000c6
1789379543.1825,387.646,1346.0,6.0,3.14,-0.78,8.50,2.40,25.1,45.1,4.34,14.10,0.000,77.0,46.0,1,0,0,0,0,0,0,NONE,,RPM:486bd1410c1508ee TPS:486bd1411108de ADV:486bd1410e9164 MIL:486bd1410100000000c6
1789379543.4497,387.914,1337.0,-33.7,3.14,0.00,8.50,2.40,25.1,45.1,4.34,14.10,0.000,77.0,46.0,1,0,0,0,0,0,0,NONE,,RPM:486bd1410c14e4c9 TPS:486bd1411108de ADV:486bd1410e9164 MIL:486bd1410100000000c6
1789379543.9383,388.402,1365.0,57.3,3.14,0.00,8.50,2.40,25.1,45.1,4.34,14.10,0.000,77.0,46.0,1,0,0,0,0,0,0,NONE,,RPM:486bd1410c15543a TPS:486bd1411108de ADV:486bd1410e9164 MIL:486bd1410100000000c6
1789379544.2009,388.665,1358.0,-26.7,3.53,1.49,8.50,2.40,25.1,45.3,4.31,14.10,0.000,78.0,46.0,1,0,0,0,0,0,0,NONE,,RPM:486bd1410c15381e TPS:486bd1411109df ADV:486bd1410e9164 MIL:486bd1410100000000c6
1789379544.4731,388.937,1367.0,33.1,3.14,-1.44,8.00,2.40,25.1,45.1,4.31,14.10,0.000,78.0,46.0,1,0,0,0,0,0,0,NONE,,RPM:486bd1410c155c42 TPS:486bd1411108de ADV:486bd1410e9063 MIL:486bd1410100000000c6
1789379544.7936,389.257,1328.0,-121.7,3.14,0.00,9.00,2.40,25.5,45.1,4.35,14.10,0.000,78.0,46.0,1,0,0,0,0,0,0,NONE,,RPM:486bd1410c14c0a5 TPS:486bd1411108de ADV:486bd1410e9265 MIL:486bd1410100000000c6
1789379545.0655,389.529,1390.0,228.0,3.14,0.00,8.50,2.40,25.5,45.1,4.35,14.10,0.000,78.0,46.0,1,0,0,0,0,0,0,NONE,,RPM:486bd1410c15b89e TPS:486bd1411108de ADV:486bd1410e9164 MIL:486bd1410100000000c6
1789379545.3683,389.832,1300.0,-297.2,3.14,0.00,8.50,2.40,25.5,45.1,4.35,14.10,0.000,78.0,46.0,1,0,0,0,0,0,0,NONE,,RPM:486bd1410c145035 TPS:486bd1411108de ADV:486bd1410e9164 MIL:486bd1410100000000c6
1789379545.8627,390.327,1249.0,-103.2,3.53,0.79,8.00,2.40,25.5,45.3,4.35,14.10,0.000,78.0,46.0,1,0,0,0,0,0,0,NONE,,RPM:486bd1410c138468 TPS:486bd1411109df ADV:486bd1410e9063 MIL:486bd1410100000000c6
1789379546.1637,390.628,1323.0,245.9,3.14,-1.30,8.50,2.40,25.5,45.1,4.35,14.10,0.000,78.0,46.0,1,0,0,0,0,0,0,NONE,,RPM:486bd1410c14ac91 TPS:486bd1411108de ADV:486bd1410e9164 MIL:486bd1410100000000c6
1789379546.4387,390.903,1295.0,-101.8,3.53,1.43,8.50,2.40,25.5,45.3,4.35,14.10,0.000,78.0,46.0,1,0,0,0,0,0,0,NONE,,RPM:486bd1410c143c21 TPS:486bd1411109df ADV:486bd1410e9164 MIL:486bd1410100000000c6
1789379546.7107,391.175,1323.0,102.9,3.14,-1.44,8.50,2.40,25.5,45.1,4.35,14.10,0.000,78.0,46.0,1,0,0,0,0,0,0,NONE,,RPM:486bd1410c14ac91 TPS:486bd1411108de ADV:486bd1410e9164 MIL:486bd1410100000000c6
1789379547.1441,391.608,1336.0,30.0,3.14,0.00,9.00,2.40,25.5,45.1,4.35,14.10,0.000,78.0,46.0,1,0,0,0,0,0,0,NONE,,RPM:486bd1410c14e0c5 TPS:486bd1411108de ADV:486bd1410e9265 MIL:486bd1410100000000c6
1789379547.4628,391.927,1368.0,100.4,3.14,0.00,8.50,2.40,25.5,45.1,4.35,14.10,0.000,78.0,46.0,1,0,0,0,0,0,0,NONE,,RPM:486bd1410c156046 TPS:486bd1411108de ADV:486bd1410e9164 MIL:486bd1410100000000c6
1789379547.9094,392.373,1346.0,-49.3,3.14,0.00,8.50,2.40,25.5,45.1,4.35,14.10,0.000,78.0,46.0,1,0,0,0,0,0,0,NONE,,RPM:486bd1410c1508ee TPS:486bd1411108de ADV:486bd1410e9164 MIL:486bd1410100000000c6
1789379548.1807,392.645,1373.0,99.5,3.14,0.00,8.50,2.40,25.5,45.1,4.32,14.10,0.000,79.0,46.0,1,0,0,0,0,0,0,NONE,,RPM:486bd1410c15745a TPS:486bd1411108de ADV:486bd1410e9164 MIL:486bd1410100000000c6
1789379548.4522,392.916,1355.0,-66.3,3.14,0.00,8.50,2.40,25.5,45.1,4.32,14.10,0.000,79.0,46.0,1,0,0,0,0,0,0,NONE,,RPM:486bd1410c152c12 TPS:486bd1411108de ADV:486bd1410e9164 MIL:486bd1410100000000c6
1789379548.7273,393.191,1354.0,-3.6,3.14,0.00,8.50,2.40,24.7,45.1,4.25,14.10,0.000,79.0,46.0,1,0,0,0,0,0,0,NONE,,RPM:486bd1410c15280e TPS:486bd1411108de ADV:486bd1410e9164 MIL:486bd1410100000000c6
1789379548.9964,393.460,1364.0,37.2,3.14,0.00,9.00,2.40,24.7,45.1,4.25,14.10,0.000,79.0,46.0,1,0,0,0,0,0,0,NONE,,RPM:486bd1410c155036 TPS:486bd1411108de ADV:486bd1410e9265 MIL:486bd1410100000000c6
1789379549.2997,393.764,1326.0,-125.3,3.14,0.00,7.50,2.40,24.7,45.1,4.25,14.10,0.000,79.0,46.0,1,0,0,0,0,0,0,NONE,,RPM:486bd1410c14b89d TPS:486bd1411108de ADV:486bd1410e8f62 MIL:486bd1410100000000c6
1789379549.7263,394.190,1336.0,23.4,3.53,0.92,8.50,2.40,24.7,45.3,4.25,14.10,0.000,79.0,46.0,1,0,0,0,0,0,0,NONE,,RPM:486bd1410c14e0c5 TPS:486bd1411109df ADV:486bd1410e9164 MIL:486bd1410100000000c6
1789379549.9872,394.451,1345.0,34.5,3.14,-1.50,8.50,2.40,24.7,45.1,4.25,14.10,0.000,79.0,47.0,1,0,0,0,0,0,0,NONE,,RPM:486bd1410c1504ea TPS:486bd1411108de ADV:486bd1410e9164 MIL:486bd1410100000000c6
1789379550.2904,394.754,1344.0,-3.3,3.53,1.29,8.50,2.40,24.7,45.3,4.25,14.10,0.000,79.0,47.0,1,0,0,0,0,0,0,NONE,,RPM:486bd1410c1500e6 TPS:486bd1411109df ADV:486bd1410e9164 MIL:486bd1410100000000c6
1789379550.6015,395.065,1358.0,45.0,3.14,-1.26,8.50,2.40,24.7,45.1,4.25,14.10,0.000,79.0,47.0,1,0,0,0,0,0,0,NONE,,RPM:486bd1410c15381e TPS:486bd1411108de ADV:486bd1410e9164 MIL:486bd1410100000000c6
1789379551.0566,395.520,1339.0,-41.7,3.14,0.00,8.50,2.40,24.7,45.1,4.25,14.10,0.000,79.0,47.0,1,0,0,0,0,0,0,NONE,,RPM:486bd1410c14ecd1 TPS:486bd1411108de ADV:486bd1410e9164 MIL:486bd1410100000000c6
1789379551.3462,395.810,1349.0,34.5,3.14,0.00,9.00,2.40,24.7,45.1,4.25,14.10,0.000,79.0,47.0,1,0,0,0,0,0,0,NONE,,RPM:486bd1410c1514fa TPS:486bd1411108de ADV:486bd1410e9265 MIL:486bd1410100000000c6
1789379551.8093,396.273,1370.0,45.3,3.14,0.00,8.50,2.40,24.7,45.1,4.25,14.10,0.000,79.0,47.0,1,0,0,0,0,0,0,NONE,,RPM:486bd1410c15684e TPS:486bd1411108de ADV:486bd1410e9164 MIL:486bd1410100000000c6
1789379552.0821,396.546,1295.0,-274.9,3.14,0.00,9.00,2.40,24.7,45.1,4.22,14.10,0.000,80.0,47.0,1,0,0,0,0,0,0,NONE,,RPM:486bd1410c143c21 TPS:486bd1411108de ADV:486bd1410e9265 MIL:486bd1410100000000c6
1789379552.3690,396.833,1318.0,80.2,3.14,0.00,9.00,2.40,24.7,45.1,4.22,14.10,0.000,80.0,47.0,1,0,0,0,0,0,0,NONE,,RPM:486bd1410c14987d TPS:486bd1411108de ADV:486bd1410e9265 MIL:486bd1410100000000c6
1789379552.6399,397.104,1353.0,129.2,3.14,0.00,8.50,2.40,25.1,45.1,4.26,14.10,0.000,80.0,47.0,1,0,0,0,0,0,0,NONE,,RPM:486bd1410c15240a TPS:486bd1411108de ADV:486bd1410e9164 MIL:486bd1410100000000c6
1789379552.9126,397.376,1297.0,-205.4,3.14,0.00,8.50,2.40,25.1,45.1,4.26,14.10,0.000,80.0,47.0,1,0,0,0,0,0,0,NONE,,RPM:486bd1410c144429 TPS:486bd1411108de ADV:486bd1410e9164 MIL:486bd1410100000000c6
1789379553.1839,397.648,1344.0,173.2,3.14,0.00,8.50,2.40,25.1,45.1,4.26,14.10,0.000,80.0,47.0,1,0,0,0,0,0,0,NONE,,RPM:486bd1410c1500e6 TPS:486bd1411108de ADV:486bd1410e9164 MIL:486bd1410100000000c6
1789379553.6376,398.101,1348.0,8.8,3.14,0.00,8.50,2.40,25.1,45.1,4.26,14.10,0.000,80.0,47.0,1,0,0,0,0,0,0,NONE,,RPM:486bd1410c1510f6 TPS:486bd1411108de ADV:486bd1410e9164 MIL:486bd1410100000000c6
1789379553.9198,398.384,1310.0,-134.6,3.14,0.00,8.50,2.40,25.1,45.1,4.26,14.10,0.000,80.0,48.0,1,0,0,0,0,0,0,NONE,,RPM:486bd1410c14785d TPS:486bd1411108de ADV:486bd1410e9164 MIL:486bd1410100000000c6
1789379554.2070,398.671,1351.0,142.8,3.14,0.00,8.50,2.40,25.1,45.1,4.26,14.10,0.000,80.0,48.0,1,0,0,0,0,0,0,NONE,,RPM:486bd1410c151c02 TPS:486bd1411108de ADV:486bd1410e9164 MIL:486bd1410100000000c6
1789379554.4790,398.943,1345.0,-22.1,3.14,0.00,8.50,2.40,25.1,45.1,4.26,14.10,0.000,80.0,48.0,1,0,0,0,0,0,0,NONE,,RPM:486bd1410c1504ea TPS:486bd1411108de ADV:486bd1410e9164 MIL:486bd1410100000000c6
1789379554.9306,399.394,1335.0,-22.1,3.14,0.00,8.50,2.40,25.1,45.1,4.26,14.10,0.000,80.0,48.0,1,0,0,0,0,0,0,NONE,,RPM:486bd1410c14dcc1 TPS:486bd1411108de ADV:486bd1410e9164 MIL:486bd1410100000000c6
1789379555.1971,399.661,1317.0,-67.5,3.14,0.00,8.50,2.40,25.1,45.1,4.26,14.10,0.000,80.0,48.0,1,0,0,0,0,0,0,NONE,,RPM:486bd1410c149479 TPS:486bd1411108de ADV:486bd1410e9164 MIL:486bd1410100000000c6
1789379555.6254,400.089,1314.0,-7.0,3.14,0.00,8.50,2.40,25.1,45.1,4.26,14.10,0.000,80.0,48.0,1,0,0,0,0,0,0,NONE,,RPM:486bd1410c14886d TPS:486bd1411108de ADV:486bd1410e9164 MIL:486bd1410100000000c6
1789379555.9320,400.396,1359.0,146.8,3.14,0.00,9.00,2.40,25.1,45.1,4.26,14.10,0.000,80.0,48.0,1,0,0,0,0,0,0,NONE,,RPM:486bd1410c153c22 TPS:486bd1411108de ADV:486bd1410e9265 MIL:486bd1410100000000c6
1789379556.2368,400.701,1365.0,19.7,3.14,0.00,8.00,2.40,25.1,45.1,4.26,14.10,0.000,80.0,48.0,1,0,0,0,0,0,0,NONE,,RPM:486bd1410c15543a TPS:486bd1411108de ADV:486bd1410e9063 MIL:486bd1410100000000c6
1789379556.5085,400.972,1311.0,-198.8,3.14,0.00,8.50,2.40,25.1,45.1,4.26,14.10,0.000,80.0,48.0,1,0,0,0,0,0,0,NONE,,RPM:486bd1410c147c61 TPS:486bd1411108de ADV:486bd1410e9164 MIL:486bd1410100000000c6
1789379556.7964,401.260,1318.0,24.3,3.14,0.00,8.50,2.40,25.1,45.1,4.26,14.10,0.000,80.0,48.0,1,0,0,0,0,0,0,NONE,,RPM:486bd1410c14987d TPS:486bd1411108de ADV:486bd1410e9164 MIL:486bd1410100000000c6
1789379557.1002,401.564,1334.0,52.7,3.14,0.00,8.50,2.40,25.1,45.1,4.26,14.10,0.000,80.0,48.0,1,0,0,0,0,0,0,NONE,,RPM:486bd1410c14d8bd TPS:486bd1411108de ADV:486bd1410e9164 MIL:486bd1410100000000c6
1789379557.5774,402.041,1304.0,-62.9,3.14,0.00,8.50,2.40,25.1,45.1,4.26,14.10,0.000,80.0,48.0,1,0,0,0,0,0,0,NONE,,RPM:486bd1410c146045 TPS:486bd1411108de ADV:486bd1410e9164 MIL:486bd1410100000000c6
1789379557.8824,402.346,1345.0,134.4,3.14,0.00,8.50,2.40,25.1,45.1,4.26,14.10,0.000,80.0,48.0,1,0,0,0,0,0,0,NONE,,RPM:486bd1410c1504ea TPS:486bd1411108de ADV:486bd1410e9164 MIL:486bd1410100000000c6
1789379558.1550,402.619,1352.0,25.7,3.14,0.00,8.50,2.40,25.1,45.1,4.26,14.10,0.000,80.0,48.0,1,0,0,0,0,0,0,NONE,,RPM:486bd1410c152006 TPS:486bd1411108de ADV:486bd1410e9164 MIL:486bd1410100000000c6
1789379558.4275,402.891,1376.0,88.1,3.14,0.00,8.50,2.40,25.1,45.1,4.26,14.10,0.000,80.0,48.0,1,0,0,0,0,0,0,NONE,,RPM:486bd1410c158066 TPS:486bd1411108de ADV:486bd1410e9164 MIL:486bd1410100000000c6
1789379558.9241,403.388,1332.0,-88.6,3.14,0.00,9.00,2.40,25.1,45.1,4.26,14.10,0.000,80.0,48.0,1,0,0,0,0,0,0,NONE,,RPM:486bd1410c14d0b5 TPS:486bd1411108de ADV:486bd1410e9265 MIL:486bd1410100000000c6
1789379559.2602,403.724,1314.0,-53.5,3.14,0.00,8.00,2.40,25.1,45.1,4.26,14.10,0.000,80.0,48.0,1,0,0,0,0,0,0,NONE,,RPM:486bd1410c14886d TPS:486bd1411108de ADV:486bd1410e9063 MIL:486bd1410100000000c6
1789379559.6834,404.147,1344.0,70.9,3.53,0.93,6.50,2.40,25.1,45.3,4.26,14.10,0.000,80.0,48.0,1,0,0,0,0,0,0,NONE,,RPM:486bd1410c1500e6 TPS:486bd1411109df ADV:486bd1410e8d60 MIL:486bd1410100000000c6
1789379559.9615,404.425,1334.0,-36.0,3.14,-1.41,10.00,2.40,25.1,45.1,4.23,14.10,0.000,81.0,48.0,1,0,0,0,0,0,0,NONE,,RPM:486bd1410c14d8bd TPS:486bd1411108de ADV:486bd1410e9467 MIL:486bd1410100000000c6
1789379560.2827,404.747,1373.0,121.4,3.14,0.00,8.50,2.40,25.1,45.1,4.23,14.10,0.000,81.0,48.0,1,0,0,0,0,0,0,NONE,,RPM:486bd1410c15745a TPS:486bd1411108de ADV:486bd1410e9164 MIL:486bd1410100000000c6
1789379560.5530,405.017,1293.0,-295.9,3.53,1.45,8.50,2.40,25.1,45.3,4.23,14.10,0.000,81.0,48.0,1,0,0,0,0,0,0,NONE,,RPM:486bd1410c143419 TPS:486bd1411109df ADV:486bd1410e9164 MIL:486bd1410100000000c6
1789379560.8246,405.289,1358.0,239.3,3.14,-1.44,8.50,2.40,25.1,45.1,4.23,14.10,0.000,81.0,48.0,1,0,0,0,0,0,0,NONE,,RPM:486bd1410c15381e TPS:486bd1411108de ADV:486bd1410e9164 MIL:486bd1410100000000c6
1789379561.1368,405.601,1300.0,-185.8,3.14,0.00,8.00,2.40,25.1,45.1,4.23,14.10,0.000,81.0,48.0,1,0,0,0,0,0,0,NONE,,RPM:486bd1410c145035 TPS:486bd1411108de ADV:486bd1410e9063 MIL:486bd1410100000000c6
1789379561.5748,406.039,1340.0,91.3,3.14,0.00,9.00,2.40,25.1,45.1,4.23,14.10,0.000,81.0,48.0,1,0,0,0,0,0,0,NONE,,RPM:486bd1410c14f0d5 TPS:486bd1411108de ADV:486bd1410e9265 MIL:486bd1410100000000c6
1789379561.8933,406.357,1340.0,0.0,3.14,0.00,8.50,2.40,25.1,45.1,4.23,14.10,0.000,81.0,48.0,1,0,0,0,0,0,0,NONE,,RPM:486bd1410c14f0d5 TPS:486bd1411108de ADV:486bd1410e9164 MIL:486bd1410100000000c6
1789379562.1824,406.646,1314.0,-89.9,3.14,0.00,8.50,2.40,25.1,45.1,4.23,14.10,0.000,81.0,48.0,1,0,0,0,0,0,0,NONE,,RPM:486bd1410c14886d TPS:486bd1411108de ADV:486bd1410e9164 MIL:486bd1410100000000c6
1789379562.4861,406.950,1326.0,39.5,3.14,0.00,8.50,2.40,25.1,45.1,4.23,14.10,0.000,81.0,48.0,1,0,0,0,0,0,0,NONE,,RPM:486bd1410c14b89d TPS:486bd1411108de ADV:486bd1410e9164 MIL:486bd1410100000000c6
1789379562.9213,407.385,1320.0,-13.8,3.14,0.00,8.50,2.40,25.1,45.1,4.23,14.10,0.000,81.0,48.0,1,0,0,0,0,0,0,NONE,,RPM:486bd1410c14a085 TPS:486bd1411108de ADV:486bd1410e9164 MIL:486bd1410100000000c6
1789379563.2173,407.681,1366.0,155.4,3.14,0.00,8.50,2.40,25.1,45.1,4.23,14.10,0.000,81.0,48.0,1,0,0,0,0,0,0,NONE,,RPM:486bd1410c15583e TPS:486bd1411108de ADV:486bd1410e9164 MIL:486bd1410100000000c6
1789379563.7001,408.164,1324.0,-87.0,3.53,0.81,8.50,2.40,25.1,45.3,4.23,14.10,0.000,81.0,48.0,1,0,0,0,0,0,0,NONE,,RPM:486bd1410c14b095 TPS:486bd1411109df ADV:486bd1410e9164 MIL:486bd1410100000000c6
1789379563.9915,408.455,1400.0,260.8,3.14,-1.35,8.50,2.40,25.1,45.1,4.23,14.10,0.000,81.0,48.0,1,0,0,0,0,0,0,NONE,,RPM:486bd1410c15e0c6 TPS:486bd1411108de ADV:486bd1410e9164 MIL:486bd1410100000000c6
1789379564.2650,408.729,1324.0,-277.9,3.14,0.00,8.50,2.40,25.1,45.1,4.23,14.10,0.000,81.0,48.0,1,0,0,0,0,0,0,NONE,,RPM:486bd1410c14b095 TPS:486bd1411108de ADV:486bd1410e9164 MIL:486bd1410100000000c6
1789379564.5340,408.998,1345.0,78.1,3.14,0.00,8.50,2.40,25.5,45.1,4.27,14.10,0.000,81.0,48.0,1,0,0,0,0,0,0,NONE,,RPM:486bd1410c1504ea TPS:486bd1411108de ADV:486bd1410e9164 MIL:486bd1410100000000c6
1789379564.8040,409.268,1359.0,51.8,3.14,0.00,8.50,2.40,25.5,45.1,4.27,14.10,0.000,81.0,48.0,1,0,0,0,0,0,0,NONE,,RPM:486bd1410c153c22 TPS:486bd1411108de ADV:486bd1410e9164 MIL:486bd1410100000000c6
1789379565.1330,409.597,1325.0,-103.3,3.14,0.00,8.50,2.40,25.5,45.1,4.27,14.10,0.000,81.0,48.0,1,0,0,0,0,0,0,NONE,,RPM:486bd1410c14b499 TPS:486bd1411108de ADV:486bd1410e9164 MIL:486bd1410100000000c6
1789379565.5690,410.033,1382.0,130.7,3.14,0.00,9.00,2.40,25.5,45.1,4.27,14.10,0.000,81.0,48.0,1,0,0,0,0,0,0,NONE,,RPM:486bd1410c15987e TPS:486bd1411108de ADV:486bd1410e9265 MIL:486bd1410100000000c6
1789379565.8435,410.307,1338.0,-160.3,3.14,0.00,8.50,2.40,25.5,45.1,4.27,14.10,0.000,81.0,48.0,1,0,0,0,0,0,0,NONE,,RPM:486bd1410c14e8cd TPS:486bd1411108de ADV:486bd1410e9164 MIL:486bd1410100000000c6
1789379566.1316,410.595,1369.0,107.6,3.14,0.00,9.00,2.40,25.5,45.1,4.27,14.10,0.000,81.0,48.0,1,0,0,0,0,0,0,NONE,,RPM:486bd1410c15644a TPS:486bd1411108de ADV:486bd1410e9265 MIL:486bd1410100000000c6
1789379566.4191,410.883,1346.0,-80.0,3.14,0.00,8.50,2.40,25.5,45.1,4.27,14.10,0.000,81.0,48.0,1,0,0,0,0,0,0,NONE,,RPM:486bd1410c1508ee TPS:486bd1411108de ADV:486bd1410e9164 MIL:486bd1410100000000c6
1789379566.8642,411.328,1341.0,-11.2,3.14,0.00,8.00,2.40,25.5,45.1,4.27,14.10,0.000,81.0,48.0,1,0,0,0,0,0,0,NONE,,RPM:486bd1410c14f4d9 TPS:486bd1411108de ADV:486bd1410e9063 MIL:486bd1410100000000c6
1789379567.1557,411.620,1293.0,-164.6,3.14,0.00,9.00,2.40,25.5,45.1,4.27,14.10,0.000,81.0,48.0,1,0,0,0,0,0,0,NONE,,RPM:486bd1410c143419 TPS:486bd1411108de ADV:486bd1410e9265 MIL:486bd1410100000000c6
1789379567.5903,412.054,1320.0,62.1,3.14,0.00,8.50,2.40,25.5,45.1,4.27,14.10,0.000,81.0,48.0,1,0,0,0,0,0,0,NONE,,RPM:486bd1410c14a085 TPS:486bd1411108de ADV:486bd1410e9164 MIL:486bd1410100000000c6
1789379567.8996,412.363,1356.0,116.4,3.14,0.00,8.50,2.40,25.5,45.1,4.25,14.10,0.000,82.0,48.0,1,0,0,0,0,0,0,NONE,,RPM:486bd1410c153016 TPS:486bd1411108de ADV:486bd1410e9164 MIL:486bd1410100000000c6
1789379568.2085,412.672,1363.0,22.7,3.14,0.00,8.50,2.40,25.5,45.1,4.25,14.10,0.000,82.0,48.0,1,0,0,0,0,0,0,NONE,,RPM:486bd1410c154c32 TPS:486bd1411108de ADV:486bd1410e9164 MIL:486bd1410100000000c6
1789379568.4801,412.944,1353.0,-36.8,3.14,0.00,8.50,2.40,25.1,45.1,4.21,14.10,0.000,82.0,48.0,1,0,0,0,0,0,0,NONE,,RPM:486bd1410c15240a TPS:486bd1411108de ADV:486bd1410e9164 MIL:486bd1410100000000c6
1789379568.7836,413.247,1331.0,-72.5,3.14,0.00,8.50,2.40,25.1,45.1,4.21,14.10,0.000,82.0,48.0,1,0,0,0,0,0,0,NONE,,RPM:486bd1410c14ccb1 TPS:486bd1411108de ADV:486bd1410e9164 MIL:486bd1410100000000c6
1789379569.0656,413.529,1318.0,-46.1,3.14,0.00,9.00,2.40,25.1,45.1,4.21,14.10,0.000,82.0,48.0,1,0,0,0,0,0,0,NONE,,RPM:486bd1410c14987d TPS:486bd1411108de ADV:486bd1410e9265 MIL:486bd1410100000000c6
1789379569.5071,413.971,1316.0,-4.5,3.14,0.00,8.50,2.40,25.1,45.1,4.21,14.10,0.000,82.0,48.0,1,0,0,0,0,0,0,NONE,,RPM:486bd1410c149075 TPS:486bd1411108de ADV:486bd1410e9164 MIL:486bd1410100000000c6
1789379569.7852,414.249,1341.0,89.9,3.53,1.41,8.50,2.40,25.1,45.3,4.21,14.10,0.000,82.0,48.0,1,0,0,0,0,0,0,NONE,,RPM:486bd1410c14f4d9 TPS:486bd1411109df ADV:486bd1410e9164 MIL:486bd1410100000000c6
1789379570.0649,414.529,1314.0,-96.5,3.14,-1.40,8.50,2.40,25.1,45.1,4.21,14.10,0.000,82.0,48.0,1,0,0,0,0,0,0,NONE,,RPM:486bd1410c14886d TPS:486bd1411108de ADV:486bd1410e9164 MIL:486bd1410100000000c6
1789379570.3342,414.798,1338.0,89.1,3.53,1.46,8.50,2.40,25.1,45.3,4.21,14.10,0.000,82.0,48.0,1,0,0,0,0,0,0,NONE,,RPM:486bd1410c14e8cd TPS:486bd1411109df ADV:486bd1410e9164 MIL:486bd1410100000000c6
1789379570.8408,415.305,1340.0,3.9,3.14,-0.77,8.50,2.40,25.1,45.1,4.21,14.10,0.000,82.0,48.0,1,0,0,0,0,0,0,NONE,,RPM:486bd1410c14f0d5 TPS:486bd1411108de ADV:486bd1410e9164 MIL:486bd1410100000000c6
1789379571.1170,415.581,1323.0,-61.5,3.53,1.42,8.50,2.40,25.1,45.3,4.21,14.10,0.000,82.0,48.0,1,0,0,0,0,0,0,NONE,,RPM:486bd1410c14ac91 TPS:486bd1411109df ADV:486bd1410e9164 MIL:486bd1410100000000c6
1789379571.5926,416.056,1311.0,-25.2,3.53,0.00,8.50,2.40,25.1,45.3,4.21,14.10,0.000,82.0,48.0,1,0,0,0,0,0,0,NONE,,RPM:486bd1410c147c61 TPS:486bd1411109df ADV:486bd1410e9164 MIL:486bd1410100000000c6
1789379571.8842,416.348,1377.0,226.3,3.14,-1.34,9.00,2.40,25.1,45.1,4.19,14.10,0.000,83.0,48.0,1,0,0,0,0,0,0,NONE,,RPM:486bd1410c15846a TPS:486bd1411108de ADV:486bd1410e9265 MIL:486bd1410100000000c6
1789379572.1561,416.620,1354.0,-84.6,3.14,0.00,8.50,2.40,25.1,45.1,4.19,14.10,0.000,83.0,48.0,1,0,0,0,0,0,0,NONE,,RPM:486bd1410c15280e TPS:486bd1411108de ADV:486bd1410e9164 MIL:486bd1410100000000c6
1789379572.4776,416.941,1351.0,-9.3,3.14,0.00,10.00,2.40,25.9,45.1,4.26,14.10,0.000,83.0,48.0,1,0,0,0,0,0,0,NONE,,RPM:486bd1410c151c02 TPS:486bd1411108de ADV:486bd1410e9467 MIL:486bd1410100000000c6
1789379572.7488,417.213,1369.0,66.4,3.53,1.45,7.50,2.40,25.9,45.3,4.26,14.10,0.000,83.0,48.0,1,0,0,0,0,0,0,NONE,,RPM:486bd1410c15644a TPS:486bd1411109df ADV:486bd1410e8f62 MIL:486bd1410100000000c6
1789379573.0251,417.489,1325.0,-159.2,3.14,-1.42,9.00,2.40,25.9,45.1,4.26,14.10,0.000,83.0,48.0,1,0,0,0,0,0,0,NONE,,RPM:486bd1410c14b499 TPS:486bd1411108de ADV:486bd1410e9265 MIL:486bd1410100000000c6
1789379573.4828,417.947,1326.0,2.2,3.14,0.00,8.50,2.40,25.9,45.1,4.26,14.10,0.000,83.0,48.0,1,0,0,0,0,0,0,NONE,,RPM:486bd1410c14b89d TPS:486bd1411108de ADV:486bd1410e9164 MIL:486bd1410100000000c6
1789379573.7549,418.219,1312.0,-51.5,3.14,0.00,8.50,2.40,25.9,45.1,4.26,14.10,0.000,83.0,49.0,1,0,0,0,0,0,0,NONE,,RPM:486bd1410c148065 TPS:486bd1411108de ADV:486bd1410e9164 MIL:486bd1410100000000c6
1789379574.0440,418.508,1356.0,152.2,3.14,0.00,9.00,2.40,25.9,45.1,4.26,14.10,0.000,83.0,49.0,1,0,0,0,0,0,0,NONE,,RPM:486bd1410c153016 TPS:486bd1411108de ADV:486bd1410e9265 MIL:486bd1410100000000c6
1789379574.3142,418.778,1351.0,-18.5,3.14,0.00,9.00,2.40,25.9,45.1,4.26,14.10,0.000,83.0,49.0,1,0,0,0,0,0,0,NONE,,RPM:486bd1410c151c02 TPS:486bd1411108de ADV:486bd1410e9265 MIL:486bd1410100000000c6
1789379574.7677,419.232,1348.0,-6.6,3.14,0.00,8.50,2.40,25.9,45.1,4.26,14.10,0.000,83.0,49.0,1,0,0,0,0,0,0,NONE,,RPM:486bd1410c1510f6 TPS:486bd1411108de ADV:486bd1410e9164 MIL:486bd1410100000000c6
1789379575.0333,419.497,1363.0,56.5,3.14,0.00,8.50,2.40,25.9,45.1,4.26,14.10,0.000,83.0,49.0,1,0,0,0,0,0,0,NONE,,RPM:486bd1410c154c32 TPS:486bd1411108de ADV:486bd1410e9164 MIL:486bd1410100000000c6
1789379575.5487,420.013,1358.0,-9.7,3.14,0.00,9.00,2.40,25.9,45.1,4.26,14.10,0.000,83.0,49.0,1,0,0,0,0,0,0,NONE,,RPM:486bd1410c15381e TPS:486bd1411108de ADV:486bd1410e9265 MIL:486bd1410100000000c6
1789379575.8163,420.280,1365.0,26.2,3.14,0.00,8.50,2.40,25.9,45.1,4.26,14.10,0.000,83.0,49.0,1,0,0,0,0,0,0,NONE,,RPM:486bd1410c15543a TPS:486bd1411108de ADV:486bd1410e9164 MIL:486bd1410100000000c6
1789379576.1368,420.601,1331.0,-106.1,3.14,0.00,8.50,2.40,25.9,45.1,4.26,14.10,0.000,83.0,49.0,1,0,0,0,0,0,0,NONE,,RPM:486bd1410c14ccb1 TPS:486bd1411108de ADV:486bd1410e9164 MIL:486bd1410100000000c6
1789379576.4089,420.873,1351.0,73.5,3.14,0.00,7.50,2.40,23.9,45.1,4.08,14.10,0.000,83.0,49.0,1,0,0,0,0,0,0,NONE,,RPM:486bd1410c151c02 TPS:486bd1411108de ADV:486bd1410e8f62 MIL:486bd1410100000000c6
1789379576.6813,421.145,1358.0,25.7,3.14,0.00,9.00,2.40,23.9,45.1,4.08,14.10,0.000,83.0,49.0,1,0,0,0,0,0,0,NONE,,RPM:486bd1410c15381e TPS:486bd1411108de ADV:486bd1410e9265 MIL:486bd1410100000000c6
1789379576.9574,421.421,1357.0,-3.6,3.14,0.00,8.50,2.40,23.9,45.1,4.08,14.10,0.000,83.0,49.0,1,0,0,0,0,0,0,NONE,,RPM:486bd1410c15341a TPS:486bd1411108de ADV:486bd1410e9164 MIL:486bd1410100000000c6
1789379577.4385,421.902,1345.0,-24.9,3.14,0.00,8.50,2.40,23.9,45.1,4.08,14.10,0.000,83.0,49.0,1,0,0,0,0,0,0,NONE,,RPM:486bd1410c1504ea TPS:486bd1411108de ADV:486bd1410e9164 MIL:486bd1410100000000c6
1789379577.7187,422.183,1326.0,-67.8,3.14,0.00,9.00,2.40,23.9,45.1,4.08,14.10,0.000,83.0,50.0,1,0,0,0,0,0,0,NONE,,RPM:486bd1410c14b89d TPS:486bd1411108de ADV:486bd1410e9265 MIL:486bd1410100000000c6
1789379577.9978,422.462,1371.0,161.2,3.14,0.00,8.50,2.40,23.9,45.1,4.08,14.10,0.000,83.0,50.0,1,0,0,0,0,0,0,NONE,,RPM:486bd1410c156c52 TPS:486bd1411108de ADV:486bd1410e9164 MIL:486bd1410100000000c6
1789379578.3112,422.775,1363.0,-25.5,3.53,1.25,8.50,2.40,23.9,45.3,4.08,14.10,0.000,83.0,50.0,1,0,0,0,0,0,0,NONE,,RPM:486bd1410c154c32 TPS:486bd1411109df ADV:486bd1410e9164 MIL:486bd1410100000000c6
1789379578.7914,423.255,1322.0,-85.4,3.14,-0.82,8.50,2.40,23.9,45.1,4.08,14.10,0.000,83.0,50.0,1,0,0,0,0,0,0,NONE,,RPM:486bd1410c14a88d TPS:486bd1411108de ADV:486bd1410e9164 MIL:486bd1410100000000c6
1789379579.1096,423.574,1331.0,28.3,3.53,1.23,8.50,2.40,23.9,45.3,4.08,14.10,0.000,83.0,50.0,1,0,0,0,0,0,0,NONE,,RPM:486bd1410c14ccb1 TPS:486bd1411109df ADV:486bd1410e9164 MIL:486bd1410100000000c6
1789379579.5824,424.046,1334.0,6.3,3.14,-0.83,8.50,2.40,23.9,45.1,4.08,14.10,0.000,83.0,50.0,1,0,0,0,0,0,0,NONE,,RPM:486bd1410c14d8bd TPS:486bd1411108de ADV:486bd1410e9164 MIL:486bd1410100000000c6
1789379579.8722,424.336,1318.0,-55.2,3.14,0.00,8.50,2.40,23.9,45.1,4.06,14.10,0.000,84.0,50.0,1,0,0,0,0,0,0,NONE,,RPM:486bd1410c14987d TPS:486bd1411108de ADV:486bd1410e9164 MIL:486bd1410100000000c6
1789379580.2009,424.665,1351.0,100.4,3.14,0.00,8.50,2.40,23.9,45.1,4.06,14.10,0.000,84.0,50.0,1,0,0,0,0,0,0,NONE,,RPM:486bd1410c151c02 TPS:486bd1411108de ADV:486bd1410e9164 MIL:486bd1410100000000c6
1789379580.4686,424.933,1299.0,-194.2,3.14,0.00,8.50,2.40,25.5,45.1,4.20,14.10,0.000,84.0,50.0,1,0,0,0,0,0,0,NONE,,RPM:486bd1410c144c31 TPS:486bd1411108de ADV:486bd1410e9164 MIL:486bd1410100000000c6
1789379580.7431,425.207,1349.0,182.2,3.14,0.00,8.50,2.40,25.5,45.1,4.20,14.10,0.000,84.0,50.0,1,0,0,0,0,0,0,NONE,,RPM:486bd1410c1514fa TPS:486bd1411108de ADV:486bd1410e9164 MIL:486bd1410100000000c6
1789379581.0125,425.476,1347.0,-7.4,3.14,0.00,8.00,2.40,25.5,45.1,4.20,14.10,0.000,84.0,50.0,1,0,0,0,0,0,0,NONE,,RPM:486bd1410c150cf2 TPS:486bd1411108de ADV:486bd1410e9063 MIL:486bd1410100000000c6
1789379581.4541,425.918,1354.0,15.8,3.14,0.00,8.50,2.40,25.5,45.1,4.20,14.10,0.000,84.0,50.0,1,0,0,0,0,0,0,NONE,,RPM:486bd1410c15280e TPS:486bd1411108de ADV:486bd1410e9164 MIL:486bd1410100000000c6
1789379581.7632,426.227,1324.0,-97.1,3.14,0.00,8.50,2.40,25.5,45.1,4.20,14.10,0.000,84.0,50.0,1,0,0,0,0,0,0,NONE,,RPM:486bd1410c14b095 TPS:486bd1411108de ADV:486bd1410e9164 MIL:486bd1410100000000c6
1789379582.0497,426.514,1333.0,31.4,3.14,0.00,8.50,2.40,25.5,45.1,4.20,14.10,0.000,84.0,50.0,1,0,0,0,0,0,0,NONE,,RPM:486bd1410c14d4b9 TPS:486bd1411108de ADV:486bd1410e9164 MIL:486bd1410100000000c6
1789379582.3538,426.818,1345.0,39.5,3.53,1.29,8.50,2.40,25.5,45.3,4.20,14.10,0.000,84.0,50.0,1,0,0,0,0,0,0,NONE,,RPM:486bd1410c1504ea TPS:486bd1411109df ADV:486bd1410e9164 MIL:486bd1410100000000c6
1789379582.8067,427.271,1319.0,-57.4,3.14,-0.87,8.00,2.40,25.5,45.1,4.20,14.10,0.000,84.0,50.0,1,0,0,0,0,0,0,NONE,,RPM:486bd1410c149c81 TPS:486bd1411108de ADV:486bd1410e9063 MIL:486bd1410100000000c6
1789379583.0729,427.537,1358.0,146.5,3.53,1.47,8.50,2.40,25.5,45.3,4.20,14.10,0.000,84.0,50.0,1,0,0,0,0,0,0,NONE,,RPM:486bd1410c15381e TPS:486bd1411109df ADV:486bd1410e9164 MIL:486bd1410100000000c6
1789379583.5279,427.992,1330.0,-61.5,3.14,-0.86,8.50,2.40,25.5,45.1,4.20,14.10,0.000,84.0,50.0,1,0,0,0,0,0,0,NONE,,RPM:486bd1410c14c8ad TPS:486bd1411108de ADV:486bd1410e9164 MIL:486bd1410100000000c6
1789379583.8572,428.321,1303.0,-82.0,3.14,0.00,8.50,2.40,25.5,45.1,4.18,14.10,0.000,85.0,50.0,1,0,0,0,0,0,0,NONE,,RPM:486bd1410c145c41 TPS:486bd1411108de ADV:486bd1410e9164 MIL:486bd1410100000000c6
1789379584.1406,428.604,1326.0,81.1,3.14,0.00,8.50,2.40,25.5,45.1,4.18,14.10,0.000,85.0,50.0,1,0,0,0,0,0,0,NONE,,RPM:486bd1410c14b89d TPS:486bd1411108de ADV:486bd1410e9164 MIL:486bd1410100000000c6
1789379584.4531,428.917,1298.0,-89.6,3.14,0.00,8.50,2.40,25.1,45.1,4.14,14.10,0.000,85.0,50.0,1,0,0,0,0,0,0,NONE,,RPM:486bd1410c14482d TPS:486bd1411108de ADV:486bd1410e9164 MIL:486bd1410100000000c6
1789379584.7204,429.184,1333.0,130.9,3.14,0.00,8.50,2.40,25.1,45.1,4.14,14.10,0.000,85.0,50.0,1,0,0,0,0,0,0,NONE,,RPM:486bd1410c14d4b9 TPS:486bd1411108de ADV:486bd1410e9164 MIL:486bd1410100000000c6
1789379584.9946,429.458,1337.0,14.6,3.14,0.00,8.00,2.40,25.1,45.1,4.14,14.10,0.000,85.0,50.0,1,0,0,0,0,0,0,NONE,,RPM:486bd1410c14e4c9 TPS:486bd1411108de ADV:486bd1410e9063 MIL:486bd1410100000000c6
1789379585.4155,429.879,1338.0,2.4,3.14,0.00,8.50,2.40,25.1,45.1,4.14,14.10,0.000,85.0,50.0,1,0,0,0,0,0,0,NONE,,RPM:486bd1410c14e8cd TPS:486bd1411108de ADV:486bd1410e9164 MIL:486bd1410100000000c6
1789379585.6797,430.144,1376.0,143.8,3.53,1.48,8.50,2.40,25.1,45.3,4.14,14.10,0.000,85.0,50.0,1,0,0,0,0,0,0,NONE,,RPM:486bd1410c158066 TPS:486bd1411109df ADV:486bd1410e9164 MIL:486bd1410100000000c6
1789379585.9524,430.416,1328.0,-176.0,3.14,-1.44,10.00,2.40,25.1,45.1,4.14,14.10,0.000,85.0,50.0,1,0,0,0,0,0,0,NONE,,RPM:486bd1410c14c0a5 TPS:486bd1411108de ADV:486bd1410e9467 MIL:486bd1410100000000c6
1789379586.2543,430.718,1379.0,168.9,3.14,0.00,9.00,2.40,25.1,45.1,4.14,14.10,0.000,85.0,50.0,1,0,0,0,0,0,0,NONE,,RPM:486bd1410c158c72 TPS:486bd1411108de ADV:486bd1410e9265 MIL:486bd1410100000000c6
1789379586.7019,431.166,1348.0,-69.3,3.14,0.00,8.50,2.40,25.1,45.1,4.14,14.10,0.000,85.0,50.0,1,0,0,0,0,0,0,NONE,,RPM:486bd1410c1510f6 TPS:486bd1411108de ADV:486bd1410e9164 MIL:486bd1410100000000c6
1789379586.9732,431.437,1331.0,-62.7,3.14,0.00,8.00,2.40,25.1,45.1,4.14,14.10,0.000,85.0,50.0,1,0,0,0,0,0,0,NONE,,RPM:486bd1410c14ccb1 TPS:486bd1411108de ADV:486bd1410e9063 MIL:486bd1410100000000c6
1789379587.4174,431.881,1344.0,29.3,3.14,0.00,8.50,2.40,25.1,45.1,4.14,14.10,0.000,85.0,50.0,1,0,0,0,0,0,0,NONE,,RPM:486bd1410c1500e6 TPS:486bd1411108de ADV:486bd1410e9164 MIL:486bd1410100000000c6
1789379587.6938,432.158,1334.0,-36.2,3.53,1.42,8.50,2.40,25.1,45.3,4.14,14.10,0.000,85.0,50.0,1,0,0,0,0,0,0,NONE,,RPM:486bd1410c14d8bd TPS:486bd1411109df ADV:486bd1410e9164 MIL:486bd1410100000000c6
1789379587.9636,432.427,1340.0,22.2,3.53,0.00,8.50,2.40,25.1,45.3,4.14,14.10,0.000,85.0,50.0,1,0,0,0,0,0,0,NONE,,RPM:486bd1410c14f0d5 TPS:486bd1411109df ADV:486bd1410e9164 MIL:486bd1410100000000c6
1789379588.2732,432.737,1317.0,-74.3,3.14,-1.27,8.50,2.40,25.1,45.1,4.14,14.10,0.000,85.0,50.0,1,0,0,0,0,0,0,NONE,,RPM:486bd1410c149479 TPS:486bd1411108de ADV:486bd1410e9164 MIL:486bd1410100000000c6
1789379588.5387,433.003,1336.0,71.5,3.14,0.00,8.50,2.40,25.1,45.1,4.14,14.10,0.000,85.0,50.0,1,0,0,0,0,0,0,NONE,,RPM:486bd1410c14e0c5 TPS:486bd1411108de ADV:486bd1410e9164 MIL:486bd1410100000000c6
1789379588.8249,433.289,1344.0,28.0,3.53,1.37,8.50,2.40,25.1,45.3,4.14,14.10,0.000,85.0,50.0,1,0,0,0,0,0,0,NONE,,RPM:486bd1410c1500e6 TPS:486bd1411109df ADV:486bd1410e9164 MIL:486bd1410100000000c6
1789379589.2653,433.729,1292.0,-118.1,3.53,0.00,8.00,2.40,25.1,45.3,4.14,14.10,0.000,85.0,50.0,1,0,0,0,0,0,0,NONE,,RPM:486bd1410c143015 TPS:486bd1411109df ADV:486bd1410e9063 MIL:486bd1410100000000c6
1789379589.5312,433.995,1337.0,169.2,3.53,0.00,8.50,2.40,25.1,45.3,4.14,14.10,0.000,85.0,50.0,1,0,0,0,0,0,0,NONE,,RPM:486bd1410c14e4c9 TPS:486bd1411109df ADV:486bd1410e9164 MIL:486bd1410100000000c6
1789379589.8507,434.315,1338.0,3.1,3.14,-1.23,8.50,2.40,25.1,45.1,4.14,14.10,0.000,85.0,50.0,1,0,0,0,0,0,0,NONE,,RPM:486bd1410c14e8cd TPS:486bd1411108de ADV:486bd1410e9164 MIL:486bd1410100000000c6
1789379590.1538,434.618,1294.0,-145.2,3.14,0.00,8.00,2.40,25.1,45.1,4.14,14.10,0.000,85.0,50.0,1,0,0,0,0,0,0,NONE,,RPM:486bd1410c14381d TPS:486bd1411108de ADV:486bd1410e9063 MIL:486bd1410100000000c6
1789379590.6000,435.064,1370.0,170.3,3.14,0.00,8.50,2.40,25.1,45.1,4.14,14.10,0.000,85.0,50.0,1,0,0,0,0,0,0,NONE,,RPM:486bd1410c15684e TPS:486bd1411108de ADV:486bd1410e9164 MIL:486bd1410100000000c6
1789379590.9266,435.390,1282.0,-269.4,3.14,0.00,8.00,2.40,25.1,45.1,4.14,14.10,0.000,85.0,50.0,1,0,0,0,0,0,0,NONE,,RPM:486bd1410c1408ed TPS:486bd1411108de ADV:486bd1410e9063 MIL:486bd1410100000000c6
1789379591.3574,435.821,1325.0,99.8,3.14,0.00,8.50,2.40,25.1,45.1,4.14,14.10,0.000,85.0,50.0,1,0,0,0,0,0,0,NONE,,RPM:486bd1410c14b499 TPS:486bd1411108de ADV:486bd1410e9164 MIL:486bd1410100000000c6
1789379591.6403,436.104,1338.0,46.0,3.14,0.00,8.50,2.40,25.1,45.1,4.14,14.10,0.000,85.0,50.0,1,0,0,0,0,0,0,NONE,,RPM:486bd1410c14e8cd TPS:486bd1411108de ADV:486bd1410e9164 MIL:486bd1410100000000c6
1789379591.9134,436.377,1340.0,7.3,3.14,0.00,8.50,2.40,25.1,45.1,4.14,14.10,0.000,85.0,50.0,1,0,0,0,0,0,0,NONE,,RPM:486bd1410c14f0d5 TPS:486bd1411108de ADV:486bd1410e9164 MIL:486bd1410100000000c6
1789379592.1976,436.661,1353.0,45.7,3.14,0.00,8.50,2.40,25.1,45.1,4.14,14.10,0.000,85.0,50.0,1,0,0,0,0,0,0,NONE,,RPM:486bd1410c15240a TPS:486bd1411108de ADV:486bd1410e9164 MIL:486bd1410100000000c6
1789379592.4990,436.963,1302.0,-169.2,3.14,0.00,8.50,2.40,25.1,45.1,4.14,14.10,0.000,85.0,50.0,1,0,0,0,0,0,0,NONE,,RPM:486bd1410c14583d TPS:486bd1411108de ADV:486bd1410e9164 MIL:486bd1410100000000c6
1789379592.7764,437.240,1353.0,183.8,3.14,0.00,8.50,2.40,25.1,45.1,4.14,14.10,0.000,85.0,50.0,1,0,0,0,0,0,0,NONE,,RPM:486bd1410c15240a TPS:486bd1411108de ADV:486bd1410e9164 MIL:486bd1410100000000c6
1789379593.2902,437.754,1239.0,-221.9,3.14,0.00,8.50,2.40,25.1,45.1,4.14,14.10,0.000,85.0,50.0,1,0,0,0,0,0,0,NONE,,RPM:486bd1410c135c40 TPS:486bd1411108de ADV:486bd1410e9164 MIL:486bd1410100000000c6
1789379593.5587,438.023,1399.0,595.9,3.14,0.00,10.00,2.40,25.1,45.1,4.14,14.10,0.000,85.0,49.0,1,0,0,0,0,0,0,NONE,,RPM:486bd1410c15dcc2 TPS:486bd1411108de ADV:486bd1410e9467 MIL:486bd1410100000000c6
1789379593.8643,438.328,1370.0,-94.9,3.14,0.00,8.00,2.40,25.1,45.1,4.14,14.10,0.000,85.0,49.0,1,0,0,0,0,0,0,NONE,,RPM:486bd1410c15684e TPS:486bd1411108de ADV:486bd1410e9063 MIL:486bd1410100000000c6
1789379594.1348,438.599,1303.0,-247.7,3.14,0.00,8.50,2.40,25.1,45.1,4.14,14.10,0.000,85.0,49.0,1,0,0,0,0,0,0,NONE,,RPM:486bd1410c145c41 TPS:486bd1411108de ADV:486bd1410e9164 MIL:486bd1410100000000c6
1789379594.5585,439.022,1326.0,54.3,3.14,0.00,9.00,2.40,25.1,45.1,4.14,14.10,0.000,85.0,49.0,1,0,0,0,0,0,0,NONE,,RPM:486bd1410c14b89d TPS:486bd1411108de ADV:486bd1410e9265 MIL:486bd1410100000000c6
1789379594.8808,439.345,1361.0,108.6,3.14,0.00,8.50,2.40,25.1,45.1,4.14,14.10,0.000,85.0,49.0,1,0,0,0,0,0,0,NONE,,RPM:486bd1410c15442a TPS:486bd1411108de ADV:486bd1410e9164 MIL:486bd1410100000000c6
1789379595.3093,439.773,1355.0,-14.0,3.14,0.00,9.00,2.40,25.1,45.1,4.14,14.10,0.000,85.0,49.0,1,0,0,0,0,0,0,NONE,,RPM:486bd1410c152c12 TPS:486bd1411108de ADV:486bd1410e9265 MIL:486bd1410100000000c6
1789379595.6046,440.068,1383.0,94.8,3.14,0.00,8.50,2.40,25.1,45.1,4.12,14.10,0.000,86.0,49.0,1,0,0,0,0,0,0,NONE,,RPM:486bd1410c159c82 TPS:486bd1411108de ADV:486bd1410e9164 MIL:486bd1410100000000c6
1789379595.8929,440.357,1281.0,-353.8,3.14,0.00,8.50,2.40,25.1,45.1,4.12,14.10,0.000,86.0,49.0,1,0,0,0,0,0,0,NONE,,RPM:486bd1410c1404e9 TPS:486bd1411108de ADV:486bd1410e9164 MIL:486bd1410100000000c6
1789379596.2092,440.673,1353.0,227.6,3.14,0.00,8.50,2.40,24.3,45.1,4.05,14.10,0.000,86.0,49.0,1,0,0,0,0,0,0,NONE,,RPM:486bd1410c15240a TPS:486bd1411108de ADV:486bd1410e9164 MIL:486bd1410100000000c6
1789379596.5196,440.983,1324.0,-93.4,3.14,0.00,9.00,2.40,24.3,45.1,4.05,14.10,0.000,86.0,49.0,1,0,0,0,0,0,0,NONE,,RPM:486bd1410c14b095 TPS:486bd1411108de ADV:486bd1410e9265 MIL:486bd1410100000000c6
1789379596.7942,441.258,1318.0,-21.9,3.14,0.00,8.00,2.40,24.3,45.1,4.05,14.10,0.000,86.0,49.0,1,0,0,0,0,0,0,NONE,,RPM:486bd1410c14987d TPS:486bd1411108de ADV:486bd1410e9063 MIL:486bd1410100000000c6
1789379597.2216,441.685,1304.0,-32.8,3.14,0.00,8.50,2.40,24.3,45.1,4.05,14.10,0.000,86.0,49.0,1,0,0,0,0,0,0,NONE,,RPM:486bd1410c146045 TPS:486bd1411108de ADV:486bd1410e9164 MIL:486bd1410100000000c6
1789379597.5233,441.987,1336.0,106.0,3.14,0.00,8.50,2.40,24.3,45.1,4.05,14.10,0.000,86.0,48.0,1,0,0,0,0,0,0,NONE,,RPM:486bd1410c14e0c5 TPS:486bd1411108de ADV:486bd1410e9164 MIL:486bd1410100000000c6
1789379597.7942,442.258,1333.0,-11.1,3.14,0.00,8.50,2.40,24.3,45.1,4.05,14.10,0.000,86.0,48.0,1,0,0,0,0,0,0,NONE,,RPM:486bd1410c14d4b9 TPS:486bd1411108de ADV:486bd1410e9164 MIL:486bd1410100000000c6
1789379598.0812,442.545,1326.0,-24.4,3.14,0.00,8.50,2.40,24.3,45.1,4.05,14.10,0.000,86.0,48.0,1,0,0,0,0,0,0,NONE,,RPM:486bd1410c14b89d TPS:486bd1411108de ADV:486bd1410e9164 MIL:486bd1410100000000c6
1789379598.5306,442.994,1338.0,26.7,3.14,0.00,8.50,2.40,24.3,45.1,4.05,14.10,0.000,86.0,48.0,1,0,0,0,0,0,0,NONE,,RPM:486bd1410c14e8cd TPS:486bd1411108de ADV:486bd1410e9164 MIL:486bd1410100000000c6
1789379598.8180,443.282,1322.0,-55.7,3.14,0.00,8.50,2.40,24.3,45.1,4.05,14.10,0.000,86.0,48.0,1,0,0,0,0,0,0,NONE,,RPM:486bd1410c14a88d TPS:486bd1411108de ADV:486bd1410e9164 MIL:486bd1410100000000c6
1789379599.3147,443.779,1338.0,32.2,3.14,0.00,8.50,2.40,24.3,45.1,4.05,14.10,0.000,86.0,48.0,1,0,0,0,0,0,0,NONE,,RPM:486bd1410c14e8cd TPS:486bd1411108de ADV:486bd1410e9164 MIL:486bd1410100000000c6
1789379599.5858,444.050,1312.0,-95.9,3.14,0.00,8.50,2.40,24.3,45.1,4.03,14.10,0.000,87.0,48.0,1,0,0,0,0,0,0,NONE,,RPM:486bd1410c148065 TPS:486bd1411108de ADV:486bd1410e9164 MIL:486bd1410100000000c6
1789379599.8882,444.352,1322.0,33.1,3.14,0.00,9.00,2.40,24.3,45.1,4.03,14.10,0.000,87.0,48.0,1,0,0,0,0,0,0,NONE,,RPM:486bd1410c14a88d TPS:486bd1411108de ADV:486bd1410e9265 MIL:486bd1410100000000c6
1789379600.1614,444.625,1333.0,40.3,3.14,0.00,9.00,2.40,25.1,45.1,4.10,14.10,0.000,87.0,48.0,1,0,0,0,0,0,0,NONE,,RPM:486bd1410c14d4b9 TPS:486bd1411108de ADV:486bd1410e9265 MIL:486bd1410100000000c6
1789379600.4315,444.895,1312.0,-77.8,3.14,0.00,8.50,2.40,25.1,45.1,4.10,14.10,0.000,87.0,48.0,1,0,0,0,0,0,0,NONE,,RPM:486bd1410c148065 TPS:486bd1411108de ADV:486bd1410e9164 MIL:486bd1410100000000c6
1789379600.7486,445.212,1319.0,22.1,3.14,0.00,8.50,2.40,25.1,45.1,4.10,14.10,0.000,87.0,48.0,1,0,0,0,0,0,0,NONE,,RPM:486bd1410c149c81 TPS:486bd1411108de ADV:486bd1410e9164 MIL:486bd1410100000000c6
1789379601.1894,445.653,1347.0,63.5,3.14,0.00,9.00,2.40,25.1,45.1,4.10,14.10,0.000,87.0,48.0,1,0,0,0,0,0,0,NONE,,RPM:486bd1410c150cf2 TPS:486bd1411108de ADV:486bd1410e9265 MIL:486bd1410100000000c6
1789379601.4553,445.919,1336.0,-41.4,3.14,0.00,8.50,2.40,25.1,45.1,4.10,14.10,0.000,87.0,48.0,1,0,0,0,0,0,0,NONE,,RPM:486bd1410c14e0c5 TPS:486bd1411108de ADV:486bd1410e9164 MIL:486bd1410100000000c6
1789379601.7402,446.204,1302.0,-119.3,3.14,0.00,8.50,2.40,25.1,45.1,4.10,14.10,0.000,87.0,48.0,1,0,0,0,0,0,0,NONE,,RPM:486bd1410c14583d TPS:486bd1411108de ADV:486bd1410e9164 MIL:486bd1410100000000c6
1789379602.0341,446.498,1333.0,105.5,3.14,0.00,8.00,2.40,25.1,45.1,4.10,14.10,0.000,87.0,48.0,1,0,0,0,0,0,0,NONE,,RPM:486bd1410c14d4b9 TPS:486bd1411108de ADV:486bd1410e9063 MIL:486bd1410100000000c6
1789379602.4558,446.920,1370.0,87.7,3.14,0.00,8.50,2.40,25.1,45.1,4.10,14.10,0.000,87.0,48.0,1,0,0,0,0,0,0,NONE,,RPM:486bd1410c15684e TPS:486bd1411108de ADV:486bd1410e9164 MIL:486bd1410100000000c6
1789379602.7504,447.214,1281.0,-302.1,3.53,1.33,8.00,2.40,25.1,45.3,4.10,14.10,0.000,87.0,48.0,1,0,0,0,0,0,0,NONE,,RPM:486bd1410c1404e9 TPS:486bd1411109df ADV:486bd1410e9063 MIL:486bd1410100000000c6
1789379603.1917,447.656,1313.0,72.5,3.14,-0.89,8.00,2.40,25.1,45.1,4.10,14.10,0.000,87.0,48.0,1,0,0,0,0,0,0,NONE,,RPM:486bd1410c148469 TPS:486bd1411108de ADV:486bd1410e9063 MIL:486bd1410100000000c6
1789379603.5244,447.988,1284.0,-87.2,3.14,0.00,8.50,2.40,25.1,45.1,4.10,14.10,0.000,87.0,48.0,1,0,0,0,0,0,0,NONE,,RPM:486bd1410c1410f5 TPS:486bd1411108de ADV:486bd1410e9164 MIL:486bd1410100000000c6
1789379603.8445,448.308,1334.0,156.2,3.14,0.00,8.50,2.40,25.1,45.1,4.10,14.10,0.000,87.0,48.0,1,0,0,0,0,0,0,NONE,,RPM:486bd1410c14d8bd TPS:486bd1411108de ADV:486bd1410e9164 MIL:486bd1410100000000c6
1789379604.1146,448.578,1314.0,-74.1,3.53,1.45,8.50,2.40,25.1,45.3,4.10,14.10,0.000,87.0,48.0,1,0,0,0,0,0,0,NONE,,RPM:486bd1410c14886d TPS:486bd1411109df ADV:486bd1410e9164 MIL:486bd1410100000000c6
1789379604.3924,448.856,1345.0,111.6,3.14,-1.41,9.00,2.40,25.1,45.1,4.10,14.10,0.000,87.0,48.0,1,0,0,0,0,0,0,NONE,,RPM:486bd1410c1504ea TPS:486bd1411108de ADV:486bd1410e9265 MIL:486bd1410100000000c6
1789379604.6773,449.141,1352.0,24.6,3.14,0.00,9.00,2.40,25.1,45.1,4.10,14.10,0.000,87.0,48.0,1,0,0,0,0,0,0,NONE,,RPM:486bd1410c152006 TPS:486bd1411108de ADV:486bd1410e9265 MIL:486bd1410100000000c6
1789379605.1064,449.570,1338.0,-32.6,3.14,0.00,8.50,2.40,25.1,45.1,4.10,14.10,0.000,87.0,48.0,1,0,0,0,0,0,0,NONE,,RPM:486bd1410c14e8cd TPS:486bd1411108de ADV:486bd1410e9164 MIL:486bd1410100000000c6
1789379605.4038,449.868,1372.0,114.4,3.14,0.00,8.50,2.40,25.1,45.1,4.10,14.10,0.000,87.0,48.0,1,0,0,0,0,0,0,NONE,,RPM:486bd1410c157056 TPS:486bd1411108de ADV:486bd1410e9164 MIL:486bd1410100000000c6
1789379605.7172,450.181,1315.0,-181.8,3.14,0.00,8.50,2.40,25.1,45.1,4.10,14.10,0.000,87.0,48.0,1,0,0,0,0,0,0,NONE,,RPM:486bd1410c148c71 TPS:486bd1411108de ADV:486bd1410e9164 MIL:486bd1410100000000c6
1789379605.9949,450.459,1335.0,72.0,3.14,0.00,8.50,2.40,25.1,45.1,4.10,14.10,0.000,87.0,48.0,1,0,0,0,0,0,0,NONE,,RPM:486bd1410c14dcc1 TPS:486bd1411108de ADV:486bd1410e9164 MIL:486bd1410100000000c6
1789379606.4968,450.961,1312.0,-45.8,3.14,0.00,9.00,2.40,25.1,45.1,4.10,14.10,0.000,87.0,48.0,1,0,0,0,0,0,0,NONE,,RPM:486bd1410c148065 TPS:486bd1411108de ADV:486bd1410e9265 MIL:486bd1410100000000c6
1789379606.7723,451.236,1338.0,94.4,3.14,0.00,8.50,2.40,25.1,45.1,4.10,14.10,0.000,87.0,48.0,1,0,0,0,0,0,0,NONE,,RPM:486bd1410c14e8cd TPS:486bd1411108de ADV:486bd1410e9164 MIL:486bd1410100000000c6
1789379607.1878,451.652,1376.0,91.5,3.14,0.00,8.50,2.40,25.1,45.1,4.10,14.10,0.000,87.0,48.0,1,0,0,0,0,0,0,NONE,,RPM:486bd1410c158066 TPS:486bd1411108de ADV:486bd1410e9164 MIL:486bd1410100000000c6
1789379607.4482,451.912,1331.0,-172.8,3.14,0.00,9.00,2.40,25.1,45.1,4.08,14.10,0.000,88.0,48.0,1,0,0,0,0,0,0,NONE,,RPM:486bd1410c14ccb1 TPS:486bd1411108de ADV:486bd1410e9265 MIL:486bd1410100000000c6
1789379607.7206,452.184,1344.0,47.7,3.14,0.00,8.50,2.40,25.1,45.1,4.08,14.10,0.000,88.0,48.0,1,0,0,0,0,0,0,NONE,,RPM:486bd1410c1500e6 TPS:486bd1411108de ADV:486bd1410e9164 MIL:486bd1410100000000c6
1789379608.0397,452.504,1347.0,9.4,3.14,0.00,9.00,2.40,26.3,45.1,4.18,14.10,0.000,88.0,48.0,1,0,0,0,0,0,0,NONE,,RPM:486bd1410c150cf2 TPS:486bd1411108de ADV:486bd1410e9265 MIL:486bd1410100000000c6
1789379608.3132,452.777,1345.0,-7.3,3.14,0.00,9.00,2.40,26.3,45.1,4.18,14.10,0.000,88.0,48.0,1,0,0,0,0,0,0,NONE,,RPM:486bd1410c1504ea TPS:486bd1411108de ADV:486bd1410e9265 MIL:486bd1410100000000c6
1789379608.5890,453.053,1324.0,-76.1,3.14,0.00,8.50,2.40,26.3,45.1,4.18,14.10,0.000,88.0,48.0,1,0,0,0,0,0,0,NONE,,RPM:486bd1410c14b095 TPS:486bd1411108de ADV:486bd1410e9164 MIL:486bd1410100000000c6
1789379609.0442,453.508,1346.0,48.3,3.14,0.00,10.00,2.40,26.3,45.1,4.18,14.10,0.000,88.0,48.0,1,0,0,0,0,0,0,NONE,,RPM:486bd1410c1508ee TPS:486bd1411108de ADV:486bd1410e9467 MIL:486bd1410100000000c6
1789379609.3509,453.815,1392.0,150.0,3.14,0.00,8.50,2.40,26.3,45.1,4.18,14.10,0.000,88.0,47.0,1,0,0,0,0,0,0,NONE,,RPM:486bd1410c15c0a6 TPS:486bd1411108de ADV:486bd1410e9164 MIL:486bd1410100000000c6
1789379609.6225,454.086,1321.0,-261.5,3.14,0.00,8.50,2.40,26.3,45.1,4.18,14.10,0.000,88.0,47.0,1,0,0,0,0,0,0,NONE,,RPM:486bd1410c14a489 TPS:486bd1411108de ADV:486bd1410e9164 MIL:486bd1410100000000c6
1789379609.8945,454.358,1362.0,150.7,3.14,0.00,8.50,2.40,26.3,45.1,4.18,14.10,0.000,88.0,47.0,1,0,0,0,0,0,0,NONE,,RPM:486bd1410c15482e TPS:486bd1411108de ADV:486bd1410e9164 MIL:486bd1410100000000c6
1789379610.3365,454.800,1336.0,-58.8,3.14,0.00,8.50,2.40,26.3,45.1,4.18,14.10,0.000,88.0,47.0,1,0,0,0,0,0,0,NONE,,RPM:486bd1410c14e0c5 TPS:486bd1411108de ADV:486bd1410e9164 MIL:486bd1410100000000c6
1789379610.5979,455.062,1342.0,23.0,3.14,0.00,8.50,2.40,26.3,45.1,4.18,14.10,0.000,88.0,47.0,1,0,0,0,0,0,0,NONE,,RPM:486bd1410c14f8dd TPS:486bd1411108de ADV:486bd1410e9164 MIL:486bd1410100000000c6
1789379611.0399,455.504,1361.0,43.0,3.14,0.00,8.50,2.40,26.3,45.1,4.18,14.10,0.000,88.0,47.0,1,0,0,0,0,0,0,NONE,,RPM:486bd1410c15442a TPS:486bd1411108de ADV:486bd1410e9164 MIL:486bd1410100000000c6
1789379611.3177,455.782,1330.0,-111.6,3.14,0.00,8.50,2.40,26.3,45.1,4.16,14.10,0.000,89.0,47.0,1,0,0,0,0,0,0,NONE,,RPM:486bd1410c14c8ad TPS:486bd1411108de ADV:486bd1410e9164 MIL:486bd1410100000000c6
1789379611.6319,456.096,1299.0,-98.7,3.14,0.00,9.00,2.40,26.3,45.1,4.16,14.10,0.000,89.0,47.0,1,0,0,0,0,0,0,NONE,,RPM:486bd1410c144c31 TPS:486bd1411108de ADV:486bd1410e9265 MIL:486bd1410100000000c6
1789379611.8974,456.361,1333.0,128.0,3.14,0.00,8.50,2.40,25.1,45.1,4.06,14.10,0.000,89.0,47.0,1,0,0,0,0,0,0,NONE,,RPM:486bd1410c14d4b9 TPS:486bd1411108de ADV:486bd1410e9164 MIL:486bd1410100000000c6
1789379612.1631,456.627,1338.0,18.8,3.14,0.00,6.50,2.40,25.1,45.1,4.06,14.10,0.000,89.0,47.0,1,0,0,0,0,0,0,NONE,,RPM:486bd1410c14e8cd TPS:486bd1411108de ADV:486bd1410e8d60 MIL:486bd1410100000000c6
1789379612.4843,456.948,1371.0,102.8,3.14,0.00,10.00,2.40,25.1,45.1,4.06,14.10,0.000,89.0,47.0,1,0,0,0,0,0,0,NONE,,RPM:486bd1410c156c52 TPS:486bd1411108de ADV:486bd1410e9467 MIL:486bd1410100000000c6
1789379612.9276,457.391,1366.0,-11.3,3.92,1.77,10.00,2.40,25.1,45.6,4.06,14.10,0.000,89.0,47.0,1,0,0,0,0,0,0,NONE,,RPM:486bd1410c15583e TPS:486bd141110ae0 ADV:486bd1410e9467 MIL:486bd1410100000000c6
1789379613.2025,457.666,1479.0,411.0,9.41,19.97,1.50,2.40,25.1,48.8,4.06,14.10,0.000,89.0,48.0,1,0,0,0,0,0,0,NONE,,RPM:486bd1410c171c04 TPS:486bd1411118ee ADV:486bd1410e8356 MIL:486bd1410100000000c6
1789379613.4749,457.939,2166.0,2522.0,7.06,-8.64,11.00,2.40,25.1,47.4,4.06,14.10,0.000,89.0,48.0,1,0,0,0,0,0,0,NONE,,RPM:486bd1410c21d8ca TPS:486bd1411112e8 ADV:486bd1410e9669 MIL:486bd1410100000000c6
1789379613.7788,458.243,2410.0,803.0,7.06,0.00,12.50,2.40,25.1,47.4,4.06,14.10,0.000,89.0,48.0,1,0,0,0,0,0,0,NONE,,RPM:486bd1410c25a89e TPS:486bd1411112e8 ADV:486bd1410e996c MIL:486bd1410100000000c6
1789379614.2624,458.726,2318.0,-190.2,7.06,0.00,11.00,2.40,25.1,47.4,4.06,14.10,0.000,89.0,48.0,1,0,0,0,0,0,0,NONE,,RPM:486bd1410c24382d TPS:486bd1411112e8 ADV:486bd1410e9669 MIL:486bd1410100000000c6
1789379614.5297,458.994,2260.0,-217.0,7.06,0.00,12.50,2.40,25.1,47.4,4.06,14.10,0.000,89.0,48.0,1,0,0,0,0,0,0,NONE,,RPM:486bd1410c235044 TPS:486bd1411112e8 ADV:486bd1410e996c MIL:486bd1410100000000c6
1789379614.9906,459.454,2208.0,-112.8,7.06,0.00,11.00,2.40,25.1,47.4,4.06,14.10,0.000,89.0,48.0,1,0,0,0,0,0,0,NONE,,RPM:486bd1410c228073 TPS:486bd1411112e8 ADV:486bd1410e9669 MIL:486bd1410100000000c6
1789379615.2735,459.737,2218.0,35.3,7.06,0.00,12.50,2.40,25.1,47.4,4.06,14.10,0.000,89.0,48.0,1,0,0,0,0,0,0,NONE,,RPM:486bd1410c22a89b TPS:486bd1411112e8 ADV:486bd1410e996c MIL:486bd1410100000000c6
1789379615.5680,460.032,2240.0,74.7,7.06,0.00,12.50,2.40,25.1,47.4,4.06,14.10,0.000,89.0,48.0,1,0,0,0,0,0,0,NONE,,RPM:486bd1410c2300f4 TPS:486bd1411112e8 ADV:486bd1410e996c MIL:486bd1410100000000c6
1789379615.8398,460.304,2298.0,213.4,7.06,0.00,11.00,2.40,31.0,47.4,4.59,14.10,0.000,89.0,48.0,1,0,0,0,0,0,0,NONE,,RPM:486bd1410c23e8dc TPS:486bd1411112e8 ADV:486bd1410e9669 MIL:486bd1410100000000c6
1789379616.1286,460.592,2243.0,-190.5,7.06,0.00,13.50,2.40,31.0,47.4,4.59,14.10,0.000,89.0,48.0,1,0,0,0,0,0,0,NONE,,RPM:486bd1410c230c00 TPS:486bd1411112e8 ADV:486bd1410e9b6e MIL:486bd1410100000000c6
1789379616.4153,460.879,2375.0,460.5,7.06,0.00,17.50,2.40,31.0,47.4,4.59,14.10,0.000,89.0,48.0,1,0,0,0,0,0,0,NONE,,RPM:486bd1410c251c12 TPS:486bd1411112e8 ADV:486bd1410ea376 MIL:486bd1410100000000c6
1789379616.8755,461.339,2641.0,578.0,7.06,0.00,23.50,2.40,31.0,47.4,4.59,14.10,0.000,89.0,48.0,1,0,0,0,0,0,0,NONE,,RPM:486bd1410c29443e TPS:486bd1411112e8 ADV:486bd1410eaf82 MIL:486bd1410100000000c6
1789379617.1504,461.614,2797.0,567.3,7.45,1.43,26.50,2.40,31.0,47.6,4.59,14.10,0.000,89.0,46.0,1,0,0,0,0,0,0,NONE,,RPM:486bd1410c2bb4b0 TPS:486bd1411113e9 ADV:486bd1410eb588 MIL:486bd1410100000000c6
1789379617.4226,461.886,2938.0,518.0,7.84,1.44,28.50,2.40,31.0,47.8,4.59,14.10,0.000,89.0,46.0,1,0,0,0,0,0,0,NONE,,RPM:486bd1410c2de8e6 TPS:486bd1411114ea ADV:486bd1410eb98c MIL:486bd1410100000000c6
1789379617.6961,462.160,3115.0,647.3,8.63,2.87,24.00,2.40,31.0,48.3,4.59,14.10,0.000,89.0,46.0,1,0,0,0,0,0,0,NONE,,RPM:486bd1410c30acad TPS:486bd1411116ec ADV:486bd1410eb083 MIL:486bd1410100000000c6
1789379618.1942,462.658,3719.0,1212.5,14.90,12.60,27.50,2.40,31.0,51.9,4.59,14.10,0.000,89.0,46.0,1,0,0,0,0,0,0,NONE,,RPM:486bd1410c3a1c27 TPS:486bd1411126fc ADV:486bd1410eb78a MIL:486bd1410100000000c6
1789379618.4645,462.928,4132.0,1527.7,18.82,14.51,31.50,2.40,31.0,54.2,4.59,14.10,0.000,89.0,46.0,1,0,0,0,0,0,0,NONE,,RPM:486bd1410c4090a1 TPS:486bd141113006 ADV:486bd1410ebf92 MIL:486bd1410100000000c6
1789379618.8887,463.353,4875.0,1751.7,25.88,16.64,30.00,2.40,31.0,58.3,4.59,14.10,0.000,89.0,46.0,1,0,0,0,0,0,0,NONE,,RPM:486bd1410c4c2c49 TPS:486bd141114218 ADV:486bd1410ebc8f MIL:486bd1410100000000c6
1789379619.1802,463.644,5379.0,1728.7,3.53,-76.67,60.00,2.40,31.0,45.3,4.59,14.10,0.000,89.0,46.0,1,0,0,0,0,0,0,NONE,,RPM:486bd1410c540c31 TPS:486bd1411109df ADV:486bd1410ef8cb MIL:486bd1410100000000c6
1789379619.4662,463.930,3916.0,-5115.3,20.39,58.96,21.50,2.40,31.0,55.1,4.59,14.10,0.000,89.0,46.0,1,0,0,0,0,0,0,NONE,,RPM:486bd1410c3d303e TPS:486bd14111340a ADV:486bd1410eab7e MIL:486bd1410100000000c6
1789379619.7684,464.232,4113.0,652.0,22.35,6.49,25.00,2.40,50.2,56.3,6.32,14.10,0.000,89.0,46.0,1,0,0,0,0,0,0,NONE,,RPM:486bd1410c404455 TPS:486bd14111390f ADV:486bd1410eb285 MIL:486bd1410100000000c6
1789379620.0440,464.508,4399.0,1037.7,21.57,-2.85,27.50,2.40,50.2,55.8,6.32,14.10,0.000,89.0,46.0,1,0,0,0,0,0,0,NONE,,RPM:486bd1410c44bcd1 TPS:486bd14111370d ADV:486bd1410eb78a MIL:486bd1410100000000c6
1789379620.3156,464.779,4669.0,994.2,20.00,-5.78,31.00,2.40,50.2,54.9,6.32,14.10,0.000,89.0,46.0,1,0,0,0,0,0,0,NONE,,RPM:486bd1410c48f40d TPS:486bd141113309 ADV:486bd1410ebe91 MIL:486bd1410100000000c6
1789379620.7905,465.254,5129.0,968.6,35.29,32.21,28.50,2.40,50.2,63.8,6.32,14.10,0.000,89.0,46.0,1,0,0,0,0,0,0,NONE,,RPM:486bd1410c502445 TPS:486bd141115a30 ADV:486bd1410eb98c MIL:486bd1410100000000c6
1789379621.1361,465.600,5656.0,1524.7,32.16,-9.08,34.00,2.40,50.2,62.0,6.32,14.10,0.000,89.0,45.0,1,0,0,0,0,0,0,NONE,,RPM:486bd1410c586089 TPS:486bd141115228 ADV:486bd1410ec497 MIL:486bd1410100000000c6
1789379621.4030,465.867,5243.0,-1547.9,16.86,-57.32,24.00,2.40,50.2,53.1,6.32,14.10,0.000,89.0,45.0,1,0,0,0,0,0,0,NONE,,RPM:486bd1410c51ec0e TPS:486bd141112b01 ADV:486bd1410eb083 MIL:486bd1410100000000c6
1789379621.7386,466.202,4678.0,-1683.4,31.37,43.23,23.00,2.40,50.2,61.5,6.32,14.10,0.000,89.0,45.0,1,0,0,0,0,0,0,NONE,,RPM:486bd1410c491832 TPS:486bd141115026 ADV:486bd1410eae81 MIL:486bd1410100000000c6
1789379622.1941,466.658,5042.0,799.1,41.57,22.38,26.50,2.40,50.2,67.4,6.32,14.10,0.000,89.0,45.0,1,0,0,0,0,0,0,NONE,,RPM:486bd1410c4ec8e7 TPS:486bd141116a40 ADV:486bd1410eb588 MIL:486bd1410100000000c6
1789379622.4575,466.921,5303.0,991.0,40.78,-2.98,28.50,2.40,50.2,67.0,6.32,14.10,0.000,89.0,45.0,1,0,0,0,0,0,0,NONE,,RPM:486bd1410c52dcff TPS:486bd14111683e ADV:486bd1410eb98c MIL:486bd1410100000000c6
1789379622.9993,467.463,5491.0,347.0,52.55,21.71,27.50,2.40,50.2,73.8,6.32,14.10,0.000,89.0,45.0,1,0,0,0,0,0,0,NONE,,RPM:486bd1410c55ccf2 TPS:486bd14111865c ADV:486bd1410eb78a MIL:486bd1410100000000c6
1789379623.3205,467.784,5973.0,1500.5,45.49,-21.98,27.50,2.40,50.2,69.7,6.32,14.10,0.000,89.0,45.0,1,0,0,0,0,0,0,NONE,,RPM:486bd1410c5d5482 TPS:486bd14111744a ADV:486bd1410eb78a MIL:486bd1410100000000c6
1789379623.5987,468.063,6164.0,686.5,43.92,-5.64,27.50,2.40,50.2,68.8,6.32,14.10,0.000,89.0,45.0,1,0,0,0,0,0,0,NONE,,RPM:486bd1410c605081 TPS:486bd141117046 ADV:486bd1410eb78a MIL:486bd1410100000000c6
1789379623.8980,468.362,6368.0,681.7,45.88,6.55,26.50,2.40,69.8,69.9,8.08,14.10,0.000,89.0,45.0,1,0,0,0,0,0,0,NONE,,RPM:486bd1410c6380b4 TPS:486bd14111754b ADV:486bd1410eb588 MIL:486bd1410100000000c6
1789379624.1688,468.633,6602.0,864.2,44.71,-4.35,28.00,2.40,69.8,69.2,8.08,14.10,0.000,89.0,45.0,1,0,0,0,0,0,0,NONE,,RPM:486bd1410c672860 TPS:486bd141117248 ADV:486bd1410eb88b MIL:486bd1410100000000c6
1789379624.4396,468.903,6582.0,-73.8,3.53,-152.03,60.00,2.40,69.8,45.3,8.08,14.10,0.000,89.0,45.0,1,0,0,0,0,0,0,NONE,,RPM:486bd1410c66d80f TPS:486bd1411109df ADV:486bd1410ef8cb MIL:486bd1410100000000c6
1789379624.8874,469.351,6296.0,-638.7,3.53,0.00,60.00,2.40,69.8,45.3,8.08,14.10,0.000,89.0,45.0,1,0,0,0,0,0,0,NONE,,RPM:486bd1410c626093 TPS:486bd1411109df ADV:486bd1410ef8cb MIL:486bd1410100000000c6
1789379625.1584,469.622,6175.0,-446.5,3.53,0.00,60.00,2.40,69.8,45.3,8.08,14.10,0.000,89.0,43.0,1,0,0,0,0,0,0,NONE,,RPM:486bd1410c607cad TPS:486bd1411109df ADV:486bd1410ef8cb MIL:486bd1410100000000c6
1789379625.4450,469.909,5977.0,-690.9,3.53,0.00,60.00,2.40,69.8,45.3,8.08,14.10,0.000,89.0,43.0,1,0,0,0,0,0,0,NONE,,RPM:486bd1410c5d6492 TPS:486bd1411109df ADV:486bd1410ef8cb MIL:486bd1410100000000c6
1789379625.7507,470.215,5842.0,-441.6,3.53,0.00,60.00,2.40,69.8,45.3,8.08,14.10,0.000,89.0,43.0,1,0,0,0,0,0,0,NONE,,RPM:486bd1410c5b4874 TPS:486bd1411109df ADV:486bd1410ef8cb MIL:486bd1410100000000c6
1789379626.2546,470.718,5647.0,-387.0,3.53,0.00,60.00,2.40,69.8,45.3,8.08,14.10,0.000,89.0,43.0,1,0,0,0,0,0,0,NONE,,RPM:486bd1410c583c65 TPS:486bd1411109df ADV:486bd1410ef8cb MIL:486bd1410100000000c6
1789379626.5323,470.996,5523.0,-446.5,3.53,0.00,60.00,2.40,69.8,45.3,8.08,14.10,0.000,89.0,43.0,1,0,0,0,0,0,0,NONE,,RPM:486bd1410c564c73 TPS:486bd1411109df ADV:486bd1410ef8cb MIL:486bd1410100000000c6
1789379626.9619,471.426,5357.0,-386.4,3.53,0.00,60.00,2.40,69.8,45.3,8.08,14.10,0.000,89.0,43.0,1,0,0,0,0,0,0,NONE,,RPM:486bd1410c53b4d8 TPS:486bd1411109df ADV:486bd1410ef8cb MIL:486bd1410100000000c6
1789379627.2693,471.733,5288.0,-224.4,3.53,0.00,60.00,2.40,69.8,45.3,8.08,14.10,0.000,89.0,43.0,1,0,0,0,0,0,0,NONE,,RPM:486bd1410c52a0c3 TPS:486bd1411109df ADV:486bd1410ef8cb MIL:486bd1410100000000c6
1789379627.5397,472.004,5209.0,-292.2,3.53,0.00,60.00,2.40,69.8,45.3,8.08,14.10,0.000,89.0,43.0,1,0,0,0,0,0,0,NONE,,RPM:486bd1410c516486 TPS:486bd1411109df ADV:486bd1410ef8cb MIL:486bd1410100000000c6
1789379627.8334,472.297,5139.0,-238.3,3.53,0.00,60.00,2.40,9.0,45.3,2.61,14.10,0.000,89.0,43.0,1,0,0,0,0,0,0,NONE,,RPM:486bd1410c504c6d TPS:486bd1411109df ADV:486bd1410ef8cb MIL:486bd1410100000000c6
1789379628.1311,472.595,5041.0,-329.2,3.53,0.00,60.00,2.40,9.0,45.3,2.61,14.10,0.000,89.0,43.0,1,0,0,0,0,0,0,NONE,,RPM:486bd1410c4ec4e3 TPS:486bd1411109df ADV:486bd1410ef8cb MIL:486bd1410100000000c6
1789379628.4030,472.867,4971.0,-257.4,3.53,0.00,60.00,2.40,9.0,45.3,2.61,14.10,0.000,89.0,43.0,1,0,0,0,0,0,0,NONE,,RPM:486bd1410c4dacca TPS:486bd1411109df ADV:486bd1410ef8cb MIL:486bd1410100000000c6
1789379628.9026,473.366,4784.0,-374.3,3.53,0.00,60.00,2.40,9.0,45.3,2.61,14.10,0.000,89.0,43.0,1,0,0,0,0,0,0,NONE,,RPM:486bd1410c4ac0db TPS:486bd1411109df ADV:486bd1410ef8cb MIL:486bd1410100000000c6
1789379629.1697,473.634,4644.0,-524.1,3.53,0.00,60.00,2.40,9.0,45.3,2.61,14.10,0.000,89.0,43.0,1,0,0,0,0,0,0,NONE,,RPM:486bd1410c4890a9 TPS:486bd1411109df ADV:486bd1410ef8cb MIL:486bd1410100000000c6
1789379629.4426,473.907,4511.0,-487.4,3.53,0.00,60.00,2.40,9.0,45.3,2.61,14.10,0.000,89.0,43.0,1,0,0,0,0,0,0,NONE,,RPM:486bd1410c467c93 TPS:486bd1411109df ADV:486bd1410ef8cb MIL:486bd1410100000000c6
1789379629.7129,474.177,4407.0,-384.8,3.53,0.00,60.00,2.40,9.0,45.3,2.61,14.10,0.000,89.0,43.0,1,0,0,0,0,0,0,NONE,,RPM:486bd1410c44dcf1 TPS:486bd1411109df ADV:486bd1410ef8cb MIL:486bd1410100000000c6
1789379630.2178,474.682,4228.0,-354.6,3.53,0.00,60.00,2.40,9.0,45.3,2.61,14.10,0.000,89.0,43.0,1,0,0,0,0,0,0,NONE,,RPM:486bd1410c421023 TPS:486bd1411109df ADV:486bd1410ef8cb MIL:486bd1410100000000c6
1789379630.4807,474.945,4225.0,-11.4,9.80,23.86,20.00,2.40,9.0,49.0,2.61,14.10,0.000,89.0,43.0,1,0,0,0,0,0,0,NONE,,RPM:486bd1410c420417 TPS:486bd1411119ef ADV:486bd1410ea87b MIL:486bd1410100000000c6
1789379630.9272,475.391,4472.0,553.2,27.84,40.41,21.50,2.40,9.0,59.4,2.61,14.10,0.000,89.0,43.0,1,0,0,0,0,0,0,NONE,,RPM:486bd1410c45e0f6 TPS:486bd14111471d ADV:486bd1410eab7e MIL:486bd1410100000000c6
1789379631.2006,475.664,4698.0,826.5,40.00,44.46,23.00,2.40,9.0,66.5,2.65,14.10,0.000,87.0,43.0,1,0,0,0,0,0,0,NONE,,RPM:486bd1410c496882 TPS:486bd14111663c ADV:486bd1410eae81 MIL:486bd1410100000000c6
1789379631.4825,475.946,4960.0,929.3,47.84,27.82,26.50,2.40,9.0,71.0,2.65,14.10,0.000,87.0,43.0,1,0,0,0,0,0,0,NONE,,RPM:486bd1410c4d809e TPS:486bd141117a50 ADV:486bd1410eb588 MIL:486bd1410100000000c6
1789379631.7802,476.244,5297.0,1132.0,52.94,17.13,28.00,2.40,74.9,74.0,8.58,14.10,0.000,87.0,43.0,1,0,0,0,0,0,0,NONE,,RPM:486bd1410c52c4e7 TPS:486bd14111875d ADV:486bd1410eb88b MIL:486bd1410100000000c6
1789379632.1849,476.649,5654.0,882.1,54.51,3.88,29.00,2.40,74.9,74.9,8.58,14.10,0.000,87.0,43.0,1,0,0,0,0,0,0,NONE,,RPM:486bd1410c585881 TPS:486bd141118b61 ADV:486bd1410eba8d MIL:486bd1410100000000c6
1789379632.4488,476.913,5973.0,1208.7,52.94,-5.94,27.50,2.40,74.9,74.0,8.58,14.10,0.000,87.0,43.0,1,0,0,0,0,0,0,NONE,,RPM:486bd1410c5d5482 TPS:486bd14111875d ADV:486bd1410eb78a MIL:486bd1410100000000c6
1789379632.9322,477.396,6453.0,993.0,50.20,-5.68,36.00,2.40,74.9,72.4,8.58,14.10,0.000,87.0,43.0,1,0,0,0,0,0,0,NONE,,RPM:486bd1410c64d409 TPS:486bd141118056 ADV: MIL:486bd1410100000000c6
1789379633.4227,477.887,5406.0,-2134.9,65.10,30.39,27.50,2.40,74.9,81.1,8.58,14.10,0.000,87.0,42.0,1,0,0,0,0,0,0,NONE,,RPM:486bd1410c54789d TPS:486bd14111a67c ADV:486bd1410eb78a MIL:486bd1410100000000c6
1789379633.6951,478.159,5588.0,668.1,70.20,18.71,28.00,2.40,74.9,84.0,8.58,14.10,0.000,87.0,42.0,1,0,0,0,0,0,0,NONE,,RPM:486bd1410c575078 TPS:486bd14111b389 ADV:486bd1410eb88b MIL:486bd1410100000000c6
1789379634.0166,478.480,5794.0,640.7,70.20,0.00,27.50,2.40,74.9,84.0,8.58,14.10,0.000,87.0,42.0,1,0,0,0,0,0,0,NONE,,RPM:486bd1410c5a88b3 TPS: ADV:486bd1410eb78a MIL:486bd1410100000000c6
1789379634.6938,479.158,5897.0,152.1,3.53,-98.44,60.00,2.40,74.9,45.3,8.58,14.10,0.000,87.0,42.0,1,0,0,0,0,0,0,NONE,,RPM:486bd1410c5c2451 TPS:486bd1411109df ADV:486bd1410ef8cb MIL:486bd1410100000000c6
1789379634.9610,479.425,5759.0,-516.5,3.53,0.00,60.00,2.40,74.9,45.3,8.58,14.10,0.000,87.0,42.0,1,0,0,0,0,0,0,NONE,,RPM:486bd1410c59fc26 TPS:486bd1411109df ADV:486bd1410ef8cb MIL:486bd1410100000000c6
1789379635.3958,479.860,5520.0,-549.7,3.53,0.00,60.00,2.40,74.9,45.3,8.58,14.10,0.000,87.0,42.0,1,0,0,0,0,0,0,NONE,,RPM:486bd1410c564067 TPS:486bd1411109df ADV:486bd1410ef8cb MIL:486bd1410100000000c6
1789379635.7206,480.185,5269.0,-772.7,3.53,0.00,60.00,2.40,74.9,45.3,8.60,14.10,0.000,86.0,42.0,1,0,0,0,0,0,0,NONE,,RPM:486bd1410c525477 TPS:486bd1411109df ADV:486bd1410ef8cb MIL:486bd1410100000000c6
1789379636.0396,480.504,5058.0,-661.5,3.53,0.00,60.00,2.40,74.9,45.3,8.60,14.10,0.000,86.0,42.0,1,0,0,0,0,0,0,NONE,,RPM:486bd1410c4f0828 TPS:486bd1411109df ADV:486bd1410ef8cb MIL:486bd1410100000000c6
1789379636.3165,480.780,4883.0,-632.2,3.53,0.00,60.00,2.40,9.4,45.3,2.71,14.10,0.000,86.0,42.0,1,0,0,0,0,0,0,NONE,,RPM:486bd1410c4c4c69 TPS:486bd1411109df ADV:486bd1410ef8cb MIL:486bd1410100000000c6
1789379636.5885,481.052,4753.0,-477.8,3.53,0.00,60.00,2.40,9.4,45.3,2.71,14.10,0.000,86.0,42.0,1,0,0,0,0,0,0,NONE,,RPM:486bd1410c4a445f TPS:486bd1411109df ADV:486bd1410ef8cb MIL:486bd1410100000000c6
1789379636.8611,481.325,4622.0,-480.6,3.53,0.00,60.00,2.40,9.4,45.3,2.71,14.10,0.000,86.0,42.0,1,0,0,0,0,0,0,NONE,,RPM:486bd1410c483851 TPS:486bd1411109df ADV:486bd1410ef8cb MIL:486bd1410100000000c6
1789379637.3769,481.841,4361.0,-506.0,3.53,0.00,60.00,2.40,9.4,45.3,2.71,14.10,0.000,86.0,42.0,1,0,0,0,0,0,0,NONE,,RPM:486bd1410c442439 TPS:486bd1411109df ADV:486bd1410ef8cb MIL:486bd1410100000000c6
1789379637.6433,482.107,4251.0,-412.9,3.53,0.00,60.00,2.40,9.4,45.3,2.71,14.10,0.000,86.0,43.0,1,0,0,0,0,0,0,NONE,,RPM:486bd1410c426c7f TPS:486bd1411109df ADV:486bd1410ef8cb MIL:486bd1410100000000c6
1789379637.9151,482.379,4169.0,-301.7,3.53,0.00,60.00,2.40,9.4,45.3,2.71,14.10,0.000,86.0,43.0,1,0,0,0,0,0,0,NONE,,RPM:486bd1410c412436 TPS:486bd1411109df ADV:486bd1410ef8cb MIL:486bd1410100000000c6
1789379638.2192,482.683,3566.0,-1982.8,3.53,0.00,53.00,2.40,9.4,45.3,2.71,14.10,0.000,86.0,43.0,1,0,0,0,0,0,0,NONE,,RPM:486bd1410c37b8c0 TPS:486bd1411109df ADV:486bd1410eeabd MIL:486bd1410100000000c6
1789379638.6793,483.143,4811.0,2705.9,3.53,0.00,60.00,2.40,9.4,45.3,2.71,14.10,0.000,86.0,43.0,1,0,0,0,0,0,0,NONE,,RPM:486bd1410c4b2c48 TPS:486bd1411109df ADV:486bd1410ef8cb MIL:486bd1410100000000c6
1789379638.9538,483.418,4317.0,-1799.9,22.35,68.58,27.50,2.40,9.4,56.3,2.71,14.10,0.000,86.0,43.0,1,0,0,0,0,0,0,NONE,,RPM:486bd1410c437488 TPS:486bd14111390f ADV:486bd1410eb78a MIL:486bd1410100000000c6
1789379639.3905,483.854,5152.0,1912.2,3.53,-43.11,60.00,2.40,9.4,45.3,2.71,14.10,0.000,86.0,43.0,1,0,0,0,0,0,0,NONE,,RPM:486bd1410c5080a1 TPS:486bd1411109df ADV:486bd1410ef8cb MIL:486bd1410100000000c6
1789379639.6893,484.153,5627.0,1589.7,9.41,19.69,42.50,2.40,9.4,48.8,2.73,14.10,0.000,85.0,43.0,1,0,0,0,0,0,0,NONE,,RPM:486bd1410c57ec14 TPS:486bd1411118ee ADV:486bd1410ed5a8 MIL:486bd1410100000000c6
1789379639.9949,484.459,5750.0,402.5,19.22,32.08,36.00,2.40,9.4,54.4,2.73,14.10,0.000,85.0,43.0,1,0,0,0,0,0,0,NONE,,RPM:486bd1410c59d802 TPS:486bd141113107 ADV:486bd1410ec89b MIL:486bd1410100000000c6
1789379640.2923,484.756,5974.0,753.2,30.98,39.56,30.50,2.40,60.8,61.3,7.35,14.10,0.000,85.0,43.0,1,0,0,0,0,0,0,NONE,,RPM:486bd1410c5d5886 TPS:486bd141114f25 ADV:486bd1410ebd90 MIL:486bd1410100000000c6
1789379640.5672,485.031,6209.0,854.7,39.61,31.38,27.50,2.40,60.8,66.3,7.35,14.10,0.000,85.0,43.0,1,0,0,0,0,0,0,NONE,,RPM:486bd1410c610436 TPS:486bd14111653b ADV:486bd1410eb78a MIL:486bd1410100000000c6
1789379640.9391,485.403,6693.0,1301.4,47.45,21.09,28.50,2.40,60.8,70.8,7.35,14.10,0.000,85.0,43.0,1,0,0,0,0,0,0,NONE,,RPM:486bd1410c6894cd TPS:486bd14111794f ADV:486bd1410eb98c MIL:486bd1410100000000c6
1789379641.3694,485.833,7392.0,1624.6,3.53,-102.08,39.00,2.40,60.8,45.3,7.35,14.10,0.000,85.0,43.0,1,0,0,0,0,0,0,NONE,,RPM:486bd1410c7380c4 TPS:486bd1411109df ADV:486bd1410ecea1 MIL:486bd1410100000000c6
1789379641.6379,486.102,5744.0,-6138.3,55.29,192.81,29.00,2.40,60.8,75.4,7.35,14.10,0.000,85.0,43.0,1,0,0,0,0,0,0,NONE,,RPM:486bd1410c59c0ea TPS:486bd141118d63 ADV:486bd1410eba8d MIL:486bd1410100000000c6
1789379641.9252,486.389,5912.0,584.6,56.08,2.73,27.50,2.40,60.8,75.8,7.35,14.10,0.000,85.0,43.0,1,0,0,0,0,0,0,NONE,,RPM:486bd1410c5c608d TPS:486bd141118f65 ADV:486bd1410eb78a MIL:486bd1410100000000c6
1789379642.2152,486.679,6184.0,938.1,32.94,-79.80,60.00,2.40,60.8,62.4,7.35,14.10,0.000,85.0,43.0,1,0,0,0,0,0,0,NONE,,RPM:486bd1410c60a0d1 TPS:486bd14111542a ADV:486bd1410ef8cb MIL:486bd1410100000000c6
1789379642.6528,487.117,6001.0,-418.2,3.53,-67.21,60.00,2.40,60.8,45.3,7.35,14.10,0.000,85.0,43.0,1,0,0,0,0,0,0,NONE,,RPM:486bd1410c5dc4f2 TPS:486bd1411109df ADV:486bd1410ef8cb MIL:486bd1410100000000c6
1789379642.9885,487.452,5773.0,-679.2,3.53,0.00,60.00,2.40,60.8,45.3,7.35,14.10,0.000,85.0,43.0,1,0,0,0,0,0,0,NONE,,RPM:486bd1410c5a345f TPS:486bd1411109df ADV:486bd1410ef8cb MIL:486bd1410100000000c6
1789379643.4396,487.904,5510.0,-583.0,3.53,0.00,60.00,2.40,60.8,45.3,7.35,14.10,0.000,85.0,43.0,1,0,0,0,0,0,0,NONE,,RPM:486bd1410c56183f TPS:486bd1411109df ADV:486bd1410ef8cb MIL:486bd1410100000000c6
1789379643.7184,488.182,5331.0,-642.2,3.53,0.00,60.00,2.40,60.8,45.3,7.40,14.10,0.000,83.0,43.0,1,0,0,0,0,0,0,NONE,,RPM:486bd1410c534c70 TPS:486bd1411109df ADV:486bd1410ef8cb MIL:486bd1410100000000c6
1789379644.0036,488.468,5219.0,-392.6,3.53,0.00,60.00,2.40,60.8,45.3,7.40,14.10,0.000,83.0,43.0,1,0,0,0,0,0,0,NONE,,RPM:486bd1410c518cae TPS:486bd1411109df ADV:486bd1410ef8cb MIL:486bd1410100000000c6
1789379644.2917,488.756,5115.0,-361.0,4.71,4.08,60.00,2.40,19.2,46.0,3.66,14.10,0.000,83.0,43.0,1,0,0,0,0,0,0,NONE,,RPM:486bd1410c4fec0c TPS:486bd141110ce2 ADV:486bd1410ef8cb MIL:486bd1410100000000c6
1789379644.5654,489.029,5192.0,281.4,9.80,18.63,34.00,2.40,19.2,49.0,3.66,14.10,0.000,83.0,43.0,1,0,0,0,0,0,0,NONE,,RPM:486bd1410c512042 TPS:486bd1411119ef ADV:486bd1410ec497 MIL:486bd1410100000000c6
1789379644.9409,489.405,5172.0,-53.3,11.76,5.22,32.50,2.40,19.2,50.1,3.66,14.10,0.000,83.0,43.0,1,0,0,0,0,0,0,NONE,,RPM:486bd1410c50d0f1 TPS:486bd141111ef4 ADV:486bd1410ec194 MIL:486bd1410100000000c6
1789379645.3765,489.840,5325.0,351.2,21.96,23.41,37.50,2.40,19.2,56.0,3.66,14.10,0.000,83.0,43.0,1,0,0,0,0,0,0,NONE,,RPM:486bd1410c533458 TPS:486bd14111380e ADV:486bd1410ecb9e MIL:486bd1410100000000c6
1789379645.6696,490.134,5497.0,586.8,28.63,22.74,33.00,2.40,19.2,59.9,3.66,14.10,0.000,83.0,42.0,1,0,0,0,0,0,0,NONE,,RPM:486bd1410c55e40a TPS:486bd14111491f ADV:486bd1410ec295 MIL:486bd1410100000000c6
1789379645.9531,490.417,5625.0,451.6,33.73,17.98,29.00,2.40,19.2,62.9,3.66,14.10,0.000,83.0,42.0,1,0,0,0,0,0,0,NONE,,RPM:486bd1410c57e40c TPS:486bd14111562c ADV:486bd1410eba8d MIL:486bd1410100000000c6
1789379646.2257,490.690,5854.0,840.2,45.88,44.60,27.50,2.40,19.2,69.9,3.66,14.10,0.000,83.0,42.0,1,0,0,0,0,0,0,NONE,,RPM:486bd1410c5b78a4 TPS:486bd14111754b ADV:486bd1410eb78a MIL:486bd1410100000000c6
1789379646.6629,491.127,6292.0,1001.7,60.00,32.29,26.00,2.40,19.2,78.1,3.66,14.10,0.000,83.0,42.0,1,0,0,0,0,0,0,NONE,,RPM:486bd1410c625083 TPS:486bd14111996f ADV:486bd1410eb487 MIL:486bd1410100000000c6
1789379646.9788,491.443,6666.0,1184.0,65.10,16.14,26.00,2.40,19.2,81.1,3.66,14.10,0.000,83.0,42.0,1,0,0,0,0,0,0,NONE,,RPM:486bd1410c682861 TPS:486bd14111a67c ADV:486bd1410eb487 MIL:486bd1410100000000c6
1789379647.4101,491.874,5439.0,-2844.7,59.22,-13.64,26.50,2.40,19.2,77.6,3.66,14.10,0.000,83.0,42.0,1,0,0,0,0,0,0,NONE,,RPM:486bd1410c54fc21 TPS:486bd14111976d ADV:486bd1410eb588 MIL:486bd1410100000000c6
1789379647.6787,492.143,5644.0,763.4,67.06,29.21,28.50,2.40,19.2,82.2,3.68,14.10,0.000,82.0,42.0,1,0,0,0,0,0,0,NONE,,RPM:486bd1410c583059 TPS:486bd14111ab81 ADV:486bd1410eb98c MIL:486bd1410100000000c6
1789379647.9535,492.417,5362.0,-1026.0,3.53,-231.15,60.00,2.40,19.2,45.3,3.68,14.10,0.000,82.0,42.0,1,0,0,0,0,0,0,NONE,,RPM:486bd1410c53c8ec TPS:486bd1411109df ADV:486bd1410ef8cb MIL:486bd1410100000000c6
1789379648.2327,492.697,5500.0,494.4,3.53,0.00,60.00,2.40,9.4,45.3,2.80,14.10,0.000,82.0,42.0,1,0,0,0,0,0,0,NONE,,RPM:486bd1410c55f016 TPS:486bd1411109df ADV:486bd1410ef8cb MIL:486bd1410100000000c6
1789379648.5465,493.010,5392.0,-344.1,3.53,0.00,60.00,2.40,9.4,45.3,2.80,14.10,0.000,82.0,42.0,1,0,0,0,0,0,0,NONE,,RPM:486bd1410c544065 TPS:486bd1411109df ADV:486bd1410ef8cb MIL:486bd1410100000000c6
1789379648.8159,493.280,5214.0,-660.7,3.53,0.00,60.00,2.40,9.4,45.3,2.80,14.10,0.000,82.0,42.0,1,0,0,0,0,0,0,NONE,,RPM:486bd1410c51789a TPS:486bd1411109df ADV:486bd1410ef8cb MIL:486bd1410100000000c6
1789379649.2447,493.709,5005.0,-487.4,3.53,0.00,60.00,2.40,9.4,45.3,2.80,14.10,0.000,82.0,42.0,1,0,0,0,0,0,0,NONE,,RPM:486bd1410c4e3453 TPS:486bd1411109df ADV:486bd1410ef8cb MIL:486bd1410100000000c6
1789379649.5353,493.999,4794.0,-726.1,3.53,0.00,60.00,2.40,9.4,45.3,2.80,14.10,0.000,82.0,41.0,1,0,0,0,0,0,0,NONE,,RPM:486bd1410c4ae803 TPS:486bd1411109df ADV:486bd1410ef8cb MIL:486bd1410100000000c6
1789379649.8249,494.289,4480.0,-1084.2,3.53,0.00,60.00,2.40,9.4,45.3,2.80,14.10,0.000,82.0,41.0,1,0,0,0,0,0,0,NONE,,RPM:486bd1410c460017 TPS:486bd1411109df ADV:486bd1410ef8cb MIL:486bd1410100000000c6
1789379650.0946,494.558,3681.0,-2963.3,3.53,0.00,59.00,2.40,9.4,45.3,2.80,14.10,0.000,82.0,41.0,1,0,0,0,0,0,0,NONE,,RPM:486bd1410c39848e TPS:486bd1411109df ADV:486bd1410ef6c9 MIL:486bd1410100000000c6
1789379650.5925,495.056,5280.0,3211.2,3.53,0.00,60.00,2.40,9.4,45.3,2.80,14.10,0.000,82.0,41.0,1,0,0,0,0,0,0,NONE,,RPM:486bd1410c5280a3 TPS:486bd1411109df ADV:486bd1410ef8cb MIL:486bd1410100000000c6
1789379650.8618,495.326,5152.0,-475.3,3.53,0.00,60.00,2.40,9.4,45.3,2.80,14.10,0.000,82.0,41.0,1,0,0,0,0,0,0,NONE,,RPM:486bd1410c5080a1 TPS:486bd1411109df ADV:486bd1410ef8cb MIL:486bd1410100000000c6
1789379651.3667,495.831,4887.0,-524.9,3.53,0.00,60.00,2.40,9.4,45.3,2.80,14.10,0.000,82.0,41.0,1,0,0,0,0,0,0,NONE,,RPM:486bd1410c4c5c79 TPS:486bd1411109df ADV:486bd1410ef8cb MIL:486bd1410100000000c6
1789379651.6543,496.118,4765.0,-424.3,3.53,0.00,60.00,2.40,9.4,45.3,2.82,14.10,0.000,81.0,41.0,1,0,0,0,0,0,0,NONE,,RPM:486bd1410c4a748f TPS:486bd1411109df ADV:486bd1410ef8cb MIL:486bd1410100000000c6
1789379651.9327,496.397,4634.0,-470.4,3.53,0.00,60.00,2.40,9.4,45.3,2.82,14.10,0.000,81.0,41.0,1,0,0,0,0,0,0,NONE,,RPM:486bd1410c486881 TPS:486bd1411109df ADV:486bd1410ef8cb MIL:486bd1410100000000c6
1789379652.2366,496.700,4508.0,-414.7,3.53,0.00,60.00,2.40,9.8,45.3,2.86,14.10,0.000,81.0,41.0,1,0,0,0,0,0,0,NONE,,RPM:486bd1410c467087 TPS:486bd1411109df ADV:486bd1410ef8cb MIL:486bd1410100000000c6
1789379652.5087,496.973,4471.0,-136.0,3.53,0.00,60.00,2.40,9.8,45.3,2.86,14.10,0.000,81.0,41.0,1,0,0,0,0,0,0,NONE,,RPM:486bd1410c45dcf2 TPS:486bd1411109df ADV:486bd1410ef8cb MIL:486bd1410100000000c6
1789379652.8297,497.294,4345.0,-392.5,3.53,0.00,60.00,2.40,9.8,45.3,2.86,14.10,0.000,81.0,41.0,1,0,0,0,0,0,0,NONE,,RPM:486bd1410c43e4f8 TPS:486bd1411109df ADV:486bd1410ef8cb MIL:486bd1410100000000c6
1789379653.3370,497.801,4170.0,-344.9,3.53,0.00,60.00,2.40,9.8,45.3,2.86,14.10,0.000,81.0,41.0,1,0,0,0,0,0,0,NONE,,RPM:486bd1410c41283a TPS:486bd1411109df ADV:486bd1410ef8cb MIL:486bd1410100000000c6
1789379653.6103,498.074,4061.0,-398.9,3.53,0.00,60.00,2.40,9.8,45.3,2.86,14.10,0.000,81.0,42.0,1,0,0,0,0,0,0,NONE,,RPM:486bd1410c3f7484 TPS:486bd1411109df ADV:486bd1410ef8cb MIL:486bd1410100000000c6
1789379653.8838,498.348,3942.0,-435.2,3.53,0.00,58.50,2.40,9.8,45.3,2.86,14.10,0.000,81.0,42.0,1,0,0,0,0,0,0,NONE,,RPM:486bd1410c3d98a6 TPS:486bd1411109df ADV:486bd1410ef5c8 MIL:486bd1410100000000c6
1789379654.1550,498.619,3838.0,-383.5,3.53,0.00,58.00,2.40,9.8,45.3,2.86,14.10,0.000,81.0,42.0,1,0,0,0,0,0,0,NONE,,RPM:486bd1410c3bf804 TPS:486bd1411109df ADV:486bd1410ef4c7 MIL:486bd1410100000000c6
1789379654.6182,499.082,3634.0,-440.4,3.53,0.00,55.50,2.40,9.8,45.3,2.86,14.10,0.000,81.0,42.0,1,0,0,0,0,0,0,NONE,,RPM:486bd1410c38c8d1 TPS:486bd1411109df ADV:486bd1410eefc2 MIL:486bd1410100000000c6
1789379654.8897,499.354,3500.0,-493.5,3.53,0.00,53.50,2.40,9.8,45.3,2.86,14.10,0.000,81.0,42.0,1,0,0,0,0,0,0,NONE,,RPM:486bd1410c36b0b7 TPS:486bd1411109df ADV:486bd1410eebbe MIL:486bd1410100000000c6
1789379655.3596,499.823,3336.0,-349.0,3.53,0.00,49.00,2.40,9.8,45.3,2.86,14.10,0.000,81.0,42.0,1,0,0,0,0,0,0,NONE,,RPM:486bd1410c342025 TPS:486bd1411109df ADV:486bd1410ee2b5 MIL:486bd1410100000000c6
1789379655.6414,500.105,2766.0,-2022.7,3.53,0.00,25.50,2.40,9.8,45.3,2.86,14.10,0.000,81.0,42.0,1,0,0,0,0,0,0,NONE,,RPM:486bd1410c2b3834 TPS:486bd1411109df ADV:486bd1410eb386 MIL:486bd1410100000000c6
1789379655.9133,500.377,2397.0,-1357.4,3.53,0.00,27.50,2.40,9.8,45.3,2.86,14.10,0.000,81.0,42.0,1,0,0,0,0,0,0,NONE,,RPM:486bd1410c25746a TPS:486bd1411109df ADV:486bd1410eb78a MIL:486bd1410100000000c6
1789379656.1842,500.648,3089.0,2554.5,3.53,0.00,56.00,2.40,12.5,45.3,3.10,14.10,0.000,81.0,42.0,1,0,0,0,0,0,0,NONE,,RPM:486bd1410c304445 TPS:486bd1411109df ADV:486bd1410ef0c3 MIL:486bd1410100000000c6
1789379656.4558,500.920,3554.0,1711.8,3.53,0.00,55.00,2.40,12.5,45.3,3.10,14.10,0.000,81.0,42.0,1,0,0,0,0,0,0,NONE,,RPM:486bd1410c378890 TPS:486bd1411109df ADV:486bd1410eeec1 MIL:486bd1410100000000c6
1789379656.7364,501.200,3455.0,-352.9,3.53,0.00,53.50,2.40,12.5,45.3,3.10,14.10,0.000,81.0,42.0,1,0,0,0,0,0,0,NONE,,RPM:486bd1410c35fc02 TPS:486bd1411109df ADV:486bd1410eebbe MIL:486bd1410100000000c6
1789379657.1767,501.641,3376.0,-179.4,3.53,0.00,51.50,2.40,12.5,45.3,3.10,14.10,0.000,81.0,42.0,1,0,0,0,0,0,0,NONE,,RPM:486bd1410c34c0c5 TPS:486bd1411109df ADV:486bd1410ee7ba MIL:486bd1410100000000c6
1789379657.4460,501.910,3268.0,-401.0,3.53,0.00,50.50,2.40,12.5,45.3,3.10,14.10,0.000,81.0,43.0,1,0,0,0,0,0,0,NONE,,RPM:486bd1410c331014 TPS:486bd1411109df ADV:486bd1410ee5b8 MIL:486bd1410100000000c6
1789379657.7507,502.215,3205.0,-206.8,3.53,0.00,49.00,2.40,12.5,45.3,3.10,14.10,0.000,81.0,43.0,1,0,0,0,0,0,0,NONE,,RPM:486bd1410c321417 TPS:486bd1411109df ADV:486bd1410ee2b5 MIL:486bd1410100000000c6
1789379658.0548,502.519,3119.0,-282.8,3.53,0.00,46.50,2.40,12.5,45.3,3.10,14.10,0.000,81.0,43.0,1,0,0,0,0,0,0,NONE,,RPM:486bd1410c30bcbd TPS:486bd1411109df ADV:486bd1410eddb0 MIL:486bd1410100000000c6
1789379658.5156,502.979,2950.0,-366.8,3.53,0.00,39.00,2.40,12.5,45.3,3.10,14.10,0.000,81.0,43.0,1,0,0,0,0,0,0,NONE,,RPM:486bd1410c2e1817 TPS:486bd1411109df ADV:486bd1410ecea1 MIL:486bd1410100000000c6
1789379658.8217,503.286,2671.0,-911.5,3.53,0.00,25.50,2.40,12.5,45.3,3.10,14.10,0.000,81.0,43.0,1,0,0,0,0,0,0,NONE,,RPM:486bd1410c29bcb6 TPS:486bd1411109df ADV:486bd1410eb386 MIL:486bd1410100000000c6
1789379659.2925,503.756,1697.0,-2068.6,3.14,-0.83,10.00,2.40,12.5,45.1,3.10,14.10,0.000,81.0,43.0,1,0,0,0,0,0,0,NONE,,RPM:486bd1410c1a846f TPS:486bd1411108de ADV:486bd1410e9467 MIL:486bd1410100000000c6
1789379659.5580,504.022,1246.0,-1698.7,3.14,0.00,13.00,2.40,12.5,45.1,3.13,14.10,0.000,80.0,43.0,1,0,0,0,0,0,0,NONE,,RPM:486bd1410c13785c TPS:486bd1411108de ADV:486bd1410e9a6d MIL:486bd1410100000000c6
1789379659.8279,504.292,1300.0,200.1,3.14,0.00,10.50,2.40,12.5,45.1,3.13,14.10,0.000,80.0,43.0,1,0,0,0,0,0,0,NONE,,RPM:486bd1410c145035 TPS:486bd1411108de ADV:486bd1410e9568 MIL:486bd1410100000000c6
1789379660.1484,504.612,1346.0,143.5,3.14,0.00,10.50,2.40,25.1,45.1,4.26,14.10,0.000,80.0,43.0,1,0,0,0,0,0,0,NONE,,RPM:486bd1410c1508ee TPS:486bd1411108de ADV:486bd1410e9568 MIL:486bd1410100000000c6
1789379660.4201,504.884,1358.0,44.2,3.14,0.00,10.00,2.40,25.1,45.1,4.26,14.10,0.000,80.0,43.0,1,0,0,0,0,0,0,NONE,,RPM:486bd1410c15381e TPS:486bd1411108de ADV:486bd1410e9467 MIL:486bd1410100000000c6
1789379660.7010,505.165,1320.0,-135.3,3.14,0.00,10.00,2.40,25.1,45.1,4.26,14.10,0.000,80.0,43.0,1,0,0,0,0,0,0,NONE,,RPM:486bd1410c14a085 TPS:486bd1411108de ADV:486bd1410e9467 MIL:486bd1410100000000c6
1789379661.1520,505.616,1382.0,137.5,3.14,0.00,10.50,2.40,25.1,45.1,4.26,14.10,0.000,80.0,43.0,1,0,0,0,0,0,0,NONE,,RPM:486bd1410c15987e TPS:486bd1411108de ADV:486bd1410e9568 MIL:486bd1410100000000c6
1789379661.4603,505.924,1352.0,-97.3,3.14,0.00,10.00,2.40,25.1,45.1,4.26,14.10,0.000,80.0,43.0,1,0,0,0,0,0,0,NONE,,RPM:486bd1410c152006 TPS:486bd1411108de ADV:486bd1410e9467 MIL:486bd1410100000000c6
1789379661.7305,506.194,1312.0,-148.0,3.14,0.00,9.00,2.40,25.1,45.1,4.26,14.10,0.000,80.0,43.0,1,0,0,0,0,0,0,NONE,,RPM:486bd1410c148065 TPS:486bd1411108de ADV:486bd1410e9265 MIL:486bd1410100000000c6
1789379662.0191,506.483,1334.0,76.2,3.14,0.00,10.50,2.40,25.1,45.1,4.26,14.10,0.000,80.0,43.0,1,0,0,0,0,0,0,NONE,,RPM:486bd1410c14d8bd TPS:486bd1411108de ADV:486bd1410e9568 MIL:486bd1410100000000c6
1789379662.4677,506.932,1331.0,-6.7,3.14,0.00,10.00,2.40,25.1,45.1,4.26,14.10,0.000,80.0,43.0,1,0,0,0,0,0,0,NONE,,RPM:486bd1410c14ccb1 TPS:486bd1411108de ADV:486bd1410e9467 MIL:486bd1410100000000c6
1789379662.7372,507.201,1365.0,126.1,3.14,0.00,10.00,2.40,25.1,45.1,4.26,14.10,0.000,80.0,43.0,1,0,0,0,0,0,0,NONE,,RPM:486bd1410c15543a TPS:486bd1411108de ADV:486bd1410e9467 MIL:486bd1410100000000c6
1789379663.1702,507.634,1304.0,-140.9,3.14,0.00,8.50,2.40,25.1,45.1,4.26,14.10,0.000,80.0,43.0,1,0,0,0,0,0,0,NONE,,RPM:486bd1410c146045 TPS:486bd1411108de ADV:486bd1410e9164 MIL:486bd1410100000000c6
1789379663.4411,507.905,1353.0,180.9,3.14,0.00,8.50,2.40,25.1,45.1,4.26,14.10,0.000,80.0,43.0,1,0,0,0,0,0,0,NONE,,RPM:486bd1410c15240a TPS:486bd1411108de ADV:486bd1410e9164 MIL:486bd1410100000000c6
1789379663.7118,508.176,1362.0,33.2,3.14,0.00,8.00,2.40,25.1,45.1,4.26,14.10,0.000,80.0,43.0,1,0,0,0,0,0,0,NONE,,RPM:486bd1410c15482e TPS:486bd1411108de ADV:486bd1410e9063 MIL:486bd1410100000000c6
1789379664.0064,508.470,1347.0,-50.9,3.14,0.00,8.00,2.40,23.5,45.1,4.12,14.10,0.000,80.0,43.0,1,0,0,0,0,0,0,NONE,,RPM:486bd1410c150cf2 TPS:486bd1411108de ADV:486bd1410e9063 MIL:486bd1410100000000c6
1789379664.3468,508.811,1382.0,102.8,3.14,0.00,8.50,2.40,23.5,45.1,4.12,14.10,0.000,80.0,43.0,1,0,0,0,0,0,0,NONE,,RPM:486bd1410c15987e TPS:486bd1411108de ADV:486bd1410e9164 MIL:486bd1410100000000c6
1789379664.6280,509.092,1376.0,-21.3,3.14,0.00,9.00,2.40,23.5,45.1,4.12,14.10,0.000,80.0,43.0,1,0,0,0,0,0,0,NONE,,RPM:486bd1410c158066 TPS:486bd1411108de ADV:486bd1410e9265 MIL:486bd1410100000000c6
1789379665.0705,509.534,1341.0,-79.1,3.14,0.00,8.00,2.40,23.5,45.1,4.12,14.10,0.000,80.0,43.0,1,0,0,0,0,0,0,NONE,,RPM:486bd1410c14f4d9 TPS:486bd1411108de ADV:486bd1410e9063 MIL:486bd1410100000000c6
1789379665.3740,509.838,1355.0,46.1,3.14,0.00,8.50,2.40,23.5,45.1,4.12,14.10,0.000,80.0,44.0,1,0,0,0,0,0,0,NONE,,RPM:486bd1410c152c12 TPS:486bd1411108de ADV:486bd1410e9164 MIL:486bd1410100000000c6
1789379665.6941,510.158,1353.0,-6.2,3.14,0.00,9.00,2.40,23.5,45.1,4.12,14.10,0.000,80.0,44.0,1,0,0,0,0,0,0,NONE,,RPM:486bd1410c15240a TPS:486bd1411108de ADV:486bd1410e9265 MIL:486bd1410100000000c6
1789379665.9821,510.446,1357.0,13.9,3.14,0.00,8.00,2.40,23.5,45.1,4.12,14.10,0.000,80.0,44.0,1,0,0,0,0,0,0,NONE,,RPM:486bd1410c15341a TPS:486bd1411108de ADV:486bd1410e9063 MIL:486bd1410100000000c6
1789379666.4293,510.893,1346.0,-24.6,3.14,0.00,8.00,2.40,23.5,45.1,4.12,14.10,0.000,80.0,44.0,1,0,0,0,0,0,0,NONE,,RPM:486bd1410c1508ee TPS:486bd1411108de ADV:486bd1410e9063 MIL:486bd1410100000000c6
1789379666.7003,511.164,1355.0,33.2,3.14,0.00,8.50,2.40,23.5,45.1,4.12,14.10,0.000,80.0,44.0,1,0,0,0,0,0,0,NONE,,RPM:486bd1410c152c12 TPS:486bd1411108de ADV:486bd1410e9164 MIL:486bd1410100000000c6
1789379667.1769,511.641,1315.0,-83.9,3.14,0.00,8.50,2.40,23.5,45.1,4.12,14.10,0.000,80.0,44.0,1,0,0,0,0,0,0,NONE,,RPM:486bd1410c148c71 TPS:486bd1411108de ADV:486bd1410e9164 MIL:486bd1410100000000c6
1789379667.4838,511.948,1393.0,254.1,3.14,0.00,9.00,2.40,23.5,45.1,4.12,14.10,0.000,80.0,44.0,1,0,0,0,0,0,0,NONE,,RPM:486bd1410c15c4aa TPS:486bd1411108de ADV:486bd1410e9265 MIL:486bd1410100000000c6
1789379667.7569,512.221,1359.0,-124.5,3.14,0.00,8.00,2.40,23.5,45.1,4.12,14.10,0.000,80.0,44.0,1,0,0,0,0,0,0,NONE,,RPM:486bd1410c153c22 TPS:486bd1411108de ADV:486bd1410e9063 MIL:486bd1410100000000c6
1789379668.0286,512.493,1305.0,-198.7,3.14,0.00,8.00,2.40,22.4,45.1,4.01,14.10,0.000,80.0,44.0,1,0,0,0,0,0,0,NONE,,RPM:486bd1410c146449 TPS:486bd1411108de ADV:486bd1410e9063 MIL:486bd1410100000000c6
1789379668.3474,512.811,1337.0,100.4,3.14,0.00,8.50,2.40,22.4,45.1,4.01,14.10,0.000,80.0,44.0,1,0,0,0,0,0,0,NONE,,RPM:486bd1410c14e4c9 TPS:486bd1411108de ADV:486bd1410e9164 MIL:486bd1410100000000c6
1789379668.6190,513.083,1298.0,-143.6,3.14,0.00,8.50,2.40,22.4,45.1,4.01,14.10,0.000,80.0,44.0,1,0,0,0,0,0,0,NONE,,RPM:486bd1410c14482d TPS:486bd1411108de ADV:486bd1410e9164 MIL:486bd1410100000000c6
1789379669.0692,513.533,1325.0,60.0,3.14,0.00,8.50,2.40,22.4,45.1,4.01,14.10,0.000,80.0,44.0,1,0,0,0,0,0,0,NONE,,RPM:486bd1410c14b499 TPS:486bd1411108de ADV:486bd1410e9164 MIL:486bd1410100000000c6
1789379669.3470,513.811,1355.0,108.0,3.14,0.00,8.00,2.40,22.4,45.1,4.01,14.10,0.000,80.0,46.0,1,0,0,0,0,0,0,NONE,,RPM:486bd1410c152c12 TPS:486bd1411108de ADV:486bd1410e9063 MIL:486bd1410100000000c6
1789379669.6100,514.074,1307.0,-182.5,3.14,0.00,8.50,2.40,22.4,45.1,4.01,14.10,0.000,80.0,46.0,1,0,0,0,0,0,0,NONE,,RPM:486bd1410c146c51 TPS:486bd1411108de ADV:486bd1410e9164 MIL:486bd1410100000000c6
1789379669.8811,514.345,1345.0,140.2,3.14,0.00,8.00,2.40,22.4,45.1,4.01,14.10,0.000,80.0,46.0,1,0,0,0,0,0,0,NONE,,RPM:486bd1410c1504ea TPS:486bd1411108de ADV:486bd1410e9063 MIL:486bd1410100000000c6
1789379670.3439,514.808,1303.0,-90.7,3.14,0.00,8.50,2.40,22.4,45.1,4.01,14.10,0.000,80.0,46.0,1,0,0,0,0,0,0,NONE,,RPM:486bd1410c145c41 TPS:486bd1411108de ADV:486bd1410e9164 MIL:486bd1410100000000c6
1789379670.6748,515.139,1328.0,75.6,3.14,0.00,8.50,2.40,22.4,45.1,4.01,14.10,0.000,80.0,46.0,1,0,0,0,0,0,0,NONE,,RPM:486bd1410c14c0a5 TPS:486bd1411108de ADV:486bd1410e9164 MIL:486bd1410100000000c6
1789379671.1914,515.655,1313.0,-29.0,3.14,0.00,8.50,2.40,22.4,45.1,4.01,14.10,0.000,80.0,46.0,1,0,0,0,0,0,0,NONE,,RPM:486bd1410c148469 TPS:486bd1411108de ADV:486bd1410e9164 MIL:486bd1410100000000c6
1789379671.4649,515.929,1329.0,58.5,3.14,0.00,8.50,2.40,22.4,45.1,4.01,14.10,0.000,80.0,46.0,1,0,0,0,0,0,0,NONE,,RPM:486bd1410c14c4a9 TPS:486bd1411108de ADV:486bd1410e9164 MIL:486bd1410100000000c6
1789379671.7684,516.232,1374.0,148.2,3.14,0.00,8.50,2.40,22.4,45.1,4.01,14.10,0.000,80.0,46.0,1,0,0,0,0,0,0,NONE,,RPM:486bd1410c15785e TPS:486bd1411108de ADV:486bd1410e9164 MIL:486bd1410100000000c6
1789379672.0395,516.503,1310.0,-236.1,3.14,0.00,8.00,2.40,22.7,45.1,4.05,14.10,0.000,80.0,46.0,1,0,0,0,0,0,0,NONE,,RPM:486bd1410c14785d TPS:486bd1411108de ADV:486bd1410e9063 MIL:486bd1410100000000c6
1789379672.3111,516.775,1349.0,143.6,3.14,0.00,8.50,2.40,22.7,45.1,4.05,14.10,0.000,80.0,46.0,1,0,0,0,0,0,0,NONE,,RPM:486bd1410c1514fa TPS:486bd1411108de ADV:486bd1410e9164 MIL:486bd1410100000000c6
1789379672.5835,517.047,1354.0,18.4,3.14,0.00,8.50,2.40,22.7,45.1,4.05,14.10,0.000,80.0,46.0,1,0,0,0,0,0,0,NONE,,RPM:486bd1410c15280e TPS:486bd1411108de ADV:486bd1410e9164 MIL:486bd1410100000000c6
1789379673.0488,517.513,1373.0,40.8,3.14,0.00,8.00,2.40,22.7,45.1,4.05,14.10,0.000,80.0,46.0,1,0,0,0,0,0,0,NONE,,RPM:486bd1410c15745a TPS:486bd1411108de ADV:486bd1410e9063 MIL:486bd1410100000000c6
1789379673.3176,517.781,1320.0,-197.2,3.14,0.00,9.00,2.40,22.7,45.1,4.05,14.10,0.000,80.0,48.0,1,0,0,0,0,0,0,NONE,,RPM:486bd1410c14a085 TPS:486bd1411108de ADV:486bd1410e9265 MIL:486bd1410100000000c6
1789379673.6225,518.086,1337.0,55.8,3.14,0.00,8.00,2.40,22.7,45.1,4.05,14.10,0.000,80.0,48.0,1,0,0,0,0,0,0,NONE,,RPM:486bd1410c14e4c9 TPS:486bd1411108de ADV:486bd1410e9063 MIL:486bd1410100000000c6
1789379673.9117,518.376,1322.0,-51.9,3.14,0.00,8.50,2.40,22.7,45.1,4.05,14.10,0.000,80.0,48.0,1,0,0,0,0,0,0,NONE,,RPM:486bd1410c14a88d TPS:486bd1411108de ADV:486bd1410e9164 MIL:486bd1410100000000c6
1789379674.3546,518.818,1313.0,-20.3,3.14,0.00,8.50,2.40,22.7,45.1,4.05,14.10,0.000,80.0,48.0,1,0,0,0,0,0,0,NONE,,RPM:486bd1410c148469 TPS:486bd1411108de ADV:486bd1410e9164 MIL:486bd1410100000000c6
1789379674.6317,519.096,1355.0,151.6,3.14,0.00,8.50,2.40,22.7,45.1,4.05,14.10,0.000,80.0,48.0,1,0,0,0,0,0,0,NONE,,RPM:486bd1410c152c12 TPS:486bd1411108de ADV:486bd1410e9164 MIL:486bd1410100000000c6
1789379675.0729,519.537,1380.0,56.7,3.14,0.00,8.50,2.40,22.7,45.1,4.05,14.10,0.000,80.0,48.0,1,0,0,0,0,0,0,NONE,,RPM:486bd1410c159076 TPS:486bd1411108de ADV:486bd1410e9164 MIL:486bd1410100000000c6
1789379675.3759,519.840,1346.0,-112.2,3.14,0.00,8.00,2.40,22.7,45.1,4.05,14.10,0.000,80.0,48.0,1,0,0,0,0,0,0,NONE,,RPM:486bd1410c1508ee TPS:486bd1411108de ADV:486bd1410e9063 MIL:486bd1410100000000c6
1789379675.6352,520.099,1310.0,-138.8,3.14,0.00,8.50,2.40,22.7,45.1,4.05,14.10,0.000,80.0,48.0,1,0,0,0,0,0,0,NONE,,RPM:486bd1410c14785d TPS:486bd1411108de ADV:486bd1410e9164 MIL:486bd1410100000000c6
1789379675.9394,520.403,1385.0,246.6,3.14,0.00,8.00,2.40,23.9,45.1,4.15,14.10,0.000,80.0,48.0,1,0,0,0,0,0,0,NONE,,RPM:486bd1410c15a48a TPS:486bd1411108de ADV:486bd1410e9063 MIL:486bd1410100000000c6
1789379676.2106,520.675,1323.0,-228.6,3.14,0.00,8.50,2.40,23.9,45.1,4.15,14.10,0.000,80.0,48.0,1,0,0,0,0,0,0,NONE,,RPM:486bd1410c14ac91 TPS:486bd1411108de ADV:486bd1410e9164 MIL:486bd1410100000000c6
1789379676.5232,520.987,1328.0,16.0,3.14,0.00,8.50,2.40,23.9,45.1,4.15,14.10,0.000,80.0,48.0,1,0,0,0,0,0,0,NONE,,RPM:486bd1410c14c0a5 TPS:486bd1411108de ADV:486bd1410e9164 MIL:486bd1410100000000c6
1789379677.0104,521.474,1373.0,92.4,3.14,0.00,9.00,2.40,23.9,45.1,4.15,14.10,0.000,80.0,48.0,1,0,0,0,0,0,0,NONE,,RPM:486bd1410c15745a TPS:486bd1411108de ADV:486bd1410e9265 MIL:486bd1410100000000c6
1789379677.2819,521.746,1358.0,-55.2,3.14,0.00,8.50,2.40,23.9,45.1,4.15,14.10,0.000,80.0,48.0,1,0,0,0,0,0,0,NONE,,RPM:486bd1410c15381e TPS:486bd1411108de ADV:486bd1410e9164 MIL:486bd1410100000000c6
1789379677.5857,522.050,1326.0,-105.3,3.14,0.00,8.00,2.40,23.9,45.1,4.15,14.10,0.000,80.0,48.0,1,0,0,0,0,0,0,NONE,,RPM:486bd1410c14b89d TPS:486bd1411108de ADV:486bd1410e9063 MIL:486bd1410100000000c6
1789379677.8576,522.321,1385.0,217.0,3.14,0.00,8.50,2.40,23.9,45.1,4.15,14.10,0.000,80.0,48.0,1,0,0,0,0,0,0,NONE,,RPM:486bd1410c15a48a TPS:486bd1411108de ADV:486bd1410e9164 MIL:486bd1410100000000c6
1789379678.2963,522.760,1336.0,-111.7,3.14,0.00,8.50,2.40,23.9,45.1,4.15,14.10,0.000,80.0,48.0,1,0,0,0,0,0,0,NONE,,RPM:486bd1410c14e0c5 TPS:486bd1411108de ADV:486bd1410e9164 MIL:486bd1410100000000c6
1789379678.5606,523.025,1309.0,-102.1,3.14,0.00,8.50,2.40,23.9,45.1,4.15,14.10,0.000,80.0,48.0,1,0,0,0,0,0,0,NONE,,RPM:486bd1410c147459 TPS:486bd1411108de ADV:486bd1410e9164 MIL:486bd1410100000000c6
1789379679.0283,523.492,1310.0,2.1,3.14,0.00,8.50,2.40,23.9,45.1,4.15,14.10,0.000,80.0,48.0,1,0,0,0,0,0,0,NONE,,RPM:486bd1410c14785d TPS:486bd1411108de ADV:486bd1410e9164 MIL:486bd1410100000000c6
1789379679.3141,523.778,1330.0,70.0,3.14,0.00,9.00,2.40,23.9,45.1,4.13,14.10,0.000,81.0,48.0,1,0,0,0,0,0,0,NONE,,RPM:486bd1410c14c8ad TPS:486bd1411108de ADV:486bd1410e9265 MIL:486bd1410100000000c6
1789379679.5837,524.048,1352.0,81.6,3.14,0.00,8.50,2.40,23.9,45.1,4.13,14.10,0.000,81.0,48.0,1,0,0,0,0,0,0,NONE,,RPM:486bd1410c152006 TPS:486bd1411108de ADV:486bd1410e9164 MIL:486bd1410100000000c6
1789379679.9036,524.368,1323.0,-90.6,3.14,0.00,8.50,2.40,22.7,45.1,4.02,14.10,0.000,81.0,48.0,1,0,0,0,0,0,0,NONE,,RPM:486bd1410c14ac91 TPS:486bd1411108de ADV:486bd1410e9164 MIL:486bd1410100000000c6
1789379680.1958,524.660,1344.0,71.9,3.14,0.00,8.50,2.40,22.7,45.1,4.02,14.10,0.000,81.0,48.0,1,0,0,0,0,0,0,NONE,,RPM:486bd1410c1500e6 TPS:486bd1411108de ADV:486bd1410e9164 MIL:486bd1410100000000c6
1789379680.4782,524.942,1320.0,-85.0,3.14,0.00,8.50,2.40,22.7,45.1,4.02,14.10,0.000,81.0,48.0,1,0,0,0,0,0,0,NONE,,RPM:486bd1410c14a085 TPS:486bd1411108de ADV:486bd1410e9164 MIL:486bd1410100000000c6
1789379680.9988,525.463,1321.0,1.9,3.14,0.00,8.50,2.40,22.7,45.1,4.02,14.10,0.000,81.0,48.0,1,0,0,0,0,0,0,NONE,,RPM:486bd1410c14a489 TPS:486bd1411108de ADV:486bd1410e9164 MIL:486bd1410100000000c6
1789379681.2668,525.731,1316.0,-18.7,3.14,0.00,8.50,2.40,22.7,45.1,4.02,14.10,0.000,81.0,49.0,1,0,0,0,0,0,0,NONE,,RPM:486bd1410c149075 TPS:486bd1411108de ADV:486bd1410e9164 MIL:486bd1410100000000c6
1789379681.5347,525.999,1339.0,85.9,3.14,0.00,9.00,2.40,22.7,45.1,4.02,14.10,0.000,81.0,49.0,1,0,0,0,0,0,0,NONE,,RPM:486bd1410c14ecd1 TPS:486bd1411108de ADV:486bd1410e9265 MIL:486bd1410100000000c6
1789379681.8055,526.269,1362.0,84.9,3.14,0.00,8.00,2.40,22.7,45.1,4.02,14.10,0.000,81.0,49.0,1,0,0,0,0,0,0,NONE,,RPM:486bd1410c15482e TPS:486bd1411108de ADV:486bd1410e9063 MIL:486bd1410100000000c6
1789379682.3159,526.780,1309.0,-103.8,3.14,0.00,8.50,2.40,22.7,45.1,4.02,14.10,0.000,81.0,49.0,1,0,0,0,0,0,0,NONE,,RPM:486bd1410c147459 TPS:486bd1411108de ADV:486bd1410e9164 MIL:486bd1410100000000c6
1789379682.5908,527.055,1353.0,160.0,3.14,0.00,8.50,2.40,22.7,45.1,4.02,14.10,0.000,81.0,49.0,1,0,0,0,0,0,0,NONE,,RPM:486bd1410c15240a TPS:486bd1411108de ADV:486bd1410e9164 MIL:486bd1410100000000c6
1789379683.0200,527.484,1353.0,0.0,3.14,0.00,8.50,2.40,22.7,45.1,4.02,14.10,0.000,81.0,49.0,1,0,0,0,0,0,0,NONE,,RPM:486bd1410c15240a TPS:486bd1411108de ADV:486bd1410e9164 MIL:486bd1410100000000c6
1789379683.2927,527.757,1330.0,-84.3,3.14,0.00,8.50,2.40,22.7,45.1,4.02,14.10,0.000,81.0,49.0,1,0,0,0,0,0,0,NONE,,RPM:486bd1410c14c8ad TPS:486bd1411108de ADV:486bd1410e9164 MIL:486bd1410100000000c6
1789379683.5635,528.027,1377.0,173.6,3.14,0.00,8.50,2.40,22.7,45.1,4.02,14.10,0.000,81.0,49.0,1,0,0,0,0,0,0,NONE,,RPM:486bd1410c15846a TPS:486bd1411108de ADV:486bd1410e9164 MIL:486bd1410100000000c6
1789379683.8556,528.319,1360.0,-58.2,3.14,0.00,8.50,2.40,22.7,45.1,4.02,14.10,0.000,81.0,49.0,1,0,0,0,0,0,0,NONE,,RPM:486bd1410c154026 TPS:486bd1411108de ADV:486bd1410e9164 MIL:486bd1410100000000c6
1789379684.1428,528.607,1289.0,-247.2,3.14,0.00,8.50,2.40,22.7,45.1,4.02,14.10,0.000,81.0,49.0,1,0,0,0,0,0,0,NONE,,RPM:486bd1410c142409 TPS:486bd1411108de ADV:486bd1410e9164 MIL:486bd1410100000000c6
1789379684.4108,528.875,1353.0,238.8,3.14,0.00,10.00,2.40,22.7,45.1,4.02,14.10,0.000,81.0,49.0,1,0,0,0,0,0,0,NONE,,RPM:486bd1410c15240a TPS:486bd1411108de ADV:486bd1410e9467 MIL:486bd1410100000000c6
1789379684.9022,529.366,1298.0,-111.9,3.14,0.00,8.50,2.40,22.7,45.1,4.02,14.10,0.000,81.0,49.0,1,0,0,0,0,0,0,NONE,,RPM:486bd1410c14482d TPS:486bd1411108de ADV:486bd1410e9164 MIL:486bd1410100000000c6
1789379685.1776,529.641,1330.0,116.2,3.14,0.00,8.50,2.40,22.7,45.1,4.02,14.10,0.000,81.0,50.0,1,0,0,0,0,0,0,NONE,,RPM:486bd1410c14c8ad TPS:486bd1411108de ADV:486bd1410e9164 MIL:486bd1410100000000c6
1789379685.4811,529.945,1346.0,52.7,3.14,0.00,8.50,2.40,22.7,45.1,4.02,14.10,0.000,81.0,50.0,1,0,0,0,0,0,0,NONE,,RPM:486bd1410c1508ee TPS:486bd1411108de ADV:486bd1410e9164 MIL:486bd1410100000000c6
1789379685.7526,530.216,1310.0,-132.6,3.14,0.00,8.50,2.40,22.7,45.1,4.02,14.10,0.000,81.0,50.0,1,0,0,0,0,0,0,NONE,,RPM:486bd1410c14785d TPS:486bd1411108de ADV:486bd1410e9164 MIL:486bd1410100000000c6
1789379686.2182,530.682,1322.0,25.8,3.14,0.00,8.50,2.40,22.7,45.1,4.02,14.10,0.000,81.0,50.0,1,0,0,0,0,0,0,NONE,,RPM:486bd1410c14a88d TPS:486bd1411108de ADV:486bd1410e9164 MIL:486bd1410100000000c6
1789379686.5205,530.984,1350.0,92.6,3.14,0.00,8.50,2.40,22.7,45.1,4.02,14.10,0.000,81.0,50.0,1,0,0,0,0,0,0,NONE,,RPM:486bd1410c1518fe TPS:486bd1411108de ADV:486bd1410e9164 MIL:486bd1410100000000c6
1789379686.9813,531.445,1347.0,-6.5,3.14,0.00,8.50,2.40,22.7,45.1,4.02,14.10,0.000,81.0,50.0,1,0,0,0,0,0,0,NONE,,RPM:486bd1410c150cf2 TPS:486bd1411108de ADV:486bd1410e9164 MIL:486bd1410100000000c6
1789379687.2565,531.720,1339.0,-29.1,3.14,0.00,8.50,2.40,22.7,45.1,4.00,14.10,0.000,82.0,50.0,1,0,0,0,0,0,0,NONE,,RPM:486bd1410c14ecd1 TPS:486bd1411108de ADV:486bd1410e9164 MIL:486bd1410100000000c6
1789379687.5270,531.991,1349.0,37.0,3.14,0.00,9.00,2.40,22.7,45.1,4.00,14.10,0.000,82.0,50.0,1,0,0,0,0,0,0,NONE,,RPM:486bd1410c1514fa TPS:486bd1411108de ADV:486bd1410e9265 MIL:486bd1410100000000c6
1789379687.7992,532.263,1342.0,-25.7,3.14,0.00,8.50,2.40,22.7,45.1,4.00,14.10,0.000,82.0,50.0,1,0,0,0,0,0,0,NONE,,RPM:486bd1410c14f8dd TPS:486bd1411108de ADV:486bd1410e9164 MIL:486bd1410100000000c6
1789379688.0740,532.538,1364.0,80.0,3.14,0.00,8.50,2.40,22.7,45.1,4.00,14.10,0.000,82.0,50.0,1,0,0,0,0,0,0,NONE,,RPM:486bd1410c155036 TPS:486bd1411108de ADV:486bd1410e9164 MIL:486bd1410100000000c6
1789379688.3438,532.808,1315.0,-181.7,3.14,0.00,8.50,2.40,22.7,45.1,4.00,14.10,0.000,82.0,50.0,1,0,0,0,0,0,0,NONE,,RPM:486bd1410c148c71 TPS:486bd1411108de ADV:486bd1410e9164 MIL:486bd1410100000000c6
1789379688.8502,533.314,1381.0,130.3,3.14,0.00,8.00,2.40,22.7,45.1,4.00,14.10,0.000,82.0,50.0,1,0,0,0,0,0,0,NONE,,RPM:486bd1410c15947a TPS:486bd1411108de ADV:486bd1410e9063 MIL:486bd1410100000000c6
1789379689.1259,533.590,1305.0,-275.7,3.14,0.00,8.50,2.40,22.7,45.1,4.00,14.10,0.000,82.0,50.0,1,0,0,0,0,0,0,NONE,,RPM:486bd1410c146449 TPS:486bd1411108de ADV:486bd1410e9164 MIL:486bd1410100000000c6
1789379689.3970,533.861,1340.0,129.1,3.14,0.00,8.50,2.40,22.7,45.1,4.00,14.10,0.000,82.0,50.0,1,0,0,0,0,0,0,NONE,,RPM:486bd1410c14f0d5 TPS:486bd1411108de ADV:486bd1410e9164 MIL:486bd1410100000000c6
1789379689.6694,534.133,1301.0,-143.2,3.14,0.00,8.50,2.40,22.7,45.1,4.00,14.10,0.000,82.0,50.0,1,0,0,0,0,0,0,NONE,,RPM:486bd1410c145439 TPS:486bd1411108de ADV:486bd1410e9164 MIL:486bd1410100000000c6
1789379690.1029,534.567,1328.0,62.3,3.14,0.00,8.50,2.40,22.7,45.1,4.00,14.10,0.000,82.0,50.0,1,0,0,0,0,0,0,NONE,,RPM:486bd1410c14c0a5 TPS:486bd1411108de ADV:486bd1410e9164 MIL:486bd1410100000000c6
1789379690.3729,534.837,1314.0,-51.9,3.14,0.00,8.50,2.40,22.7,45.1,4.00,14.10,0.000,82.0,50.0,1,0,0,0,0,0,0,NONE,,RPM:486bd1410c14886d TPS:486bd1411108de ADV:486bd1410e9164 MIL:486bd1410100000000c6
1789379690.8562,535.320,1351.0,76.6,3.14,0.00,8.50,2.40,22.7,45.1,4.00,14.10,0.000,82.0,50.0,1,0,0,0,0,0,0,NONE,,RPM:486bd1410c151c02 TPS:486bd1411108de ADV:486bd1410e9164 MIL:486bd1410100000000c6
1789379691.1604,535.624,1275.0,-249.8,3.14,0.00,8.00,2.40,22.7,45.1,3.97,14.10,0.000,83.0,50.0,1,0,0,0,0,0,0,NONE,,RPM:486bd1410c13ecd0 TPS:486bd1411108de ADV:486bd1410e9063 MIL:486bd1410100000000c6
1789379691.4286,535.892,1384.0,406.4,3.14,0.00,9.00,2.40,22.7,45.1,3.97,14.10,0.000,83.0,50.0,1,0,0,0,0,0,0,NONE,,RPM:486bd1410c15a086 TPS:486bd1411108de ADV:486bd1410e9265 MIL:486bd1410100000000c6
1789379691.6985,536.162,1368.0,-59.3,3.14,0.00,8.50,2.40,23.5,45.1,4.05,14.10,0.000,83.0,50.0,1,0,0,0,0,0,0,NONE,,RPM:486bd1410c156046 TPS:486bd1411108de ADV:486bd1410e9164 MIL:486bd1410100000000c6
1789379692.0523,536.516,1312.0,-158.3,3.14,0.00,8.50,2.40,23.5,45.1,4.05,14.10,0.000,83.0,50.0,1,0,0,0,0,0,0,NONE,,RPM:486bd1410c148065 TPS:486bd1411108de ADV:486bd1410e9164 MIL:486bd1410100000000c6
1789379692.3387,536.803,1329.0,59.4,3.14,0.00,8.50,2.40,23.5,45.1,4.05,14.10,0.000,83.0,50.0,1,0,0,0,0,0,0,NONE,,RPM:486bd1410c14c4a9 TPS:486bd1411108de ADV:486bd1410e9164 MIL:486bd1410100000000c6
1789379692.7966,537.260,1362.0,72.1,3.14,0.00,8.50,2.40,23.5,45.1,4.05,14.10,0.000,83.0,50.0,1,0,0,0,0,0,0,NONE,,RPM:486bd1410c15482e TPS:486bd1411108de ADV:486bd1410e9164 MIL:486bd1410100000000c6
1789379693.1321,537.596,1366.0,11.9,3.14,0.00,8.50,2.40,23.5,45.1,4.05,14.10,0.000,83.0,50.0,1,0,0,0,0,0,0,NONE,,RPM:486bd1410c15583e TPS:486bd1411108de ADV:486bd1410e9164 MIL:486bd1410100000000c6
1789379693.4581,537.922,1322.0,-135.0,3.14,0.00,8.00,2.40,23.5,45.1,4.05,14.10,0.000,83.0,50.0,1,0,0,0,0,0,0,NONE,,RPM:486bd1410c14a88d TPS:486bd1411108de ADV:486bd1410e9063 MIL:486bd1410100000000c6
1789379693.7296,538.194,1295.0,-99.4,3.14,0.00,8.50,2.40,23.5,45.1,4.05,14.10,0.000,83.0,50.0,1,0,0,0,0,0,0,NONE,,RPM:486bd1410c143c21 TPS:486bd1411108de ADV:486bd1410e9164 MIL:486bd1410100000000c6
1789379694.1836,538.647,1346.0,112.3,3.14,0.00,9.00,2.40,23.5,45.1,4.05,14.10,0.000,83.0,50.0,1,0,0,0,0,0,0,NONE,,RPM:486bd1410c1508ee TPS:486bd1411108de ADV:486bd1410e9265 MIL:486bd1410100000000c6
1789379694.4563,538.920,1336.0,-36.7,3.14,0.00,9.00,2.40,23.5,45.1,4.05,14.10,0.000,83.0,50.0,1,0,0,0,0,0,0,NONE,,RPM:486bd1410c14e0c5 TPS:486bd1411108de ADV:486bd1410e9265 MIL:486bd1410100000000c6
1789379694.9635,539.427,1338.0,3.9,3.14,0.00,9.00,2.40,23.5,45.1,4.05,14.10,0.000,83.0,50.0,1,0,0,0,0,0,0,NONE,,RPM:486bd1410c14e8cd TPS:486bd1411108de ADV:486bd1410e9265 MIL:486bd1410100000000c6
1789379695.2311,539.695,1351.0,48.6,3.14,0.00,8.50,2.40,23.5,45.1,4.02,14.10,0.000,84.0,50.0,1,0,0,0,0,0,0,NONE,,RPM:486bd1410c151c02 TPS:486bd1411108de ADV:486bd1410e9164 MIL:486bd1410100000000c6
1789379695.5026,539.967,1339.0,-44.2,3.53,1.44,8.50,2.40,23.5,45.3,4.02,14.10,0.000,84.0,50.0,1,0,0,0,0,0,0,NONE,,RPM:486bd1410c14ecd1 TPS:486bd1411109df ADV:486bd1410e9164 MIL:486bd1410100000000c6
1789379695.7767,540.241,1352.0,47.4,3.14,-1.43,8.50,2.40,23.1,45.1,3.99,14.10,0.000,84.0,50.0,1,0,0,0,0,0,0,NONE,,RPM:486bd1410c152006 TPS:486bd1411108de ADV:486bd1410e9164 MIL:486bd1410100000000c6
1789379696.0945,540.558,1325.0,-84.9,3.14,0.00,8.50,2.40,23.1,45.1,3.99,14.10,0.000,84.0,50.0,1,0,0,0,0,0,0,NONE,,RPM:486bd1410c14b499 TPS:486bd1411108de ADV:486bd1410e9164 MIL:486bd1410100000000c6
1789379696.3669,540.831,1352.0,99.1,3.14,0.00,8.50,2.40,23.1,45.1,3.99,14.10,0.000,84.0,50.0,1,0,0,0,0,0,0,NONE,,RPM:486bd1410c152006 TPS:486bd1411108de ADV:486bd1410e9164 MIL:486bd1410100000000c6
1789379696.8092,541.273,1336.0,-36.2,3.14,0.00,8.00,2.40,23.1,45.1,3.99,14.10,0.000,84.0,50.0,1,0,0,0,0,0,0,NONE,,RPM:486bd1410c14e0c5 TPS:486bd1411108de ADV:486bd1410e9063 MIL:486bd1410100000000c6
1789379697.0845,541.548,1348.0,43.6,3.14,0.00,9.00,2.40,23.1,45.1,3.99,14.10,0.000,84.0,51.0,1,0,0,0,0,0,0,NONE,,RPM:486bd1410c1510f6 TPS:486bd1411108de ADV:486bd1410e9265 MIL:486bd1410100000000c6
1789379697.3565,541.820,1390.0,154.5,3.14,0.00,8.50,2.40,23.1,45.1,3.99,14.10,0.000,84.0,51.0,1,0,0,0,0,0,0,NONE,,RPM:486bd1410c15b89e TPS:486bd1411108de ADV:486bd1410e9164 MIL:486bd1410100000000c6
1789379697.6777,542.142,1342.0,-149.4,3.14,0.00,9.00,2.40,23.1,45.1,3.99,14.10,0.000,84.0,51.0,1,0,0,0,0,0,0,NONE,,RPM:486bd1410c14f8dd TPS:486bd1411108de ADV:486bd1410e9265 MIL:486bd1410100000000c6
1789379698.1515,542.615,1388.0,97.1,3.14,0.00,8.50,2.40,23.1,45.1,3.99,14.10,0.000,84.0,51.0,1,0,0,0,0,0,0,NONE,,RPM:486bd1410c15b096 TPS:486bd1411108de ADV:486bd1410e9164 MIL:486bd1410100000000c6
1789379698.4116,542.875,1284.0,-399.9,3.14,0.00,8.00,2.40,23.1,45.1,3.99,14.10,0.000,84.0,51.0,1,0,0,0,0,0,0,NONE,,RPM:486bd1410c1410f5 TPS:486bd1411108de ADV:486bd1410e9063 MIL:486bd1410100000000c6
1789379698.9080,543.372,1359.0,151.1,3.14,0.00,8.50,2.40,23.1,45.1,3.99,14.10,0.000,84.0,51.0,1,0,0,0,0,0,0,NONE,,RPM:486bd1410c153c22 TPS:486bd1411108de ADV:486bd1410e9164 MIL:486bd1410100000000c6
1789379699.1787,543.643,1311.0,-177.3,3.14,0.00,8.50,2.40,23.1,45.1,3.96,14.10,0.000,85.0,51.0,1,0,0,0,0,0,0,NONE,,RPM:486bd1410c147c61 TPS:486bd1411108de ADV:486bd1410e9164 MIL:486bd1410100000000c6
1789379699.4830,543.947,1391.0,262.9,3.14,0.00,8.50,2.40,23.1,45.1,3.96,14.10,0.000,85.0,51.0,1,0,0,0,0,0,0,NONE,,RPM:486bd1410c15bca2 TPS:486bd1411108de ADV:486bd1410e9164 MIL:486bd1410100000000c6
1789379699.7813,544.245,1313.0,-261.5,3.14,0.00,8.50,2.40,23.1,45.1,3.96,14.10,0.000,85.0,51.0,1,0,0,0,0,0,0,NONE,,RPM:486bd1410c148469 TPS:486bd1411108de ADV:486bd1410e9164 MIL:486bd1410100000000c6
1789379700.0424,544.506,1355.0,160.8,3.14,0.00,8.50,2.40,23.1,45.1,3.96,14.10,0.000,85.0,51.0,1,0,0,0,0,0,0,NONE,,RPM:486bd1410c152c12 TPS:486bd1411108de ADV:486bd1410e9164 MIL:486bd1410100000000c6
1789379700.3135,544.777,1328.0,-99.6,3.14,0.00,8.50,2.40,23.1,45.1,3.96,14.10,0.000,85.0,51.0,1,0,0,0,0,0,0,NONE,,RPM:486bd1410c14c0a5 TPS:486bd1411108de ADV:486bd1410e9164 MIL:486bd1410100000000c6
1789379700.7840,545.248,1374.0,97.8,3.14,0.00,9.00,2.40,23.1,45.1,3.96,14.10,0.000,85.0,51.0,1,0,0,0,0,0,0,NONE,,RPM:486bd1410c15785e TPS:486bd1411108de ADV:486bd1410e9265 MIL:486bd1410100000000c6
1789379701.0494,545.513,1334.0,-150.8,3.14,0.00,8.00,2.40,23.1,45.1,3.96,14.10,0.000,85.0,51.0,1,0,0,0,0,0,0,NONE,,RPM:486bd1410c14d8bd TPS:486bd1411108de ADV:486bd1410e9063 MIL:486bd1410100000000c6
1789379701.3537,545.818,1314.0,-65.7,3.14,0.00,9.00,2.40,23.1,45.1,3.96,14.10,0.000,85.0,51.0,1,0,0,0,0,0,0,NONE,,RPM:486bd1410c14886d TPS:486bd1411108de ADV:486bd1410e9265 MIL:486bd1410100000000c6
1789379701.6250,546.089,1315.0,3.7,3.14,0.00,8.00,2.40,23.1,45.1,3.96,14.10,0.000,85.0,51.0,1,0,0,0,0,0,0,NONE,,RPM:486bd1410c148c71 TPS:486bd1411108de ADV:486bd1410e9063 MIL:486bd1410100000000c6
1789379702.0860,546.550,1315.0,0.0,3.14,0.00,8.50,2.40,23.1,45.1,3.96,14.10,0.000,85.0,51.0,1,0,0,0,0,0,0,NONE,,RPM:486bd1410c148c71 TPS:486bd1411108de ADV:486bd1410e9164 MIL:486bd1410100000000c6
1789379702.3597,546.824,1363.0,175.4,3.14,0.00,8.50,2.40,23.1,45.1,3.96,14.10,0.000,85.0,51.0,1,0,0,0,0,0,0,NONE,,RPM:486bd1410c154c32 TPS:486bd1411108de ADV:486bd1410e9164 MIL:486bd1410100000000c6
1789379702.8045,547.268,1328.0,-78.7,3.14,0.00,8.50,2.40,23.1,45.1,3.96,14.10,0.000,85.0,51.0,1,0,0,0,0,0,0,NONE,,RPM:486bd1410c14c0a5 TPS:486bd1411108de ADV:486bd1410e9164 MIL:486bd1410100000000c6
1789379703.0780,547.542,1362.0,124.3,3.14,0.00,8.50,2.40,23.1,45.1,3.96,14.10,0.000,85.0,51.0,1,0,0,0,0,0,0,NONE,,RPM:486bd1410c15482e TPS:486bd1411108de ADV:486bd1410e9164 MIL:486bd1410100000000c6
1789379703.3997,547.864,1319.0,-133.7,3.14,0.00,8.50,2.40,23.1,45.1,3.96,14.10,0.000,85.0,51.0,1,0,0,0,0,0,0,NONE,,RPM:486bd1410c149c81 TPS:486bd1411108de ADV:486bd1410e9164 MIL:486bd1410100000000c6
1789379703.6821,548.146,1341.0,77.9,3.14,0.00,8.50,2.40,23.1,45.1,3.96,14.10,0.000,85.0,51.0,1,0,0,0,0,0,0,NONE,,RPM:486bd1410c14f4d9 TPS:486bd1411108de ADV:486bd1410e9164 MIL:486bd1410100000000c6
1789379703.9739,548.438,1331.0,-34.3,3.14,0.00,8.50,2.40,23.1,45.1,3.96,14.10,0.000,85.0,51.0,1,0,0,0,0,0,0,NONE,,RPM:486bd1410c14ccb1 TPS:486bd1411108de ADV:486bd1410e9164 MIL:486bd1410100000000c6
1789379704.2465,548.710,1333.0,7.3,3.14,0.00,8.50,2.40,23.1,45.1,3.96,14.10,0.000,85.0,51.0,1,0,0,0,0,0,0,NONE,,RPM:486bd1410c14d4b9 TPS:486bd1411108de ADV:486bd1410e9164 MIL:486bd1410100000000c6
1789379704.7427,549.207,1308.0,-50.4,3.14,0.00,8.50,2.40,23.1,45.1,3.96,14.10,0.000,85.0,51.0,1,0,0,0,0,0,0,NONE,,RPM:486bd1410c147055 TPS:486bd1411108de ADV:486bd1410e9164 MIL:486bd1410100000000c6
1789379705.0138,549.478,1341.0,121.7,3.14,0.00,8.50,2.40,23.1,45.1,3.96,14.10,0.000,85.0,51.0,1,0,0,0,0,0,0,NONE,,RPM:486bd1410c14f4d9 TPS:486bd1411108de ADV:486bd1410e9164 MIL:486bd1410100000000c6
1789379705.2843,549.748,1332.0,-33.3,3.14,0.00,8.50,2.40,23.1,45.1,3.96,14.10,0.000,85.0,51.0,1,0,0,0,0,0,0,NONE,,RPM:486bd1410c14d0b5 TPS:486bd1411108de ADV:486bd1410e9164 MIL:486bd1410100000000c6
1789379705.6009,550.065,1309.0,-72.6,3.14,0.00,8.00,2.40,23.1,45.1,3.96,14.10,0.000,85.0,51.0,1,0,0,0,0,0,0,NONE,,RPM:486bd1410c147459 TPS:486bd1411108de ADV:486bd1410e9063 MIL:486bd1410100000000c6
1789379706.0347,550.499,1314.0,11.5,3.14,0.00,8.50,2.40,23.1,45.1,3.96,14.10,0.000,85.0,51.0,1,0,0,0,0,0,0,NONE,,RPM:486bd1410c14886d TPS:486bd1411108de ADV:486bd1410e9164 MIL:486bd1410100000000c6
1789379706.3241,550.788,1324.0,34.5,3.53,1.35,8.00,2.40,23.1,45.3,3.96,14.10,0.000,85.0,51.0,1,0,0,0,0,0,0,NONE,,RPM:486bd1410c14b095 TPS:486bd1411109df ADV:486bd1410e9063 MIL:486bd1410100000000c6
1789379706.7669,551.231,1337.0,29.4,3.14,-0.89,8.00,2.40,23.1,45.1,3.96,14.10,0.000,85.0,51.0,1,0,0,0,0,0,0,NONE,,RPM:486bd1410c14e4c9 TPS:486bd1411108de ADV:486bd1410e9063 MIL:486bd1410100000000c6
1789379707.0600,551.524,1328.0,-30.7,3.14,0.00,9.00,2.40,23.1,45.1,3.94,14.10,0.000,86.0,51.0,1,0,0,0,0,0,0,NONE,,RPM:486bd1410c14c0a5 TPS:486bd1411108de ADV:486bd1410e9265 MIL:486bd1410100000000c6
1789379707.3635,551.827,1360.0,105.4,3.14,0.00,8.00,2.40,23.1,45.1,3.94,14.10,0.000,86.0,51.0,1,0,0,0,0,0,0,NONE,,RPM:486bd1410c154026 TPS:486bd1411108de ADV:486bd1410e9063 MIL:486bd1410100000000c6
1789379707.6343,552.098,1375.0,55.4,3.14,0.00,8.50,2.40,23.1,45.1,3.94,14.10,0.000,86.0,51.0,1,0,0,0,0,0,0,NONE,,RPM:486bd1410c157c62 TPS:486bd1411108de ADV:486bd1410e9164 MIL:486bd1410100000000c6
1789379707.9075,552.371,1296.0,-289.2,3.14,0.00,8.50,2.40,23.1,45.1,3.94,14.10,0.000,86.0,51.0,1,0,0,0,0,0,0,NONE,,RPM:486bd1410c144025 TPS:486bd1411108de ADV:486bd1410e9164 MIL:486bd1410100000000c6
1789379708.1794,552.643,1353.0,209.6,3.14,0.00,8.50,2.40,23.1,45.1,3.94,14.10,0.000,86.0,51.0,1,0,0,0,0,0,0,NONE,,RPM:486bd1410c15240a TPS:486bd1411108de ADV:486bd1410e9164 MIL:486bd1410100000000c6
1789379708.6590,553.123,1329.0,-50.0,3.14,0.00,9.00,2.40,23.1,45.1,3.94,14.10,0.000,86.0,51.0,1,0,0,0,0,0,0,NONE,,RPM:486bd1410c14c4a9 TPS:486bd1411108de ADV:486bd1410e9265 MIL:486bd1410100000000c6
1789379708.9983,553.462,1337.0,23.6,3.14,0.00,8.50,2.40,23.1,45.1,3.94,14.10,0.000,86.0,52.0,1,0,0,0,0,0,0,NONE,,RPM:486bd1410c14e4c9 TPS:486bd1411108de ADV:486bd1410e9164 MIL:486bd1410100000000c6
1789379709.2832,553.747,1354.0,59.7,3.14,0.00,9.00,2.40,23.1,45.1,3.94,14.10,0.000,86.0,52.0,1,0,0,0,0,0,0,NONE,,RPM:486bd1410c15280e TPS:486bd1411108de ADV:486bd1410e9265 MIL:486bd1410100000000c6
1789379709.5641,554.028,1347.0,-24.9,3.14,0.00,8.50,2.40,23.1,45.1,3.94,14.10,0.000,86.0,52.0,1,0,0,0,0,0,0,NONE,,RPM:486bd1410c150cf2 TPS:486bd1411108de ADV:486bd1410e9164 MIL:486bd1410100000000c6
1789379709.9962,554.460,1276.0,-164.3,3.14,0.00,8.50,2.40,23.1,45.1,3.94,14.10,0.000,86.0,52.0,1,0,0,0,0,0,0,NONE,,RPM:486bd1410c13f0d4 TPS:486bd1411108de ADV:486bd1410e9164 MIL:486bd1410100000000c6
1789379710.3049,554.769,1314.0,123.1,3.14,0.00,9.00,2.40,23.1,45.1,3.94,14.10,0.000,86.0,52.0,1,0,0,0,0,0,0,NONE,,RPM:486bd1410c14886d TPS:486bd1411108de ADV:486bd1410e9265 MIL:486bd1410100000000c6
1789379710.7778,555.242,1338.0,50.7,3.14,0.00,9.00,2.40,23.1,45.1,3.94,14.10,0.000,86.0,52.0,1,0,0,0,0,0,0,NONE,,RPM:486bd1410c14e8cd TPS:486bd1411108de ADV:486bd1410e9265 MIL:486bd1410100000000c6
1789379711.0603,555.524,1351.0,46.0,3.14,0.00,8.50,2.40,23.1,45.1,3.94,14.10,0.000,86.0,52.0,1,0,0,0,0,0,0,NONE,,RPM:486bd1410c151c02 TPS:486bd1411108de ADV:486bd1410e9164 MIL:486bd1410100000000c6
1789379711.3279,555.792,1314.0,-138.3,3.14,0.00,8.50,2.40,23.1,45.1,3.94,14.10,0.000,86.0,52.0,1,0,0,0,0,0,0,NONE,,RPM:486bd1410c14886d TPS:486bd1411108de ADV:486bd1410e9164 MIL:486bd1410100000000c6
1789379711.6625,556.126,1320.0,17.9,3.14,0.00,8.50,2.40,22.4,45.1,3.87,14.10,0.000,86.0,52.0,1,0,0,0,0,0,0,NONE,,RPM:486bd1410c14a085 TPS:486bd1411108de ADV:486bd1410e9164 MIL:486bd1410100000000c6
1789379711.9354,556.399,1351.0,113.6,3.14,0.00,8.50,2.40,22.4,45.1,3.87,14.10,0.000,86.0,52.0,1,0,0,0,0,0,0,NONE,,RPM:486bd1410c151c02 TPS:486bd1411108de ADV:486bd1410e9164 MIL:486bd1410100000000c6
1789379712.2040,556.668,1320.0,-115.4,3.14,0.00,8.50,2.40,22.4,45.1,3.87,14.10,0.000,86.0,52.0,1,0,0,0,0,0,0,NONE,,RPM:486bd1410c14a085 TPS:486bd1411108de ADV:486bd1410e9164 MIL:486bd1410100000000c6
1789379712.6750,557.139,1339.0,40.3,3.14,0.00,8.50,2.40,22.4,45.1,3.87,14.10,0.000,86.0,52.0,1,0,0,0,0,0,0,NONE,,RPM:486bd1410c14ecd1 TPS:486bd1411108de ADV:486bd1410e9164 MIL:486bd1410100000000c6
1789379712.9426,557.406,1318.0,-78.5,3.14,0.00,8.00,2.40,22.4,45.1,3.87,14.10,0.000,86.0,52.0,1,0,0,0,0,0,0,NONE,,RPM:486bd1410c14987d TPS:486bd1411108de ADV:486bd1410e9063 MIL:486bd1410100000000c6
1789379713.2119,557.676,1327.0,33.4,3.14,0.00,9.00,2.40,22.4,45.1,3.87,14.10,0.000,86.0,52.0,1,0,0,0,0,0,0,NONE,,RPM:486bd1410c14bca1 TPS:486bd1411108de ADV:486bd1410e9265 MIL:486bd1410100000000c6
1789379713.4853,557.949,1306.0,-76.8,3.14,0.00,8.50,2.40,22.4,45.1,3.87,14.10,0.000,86.0,52.0,1,0,0,0,0,0,0,NONE,,RPM:486bd1410c14684d TPS:486bd1411108de ADV:486bd1410e9164 MIL:486bd1410100000000c6
1789379714.0055,558.469,1313.0,13.5,3.14,0.00,8.50,2.40,22.4,45.1,3.87,14.10,0.000,86.0,52.0,1,0,0,0,0,0,0,NONE,,RPM:486bd1410c148469 TPS:486bd1411108de ADV:486bd1410e9164 MIL:486bd1410100000000c6
1789379714.2841,558.748,1309.0,-14.4,3.14,0.00,8.00,2.40,22.4,45.1,3.87,14.10,0.000,86.0,52.0,1,0,0,0,0,0,0,NONE,,RPM:486bd1410c147459 TPS:486bd1411108de ADV:486bd1410e9063 MIL:486bd1410100000000c6
1789379714.7776,559.241,1366.0,115.5,3.14,0.00,8.50,2.40,22.4,45.1,3.87,14.10,0.000,86.0,52.0,1,0,0,0,0,0,0,NONE,,RPM:486bd1410c15583e TPS:486bd1411108de ADV:486bd1410e9164 MIL:486bd1410100000000c6
1789379715.0523,559.516,1315.0,-185.7,3.14,0.00,8.50,2.40,22.4,45.1,3.85,14.10,0.000,87.0,52.0,1,0,0,0,0,0,0,NONE,,RPM:486bd1410c148c71 TPS:486bd1411108de ADV:486bd1410e9164 MIL:486bd1410100000000c6
1789379715.3560,559.820,1336.0,69.2,3.14,0.00,9.00,2.40,22.4,45.1,3.85,14.10,0.000,87.0,52.0,1,0,0,0,0,0,0,NONE,,RPM:486bd1410c14e0c5 TPS:486bd1411108de ADV:486bd1410e9265 MIL:486bd1410100000000c6
1789379715.6421,560.106,1343.0,24.5,3.14,0.00,8.50,2.40,23.5,45.1,3.96,14.10,0.000,87.0,52.0,1,0,0,0,0,0,0,NONE,,RPM:486bd1410c14fce1 TPS:486bd1411108de ADV:486bd1410e9164 MIL:486bd1410100000000c6
1789379715.9148,560.379,1291.0,-190.7,3.14,0.00,9.00,2.40,23.5,45.1,3.96,14.10,0.000,87.0,52.0,1,0,0,0,0,0,0,NONE,,RPM:486bd1410c142c11 TPS:486bd1411108de ADV:486bd1410e9265 MIL:486bd1410100000000c6
1789379716.1859,560.650,1343.0,191.8,3.14,0.00,10.00,2.40,23.5,45.1,3.96,14.10,0.000,87.0,52.0,1,0,0,0,0,0,0,NONE,,RPM:486bd1410c14fce1 TPS:486bd1411108de ADV:486bd1410e9467 MIL:486bd1410100000000c6
1789379716.6486,561.113,1331.0,-25.9,3.14,0.00,8.50,2.40,23.5,45.1,3.96,14.10,0.000,87.0,52.0,1,0,0,0,0,0,0,NONE,,RPM:486bd1410c14ccb1 TPS:486bd1411108de ADV:486bd1410e9164 MIL:486bd1410100000000c6
1789379716.9255,561.389,1309.0,-79.5,3.14,0.00,8.50,2.40,23.5,45.1,3.96,14.10,0.000,87.0,53.0,1,0,0,0,0,0,0,NONE,,RPM:486bd1410c147459 TPS:486bd1411108de ADV:486bd1410e9164 MIL:486bd1410100000000c6
1789379717.1925,561.656,1320.0,41.2,3.14,0.00,9.00,2.40,23.5,45.1,3.96,14.10,0.000,87.0,53.0,1,0,0,0,0,0,0,NONE,,RPM:486bd1410c14a085 TPS:486bd1411108de ADV:486bd1410e9265 MIL:486bd1410100000000c6
1789379717.4772,561.941,1352.0,112.4,3.14,0.00,8.50,2.40,23.5,45.1,3.96,14.10,0.000,87.0,53.0,1,0,0,0,0,0,0,NONE,,RPM:486bd1410c152006 TPS:486bd1411108de ADV:486bd1410e9164 MIL:486bd1410100000000c6
1789379717.9155,562.379,1318.0,-77.6,3.14,0.00,8.50,2.40,23.5,45.1,3.96,14.10,0.000,87.0,53.0,1,0,0,0,0,0,0,NONE,,RPM:486bd1410c14987d TPS:486bd1411108de ADV:486bd1410e9164 MIL:486bd1410100000000c6
1789379718.1977,562.662,1336.0,63.8,3.14,0.00,8.50,2.40,23.5,45.1,3.96,14.10,0.000,87.0,53.0,1,0,0,0,0,0,0,NONE,,RPM:486bd1410c14e0c5 TPS:486bd1411108de ADV:486bd1410e9164 MIL:486bd1410100000000c6
1789379718.6332,563.097,1350.0,32.1,3.14,0.00,9.00,2.40,23.5,45.1,3.96,14.10,0.000,87.0,53.0,1,0,0,0,0,0,0,NONE,,RPM:486bd1410c1518fe TPS:486bd1411108de ADV:486bd1410e9265 MIL:486bd1410100000000c6
1789379718.9036,563.367,1331.0,-70.3,3.14,0.00,9.00,2.40,23.5,45.1,3.94,14.10,0.000,88.0,53.0,1,0,0,0,0,0,0,NONE,,RPM:486bd1410c14ccb1 TPS:486bd1411108de ADV:486bd1410e9265 MIL:486bd1410100000000c6
1789379719.1749,563.639,1322.0,-33.2,3.14,0.00,8.50,2.40,23.5,45.1,3.94,14.10,0.000,88.0,53.0,1,0,0,0,0,0,0,NONE,,RPM:486bd1410c14a88d TPS:486bd1411108de ADV:486bd1410e9164 MIL:486bd1410100000000c6
1789379719.4795,563.943,1369.0,154.3,3.14,0.00,8.50,2.40,23.1,45.1,3.90,14.10,0.000,88.0,53.0,1,0,0,0,0,0,0,NONE,,RPM:486bd1410c15644a TPS:486bd1411108de ADV:486bd1410e9164 MIL:486bd1410100000000c6
1789379719.7671,564.231,1304.0,-226.0,3.14,0.00,8.00,2.40,23.1,45.1,3.90,14.10,0.000,88.0,53.0,1,0,0,0,0,0,0,NONE,,RPM:486bd1410c146045 TPS:486bd1411108de ADV:486bd1410e9063 MIL:486bd1410100000000c6
1789379720.0800,564.544,1324.0,63.9,3.14,0.00,9.00,2.40,23.1,45.1,3.90,14.10,0.000,88.0,53.0,1,0,0,0,0,0,0,NONE,,RPM:486bd1410c14b095 TPS:486bd1411108de ADV:486bd1410e9265 MIL:486bd1410100000000c6
1789379720.5091,564.973,1330.0,14.0,3.14,0.00,8.00,2.40,23.1,45.1,3.90,14.10,0.000,88.0,53.0,1,0,0,0,0,0,0,NONE,,RPM:486bd1410c14c8ad TPS:486bd1411108de ADV:486bd1410e9063 MIL:486bd1410100000000c6
1789379720.8067,565.271,1367.0,124.3,3.14,0.00,8.50,2.40,23.1,45.1,3.90,14.10,0.000,88.0,53.0,1,0,0,0,0,0,0,NONE,,RPM:486bd1410c155c42 TPS:486bd1411108de ADV:486bd1410e9164 MIL:486bd1410100000000c6
1789379721.0777,565.542,1295.0,-265.7,3.14,0.00,8.50,2.40,23.1,45.1,3.90,14.10,0.000,88.0,53.0,1,0,0,0,0,0,0,NONE,,RPM:486bd1410c143c21 TPS:486bd1411108de ADV:486bd1410e9164 MIL:486bd1410100000000c6
1789379721.3474,565.811,1377.0,304.0,3.14,0.00,8.50,2.40,23.1,45.1,3.90,14.10,0.000,88.0,53.0,1,0,0,0,0,0,0,NONE,,RPM:486bd1410c15846a TPS:486bd1411108de ADV:486bd1410e9164 MIL:486bd1410100000000c6
1789379721.7988,566.263,1327.0,-110.8,3.14,0.00,8.50,2.40,23.1,45.1,3.90,14.10,0.000,88.0,53.0,1,0,0,0,0,0,0,NONE,,RPM:486bd1410c14bca1 TPS:486bd1411108de ADV:486bd1410e9164 MIL:486bd1410100000000c6
1789379722.0805,566.544,1336.0,32.0,3.14,0.00,8.50,2.40,23.1,45.1,3.90,14.10,0.000,88.0,53.0,1,0,0,0,0,0,0,NONE,,RPM:486bd1410c14e0c5 TPS:486bd1411108de ADV:486bd1410e9164 MIL:486bd1410100000000c6
1789379722.5178,566.982,1345.0,20.6,3.14,0.00,8.50,2.40,23.1,45.1,3.90,14.10,0.000,88.0,53.0,1,0,0,0,0,0,0,NONE,,RPM:486bd1410c1504ea TPS:486bd1411108de ADV:486bd1410e9164 MIL:486bd1410100000000c6
1789379722.7860,567.250,1321.0,-89.5,3.14,0.00,9.00,2.40,23.1,45.1,3.88,14.10,0.000,89.0,53.0,1,0,0,0,0,0,0,NONE,,RPM:486bd1410c14a489 TPS:486bd1411108de ADV:486bd1410e9265 MIL:486bd1410100000000c6
1789379723.0571,567.521,1373.0,191.8,3.14,0.00,8.50,2.40,23.1,45.1,3.88,14.10,0.000,89.0,53.0,1,0,0,0,0,0,0,NONE,,RPM:486bd1410c15745a TPS:486bd1411108de ADV:486bd1410e9164 MIL:486bd1410100000000c6
1789379723.3297,567.794,1289.0,-308.1,3.14,0.00,8.50,2.40,22.4,45.1,3.81,14.10,0.000,89.0,53.0,1,0,0,0,0,0,0,NONE,,RPM:486bd1410c142409 TPS:486bd1411108de ADV:486bd1410e9164 MIL:486bd1410100000000c6
1789379723.6054,568.069,1355.0,239.4,3.14,0.00,8.50,2.40,22.4,45.1,3.81,14.10,0.000,89.0,53.0,1,0,0,0,0,0,0,NONE,,RPM:486bd1410c152c12 TPS:486bd1411108de ADV:486bd1410e9164 MIL:486bd1410100000000c6
1789379723.8898,568.354,1337.0,-63.3,3.14,0.00,8.50,2.40,22.4,45.1,3.81,14.10,0.000,89.0,53.0,1,0,0,0,0,0,0,NONE,,RPM:486bd1410c14e4c9 TPS:486bd1411108de ADV:486bd1410e9164 MIL:486bd1410100000000c6
1789379724.3400,568.804,1352.0,33.3,3.14,0.00,8.00,2.40,22.4,45.1,3.81,14.10,0.000,89.0,53.0,1,0,0,0,0,0,0,NONE,,RPM:486bd1410c152006 TPS:486bd1411108de ADV:486bd1410e9063 MIL:486bd1410100000000c6
1789379724.6548,569.119,1305.0,-149.3,3.14,0.00,8.50,2.40,22.4,45.1,3.81,14.10,0.000,89.0,53.0,1,0,0,0,0,0,0,NONE,,RPM:486bd1410c146449 TPS:486bd1411108de ADV:486bd1410e9164 MIL:486bd1410100000000c6
1789379724.9473,569.411,1321.0,54.7,3.14,0.00,8.50,2.40,22.4,45.1,3.81,14.10,0.000,89.0,53.0,1,0,0,0,0,0,0,NONE,,RPM:486bd1410c14a489 TPS:486bd1411108de ADV:486bd1410e9164 MIL:486bd1410100000000c6
1789379725.2157,569.680,1305.0,-59.6,3.14,0.00,8.50,2.40,22.4,45.1,3.81,14.10,0.000,89.0,53.0,1,0,0,0,0,0,0,NONE,,RPM:486bd1410c146449 TPS:486bd1411108de ADV:486bd1410e9164 MIL:486bd1410100000000c6
1789379725.7158,570.180,1346.0,82.0,3.14,0.00,9.00,2.40,22.4,45.1,3.81,14.10,0.000,89.0,53.0,1,0,0,0,0,0,0,NONE,,RPM:486bd1410c1508ee TPS:486bd1411108de ADV:486bd1410e9265 MIL:486bd1410100000000c6
1789379725.9828,570.447,1318.0,-104.9,3.14,0.00,8.50,2.40,22.4,45.1,3.81,14.10,0.000,89.0,53.0,1,0,0,0,0,0,0,NONE,,RPM:486bd1410c14987d TPS:486bd1411108de ADV:486bd1410e9164 MIL:486bd1410100000000c6
1789379726.4299,570.894,1347.0,64.9,3.14,0.00,8.50,2.40,22.4,45.1,3.81,14.10,0.000,89.0,53.0,1,0,0,0,0,0,0,NONE,,RPM:486bd1410c150cf2 TPS:486bd1411108de ADV:486bd1410e9164 MIL:486bd1410100000000c6
1789379726.7175,571.181,1308.0,-135.6,3.14,0.00,8.50,2.40,22.4,45.1,3.81,14.10,0.000,89.0,53.0,1,0,0,0,0,0,0,NONE,,RPM:486bd1410c147055 TPS:486bd1411108de ADV:486bd1410e9164 MIL:486bd1410100000000c6
1789379727.0056,571.469,1341.0,114.5,3.14,0.00,8.50,2.40,22.4,45.1,3.81,14.10,0.000,89.0,53.0,1,0,0,0,0,0,0,NONE,,RPM:486bd1410c14f4d9 TPS:486bd1411108de ADV:486bd1410e9164 MIL:486bd1410100000000c6
1789379727.2775,571.741,1378.0,136.1,3.14,0.00,8.50,2.40,23.5,45.1,3.92,14.10,0.000,89.0,53.0,1,0,0,0,0,0,0,NONE,,RPM:486bd1410c15886e TPS:486bd1411108de ADV:486bd1410e9164 MIL:486bd1410100000000c6
1789379727.5494,572.013,1344.0,-125.0,3.14,0.00,8.50,2.40,23.5,45.1,3.92,14.10,0.000,89.0,53.0,1,0,0,0,0,0,0,NONE,,RPM:486bd1410c1500e6 TPS:486bd1411108de ADV:486bd1410e9164 MIL:486bd1410100000000c6
1789379727.8328,572.297,1301.0,-151.7,3.14,0.00,8.50,2.40,23.5,45.1,3.92,14.10,0.000,89.0,53.0,1,0,0,0,0,0,0,NONE,,RPM:486bd1410c145439 TPS:486bd1411108de ADV:486bd1410e9164 MIL:486bd1410100000000c6
1789379728.2661,572.730,1320.0,43.9,3.14,0.00,8.50,2.40,23.5,45.1,3.92,14.10,0.000,89.0,53.0,1,0,0,0,0,0,0,NONE,,RPM:486bd1410c14a085 TPS:486bd1411108de ADV:486bd1410e9164 MIL:486bd1410100000000c6
1789379728.5549,573.019,1340.0,69.2,3.14,0.00,8.50,2.40,23.5,45.1,3.92,14.10,0.000,89.0,53.0,1,0,0,0,0,0,0,NONE,,RPM:486bd1410c14f0d5 TPS:486bd1411108de ADV:486bd1410e9164 MIL:486bd1410100000000c6
1789379728.8429,573.307,1354.0,48.6,3.14,0.00,8.50,2.40,23.5,45.1,3.92,14.10,0.000,89.0,53.0,1,0,0,0,0,0,0,NONE,,RPM:486bd1410c15280e TPS:486bd1411108de ADV:486bd1410e9164 MIL:486bd1410100000000c6
1789379729.1150,573.579,1331.0,-84.5,3.14,0.00,8.50,2.40,23.5,45.1,3.92,14.10,0.000,89.0,53.0,1,0,0,0,0,0,0,NONE,,RPM:486bd1410c14ccb1 TPS:486bd1411108de ADV:486bd1410e9164 MIL:486bd1410100000000c6
1789379729.5883,574.052,1328.0,-6.3,3.14,0.00,8.50,2.40,23.5,45.1,3.92,14.10,0.000,89.0,53.0,1,0,0,0,0,0,0,NONE,,RPM:486bd1410c14c0a5 TPS:486bd1411108de ADV:486bd1410e9164 MIL:486bd1410100000000c6
1789379729.8671,574.331,1377.0,175.8,3.14,0.00,8.50,2.40,23.5,45.1,3.92,14.10,0.000,89.0,53.0,1,0,0,0,0,0,0,NONE,,RPM:486bd1410c15846a TPS:486bd1411108de ADV:486bd1410e9164 MIL:486bd1410100000000c6
1789379730.3514,574.815,1395.0,37.2,3.14,0.00,9.00,2.40,23.5,45.1,3.92,14.10,0.000,89.0,53.0,1,0,0,0,0,0,0,NONE,,RPM:486bd1410c15ccb2 TPS:486bd1411108de ADV:486bd1410e9265 MIL:486bd1410100000000c6
1789379730.6188,575.083,1326.0,-258.0,3.14,0.00,8.00,2.40,23.5,45.1,3.90,14.10,0.000,90.0,53.0,1,0,0,0,0,0,0,NONE,,RPM:486bd1410c14b89d TPS:486bd1411108de ADV:486bd1410e9063 MIL:486bd1410100000000c6
1789379730.9217,575.386,1309.0,-56.1,3.14,0.00,8.00,2.40,23.5,45.1,3.90,14.10,0.000,90.0,53.0,1,0,0,0,0,0,0,NONE,,RPM:486bd1410c147459 TPS:486bd1411108de ADV:486bd1410e9063 MIL:486bd1410100000000c6
1789379731.1929,575.657,1298.0,-40.6,3.14,0.00,9.00,2.40,23.1,45.1,3.86,14.10,0.000,90.0,53.0,1,0,0,0,0,0,0,NONE,,RPM:486bd1410c14482d TPS:486bd1411108de ADV:486bd1410e9265 MIL:486bd1410100000000c6
1789379731.4644,575.928,1357.0,217.3,3.14,0.00,8.50,2.40,23.1,45.1,3.86,14.10,0.000,90.0,53.0,1,0,0,0,0,0,0,NONE,,RPM:486bd1410c15341a TPS:486bd1411108de ADV:486bd1410e9164 MIL:486bd1410100000000c6
1789379731.7749,576.239,1341.0,-51.5,3.14,0.00,8.50,2.40,23.1,45.1,3.86,14.10,0.000,90.0,53.0,1,0,0,0,0,0,0,NONE,,RPM:486bd1410c14f4d9 TPS:486bd1411108de ADV:486bd1410e9164 MIL:486bd1410100000000c6
1789379732.1934,576.657,1314.0,-64.5,3.14,0.00,8.50,2.40,23.1,45.1,3.86,14.10,0.000,90.0,53.0,1,0,0,0,0,0,0,NONE,,RPM:486bd1410c14886d TPS:486bd1411108de ADV:486bd1410e9164 MIL:486bd1410100000000c6
1789379732.4723,576.936,1340.0,93.2,3.14,0.00,9.00,2.40,23.1,45.1,3.86,14.10,0.000,90.0,53.0,1,0,0,0,0,0,0,NONE,,RPM:486bd1410c14f0d5 TPS:486bd1411108de ADV:486bd1410e9265 MIL:486bd1410100000000c6
1789379732.7430,577.207,1315.0,-92.3,3.14,0.00,8.50,2.40,23.1,45.1,3.86,14.10,0.000,90.0,53.0,1,0,0,0,0,0,0,NONE,,RPM:486bd1410c148c71 TPS:486bd1411108de ADV:486bd1410e9164 MIL:486bd1410100000000c6
1789379733.0305,577.494,1365.0,173.9,3.14,0.00,8.50,2.40,23.1,45.1,3.86,14.10,0.000,90.0,53.0,1,0,0,0,0,0,0,NONE,,RPM:486bd1410c15543a TPS:486bd1411108de ADV:486bd1410e9164 MIL:486bd1410100000000c6
1789379733.4721,577.936,1315.0,-113.2,3.14,0.00,8.50,2.40,23.1,45.1,3.86,14.10,0.000,90.0,53.0,1,0,0,0,0,0,0,NONE,,RPM:486bd1410c148c71 TPS:486bd1411108de ADV:486bd1410e9164 MIL:486bd1410100000000c6
1789379733.7888,578.253,1303.0,-37.9,3.14,0.00,8.50,2.40,23.1,45.1,3.86,14.10,0.000,90.0,53.0,1,0,0,0,0,0,0,NONE,,RPM:486bd1410c145c41 TPS:486bd1411108de ADV:486bd1410e9164 MIL:486bd1410100000000c6
1789379734.2309,578.695,1340.0,83.7,3.14,0.00,8.50,2.40,23.1,45.1,3.86,14.10,0.000,90.0,53.0,1,0,0,0,0,0,0,NONE,,RPM:486bd1410c14f0d5 TPS:486bd1411108de ADV:486bd1410e9164 MIL:486bd1410100000000c6
1789379734.5393,579.003,1335.0,-16.2,3.14,0.00,8.50,2.40,23.1,45.1,3.84,14.10,0.000,91.0,53.0,1,0,0,0,0,0,0,NONE,,RPM:486bd1410c14dcc1 TPS:486bd1411108de ADV:486bd1410e9164 MIL:486bd1410100000000c6
1789379734.8104,579.274,1357.0,81.1,3.14,0.00,8.50,2.40,23.1,45.1,3.84,14.10,0.000,91.0,53.0,1,0,0,0,0,0,0,NONE,,RPM:486bd1410c15341a TPS:486bd1411108de ADV:486bd1410e9164 MIL:486bd1410100000000c6
1789379735.0784,579.542,1344.0,-48.5,3.14,0.00,9.00,2.40,22.4,45.1,3.77,14.10,0.000,91.0,53.0,1,0,0,0,0,0,0,NONE,,RPM:486bd1410c1500e6 TPS:486bd1411108de ADV:486bd1410e9265 MIL:486bd1410100000000c6
1789379735.3505,579.814,1341.0,-11.0,4.71,5.77,7.50,2.40,22.4,46.0,3.77,14.10,0.000,91.0,53.0,1,0,0,0,0,0,0,NONE,,RPM:486bd1410c14f4d9 TPS:486bd141110ce2 ADV:486bd1410e8f62 MIL:486bd1410100000000c6
1789379735.6217,580.086,1842.0,1846.9,8.63,14.46,8.00,2.40,22.4,48.3,3.77,14.10,0.000,91.0,53.0,1,0,0,0,0,0,0,NONE,,RPM:486bd1410c1cc8b5 TPS:486bd1411116ec ADV:486bd1410e9063 MIL:486bd1410100000000c6
1789379736.0664,580.530,2311.0,1054.7,6.67,-4.41,14.00,2.40,22.4,47.2,3.77,14.10,0.000,91.0,53.0,1,0,0,0,0,0,0,NONE,,RPM:486bd1410c241c11 TPS:486bd1411111e7 ADV:486bd1410e9c6f MIL:486bd1410100000000c6
1789379736.3402,580.804,2306.0,-18.3,6.67,0.00,13.00,2.40,22.4,47.2,3.77,14.10,0.000,91.0,53.0,1,0,0,0,0,0,0,NONE,,RPM:486bd1410c2408fd TPS:486bd1411111e7 ADV:486bd1410e9a6d MIL:486bd1410100000000c6
1789379736.6605,581.124,2218.0,-274.8,6.67,0.00,10.50,2.40,22.4,47.2,3.77,14.10,0.000,91.0,53.0,1,0,0,0,0,0,0,NONE,,RPM:486bd1410c22a89b TPS:486bd1411111e7 ADV:486bd1410e9568 MIL:486bd1410100000000c6
1789379736.9294,581.393,2182.0,-133.9,6.67,0.00,11.50,2.40,22.4,47.2,3.77,14.10,0.000,91.0,53.0,1,0,0,0,0,0,0,NONE,,RPM:486bd1410c22180b TPS:486bd1411111e7 ADV:486bd1410e976a MIL:486bd1410100000000c6
1789379737.3746,581.838,2171.0,-24.7,3.53,-7.05,17.50,2.40,22.4,45.3,3.77,14.10,0.000,91.0,53.0,1,0,0,0,0,0,0,NONE,,RPM:486bd1410c21ecde TPS:486bd1411109df ADV:486bd1410ea376 MIL:486bd1410100000000c6
1789379737.6550,582.119,1560.0,-2178.9,3.14,-1.40,10.50,2.40,22.4,45.1,3.77,14.10,0.000,91.0,53.0,1,0,0,0,0,0,0,NONE,,RPM:486bd1410c186049 TPS:486bd1411108de ADV:486bd1410e9568 MIL:486bd1410100000000c6
1789379738.1012,582.565,1325.0,-526.7,3.14,0.00,11.00,2.40,22.4,45.1,3.77,14.10,0.000,91.0,53.0,1,0,0,0,0,0,0,NONE,,RPM:486bd1410c14b499 TPS:486bd1411108de ADV:486bd1410e9669 MIL:486bd1410100000000c6
1789379738.3864,582.850,1314.0,-38.6,3.14,0.00,11.00,2.40,22.4,45.1,3.75,14.10,0.000,92.0,53.0,1,0,0,0,0,0,0,NONE,,RPM:486bd1410c14886d TPS:486bd1411108de ADV:486bd1410e9669 MIL:486bd1410100000000c6
1789379738.6937,583.158,1352.0,123.6,3.14,0.00,10.50,2.40,22.4,45.1,3.75,14.10,0.000,92.0,53.0,1,0,0,0,0,0,0,NONE,,RPM:486bd1410c152006 TPS:486bd1411108de ADV:486bd1410e9568 MIL:486bd1410100000000c6
1789379738.9613,583.425,1302.0,-186.9,3.14,0.00,10.50,2.40,22.4,45.1,3.75,14.10,0.000,92.0,53.0,1,0,0,0,0,0,0,NONE,,RPM:486bd1410c14583d TPS:486bd1411108de ADV:486bd1410e9568 MIL:486bd1410100000000c6
1789379739.2496,583.713,1278.0,-83.3,3.14,0.00,10.00,2.40,22.4,45.1,3.75,14.10,0.000,92.0,53.0,1,0,0,0,0,0,0,NONE,,RPM:486bd1410c13f8dc TPS:486bd1411108de ADV:486bd1410e9467 MIL:486bd1410100000000c6
1789379739.5284,583.992,1324.0,165.0,3.14,0.00,10.00,2.40,22.4,45.1,3.75,14.10,0.000,92.0,53.0,1,0,0,0,0,0,0,NONE,,RPM:486bd1410c14b095 TPS:486bd1411108de ADV:486bd1410e9467 MIL:486bd1410100000000c6
1789379739.9637,584.428,1329.0,11.5,3.14,0.00,10.00,2.40,22.4,45.1,3.75,14.10,0.000,92.0,53.0,1,0,0,0,0,0,0,NONE,,RPM:486bd1410c14c4a9 TPS:486bd1411108de ADV:486bd1410e9467 MIL:486bd1410100000000c6
1789379740.2394,584.703,1334.0,18.1,3.14,0.00,10.00,2.40,22.4,45.1,3.75,14.10,0.000,92.0,51.0,1,0,0,0,0,0,0,NONE,,RPM:486bd1410c14d8bd TPS:486bd1411108de ADV:486bd1410e9467 MIL:486bd1410100000000c6
1789379740.5322,584.996,1317.0,-58.1,3.14,0.00,14.00,2.40,22.4,45.1,3.75,14.10,0.000,92.0,51.0,1,0,0,0,0,0,0,NONE,,RPM:486bd1410c149479 TPS:486bd1411108de ADV:486bd1410e9c6f MIL:486bd1410100000000c6
1789379740.7983,585.262,1400.0,311.9,4.31,4.42,12.50,2.40,22.4,45.8,3.75,14.10,0.000,92.0,51.0,1,0,0,0,0,0,0,NONE,,RPM:486bd1410c15e0c6 TPS:486bd141110be1 ADV:486bd1410e996c MIL:486bd1410100000000c6
1789379741.2658,585.730,1705.0,652.4,4.31,0.00,11.50,2.40,22.4,45.8,3.75,14.10,0.000,92.0,51.0,1,0,0,0,0,0,0,NONE,,RPM:486bd1410c1aa48f TPS:486bd141110be1 ADV:486bd1410e976a MIL:486bd1410100000000c6
1789379741.5753,586.039,1729.0,77.6,6.27,6.34,8.00,2.40,22.4,46.9,3.75,14.10,0.000,92.0,51.0,1,0,0,0,0,0,0,NONE,,RPM:486bd1410c1b04f0 TPS:486bd1411110e6 ADV:486bd1410e9063 MIL:486bd1410100000000c6
1789379742.0233,586.487,2198.0,1046.8,6.67,0.88,11.00,2.40,22.4,47.2,3.75,14.10,0.000,92.0,51.0,1,0,0,0,0,0,0,NONE,,RPM:486bd1410c22584b TPS:486bd1411111e7 ADV:486bd1410e9669 MIL:486bd1410100000000c6
1789379742.2863,586.750,2162.0,-136.9,6.27,-1.49,11.00,2.40,22.4,46.9,3.73,14.10,0.000,93.0,51.0,1,0,0,0,0,0,0,NONE,,RPM:486bd1410c21c8ba TPS:486bd1411110e6 ADV:486bd1410e9669 MIL:486bd1410100000000c6
1789379742.5761,587.040,2134.0,-96.6,3.53,-9.47,20.50,2.40,22.4,45.3,3.73,14.10,0.000,93.0,51.0,1,0,0,0,0,0,0,NONE,,RPM:486bd1410c21584a TPS:486bd1411109df ADV:486bd1410ea97c MIL:486bd1410100000000c6
1789379742.8448,587.309,1594.0,-2009.6,3.14,-1.46,8.50,2.40,23.5,45.1,3.84,14.10,0.000,93.0,51.0,1,0,0,0,0,0,0,NONE,,RPM:486bd1410c18e8d1 TPS:486bd1411108de ADV:486bd1410e9164 MIL:486bd1410100000000c6
1789379743.1325,587.596,1222.0,-1293.0,3.53,1.36,10.00,2.40,23.5,45.3,3.84,14.10,0.000,93.0,51.0,1,0,0,0,0,0,0,NONE,,RPM:486bd1410c1318fc TPS:486bd1411109df ADV:486bd1410e9467 MIL:486bd1410100000000c6
1789379743.4089,587.873,1360.0,499.3,3.53,0.00,10.50,2.40,23.5,45.3,3.84,14.10,0.000,93.0,51.0,1,0,0,0,0,0,0,NONE,,RPM:486bd1410c154026 TPS:486bd1411109df ADV:486bd1410e9568 MIL:486bd1410100000000c6
1789379743.8705,588.334,1390.0,65.0,3.92,0.85,13.00,2.40,23.5,45.6,3.84,14.10,0.000,93.0,51.0,1,0,0,0,0,0,0,NONE,,RPM:486bd1410c15b89e TPS:486bd141110ae0 ADV:486bd1410e9a6d MIL:486bd1410100000000c6
1789379744.1494,588.613,1497.0,383.6,3.92,0.00,15.00,2.40,23.5,45.6,3.84,14.10,0.000,93.0,50.0,1,0,0,0,0,0,0,NONE,,RPM:486bd1410c17644c TPS:486bd141110ae0 ADV:486bd1410e9e71 MIL:486bd1410100000000c6
1789379744.4417,588.906,1448.0,-167.6,3.92,0.00,15.00,2.40,23.5,45.6,3.84,14.10,0.000,93.0,50.0,1,0,0,0,0,0,0,NONE,,RPM:486bd1410c16a087 TPS:486bd141110ae0 ADV:486bd1410e9e71 MIL:486bd1410100000000c6
1789379744.7136,589.177,1430.0,-66.2,4.31,1.44,15.00,2.40,23.5,45.8,3.84,14.10,0.000,93.0,50.0,1,0,0,0,0,0,0,NONE,,RPM:486bd1410c16583f TPS:486bd141110be1 ADV:486bd1410e9e71 MIL:486bd1410100000000c6
1789379745.1662,589.630,1622.0,424.2,5.49,2.60,11.50,2.40,23.5,46.5,3.84,14.10,0.000,93.0,50.0,1,0,0,0,0,0,0,NONE,,RPM:486bd1410c195842 TPS:486bd141110ee4 ADV:486bd1410e976a MIL:486bd1410100000000c6
1789379745.4403,589.904,1769.0,536.4,5.88,1.43,10.50,2.40,23.5,46.7,3.84,14.10,0.000,93.0,50.0,1,0,0,0,0,0,0,NONE,,RPM:486bd1410c1ba490 TPS:486bd141110fe5 ADV:486bd1410e9568 MIL:486bd1410100000000c6
1789379745.8766,590.340,1913.0,330.1,5.88,0.00,8.50,2.40,23.5,46.7,3.84,14.10,0.000,93.0,50.0,1,0,0,0,0,0,0,NONE,,RPM:486bd1410c1de4d2 TPS:486bd141110fe5 ADV:486bd1410e9164 MIL:486bd1410100000000c6
1789379746.1541,590.618,1817.0,-345.9,5.88,0.00,8.50,2.40,23.5,46.7,3.84,14.10,0.000,93.0,50.0,1,0,0,0,0,0,0,NONE,,RPM:486bd1410c1c6451 TPS:486bd141110fe5 ADV:486bd1410e9164 MIL:486bd1410100000000c6
1789379746.4255,590.889,1953.0,501.1,6.67,2.89,6.00,2.40,23.5,47.2,3.84,14.10,0.000,93.0,50.0,1,0,0,0,0,0,0,NONE,,RPM:486bd1410c1e8473 TPS:486bd1411111e7 ADV:486bd1410e8c5f MIL:486bd1410100000000c6
1789379746.6979,591.162,2011.0,212.9,7.06,1.44,8.00,2.40,34.1,47.4,4.79,14.10,0.000,93.0,50.0,1,0,0,0,0,0,0,NONE,,RPM:486bd1410c1f6c5c TPS:486bd1411112e8 ADV:486bd1410e9063 MIL:486bd1410100000000c6
1789379746.9761,591.440,2174.0,586.0,9.80,9.87,9.00,2.40,34.1,49.0,4.79,14.10,0.000,93.0,50.0,1,0,0,0,0,0,0,NONE,,RPM:486bd1410c21f8ea TPS:486bd1411119ef ADV:486bd1410e9265 MIL:486bd1410100000000c6
1789379747.2732,591.737,2495.0,1080.2,14.51,15.84,15.50,2.40,34.1,51.7,4.79,14.10,0.000,93.0,50.0,1,0,0,0,0,0,0,NONE,,RPM:486bd1410c26fcf3 TPS:486bd1411125fb ADV:486bd1410e9f72 MIL:486bd1410100000000c6
1789379747.7409,592.205,3104.0,1302.2,20.00,11.74,17.50,2.40,34.1,54.9,4.79,14.10,0.000,93.0,50.0,1,0,0,0,0,0,0,NONE,,RPM:486bd1410c308081 TPS:486bd141113309 ADV:486bd1410ea376 MIL:486bd1410100000000c6
1789379748.0079,592.472,3610.0,1894.7,23.53,13.22,22.50,2.40,34.1,56.9,4.79,14.10,0.000,93.0,49.0,1,0,0,0,0,0,0,NONE,,RPM:486bd1410c386871 TPS:486bd141113c12 ADV:486bd1410ead80 MIL:486bd1410100000000c6
1789379748.2912,592.755,4195.0,2065.1,25.49,6.92,24.00,2.40,34.1,58.1,4.79,14.10,0.000,93.0,49.0,1,0,0,0,0,0,0,NONE,,RPM:486bd1410c418c9e TPS:486bd141114117 ADV:486bd1410eb083 MIL:486bd1410100000000c6
1789379748.5951,593.059,4543.0,1145.3,3.53,-72.27,25.50,2.40,34.1,45.3,4.79,14.10,0.000,93.0,49.0,1,0,0,0,0,0,0,NONE,,RPM:486bd1410c46fc13 TPS:486bd1411109df ADV:486bd1410eb386 MIL:486bd1410100000000c6
1789379749.0649,593.529,3580.0,-2049.8,24.31,44.24,18.00,2.40,34.1,57.4,4.79,14.10,0.000,93.0,49.0,1,0,0,0,0,0,0,NONE,,RPM:486bd1410c37f0f8 TPS:486bd141113e14 ADV:486bd1410ea477 MIL:486bd1410100000000c6
1789379749.3518,593.816,3864.0,989.7,18.82,-19.13,25.50,2.40,34.1,54.2,4.79,14.10,0.000,93.0,49.0,1,0,0,0,0,0,0,NONE,,RPM:486bd1410c3c606d TPS:486bd141113006 ADV:486bd1410eb386 MIL:486bd1410100000000c6
1789379749.8603,594.324,4089.0,442.6,12.55,-12.34,31.50,2.40,34.1,50.6,4.79,14.10,0.000,93.0,49.0,1,0,0,0,0,0,0,NONE,,RPM:486bd1410c3fe4f4 TPS:486bd1411120f6 ADV:486bd1410ebf92 MIL:486bd1410100000000c6
1789379750.1314,594.595,4257.0,619.7,12.94,1.45,34.00,2.40,34.1,50.8,4.77,14.10,0.000,94.0,49.0,1,0,0,0,0,0,0,NONE,,RPM:486bd1410c428497 TPS:486bd1411121f7 ADV:486bd1410ec497 MIL:486bd1410100000000c6
1789379750.4053,594.869,4450.0,704.7,19.22,22.91,35.00,2.40,34.1,54.4,4.77,14.10,0.000,94.0,49.0,1,0,0,0,0,0,0,NONE,,RPM:486bd1410c45889e TPS:486bd141113107 ADV:486bd1410ec699 MIL:486bd1410100000000c6
1789379750.6770,595.141,4633.0,673.3,24.71,20.20,31.00,2.40,54.5,57.6,6.61,14.10,0.000,94.0,49.0,1,0,0,0,0,0,0,NONE,,RPM:486bd1410c48647d TPS:486bd141113f15 ADV:486bd1410ebe91 MIL:486bd1410100000000c6
1789379750.9483,595.412,4949.0,1164.7,34.51,36.14,28.00,2.40,54.5,63.3,6.61,14.10,0.000,94.0,49.0,1,0,0,0,0,0,0,NONE,,RPM:486bd1410c4d5472 TPS:486bd14111582e ADV:486bd1410eb88b MIL:486bd1410100000000c6
1789379751.2496,595.713,5285.0,1115.3,28.63,-19.53,30.50,2.40,54.5,59.9,6.61,14.10,0.000,94.0,49.0,1,0,0,0,0,0,0,NONE,,RPM:486bd1410c5294b7 TPS:486bd14111491f ADV:486bd1410ebd90 MIL:486bd1410100000000c6
1789379751.7231,596.187,5821.0,1131.9,3.53,-53.00,30.00,2.40,54.5,45.3,6.61,14.10,0.000,94.0,49.0,1,0,0,0,0,0,0,NONE,,RPM:486bd1410c5af41f TPS:486bd1411109df ADV:486bd1410ebc8f MIL:486bd1410100000000c6
1789379752.0040,596.468,4589.0,-4387.0,40.00,129.87,20.00,2.40,54.5,66.5,6.61,14.10,0.000,94.0,46.0,1,0,0,0,0,0,0,NONE,,RPM:486bd1410c47b4cc TPS:486bd14111663c ADV:486bd1410ea87b MIL:486bd1410100000000c6
1789379752.2997,596.764,4841.0,852.1,56.86,57.02,23.50,2.40,54.5,76.3,6.61,14.10,0.000,94.0,46.0,1,0,0,0,0,0,0,NONE,,RPM:486bd1410c4ba4c0 TPS:486bd141119167 ADV:486bd1410eaf82 MIL:486bd1410100000000c6
1789379752.5632,597.027,5047.0,781.8,59.61,10.42,27.50,2.40,54.5,77.9,6.61,14.10,0.000,94.0,46.0,1,0,0,0,0,0,0,NONE,,RPM:486bd1410c4edcfb TPS:486bd14111986e ADV:486bd1410eb78a MIL:486bd1410100000000c6
1789379753.0186,597.482,5445.0,874.0,57.65,-4.31,27.50,2.40,54.5,76.7,6.61,14.10,0.000,94.0,46.0,1,0,0,0,0,0,0,NONE,,RPM:486bd1410c55143a TPS:486bd141119369 ADV:486bd1410eb78a MIL:486bd1410100000000c6
1789379753.2815,597.745,5661.0,821.5,54.12,-13.42,31.00,2.40,54.5,74.7,6.61,14.10,0.000,94.0,46.0,1,0,0,0,0,0,0,NONE,,RPM:486bd1410c58749d TPS:486bd141118a60 ADV:486bd1410ebe91 MIL:486bd1410100000000c6
1789379753.7431,598.207,4675.0,-2136.2,56.86,5.95,21.50,2.40,54.5,76.3,6.61,14.10,0.000,94.0,46.0,1,0,0,0,0,0,0,NONE,,RPM:486bd1410c490c26 TPS:486bd141119167 ADV:486bd1410eab7e MIL:486bd1410100000000c6
1789379754.0175,598.481,4794.0,433.7,58.82,7.15,24.00,2.40,54.5,77.4,6.61,14.10,0.000,94.0,46.0,1,0,0,0,0,0,0,NONE,,RPM:486bd1410c4ae803 TPS:486bd14111966c ADV:486bd1410eb083 MIL:486bd1410100000000c6
1789379754.2887,598.753,4946.0,560.5,49.41,-34.71,25.50,2.40,54.5,72.0,6.61,14.10,0.000,94.0,46.0,1,0,0,0,0,0,0,NONE,,RPM:486bd1410c4d4866 TPS:486bd141117e54 ADV:486bd1410eb386 MIL:486bd1410100000000c6
1789379754.5919,599.056,5106.0,527.6,25.49,-78.88,28.50,2.40,10.2,58.1,2.62,14.10,0.000,94.0,46.0,1,0,0,0,0,0,0,NONE,,RPM:486bd1410c4fc8e8 TPS:486bd141114117 ADV:486bd1410eb98c MIL:486bd1410100000000c6
1789379754.8957,599.360,4865.0,-793.4,3.53,-72.30,60.00,2.40,10.2,45.3,2.62,14.10,0.000,94.0,46.0,1,0,0,0,0,0,0,NONE,,RPM:486bd1410c4c0421 TPS:486bd1411109df ADV:486bd1410ef8cb MIL:486bd1410100000000c6
1789379755.1815,599.645,4885.0,70.0,3.53,0.00,60.00,2.40,10.2,45.3,2.62,14.10,0.000,94.0,46.0,1,0,0,0,0,0,0,NONE,,RPM:486bd1410c4c5471 TPS:486bd1411109df ADV:486bd1410ef8cb MIL:486bd1410100000000c6
1789379755.6211,600.085,4616.0,-611.9,3.53,0.00,60.00,2.40,10.2,45.3,2.62,14.10,0.000,94.0,46.0,1,0,0,0,0,0,0,NONE,,RPM:486bd1410c482039 TPS:486bd1411109df ADV:486bd1410ef8cb MIL:486bd1410100000000c6
1789379755.9188,600.383,3758.0,-2882.1,3.53,0.00,56.00,2.40,10.2,45.3,2.62,14.10,0.000,94.0,45.0,1,0,0,0,0,0,0,NONE,,RPM:486bd1410c3ab8c3 TPS:486bd1411109df ADV:486bd1410ef0c3 MIL:486bd1410100000000c6
1789379756.1897,600.654,3835.0,284.3,3.53,0.00,60.00,2.40,10.2,45.3,2.62,14.10,0.000,94.0,45.0,1,0,0,0,0,0,0,NONE,,RPM:486bd1410c3becf8 TPS:486bd1411109df ADV:486bd1410ef8cb MIL:486bd1410100000000c6
1789379756.4769,600.941,5120.0,4474.2,3.53,0.00,60.00,2.40,10.2,45.3,2.62,14.10,0.000,94.0,45.0,1,0,0,0,0,0,0,NONE,,RPM:486bd1410c500021 TPS:486bd1411109df ADV:486bd1410ef8cb MIL:486bd1410100000000c6
1789379756.9107,601.375,4932.0,-433.4,3.53,0.00,60.00,2.40,10.2,45.3,2.62,14.10,0.000,94.0,45.0,1,0,0,0,0,0,0,NONE,,RPM:486bd1410c4d102e TPS:486bd1411109df ADV:486bd1410ef8cb MIL:486bd1410100000000c6
1789379757.1981,601.662,4997.0,226.1,16.86,46.39,27.50,2.40,10.2,53.1,2.62,14.10,0.000,94.0,45.0,1,0,0,0,0,0,0,NONE,,RPM:486bd1410c4e1433 TPS:486bd141112b01 ADV:486bd1410eb78a MIL:486bd1410100000000c6
1789379757.6668,602.131,5100.0,219.8,45.88,61.92,27.50,2.40,10.2,69.9,2.62,14.10,0.000,94.0,45.0,1,0,0,0,0,0,0,NONE,,RPM:486bd1410c4fb0d0 TPS:486bd14111754b ADV:486bd1410eb78a MIL:486bd1410100000000c6
1789379757.9344,602.398,5277.0,661.4,54.90,33.70,27.50,2.40,10.2,75.1,2.64,14.10,0.000,93.0,45.0,1,0,0,0,0,0,0,NONE,,RPM:486bd1410c527497 TPS:486bd141118c62 ADV:486bd1410eb78a MIL:486bd1410100000000c6
1789379758.2225,602.686,5563.0,992.5,56.47,5.44,29.00,2.40,10.2,76.1,2.64,14.10,0.000,93.0,45.0,1,0,0,0,0,0,0,NONE,,RPM:486bd1410c56ec13 TPS:486bd141119066 ADV:486bd1410eba8d MIL:486bd1410100000000c6
1789379758.5241,602.988,5661.0,325.0,3.53,-175.55,60.00,2.40,9.4,45.3,2.57,14.10,0.000,93.0,45.0,1,0,0,0,0,0,0,NONE,,RPM:486bd1410c58749d TPS:486bd1411109df ADV:486bd1410ef8cb MIL:486bd1410100000000c6
1789379758.8282,603.292,5512.0,-489.9,3.53,0.00,60.00,2.40,9.4,45.3,2.57,14.10,0.000,93.0,45.0,1,0,0,0,0,0,0,NONE,,RPM:486bd1410c562047 TPS:486bd1411109df ADV:486bd1410ef8cb MIL:486bd1410100000000c6
1789379759.1178,603.582,5323.0,-652.8,3.53,0.00,60.00,2.40,9.4,45.3,2.57,14.10,0.000,93.0,45.0,1,0,0,0,0,0,0,NONE,,RPM:486bd1410c532c50 TPS:486bd1411109df ADV:486bd1410ef8cb MIL:486bd1410100000000c6
1789379759.6084,604.072,5089.0,-477.0,3.53,0.00,60.00,2.40,9.4,45.3,2.57,14.10,0.000,93.0,45.0,1,0,0,0,0,0,0,NONE,,RPM:486bd1410c4f84a4 TPS:486bd1411109df ADV:486bd1410ef8cb MIL:486bd1410100000000c6
1789379759.8819,604.346,4972.0,-427.7,5.49,7.17,31.00,2.40,9.4,46.5,2.57,14.10,0.000,93.0,45.0,1,0,0,0,0,0,0,NONE,,RPM:486bd1410c4db0ce TPS:486bd141110ee4 ADV:486bd1410ebe91 MIL:486bd1410100000000c6
1789379760.1705,604.634,5077.0,363.9,14.12,29.90,26.50,2.40,9.4,51.5,2.57,14.10,0.000,93.0,45.0,1,0,0,0,0,0,0,NONE,,RPM:486bd1410c4f5474 TPS:486bd1411124fa ADV:486bd1410eb588 MIL:486bd1410100000000c6
1789379760.4518,604.916,5051.0,-92.4,21.57,26.49,31.00,2.40,9.4,55.8,2.57,14.10,0.000,93.0,45.0,1,0,0,0,0,0,0,NONE,,RPM:486bd1410c4eec0b TPS:486bd14111370d ADV:486bd1410ebe91 MIL:486bd1410100000000c6
1789379760.9118,605.376,5231.0,391.3,30.20,18.75,30.50,2.40,9.4,60.8,2.57,14.10,0.000,93.0,45.0,1,0,0,0,0,0,0,NONE,,RPM:486bd1410c51bcde TPS:486bd141114d23 ADV:486bd1410ebd90 MIL:486bd1410100000000c6
1789379761.1784,605.642,5364.0,498.9,33.73,13.24,30.00,2.40,9.4,62.9,2.57,14.10,0.000,93.0,45.0,1,0,0,0,0,0,0,NONE,,RPM:486bd1410c53d0f4 TPS:486bd14111562c ADV:486bd1410ebc8f MIL:486bd1410100000000c6
1789379761.6175,606.081,5684.0,728.7,41.96,18.75,28.50,2.40,9.4,67.6,2.57,14.10,0.000,93.0,45.0,1,0,0,0,0,0,0,NONE,,RPM:486bd1410c58d0f9 TPS:486bd141116b41 ADV:486bd1410eb98c MIL:486bd1410100000000c6
1789379761.8908,606.355,5905.0,808.6,42.75,2.87,33.50,2.40,9.4,68.1,2.57,14.10,0.000,93.0,45.0,1,0,0,0,0,0,0,NONE,,RPM:486bd1410c5c4471 TPS:486bd141116d43 ADV:486bd1410ec396 MIL:486bd1410100000000c6
1789379762.1846,606.648,5215.0,-2349.0,29.80,-44.06,18.50,2.40,9.4,60.6,2.57,14.10,0.000,93.0,45.0,1,0,0,0,0,0,0,NONE,,RPM:486bd1410c517c9e TPS:486bd141114c22 ADV:486bd1410ea578 MIL:486bd1410100000000c6
1789379762.4982,606.962,4845.0,-1179.8,63.53,107.54,24.00,2.40,76.5,80.1,8.60,14.10,0.000,93.0,45.0,1,0,0,0,0,0,0,NONE,,RPM:486bd1410c4bb4d0 TPS:486bd14111a278 ADV:486bd1410eb083 MIL:486bd1410100000000c6
1789379762.7666,607.231,4923.0,290.6,65.88,8.77,25.50,2.40,76.5,81.5,8.60,14.10,0.000,93.0,45.0,1,0,0,0,0,0,0,NONE,,RPM:486bd1410c4cec09 TPS:486bd14111a87e ADV:486bd1410eb386 MIL:486bd1410100000000c6
1789379763.0714,607.535,5160.0,777.6,41.96,-78.49,30.50,2.40,76.5,67.6,8.60,14.10,0.000,93.0,45.0,1,0,0,0,0,0,0,NONE,,RPM:486bd1410c50a0c1 TPS:486bd141116b41 ADV:486bd1410ebd90 MIL:486bd1410100000000c6
1789379763.5198,607.984,4946.0,-477.3,3.53,-85.72,60.00,2.40,76.5,45.3,8.60,14.10,0.000,93.0,45.0,1,0,0,0,0,0,0,NONE,,RPM:486bd1410c4d4866 TPS:486bd1411109df ADV:486bd1410ef8cb MIL:486bd1410100000000c6
1789379763.7974,608.261,4862.0,-302.6,3.53,0.00,60.00,2.40,76.5,45.3,8.60,14.10,0.000,93.0,43.0,1,0,0,0,0,0,0,NONE,,RPM:486bd1410c4bf814 TPS:486bd1411109df ADV:486bd1410ef8cb MIL:486bd1410100000000c6
1789379764.0876,608.552,4403.0,-1581.3,3.53,0.00,60.00,2.40,76.5,45.3,8.60,14.10,0.000,93.0,43.0,1,0,0,0,0,0,0,NONE,,RPM:486bd1410c44cce1 TPS:486bd1411109df ADV:486bd1410ef8cb MIL:486bd1410100000000c6
1789379764.3888,608.853,3710.0,-2301.4,3.53,0.00,60.00,2.40,76.5,45.3,8.60,14.10,0.000,93.0,43.0,1,0,0,0,0,0,0,NONE,,RPM:486bd1410c39f802 TPS:486bd1411109df ADV:486bd1410ef8cb MIL:486bd1410100000000c6
1789379764.8833,609.347,5231.0,3075.7,3.53,0.00,60.00,2.40,76.5,45.3,8.60,14.10,0.000,93.0,43.0,1,0,0,0,0,0,0,NONE,,RPM:486bd1410c51bcde TPS:486bd1411109df ADV:486bd1410ef8cb MIL:486bd1410100000000c6
1789379765.1577,609.622,5092.0,-506.6,3.53,0.00,60.00,2.40,76.5,45.3,8.60,14.10,0.000,93.0,43.0,1,0,0,0,0,0,0,NONE,,RPM:486bd1410c4f90b0 TPS:486bd1411109df ADV:486bd1410ef8cb MIL:486bd1410100000000c6
1789379765.6459,610.110,5172.0,163.9,10.20,13.66,32.50,2.40,76.5,49.2,8.60,14.10,0.000,93.0,43.0,1,0,0,0,0,0,0,NONE,,RPM:486bd1410c50d0f1 TPS:486bd141111af0 ADV:486bd1410ec194 MIL:486bd1410100000000c6
1789379765.9088,610.373,5066.0,-403.2,10.59,1.49,35.50,2.40,76.5,49.4,8.66,14.10,0.000,90.0,43.0,1,0,0,0,0,0,0,NONE,,RPM:486bd1410c4f2848 TPS:486bd141111bf1 ADV:486bd1410ec79a MIL:486bd1410100000000c6
1789379766.2130,610.677,5100.0,111.8,10.59,0.00,38.50,2.40,76.5,49.4,8.66,14.10,0.000,90.0,43.0,1,0,0,0,0,0,0,NONE,,RPM:486bd1410c4fb0d0 TPS:486bd141111bf1 ADV:486bd1410ecda0 MIL:486bd1410100000000c6
1789379766.5072,610.971,5172.0,244.7,13.33,9.33,39.00,2.40,36.5,51.0,5.06,14.10,0.000,90.0,43.0,1,0,0,0,0,0,0,NONE,,RPM:486bd1410c50d0f1 TPS:486bd1411122f8 ADV:486bd1410ecea1 MIL:486bd1410100000000c6
1789379766.7707,611.235,5223.0,193.6,18.82,20.84,40.50,2.40,36.5,54.2,5.06,14.10,0.000,90.0,43.0,1,0,0,0,0,0,0,NONE,,RPM:486bd1410c519cbe TPS:486bd141113006 ADV:486bd1410ed1a4 MIL:486bd1410100000000c6
1789379767.0425,611.506,5316.0,342.1,27.45,31.74,34.00,2.40,36.5,59.2,5.06,14.10,0.000,90.0,43.0,1,0,0,0,0,0,0,NONE,,RPM:486bd1410c531034 TPS:486bd14111461c ADV:486bd1410ec497 MIL:486bd1410100000000c6
1789379767.4940,611.958,5673.0,790.8,46.27,41.70,29.00,2.40,36.5,70.1,5.06,14.10,0.000,90.0,43.0,1,0,0,0,0,0,0,NONE,,RPM:486bd1410c58a4cd TPS:486bd14111764c ADV:486bd1410eba8d MIL:486bd1410100000000c6
1789379767.7790,612.243,5839.0,582.5,48.63,8.26,27.50,2.40,36.5,71.5,5.06,14.10,0.000,90.0,43.0,1,0,0,0,0,0,0,NONE,,RPM:486bd1410c5b3c68 TPS:486bd141117c52 ADV:486bd1410eb78a MIL:486bd1410100000000c6
1789379768.0621,612.526,6083.0,861.8,50.59,6.93,27.50,2.40,36.5,72.6,5.06,14.10,0.000,90.0,43.0,1,0,0,0,0,0,0,NONE,,RPM:486bd1410c5f0c3c TPS:486bd141118157 ADV:486bd1410eb78a MIL:486bd1410100000000c6
1789379768.3434,612.807,6301.0,774.9,52.94,8.36,26.00,2.40,36.5,74.0,5.06,14.10,0.000,90.0,43.0,1,0,0,0,0,0,0,NONE,,RPM:486bd1410c6274a7 TPS:486bd14111875d ADV:486bd1410eb487 MIL:486bd1410100000000c6
1789379768.7716,613.235,5080.0,-2851.7,48.63,-10.08,26.00,2.40,36.5,71.5,5.06,14.10,0.000,90.0,43.0,1,0,0,0,0,0,0,NONE,,RPM:486bd1410c4f6080 TPS:486bd141117c52 ADV:486bd1410eb487 MIL:486bd1410100000000c6
1789379769.1130,613.577,5224.0,421.8,75.29,78.11,27.50,2.40,36.5,87.0,5.06,14.10,0.000,90.0,43.0,1,0,0,0,0,0,0,NONE,,RPM:486bd1410c51a0c2 TPS:486bd14111c096 ADV:486bd1410eb78a MIL:486bd1410100000000c6
1789379769.5366,614.000,5460.0,557.1,75.69,0.93,27.50,2.40,36.5,87.2,5.06,14.10,0.000,90.0,43.0,1,0,0,0,0,0,0,NONE,,RPM:486bd1410c555076 TPS:486bd14111c197 ADV:486bd1410eb78a MIL:486bd1410100000000c6
1789379769.8323,614.296,6262.0,2712.1,3.53,-244.01,26.50,2.40,36.5,45.3,5.08,14.10,0.000,89.0,43.0,1,0,0,0,0,0,0,NONE,,RPM:486bd1410c61d80a TPS:486bd1411109df ADV:486bd1410eb588 MIL:486bd1410100000000c6
1789379770.1205,614.584,4966.0,-4497.4,61.57,201.41,25.50,2.40,36.5,79.0,5.08,14.10,0.000,89.0,43.0,1,0,0,0,0,0,0,NONE,,RPM:486bd1410c4d98b6 TPS:486bd141119d73 ADV:486bd1410eb386 MIL:486bd1410100000000c6
1789379770.4312,614.895,5093.0,408.8,69.02,23.98,26.00,2.40,76.1,83.3,8.64,14.10,0.000,89.0,43.0,1,0,0,0,0,0,0,NONE,,RPM:486bd1410c4f94b4 TPS:486bd14111b086 ADV:486bd1410eb487 MIL:486bd1410100000000c6
1789379770.7409,615.205,5084.0,-29.1,3.53,-211.45,60.00,2.40,76.1,45.3,8.64,14.10,0.000,89.0,43.0,1,0,0,0,0,0,0,NONE,,RPM:486bd1410c4f7090 TPS:486bd1411109df ADV:486bd1410ef8cb MIL:
1789379771.1712,615.635,4952.0,-306.7,3.53,0.00,60.00,2.40,76.1,45.3,8.64,14.10,0.000,89.0,43.0,1,0,0,0,0,0,0,NONE,,RPM:486bd1410c4d607e TPS:486bd1411109df ADV:486bd1410ef8cb MIL:
1789379771.6037,616.068,4738.0,-494.8,3.53,0.00,60.00,2.40,76.1,45.3,8.64,14.10,0.000,89.0,43.0,1,0,0,0,0,0,0,NONE,,RPM:486bd1410c4a0823 TPS:486bd1411109df ADV:486bd1410ef8cb MIL:486bd1410100000000c6
1789379771.8705,616.334,4616.0,-457.3,3.53,0.00,60.00,2.40,76.1,45.3,8.64,14.10,0.000,89.0,43.0,1,0,0,0,0,0,0,NONE,,RPM:486bd1410c482039 TPS:486bd1411109df ADV:486bd1410ef8cb MIL:486bd1410100000000c6
1789379772.1595,616.623,4433.0,-633.1,3.53,0.00,60.00,2.40,76.1,45.3,8.64,14.10,0.000,89.0,43.0,1,0,0,0,0,0,0,NONE,,RPM:486bd1410c45445a TPS:486bd1411109df ADV:486bd1410ef8cb MIL:486bd1410100000000c6
1789379772.4311,616.895,4330.0,-379.4,3.53,0.00,60.00,2.40,76.1,45.3,8.64,14.10,0.000,89.0,43.0,1,0,0,0,0,0,0,NONE,,RPM:486bd1410c43a8bc TPS:486bd1411109df ADV:486bd1410ef8cb MIL:486bd1410100000000c6
1789379772.8564,617.320,4087.0,-571.2,3.53,0.00,60.00,2.40,76.1,45.3,8.64,14.10,0.000,89.0,43.0,1,0,0,0,0,0,0,NONE,,RPM:486bd1410c3fdcec TPS:486bd1411109df ADV:486bd1410ef8cb MIL:486bd1410100000000c6
1789379773.1197,617.584,3907.0,-683.6,3.53,0.00,56.50,2.40,76.1,45.3,8.64,14.10,0.000,89.0,43.0,1,0,0,0,0,0,0,NONE,,RPM:486bd1410c3d0c1a TPS:486bd1411109df ADV:486bd1410ef1c4 MIL:486bd1410100000000c6
1789379773.5539,618.018,3204.0,-1619.4,3.53,0.00,54.00,2.40,76.1,45.3,8.64,14.10,0.000,89.0,43.0,1,0,0,0,0,0,0,NONE,,RPM:486bd1410c321013 TPS:486bd1411109df ADV:486bd1410eecbf MIL:486bd1410100000000c6
1789379773.8679,618.332,3895.0,2200.6,3.53,0.00,58.00,2.40,76.1,45.3,8.67,14.10,0.000,88.0,43.0,1,0,0,0,0,0,0,NONE,,RPM:486bd1410c3cdce9 TPS:486bd1411109df ADV:486bd1410ef4c7 MIL:486bd1410100000000c6
1789379774.1834,618.647,3747.0,-469.0,3.53,0.00,56.50,2.40,76.1,45.3,8.67,14.10,0.000,88.0,43.0,1,0,0,0,0,0,0,NONE,,RPM:486bd1410c3a8c97 TPS:486bd1411109df ADV:486bd1410ef1c4 MIL:486bd1410100000000c6
1789379774.4617,618.926,3559.0,-675.5,3.53,0.00,54.00,2.40,12.5,45.3,2.95,14.10,0.000,88.0,43.0,1,0,0,0,0,0,0,NONE,,RPM:486bd1410c379ca4 TPS:486bd1411109df ADV:486bd1410eecbf MIL:486bd1410100000000c6
1789379774.7332,619.197,3436.0,-453.1,3.53,0.00,51.00,2.40,12.5,45.3,2.95,14.10,0.000,88.0,43.0,1,0,0,0,0,0,0,NONE,,RPM:486bd1410c35b0b6 TPS:486bd1411109df ADV:486bd1410ee6b9 MIL:486bd1410100000000c6
1789379775.0031,619.467,2921.0,-1908.2,9.80,23.25,11.00,2.40,12.5,49.0,2.95,14.10,0.000,88.0,43.0,1,0,0,0,0,0,0,NONE,,RPM:486bd1410c2da4a2 TPS:486bd1411119ef ADV:486bd1410e9669 MIL:486bd1410100000000c6
1789379775.5062,619.970,4240.0,2621.6,20.39,21.04,24.00,2.40,12.5,55.1,2.95,14.10,0.000,88.0,43.0,1,0,0,0,0,0,0,NONE,,RPM:486bd1410c424053 TPS:486bd14111340a ADV:486bd1410eb083 MIL:486bd1410100000000c6
1789379775.7728,620.237,4329.0,333.9,29.80,35.31,19.00,2.40,12.5,60.6,2.95,14.10,0.000,88.0,43.0,1,0,0,0,0,0,0,NONE,,RPM:486bd1410c43a4b8 TPS:486bd141114c22 ADV:486bd1410ea679 MIL:486bd1410100000000c6
1789379776.0598,620.524,4540.0,735.1,44.31,50.55,20.00,2.40,12.5,69.0,2.95,14.10,0.000,88.0,43.0,1,0,0,0,0,0,0,NONE,,RPM:486bd1410c46f007 TPS:486bd141117147 ADV:486bd1410ea87b MIL:486bd1410100000000c6
1789379776.3310,620.795,4776.0,870.3,53.73,34.71,22.50,2.40,12.5,74.5,2.95,14.10,0.000,88.0,43.0,1,0,0,0,0,0,0,NONE,,RPM:486bd1410c4aa0bb TPS:486bd14111895f ADV:486bd1410ead80 MIL:486bd1410100000000c6
1789379776.8279,621.292,5049.0,549.4,56.47,5.52,28.00,2.40,12.5,76.1,2.95,14.10,0.000,88.0,43.0,1,0,0,0,0,0,0,NONE,,RPM:486bd1410c4ee403 TPS:486bd141119066 ADV:486bd1410eb88b MIL:486bd1410100000000c6
1789379777.1615,621.625,5369.0,959.3,75.29,56.43,26.50,2.40,12.5,87.0,2.95,14.10,0.000,88.0,43.0,1,0,0,0,0,0,0,NONE,,RPM:486bd1410c53e408 TPS:486bd14111c096 ADV:486bd1410eb588 MIL:486bd1410100000000c6
1789379777.6020,622.066,5782.0,937.6,81.18,13.35,28.50,2.40,12.5,90.4,2.95,14.10,0.000,88.0,43.0,1,0,0,0,0,0,0,NONE,,RPM:486bd1410c5a5883 TPS:486bd14111cfa5 ADV:486bd1410eb98c MIL:486bd1410100000000c6
1789379777.8901,622.354,6007.0,780.8,68.63,-43.55,27.50,2.40,12.5,83.1,2.99,14.10,0.000,86.0,43.0,1,0,0,0,0,0,0,NONE,,RPM:486bd1410c5ddc0a TPS:486bd14111af85 ADV:486bd1410eb78a MIL:486bd1410100000000c6
1789379778.1560,622.620,5671.0,-1263.8,3.53,-244.86,58.00,2.40,12.5,45.3,2.99,14.10,0.000,86.0,43.0,1,0,0,0,0,0,0,NONE,,RPM:486bd1410c589cc5 TPS:486bd1411109df ADV:486bd1410ef4c7 MIL:486bd1410100000000c6
1789379778.4345,622.898,4829.0,-3023.2,22.75,68.99,28.50,2.40,43.9,56.5,5.81,14.10,0.000,86.0,43.0,1,0,0,0,0,0,0,NONE,,RPM:486bd1410c4b7490 TPS:486bd141113a10 ADV:486bd1410eb98c MIL:486bd1410100000000c6
1789379778.7603,623.224,4815.0,-43.0,20.00,-8.42,31.00,2.40,43.9,54.9,5.81,14.10,0.000,86.0,43.0,1,0,0,0,0,0,0,NONE,,RPM:486bd1410c4b3c58 TPS:486bd141113309 ADV:486bd1410ebe91 MIL:486bd1410100000000c6
1789379779.0480,623.512,4855.0,139.0,14.12,-20.45,48.50,2.40,43.9,51.5,5.81,14.10,0.000,86.0,43.0,1,0,0,0,0,0,0,NONE,,RPM:486bd1410c4bdcf8 TPS:486bd1411124fa ADV:486bd1410ee1b4 MIL:486bd1410100000000c6
1789379779.4959,623.960,4720.0,-301.4,3.53,-23.64,60.00,2.40,43.9,45.3,5.81,14.10,0.000,86.0,43.0,1,0,0,0,0,0,0,NONE,,RPM:486bd1410c49c0da TPS:486bd1411109df ADV:486bd1410ef8cb MIL:486bd1410100000000c6
1789379779.7715,624.235,4593.0,-460.9,3.53,0.00,60.00,2.40,43.9,45.3,5.81,14.10,0.000,86.0,42.0,1,0,0,0,0,0,0,NONE,,RPM:486bd1410c47c4dc TPS:486bd1411109df ADV:486bd1410ef8cb MIL:486bd1410100000000c6
1789379780.0393,624.503,4514.0,-295.0,3.53,0.00,60.00,2.40,43.9,45.3,5.81,14.10,0.000,86.0,42.0,1,0,0,0,0,0,0,NONE,,RPM:486bd1410c46889f TPS:486bd1411109df ADV:486bd1410ef8cb MIL:486bd1410100000000c6
1789379780.3117,624.776,4419.0,-348.7,3.53,0.00,60.00,2.40,43.9,45.3,5.81,14.10,0.000,86.0,42.0,1,0,0,0,0,0,0,NONE,,RPM:486bd1410c450c22 TPS:486bd1411109df ADV:486bd1410ef8cb MIL:486bd1410100000000c6
1789379780.8196,625.283,4251.0,-330.8,3.53,0.00,60.00,2.40,43.9,45.3,5.81,14.10,0.000,86.0,42.0,1,0,0,0,0,0,0,NONE,,RPM:486bd1410c426c7f TPS:486bd1411109df ADV:486bd1410ef8cb MIL:486bd1410100000000c6
1789379781.0947,625.559,4192.0,-214.5,3.53,0.00,60.00,2.40,43.9,45.3,5.81,14.10,0.000,86.0,42.0,1,0,0,0,0,0,0,NONE,,RPM:486bd1410c418092 TPS:486bd1411109df ADV:486bd1410ef8cb MIL:486bd1410100000000c6
1789379781.5633,626.027,4030.0,-345.7,3.53,0.00,60.00,2.40,43.9,45.3,5.81,14.10,0.000,86.0,42.0,1,0,0,0,0,0,0,NONE,,RPM:486bd1410c3ef807 TPS:486bd1411109df ADV:486bd1410ef8cb MIL:486bd1410100000000c6
1789379781.8799,626.344,3989.0,-129.5,3.53,0.00,59.00,2.40,43.9,45.3,5.84,14.10,0.000,85.0,42.0,1,0,0,0,0,0,0,NONE,,RPM:486bd1410c3e5463 TPS:486bd1411109df ADV:486bd1410ef6c9 MIL:486bd1410100000000c6
1789379782.1487,626.613,3928.0,-227.0,3.53,0.00,59.00,2.40,43.9,45.3,5.84,14.10,0.000,85.0,42.0,1,0,0,0,0,0,0,NONE,,RPM:486bd1410c3d606e TPS:486bd1411109df ADV:486bd1410ef6c9 MIL:486bd1410100000000c6
1789379782.4537,626.918,3828.0,-327.9,3.53,0.00,55.50,2.40,35.7,45.3,5.09,14.10,0.000,85.0,42.0,1,0,0,0,0,0,0,NONE,,RPM:486bd1410c3bd0dc TPS:486bd1411109df ADV:486bd1410eefc2 MIL:486bd1410100000000c6
1789379782.7253,627.189,3595.0,-857.8,3.53,0.00,59.00,2.40,35.7,45.3,5.09,14.10,0.000,85.0,42.0,1,0,0,0,0,0,0,NONE,,RPM:486bd1410c382c35 TPS:486bd1411109df ADV:486bd1410ef6c9 MIL:486bd1410100000000c6
1789379782.9970,627.461,3981.0,1420.5,3.53,0.00,60.00,2.40,35.7,45.3,5.09,14.10,0.000,85.0,42.0,1,0,0,0,0,0,0,NONE,,RPM:486bd1410c3e3443 TPS:486bd1411109df ADV:486bd1410ef8cb MIL:486bd1410100000000c6
1789379783.4545,627.918,4471.0,1071.1,3.53,0.00,60.00,2.40,35.7,45.3,5.09,14.10,0.000,85.0,42.0,1,0,0,0,0,0,0,NONE,,RPM:486bd1410c45dcf2 TPS:486bd1411109df ADV:486bd1410ef8cb MIL:486bd1410100000000c6
1789379783.7311,628.195,4400.0,-256.7,3.53,0.00,60.00,2.40,35.7,45.3,5.09,14.10,0.000,85.0,43.0,1,0,0,0,0,0,0,NONE,,RPM:486bd1410c44c0d5 TPS:486bd1411109df ADV:486bd1410ef8cb MIL:486bd1410100000000c6
1789379784.0038,628.468,4298.0,-374.0,3.53,0.00,60.00,2.40,35.7,45.3,5.09,14.10,0.000,85.0,43.0,1,0,0,0,0,0,0,NONE,,RPM:486bd1410c43283c TPS:486bd1411109df ADV:486bd1410ef8cb MIL:486bd1410100000000c6
1789379784.3236,628.787,4198.0,-312.7,3.53,0.00,60.00,2.40,35.7,45.3,5.09,14.10,0.000,85.0,43.0,1,0,0,0,0,0,0,NONE,,RPM:486bd1410c4198aa TPS:486bd1411109df ADV:486bd1410ef8cb MIL:486bd1410100000000c6
1789379784.7740,629.238,4075.0,-273.1,4.71,2.61,60.00,2.40,35.7,46.0,5.09,14.10,0.000,85.0,43.0,1,0,0,0,0,0,0,NONE,,RPM:486bd1410c3facbc TPS:486bd141110ce2 ADV:486bd1410ef8cb MIL:486bd1410100000000c6
1789379785.0454,629.509,4005.0,-258.0,5.88,4.34,55.00,2.40,35.7,46.7,5.09,14.10,0.000,85.0,43.0,1,0,0,0,0,0,0,NONE,,RPM:486bd1410c3e94a3 TPS:486bd141110fe5 ADV:486bd1410eeec1 MIL:486bd1410100000000c6
1789379785.4629,629.927,3951.0,-129.3,7.84,4.70,22.50,2.40,35.7,47.8,5.09,14.10,0.000,85.0,43.0,1,0,0,0,0,0,0,NONE,,RPM:486bd1410c3dbcca TPS:486bd1411114ea ADV:486bd1410ead80 MIL:486bd1410100000000c6
1789379785.7296,630.193,3918.0,-123.7,8.63,2.94,22.50,2.40,35.7,48.3,5.09,14.10,0.000,85.0,43.0,1,0,0,0,0,0,0,NONE,,RPM:486bd1410c3d3846 TPS:486bd1411116ec ADV:486bd1410ead80 MIL:486bd1410100000000c6
1789379786.0351,630.499,3927.0,29.5,10.20,5.14,22.50,2.40,35.7,49.2,5.09,14.10,0.000,85.0,43.0,1,0,0,0,0,0,0,NONE,,RPM:486bd1410c3d5c6a TPS:486bd141111af0 ADV:486bd1410ead80 MIL:486bd1410100000000c6
1789379786.3056,630.769,3974.0,173.8,10.98,2.90,26.00,2.40,34.5,49.7,4.99,14.10,0.000,85.0,43.0,1,0,0,0,0,0,0,NONE,,RPM:486bd1410c3e1827 TPS:486bd141111cf2 ADV:486bd1410eb487 MIL:486bd1410100000000c6
1789379786.5791,631.043,4021.0,171.8,11.37,1.43,30.00,2.40,34.5,49.9,4.99,14.10,0.000,85.0,43.0,1,0,0,0,0,0,0,NONE,,RPM:486bd1410c3ed4e3 TPS:486bd141111df3 ADV:486bd1410ebc8f MIL:486bd1410100000000c6
1789379786.8895,631.353,4165.0,463.9,25.10,44.22,26.50,2.40,34.5,57.9,4.99,14.10,0.000,85.0,43.0,1,0,0,0,0,0,0,NONE,,RPM:486bd1410c411426 TPS:486bd141114016 ADV:486bd1410eb588 MIL:486bd1410100000000c6
1789379787.3169,631.781,4558.0,919.6,49.80,57.81,23.00,2.40,34.5,72.2,4.99,14.10,0.000,85.0,43.0,1,0,0,0,0,0,0,NONE,,RPM:486bd1410c473850 TPS:486bd141117f55 ADV:486bd1410eae81 MIL:486bd1410100000000c6
1789379787.6319,632.096,4825.0,847.5,50.98,3.73,24.00,2.40,34.5,72.9,4.99,14.10,0.000,85.0,42.0,1,0,0,0,0,0,0,NONE,,RPM:486bd1410c4b6480 TPS:486bd141118258 ADV:486bd1410eb083 MIL:486bd1410100000000c6
1789379787.9204,632.384,5107.0,977.3,5.10,-159.01,60.00,2.40,34.5,46.3,4.99,14.10,0.000,85.0,42.0,1,0,0,0,0,0,0,NONE,,RPM:486bd1410c4fccec TPS:486bd141110de3 ADV:486bd1410ef8cb MIL:486bd1410100000000c6
1789379788.2416,632.705,4876.0,-719.4,3.53,-4.88,60.00,2.40,34.5,45.3,4.99,14.10,0.000,85.0,42.0,1,0,0,0,0,0,0,NONE,,RPM:486bd1410c4c304d TPS:486bd1411109df ADV:486bd1410ef8cb MIL:486bd1410100000000c6
1789379788.7212,633.185,4686.0,-396.1,3.53,0.00,60.00,2.40,34.5,45.3,4.99,14.10,0.000,85.0,42.0,1,0,0,0,0,0,0,NONE,,RPM:486bd1410c493852 TPS:486bd1411109df ADV:486bd1410ef8cb MIL:486bd1410100000000c6
1789379789.0450,633.509,4470.0,-667.2,3.53,0.00,60.00,2.40,34.5,45.3,4.99,14.10,0.000,85.0,42.0,1,0,0,0,0,0,0,NONE,,RPM:486bd1410c45d8ee TPS:486bd1411109df ADV:486bd1410ef8cb MIL:486bd1410100000000c6
1789379789.4700,633.934,4136.0,-785.8,3.53,0.00,60.00,2.40,34.5,45.3,4.99,14.10,0.000,85.0,42.0,1,0,0,0,0,0,0,NONE,,RPM:486bd1410c40a0b1 TPS:486bd1411109df ADV:486bd1410ef8cb MIL:486bd1410100000000c6
1789379789.7733,634.237,3885.0,-827.5,3.53,0.00,57.50,2.40,34.5,45.3,5.01,14.10,0.000,84.0,42.0,1,0,0,0,0,0,0,NONE,,RPM:486bd1410c3cb4c1 TPS:486bd1411109df ADV:486bd1410ef3c6 MIL:486bd1410100000000c6
1789379790.0550,634.519,3615.0,-958.5,3.53,0.00,55.00,2.40,34.5,45.3,5.01,14.10,0.000,84.0,42.0,1,0,0,0,0,0,0,NONE,,RPM:486bd1410c387c85 TPS:486bd1411109df ADV:486bd1410eeec1 MIL:486bd1410100000000c6
1789379790.3170,634.781,3267.0,-1328.3,3.53,0.00,45.00,2.40,14.5,45.3,3.21,14.10,0.000,84.0,42.0,1,0,0,0,0,0,0,NONE,,RPM:486bd1410c330c10 TPS:486bd1411109df ADV:486bd1410edaad MIL:486bd1410100000000c6
1789379790.5905,635.054,2645.0,-2274.2,3.53,0.00,23.50,2.40,14.5,45.3,3.21,14.10,0.000,84.0,42.0,1,0,0,0,0,0,0,NONE,,RPM:486bd1410c29544e TPS:486bd1411109df ADV:486bd1410eaf82 MIL:486bd1410100000000c6
1789379790.8612,635.325,2618.0,-99.7,3.53,0.00,50.00,2.40,14.5,45.3,3.21,14.10,0.000,84.0,42.0,1,0,0,0,0,0,0,NONE,,RPM:486bd1410c28e8e1 TPS:486bd1411109df ADV:486bd1410ee4b7 MIL:486bd1410100000000c6
1789379791.3338,635.798,3366.0,1582.9,3.53,0.00,51.50,2.40,14.5,45.3,3.21,14.10,0.000,84.0,42.0,1,0,0,0,0,0,0,NONE,,RPM:486bd1410c34989d TPS:486bd1411109df ADV:486bd1410ee7ba MIL:486bd1410100000000c6
1789379791.6252,636.089,3183.0,-627.9,3.53,0.00,49.00,2.40,14.5,45.3,3.21,14.10,0.000,84.0,43.0,1,0,0,0,0,0,0,NONE,,RPM:486bd1410c31bcbe TPS:486bd1411109df ADV:486bd1410ee2b5 MIL:486bd1410100000000c6
1789379791.8999,636.364,3062.0,-440.6,3.53,0.00,46.50,2.40,14.5,45.3,3.21,14.10,0.000,84.0,43.0,1,0,0,0,0,0,0,NONE,,RPM:486bd1410c2fd8d8 TPS:486bd1411109df ADV:486bd1410eddb0 MIL:486bd1410100000000c6
1789379792.1726,636.636,2914.0,-542.7,3.53,0.00,38.50,2.40,14.5,45.3,3.21,14.10,0.000,84.0,43.0,1,0,0,0,0,0,0,NONE,,RPM:486bd1410c2d8886 TPS:486bd1411109df ADV:486bd1410ecda0 MIL:486bd1410100000000c6
1789379792.6840,637.148,2509.0,-792.0,3.53,0.00,22.50,2.40,14.5,45.3,3.21,14.10,0.000,84.0,43.0,1,0,0,0,0,0,0,NONE,,RPM:486bd1410c27342c TPS:486bd1411109df ADV:486bd1410ead80 MIL:486bd1410100000000c6
1789379792.9538,637.418,2027.0,-1786.6,3.53,0.00,12.50,2.40,14.5,45.3,3.21,14.10,0.000,84.0,43.0,1,0,0,0,0,0,0,NONE,,RPM:486bd1410c1fac9c TPS:486bd1411109df ADV:486bd1410e996c MIL:486bd1410100000000c6
1789379793.3752,637.839,1207.0,-1945.6,3.14,-0.93,12.50,2.40,14.5,45.1,3.21,14.10,0.000,84.0,43.0,1,0,0,0,0,0,0,NONE,,RPM:486bd1410c12dcbf TPS:486bd1411108de ADV:486bd1410e996c MIL:486bd1410100000000c6
1789379793.6725,638.136,1300.0,312.9,3.14,0.00,10.50,2.40,14.5,45.1,3.23,14.10,0.000,83.0,43.0,1,0,0,0,0,0,0,NONE,,RPM:486bd1410c145035 TPS:486bd1411108de ADV:486bd1410e9568 MIL:486bd1410100000000c6
1789379793.9614,638.425,1326.0,90.0,3.14,0.00,10.00,2.40,14.5,45.1,3.23,14.10,0.000,83.0,43.0,1,0,0,0,0,0,0,NONE,,RPM:486bd1410c14b89d TPS:486bd1411108de ADV:486bd1410e9467 MIL:486bd1410100000000c6
1789379794.2384,638.702,1296.0,-108.3,3.14,0.00,8.50,2.40,22.4,45.1,3.94,14.10,0.000,83.0,43.0,1,0,0,0,0,0,0,NONE,,RPM:486bd1410c144025 TPS:486bd1411108de ADV:486bd1410e9164 MIL:486bd1410100000000c6
1789379794.5558,639.020,1282.0,-44.1,3.14,0.00,10.50,2.40,22.4,45.1,3.94,14.10,0.000,83.0,43.0,1,0,0,0,0,0,0,NONE,,RPM:486bd1410c1408ed TPS:486bd1411108de ADV:486bd1410e9568 MIL:486bd1410100000000c6
1789379794.8276,639.291,1371.0,327.4,3.14,0.00,10.00,2.40,22.4,45.1,3.94,14.10,0.000,83.0,43.0,1,0,0,0,0,0,0,NONE,,RPM:486bd1410c156c52 TPS:486bd1411108de ADV:486bd1410e9467 MIL:486bd1410100000000c6
1789379795.2536,639.717,1340.0,-72.8,3.14,0.00,10.00,2.40,22.4,45.1,3.94,14.10,0.000,83.0,43.0,1,0,0,0,0,0,0,NONE,,RPM:486bd1410c14f0d5 TPS:486bd1411108de ADV:486bd1410e9467 MIL:486bd1410100000000c6
1789379795.5588,640.023,1291.0,-160.6,3.14,0.00,10.00,2.40,22.4,45.1,3.94,14.10,0.000,83.0,44.0,1,0,0,0,0,0,0,NONE,,RPM:486bd1410c142c11 TPS:486bd1411108de ADV:486bd1410e9467 MIL:486bd1410100000000c6
1789379795.8314,640.295,1381.0,330.1,3.14,0.00,10.00,2.40,22.4,45.1,3.94,14.10,0.000,83.0,44.0,1,0,0,0,0,0,0,NONE,,RPM:486bd1410c15947a TPS:486bd1411108de ADV:486bd1410e9467 MIL:486bd1410100000000c6
1789379796.1035,640.567,1352.0,-106.6,3.14,0.00,10.00,2.40,22.4,45.1,3.94,14.10,0.000,83.0,44.0,1,0,0,0,0,0,0,NONE,,RPM:486bd1410c152006 TPS:486bd1411108de ADV:486bd1410e9467 MIL:486bd1410100000000c6
1789379796.5768,641.041,1335.0,-35.9,3.14,0.00,10.00,2.40,22.4,45.1,3.94,14.10,0.000,83.0,44.0,1,0,0,0,0,0,0,NONE,,RPM:486bd1410c14dcc1 TPS:486bd1411108de ADV:486bd1410e9467 MIL:486bd1410100000000c6
1789379796.8535,641.317,1354.0,68.7,3.14,0.00,10.50,2.40,22.4,45.1,3.94,14.10,0.000,83.0,44.0,1,0,0,0,0,0,0,NONE,,RPM:486bd1410c15280e TPS:486bd1411108de ADV:486bd1410e9568 MIL:486bd1410100000000c6
1789379797.3771,641.841,1347.0,-13.4,3.14,0.00,10.00,2.40,22.4,45.1,3.94,14.10,0.000,83.0,44.0,1,0,0,0,0,0,0,NONE,,RPM:486bd1410c150cf2 TPS:486bd1411108de ADV:486bd1410e9467 MIL:486bd1410100000000c6
1789379797.6548,642.119,1318.0,-104.4,3.14,0.00,10.50,2.40,22.4,45.1,3.94,14.10,0.000,83.0,44.0,1,0,0,0,0,0,0,NONE,,RPM:486bd1410c14987d TPS:486bd1411108de ADV:486bd1410e9568 MIL:486bd1410100000000c6
1789379797.9334,642.397,1366.0,172.3,3.14,0.00,10.00,2.40,22.4,45.1,3.94,14.10,0.000,83.0,44.0,1,0,0,0,0,0,0,NONE,,RPM:486bd1410c15583e TPS:486bd1411108de ADV:486bd1410e9467 MIL:486bd1410100000000c6
1789379798.2115,642.675,1353.0,-46.7,3.14,0.00,10.00,2.40,23.5,45.1,4.05,14.10,0.000,83.0,44.0,1,0,0,0,0,0,0,NONE,,RPM:486bd1410c15240a TPS:486bd1411108de ADV:486bd1410e9467 MIL:486bd1410100000000c6
1789379798.4846,642.949,1338.0,-54.9,3.14,0.00,10.00,2.40,23.5,45.1,4.05,14.10,0.000,83.0,44.0,1,0,0,0,0,0,0,NONE,,RPM:486bd1410c14e8cd TPS:486bd1411108de ADV:486bd1410e9467 MIL:486bd1410100000000c6
1789379798.7598,643.224,1353.0,54.5,3.14,0.00,10.00,2.40,23.5,45.1,4.05,14.10,0.000,83.0,44.0,1,0,0,0,0,0,0,NONE,,RPM:486bd1410c15240a TPS:486bd1411108de ADV:486bd1410e9467 MIL:486bd1410100000000c6
1789379799.1924,643.656,1340.0,-30.1,3.14,0.00,10.00,2.40,23.5,45.1,4.05,14.10,0.000,83.0,44.0,1,0,0,0,0,0,0,NONE,,RPM:486bd1410c14f0d5 TPS:486bd1411108de ADV:486bd1410e9467 MIL:486bd1410100000000c6
1789379799.4743,643.938,1351.0,39.0,3.14,0.00,10.00,2.40,23.5,45.1,4.05,14.10,0.000,83.0,44.0,1,0,0,0,0,0,0,NONE,,RPM:486bd1410c151c02 TPS:486bd1411108de ADV:486bd1410e9467 MIL:486bd1410100000000c6
1789379799.7466,644.210,1322.0,-106.5,3.14,0.00,10.00,2.40,23.5,45.1,4.05,14.10,0.000,83.0,44.0,1,0,0,0,0,0,0,NONE,,RPM:486bd1410c14a88d TPS:486bd1411108de ADV:486bd1410e9467 MIL:486bd1410100000000c6
1789379800.0357,644.500,1343.0,72.6,3.14,0.00,10.00,2.40,23.5,45.1,4.05,14.10,0.000,83.0,44.0,1,0,0,0,0,0,0,NONE,,RPM:486bd1410c14fce1 TPS:486bd1411108de ADV:486bd1410e9467 MIL:486bd1410100000000c6
1789379800.4764,644.940,1323.0,-45.4,3.14,0.00,10.00,2.40,23.5,45.1,4.05,14.10,0.000,83.0,44.0,1,0,0,0,0,0,0,NONE,,RPM:486bd1410c14ac91 TPS:486bd1411108de ADV:486bd1410e9467 MIL:486bd1410100000000c6
1789379800.7561,645.220,1338.0,53.6,3.14,0.00,10.00,2.40,23.5,45.1,4.05,14.10,0.000,83.0,44.0,1,0,0,0,0,0,0,NONE,,RPM:486bd1410c14e8cd TPS:486bd1411108de ADV:486bd1410e9467 MIL:486bd1410100000000c6
1789379801.2072,645.671,1354.0,35.5,3.53,0.87,10.00,2.40,23.5,45.3,4.05,14.10,0.000,83.0,44.0,1,0,0,0,0,0,0,NONE,,RPM:486bd1410c15280e TPS:486bd1411109df ADV:486bd1410e9467 MIL:486bd1410100000000c6
1789379801.5104,645.974,1317.0,-122.0,3.53,0.00,10.00,2.40,23.5,45.3,4.02,14.10,0.000,84.0,44.0,1,0,0,0,0,0,0,NONE,,RPM:486bd1410c149479 TPS:486bd1411109df ADV:486bd1410e9467 MIL:486bd1410100000000c6
1789379801.7761,646.240,1397.0,301.0,5.10,5.90,10.00,2.40,23.5,46.3,4.02,14.10,0.000,84.0,44.0,1,0,0,0,0,0,0,NONE,,RPM:486bd1410c15d4ba TPS:486bd141110de3 ADV:486bd1410e9467 MIL:486bd1410100000000c6
1789379802.0892,646.553,1736.0,1082.8,8.24,10.02,0.50,2.40,37.3,48.1,5.26,14.10,0.000,84.0,44.0,1,0,0,0,0,0,0,NONE,,RPM:486bd1410c1b200c TPS:486bd1411115eb ADV:486bd1410e8154 MIL:486bd1410100000000c6
1789379802.3532,646.817,1960.0,848.4,8.63,1.49,-1.50,2.40,37.3,48.3,5.26,14.10,0.000,84.0,44.0,1,0,0,0,0,0,0,NONE,,RPM:486bd1410c1ea08f TPS:486bd1411116ec ADV:486bd1410e7d50 MIL:486bd1410100000000c6
1789379802.6265,647.090,1921.0,-142.7,9.41,2.87,3.50,2.40,37.3,48.8,5.26,14.10,0.000,84.0,44.0,1,0,0,0,0,0,0,NONE,,RPM:486bd1410c1e04f3 TPS:486bd1411118ee ADV:486bd1410e875a MIL:486bd1410100000000c6
1789379803.1423,647.606,2121.0,387.7,14.51,9.88,6.00,2.40,37.3,51.7,5.26,14.10,0.000,84.0,44.0,1,0,0,0,0,0,0,NONE,,RPM:486bd1410c212416 TPS:486bd1411125fb ADV:486bd1410e8c5f MIL:486bd1410100000000c6
1789379803.4134,647.877,2628.0,1870.4,24.71,37.62,10.50,2.40,37.3,57.6,5.26,14.10,0.000,84.0,45.0,1,0,0,0,0,0,0,NONE,,RPM:486bd1410c29100a TPS:486bd141113f15 ADV:486bd1410e9568 MIL:486bd1410100000000c6
1789379803.6876,648.152,3232.0,2202.4,32.16,27.17,14.00,2.40,37.3,62.0,5.26,14.10,0.000,84.0,45.0,1,0,0,0,0,0,0,NONE,,RPM:486bd1410c328083 TPS:486bd141115228 ADV:486bd1410e9c6f MIL:486bd1410100000000c6
1789379803.9680,648.432,4153.0,3284.9,34.90,9.79,21.00,2.40,37.3,63.5,5.26,14.10,0.000,84.0,45.0,1,0,0,0,0,0,0,NONE,,RPM:486bd1410c40e4f5 TPS:486bd14111592f ADV:486bd1410eaa7d MIL:486bd1410100000000c6
1789379804.4449,648.909,3369.0,-1644.2,30.20,-9.87,11.50,2.40,37.3,60.8,5.26,14.10,0.000,84.0,45.0,1,0,0,0,0,0,0,NONE,,RPM:486bd1410c34a4a9 TPS:486bd141114d23 ADV:486bd1410e976a MIL:486bd1410100000000c6
1789379804.7518,649.216,3867.0,1622.5,51.76,70.27,15.00,2.40,37.3,73.3,5.26,14.10,0.000,84.0,45.0,1,0,0,0,0,0,0,NONE,,RPM:486bd1410c3c6c79 TPS:486bd14111845a ADV:486bd1410e9e71 MIL:486bd1410100000000c6
1789379805.1774,649.641,4630.0,1792.8,67.45,36.86,24.00,2.40,37.3,82.4,5.26,14.10,0.000,84.0,45.0,1,0,0,0,0,0,0,NONE,,RPM:486bd1410c485871 TPS:486bd14111ac82 ADV:486bd1410eb083 MIL:486bd1410100000000c6
1789379805.4698,649.934,5167.0,1836.3,3.53,-218.58,60.00,2.40,37.3,45.3,5.26,14.10,0.000,84.0,45.0,1,0,0,0,0,0,0,NONE,,RPM:486bd1410c50bcdd TPS:486bd1411109df ADV:486bd1410ef8cb MIL:486bd1410100000000c6
1789379805.7730,650.237,4244.0,-3044.8,58.43,181.11,16.50,2.40,37.3,77.2,5.26,14.10,0.000,84.0,45.0,1,0,0,0,0,0,0,NONE,,RPM:486bd1410c425063 TPS:486bd14111956b ADV:486bd1410ea174 MIL:486bd1410100000000c6
1789379806.0603,650.524,4534.0,1009.3,72.16,47.77,20.00,2.40,71.4,85.2,8.33,14.10,0.000,84.0,45.0,1,0,0,0,0,0,0,NONE,,RPM:486bd1410c46d8ef TPS:486bd14111b88e ADV:486bd1410ea87b MIL:486bd1410100000000c6
1789379806.5180,650.982,4991.0,998.4,80.78,18.85,27.50,2.40,79.8,90.2,9.08,14.10,0.000,84.0,45.0,1,0,0,0,0,0,0,NONE,,RPM:486bd1410c4dfc1a TPS:486bd14111cea4 ADV:486bd1410eb78a MIL:486bd1410100000000c6
1789379806.7943,651.258,5078.0,314.9,16.86,-231.36,15.50,2.40,25.6,53.1,4.21,14.10,0.000,84.0,45.0,1,0,0,0,0,0,0,NONE,,RPM:486bd1410c4f5878 TPS:486bd141112b01 ADV:486bd1410e9f72 MIL:486bd1410100000000c6
1789379807.3028,651.767,4417.0,-1300.0,80.78,125.72,18.00,2.40,78.5,90.2,8.97,14.10,0.000,84.0,45.0,1,0,0,0,0,0,0,NONE,,RPM:486bd1410c45041a TPS:486bd14111cea4 ADV:486bd1410ea477 MIL:486bd1410100000000c6
1789379807.5789,652.043,4600.0,662.6,81.18,1.42,21.50,2.40,79.2,90.4,9.03,14.10,0.000,84.0,43.0,1,0,0,0,0,0,0,NONE,,RPM:486bd1410c47e0f8 TPS:486bd14111cfa5 ADV:486bd1410eab7e MIL:486bd1410100000000c6
1789379807.8492,652.313,4783.0,677.2,67.06,-52.24,23.50,2.40,67.6,82.2,7.99,14.10,0.000,84.0,43.0,1,0,0,0,0,0,0,NONE,,RPM:486bd1410c4abcd7 TPS:486bd14111ab81 ADV:486bd1410eaf82 MIL:486bd1410100000000c6
1789379808.1226,652.586,4682.0,-369.5,3.53,-232.39,60.00,2.40,13.4,45.3,3.11,14.10,0.000,84.0,43.0,1,0,0,0,0,0,0,NONE,,RPM:486bd1410c492842 TPS:486bd1411109df ADV:486bd1410ef8cb MIL:486bd1410100000000c6
1789379808.6188,653.083,4683.0,2.0,3.53,0.00,60.00,2.40,13.4,45.3,3.11,14.10,0.000,84.0,43.0,1,0,0,0,0,0,0,NONE,,RPM:486bd1410c492c46 TPS:486bd1411109df ADV:486bd1410ef8cb MIL:486bd1410100000000c6
1789379808.8900,653.354,4588.0,-350.3,3.53,0.00,60.00,2.40,13.2,45.3,3.09,14.10,0.000,84.0,43.0,1,0,0,0,0,0,0,NONE,,RPM:486bd1410c47b0c8 TPS:486bd1411109df ADV:486bd1410ef8cb MIL:486bd1410100000000c6
1789379809.3362,653.800,4395.0,-432.5,3.53,0.00,60.00,2.40,12.8,45.3,3.05,14.10,0.000,84.0,43.0,1,0,0,0,0,0,0,NONE,,RPM:486bd1410c44acc1 TPS:486bd1411109df ADV:486bd1410ef8cb MIL:486bd1410100000000c6
1789379809.6092,654.073,4294.0,-370.1,3.53,0.00,60.00,2.40,12.5,45.3,3.03,14.10,0.000,84.0,43.0,1,0,0,0,0,0,0,NONE,,RPM:486bd1410c43182c TPS:486bd1411109df ADV:486bd1410ef8cb MIL:486bd1410100000000c6
1789379809.8815,654.345,4234.0,-220.3,3.53,0.00,60.00,2.40,12.4,45.3,3.02,14.10,0.000,84.0,43.0,1,0,0,0,0,0,0,NONE,,RPM:486bd1410c42283b TPS:486bd1411109df ADV:486bd1410ef8cb MIL:486bd1410100000000c6
1789379810.1522,654.616,4580.0,1278.2,15.29,43.46,23.50,2.40,42.4,52.2,5.72,14.10,0.000,84.0,43.0,1,0,0,0,0,0,0,NONE,,RPM:486bd1410c4790a8 TPS:486bd1411127fd ADV:486bd1410eaf82 MIL:486bd1410100000000c6
1789379810.4235,654.887,4311.0,-991.4,22.75,27.46,22.50,2.40,42.4,56.5,5.72,14.10,0.000,84.0,43.0,1,0,0,0,0,0,0,NONE,,RPM:486bd1410c435c70 TPS:486bd141113a10 ADV:486bd1410ead80 MIL:486bd1410100000000c6
1789379810.6950,655.159,4425.0,419.9,35.69,47.66,19.00,2.40,42.4,64.0,5.72,14.10,0.000,84.0,43.0,1,0,0,0,0,0,0,NONE,,RPM:486bd1410c45243a TPS:486bd141115b31 ADV:486bd1410ea679 MIL:486bd1410100000000c6
1789379811.1542,655.618,4715.0,631.6,55.69,43.56,22.50,2.40,42.4,75.6,5.72,14.10,0.000,84.0,43.0,1,0,0,0,0,0,0,NONE,,RPM:486bd1410c49acc6 TPS:486bd141118e64 ADV:486bd1410ead80 MIL:486bd1410100000000c6
1789379811.4178,655.882,4905.0,720.9,68.24,47.61,24.00,2.40,42.4,82.9,5.72,14.10,0.000,84.0,42.0,1,0,0,0,0,0,0,NONE,,RPM:486bd1410c4ca4c1 TPS:486bd14111ae84 ADV:486bd1410eb083 MIL:486bd1410100000000c6
1789379811.6877,656.152,5016.0,411.2,70.98,10.17,26.00,2.40,42.4,84.5,5.72,14.10,0.000,84.0,42.0,1,0,0,0,0,0,0,NONE,,RPM:486bd1410c4e607f TPS:486bd14111b58b ADV:486bd1410eb487 MIL:486bd1410100000000c6
1789379811.9597,656.424,5172.0,573.5,9.80,-224.89,60.00,2.40,42.4,49.0,5.72,14.10,0.000,84.0,42.0,1,0,0,0,0,0,0,NONE,,RPM:486bd1410c50d0f1 TPS:486bd1411119ef ADV:486bd1410ef8cb MIL:486bd1410100000000c6
1789379812.4825,656.946,4921.0,-480.1,3.53,-12.00,60.00,2.40,42.4,45.3,5.72,14.10,0.000,84.0,42.0,1,0,0,0,0,0,0,NONE,,RPM:486bd1410c4ce401 TPS:486bd1411109df ADV:486bd1410ef8cb MIL:486bd1410100000000c6
1789379812.7477,657.212,4778.0,-539.2,3.53,0.00,60.00,2.40,42.4,45.3,5.72,14.10,0.000,84.0,42.0,1,0,0,0,0,0,0,NONE,,RPM:486bd1410c4aa8c3 TPS:486bd1411109df ADV:486bd1410ef8cb MIL:486bd1410100000000c6
1789379813.1710,657.635,4657.0,-285.9,3.53,0.00,60.00,2.40,42.4,45.3,5.72,14.10,0.000,84.0,42.0,1,0,0,0,0,0,0,NONE,,RPM:486bd1410c48c4dd TPS:486bd1411109df ADV:486bd1410ef8cb MIL:486bd1410100000000c6
1789379813.4782,657.942,4547.0,-358.0,3.53,0.00,60.00,2.40,42.4,45.3,5.72,14.10,0.000,84.0,42.0,1,0,0,0,0,0,0,NONE,,RPM:486bd1410c470c24 TPS:486bd1411109df ADV:486bd1410ef8cb MIL:486bd1410100000000c6
1789379813.7556,658.219,4411.0,-490.4,3.53,0.00,60.00,2.40,42.4,45.3,5.72,14.10,0.000,84.0,42.0,1,0,0,0,0,0,0,NONE,,RPM:486bd1410c44ec01 TPS:486bd1411109df ADV:486bd1410ef8cb MIL:486bd1410100000000c6
1789379814.0604,658.524,4332.0,-259.2,3.53,0.00,60.00,2.40,9.8,45.3,2.79,14.10,0.000,84.0,42.0,1,0,0,0,0,0,0,NONE,,RPM:486bd1410c43b0c4 TPS:486bd1411109df ADV:486bd1410ef8cb MIL:486bd1410100000000c6
1789379814.3248,658.789,4260.0,-272.3,3.53,0.00,60.00,2.40,9.8,45.3,2.79,14.10,0.000,84.0,42.0,1,0,0,0,0,0,0,NONE,,RPM:486bd1410c4290a3 TPS:486bd1411109df ADV:486bd1410ef8cb MIL:486bd1410100000000c6
1789379814.6003,659.064,4167.0,-337.5,3.53,0.00,60.00,2.40,9.8,45.3,2.79,14.10,0.000,84.0,42.0,1,0,0,0,0,0,0,NONE,,RPM:486bd1410c411c2e TPS:486bd1411109df ADV:486bd1410ef8cb MIL:486bd1410100000000c6
1789379815.0268,659.491,3911.0,-600.3,3.53,0.00,58.50,2.40,9.8,45.3,2.79,14.10,0.000,84.0,42.0,1,0,0,0,0,0,0,NONE,,RPM:486bd1410c3d1c2a TPS:486bd1411109df ADV:486bd1410ef5c8 MIL:486bd1410100000000c6
1789379815.3480,659.812,3461.0,-1400.7,3.53,0.00,48.50,2.40,9.8,45.3,2.79,14.10,0.000,84.0,42.0,1,0,0,0,0,0,0,NONE,,RPM:486bd1410c36141b TPS:486bd1411109df ADV:486bd1410ee1b4 MIL:486bd1410100000000c6
1789379815.6743,660.138,2921.0,-1654.9,3.53,0.00,54.00,2.40,9.8,45.3,2.79,14.10,0.000,84.0,42.0,1,0,0,0,0,0,0,NONE,,RPM:486bd1410c2da4a2 TPS:486bd1411109df ADV:486bd1410eecbf MIL:486bd1410100000000c6
1789379815.9815,660.445,4219.0,4225.6,3.53,0.00,60.00,2.40,9.8,45.3,2.79,14.10,0.000,84.0,42.0,1,0,0,0,0,0,0,NONE,,RPM:486bd1410c41ecfe TPS:486bd1411109df ADV:486bd1410ef8cb MIL:486bd1410100000000c6
1789379816.4007,660.865,4129.0,-214.7,3.53,0.00,60.00,2.40,9.8,45.3,2.79,14.10,0.000,84.0,42.0,1,0,0,0,0,0,0,NONE,,RPM:486bd1410c408495 TPS:486bd1411109df ADV:486bd1410ef8cb MIL:486bd1410100000000c6
1789379816.6898,661.154,4011.0,-408.1,3.53,0.00,59.00,2.40,9.8,45.3,2.79,14.10,0.000,84.0,42.0,1,0,0,0,0,0,0,NONE,,RPM:486bd1410c3eacbb TPS:486bd1411109df ADV:486bd1410ef6c9 MIL:486bd1410100000000c6
1789379817.1300,661.594,3791.0,-499.7,3.53,0.00,57.50,2.40,9.8,45.3,2.79,14.10,0.000,84.0,42.0,1,0,0,0,0,0,0,NONE,,RPM:486bd1410c3b3c48 TPS:486bd1411109df ADV:486bd1410ef3c6 MIL:486bd1410100000000c6
1789379817.4743,661.938,3643.0,-429.8,3.53,0.00,56.00,2.40,9.8,45.3,2.81,14.10,0.000,83.0,42.0,1,0,0,0,0,0,0,NONE,,RPM:486bd1410c38ecf5 TPS:486bd1411109df ADV:486bd1410ef0c3 MIL:486bd1410100000000c6
1789379817.7460,662.210,3588.0,-202.5,3.53,0.00,55.50,2.40,9.8,45.3,2.81,14.10,0.000,83.0,42.0,1,0,0,0,0,0,0,NONE,,RPM:486bd1410c381019 TPS:486bd1411109df ADV:486bd1410eefc2 MIL:486bd1410100000000c6
1789379818.0339,662.498,3523.0,-225.7,3.53,0.00,55.00,2.40,30.2,45.3,4.65,14.10,0.000,83.0,42.0,1,0,0,0,0,0,0,NONE,,RPM:486bd1410c370c14 TPS:486bd1411109df ADV:486bd1410eeec1 MIL:486bd1410100000000c6
1789379818.3416,662.805,3648.0,406.3,10.59,22.94,11.50,2.40,30.2,49.4,4.65,14.10,0.000,83.0,42.0,1,0,0,0,0,0,0,NONE,,RPM:486bd1410c39000a TPS:486bd141111bf1 ADV:486bd1410e976a MIL:486bd1410100000000c6
1789379818.6103,663.074,3644.0,-14.9,12.94,8.76,16.00,2.40,30.2,50.8,4.65,14.10,0.000,83.0,42.0,1,0,0,0,0,0,0,NONE,,RPM:486bd1410c38f0f9 TPS:486bd1411121f7 ADV:486bd1410ea073 MIL:486bd1410100000000c6
1789379819.0712,663.535,3946.0,655.2,20.78,17.02,25.00,2.40,30.2,55.4,4.65,14.10,0.000,83.0,42.0,1,0,0,0,0,0,0,NONE,,RPM:486bd1410c3da8b6 TPS:486bd14111350b ADV:486bd1410eb285 MIL:486bd1410100000000c6
1789379819.3623,663.826,4247.0,1033.8,27.84,24.24,20.50,2.40,30.2,59.4,4.65,14.10,0.000,83.0,42.0,1,0,0,0,0,0,0,NONE,,RPM:486bd1410c425c6f TPS:486bd14111471d ADV:486bd1410ea97c MIL:486bd1410100000000c6
1789379819.6656,664.130,4486.0,788.0,30.59,9.05,21.50,2.40,30.2,61.0,4.65,14.10,0.000,83.0,42.0,1,0,0,0,0,0,0,NONE,,RPM:486bd1410c46182f TPS:486bd141114e24 ADV:486bd1410eab7e MIL:486bd1410100000000c6
1789379819.9383,664.402,4486.0,0.0,36.47,21.57,25.50,2.40,30.2,64.5,4.65,14.10,0.000,83.0,42.0,1,0,0,0,0,0,0,NONE,,RPM: TPS:486bd141115d33 ADV:486bd1410eb386 MIL:486bd1410100000000c6
1789379820.5667,665.031,5274.0,1253.9,41.18,7.49,29.00,2.40,30.2,67.2,4.65,14.10,0.000,83.0,42.0,1,0,0,0,0,0,0,NONE,,RPM:486bd1410c52688b TPS:486bd14111693f ADV:486bd1410eba8d MIL:486bd1410100000000c6
1789379820.8463,665.310,5675.0,1434.4,50.20,32.26,29.00,2.40,30.2,72.4,4.65,14.10,0.000,83.0,42.0,1,0,0,0,0,0,0,NONE,,RPM:486bd1410c58acd5 TPS:486bd141118056 ADV:486bd1410eba8d MIL:486bd1410100000000c6
1789379821.3120,665.776,6056.0,818.2,56.86,14.32,26.00,2.40,30.2,76.3,4.65,14.10,0.000,83.0,42.0,1,0,0,0,0,0,0,NONE,,RPM:486bd1410c5ea0cf TPS:486bd141119167 ADV:486bd1410eb487 MIL:486bd1410100000000c6
1789379821.6454,666.109,6330.0,821.9,50.20,-20.00,26.00,2.40,30.2,72.4,4.67,14.10,0.000,82.0,42.0,1,0,0,0,0,0,0,NONE,,RPM:486bd1410c62e81b TPS:486bd141118056 ADV:486bd1410eb487 MIL:486bd1410100000000c6
1789379821.9500,666.414,6660.0,1083.1,4.71,-149.30,60.00,2.40,30.2,46.0,4.67,14.10,0.000,82.0,42.0,1,0,0,0,0,0,0,NONE,,RPM:486bd1410c681049 TPS:486bd141110ce2 ADV:486bd1410ef8cb MIL:486bd1410100000000c6
1789379822.2207,666.685,5402.0,-4648.4,43.53,143.46,27.50,2.40,72.2,68.5,8.45,14.10,0.000,82.0,42.0,1,0,0,0,0,0,0,NONE,,RPM:486bd1410c54688d TPS:486bd141116f45 ADV:486bd1410eb78a MIL:486bd1410100000000c6
1789379822.4930,666.957,5527.0,459.0,50.98,27.36,28.00,2.40,72.2,72.9,8.45,14.10,0.000,82.0,42.0,1,0,0,0,0,0,0,NONE,,RPM:486bd1410c565c83 TPS:486bd141118258 ADV:486bd1410eb88b MIL:486bd1410100000000c6
1789379822.7647,667.229,5762.0,864.9,43.53,-27.42,28.00,2.40,72.2,68.5,8.45,14.10,0.000,82.0,42.0,1,0,0,0,0,0,0,NONE,,RPM:486bd1410c5a0833 TPS:486bd141116f45 ADV:486bd1410eb88b MIL:486bd1410100000000c6
1789379823.2386,667.702,5641.0,-255.4,3.53,-84.42,60.00,2.40,72.2,45.3,8.45,14.10,0.000,82.0,42.0,1,0,0,0,0,0,0,NONE,,RPM:486bd1410c58244d TPS:486bd1411109df ADV:486bd1410ef8cb MIL:486bd1410100000000c6
1789379823.5328,667.997,5564.0,-261.7,3.53,0.00,60.00,2.40,72.2,45.3,8.45,14.10,0.000,82.0,41.0,1,0,0,0,0,0,0,NONE,,RPM:486bd1410c56f017 TPS:486bd1411109df ADV:486bd1410ef8cb MIL:486bd1410100000000c6
1789379823.8187,668.283,5471.0,-325.3,3.53,0.00,60.00,2.40,72.2,45.3,8.45,14.10,0.000,82.0,41.0,1,0,0,0,0,0,0,NONE,,RPM:486bd1410c557ca2 TPS:486bd1411109df ADV:486bd1410ef8cb MIL:486bd1410100000000c6
1789379824.0916,668.555,5352.0,-436.0,3.53,0.00,60.00,2.40,72.2,45.3,8.45,14.10,0.000,82.0,41.0,1,0,0,0,0,0,0,NONE,,RPM:486bd1410c53a0c4 TPS:486bd1411109df ADV:486bd1410ef8cb MIL:486bd1410100000000c6
1789379824.5785,669.042,5131.0,-453.9,3.53,0.00,60.00,2.40,72.2,45.3,8.45,14.10,0.000,82.0,41.0,1,0,0,0,0,0,0,NONE,,RPM:486bd1410c502c4d TPS:486bd1411109df ADV:486bd1410ef8cb MIL:486bd1410100000000c6
1789379824.9123,669.376,4946.0,-554.2,3.53,0.00,60.00,2.40,72.2,45.3,8.45,14.10,0.000,82.0,41.0,1,0,0,0,0,0,0,NONE,,RPM:486bd1410c4d4866 TPS:486bd1411109df ADV:486bd1410ef8cb MIL:486bd1410100000000c6
1789379825.3723,669.836,4758.0,-408.6,3.53,0.00,60.00,2.40,72.2,45.3,8.45,14.10,0.000,82.0,41.0,1,0,0,0,0,0,0,NONE,,RPM:486bd1410c4a5873 TPS:486bd1411109df ADV:486bd1410ef8cb MIL:486bd1410100000000c6
1789379825.6574,670.121,4634.0,-435.0,3.53,0.00,60.00,2.40,72.2,45.3,8.47,14.10,0.000,81.0,41.0,1,0,0,0,0,0,0,NONE,,RPM:486bd1410c486881 TPS:486bd1411109df ADV:486bd1410ef8cb MIL:486bd1410100000000c6
1789379825.9459,670.410,4510.0,-429.8,3.53,0.00,60.00,2.40,72.2,45.3,8.47,14.10,0.000,81.0,41.0,1,0,0,0,0,0,0,NONE,,RPM:486bd1410c46788f TPS:486bd1411109df ADV:486bd1410ef8cb MIL:486bd1410100000000c6
1789379826.2339,670.698,4422.0,-305.5,3.53,0.00,60.00,2.40,9.8,45.3,2.86,14.10,0.000,81.0,41.0,1,0,0,0,0,0,0,NONE,,RPM:486bd1410c45182e TPS:486bd1411109df ADV:486bd1410ef8cb MIL:486bd1410100000000c6
1789379826.5042,670.968,4287.0,-499.5,3.53,0.00,60.00,2.40,9.8,45.3,2.86,14.10,0.000,81.0,41.0,1,0,0,0,0,0,0,NONE,,RPM:486bd1410c42fc0f TPS:486bd1411109df ADV:486bd1410ef8cb MIL:486bd1410100000000c6
1789379826.7924,671.256,4206.0,-281.1,3.53,0.00,60.00,2.40,9.8,45.3,2.86,14.10,0.000,81.0,41.0,1,0,0,0,0,0,0,NONE,,RPM:486bd1410c41b8ca TPS:486bd1411109df ADV:486bd1410ef8cb MIL:486bd1410100000000c6
1789379827.2725,671.736,4009.0,-410.3,3.53,0.00,60.00,2.40,9.8,45.3,2.86,14.10,0.000,81.0,41.0,1,0,0,0,0,0,0,NONE,,RPM:486bd1410c3ea4b3 TPS:486bd1411109df ADV:486bd1410ef8cb MIL:486bd1410100000000c6
1789379827.5437,672.008,3929.0,-295.0,3.53,0.00,58.50,2.40,9.8,45.3,2.86,14.10,0.000,81.0,42.0,1,0,0,0,0,0,0,NONE,,RPM:486bd1410c3d6472 TPS:486bd1411109df ADV:486bd1410ef5c8 MIL:486bd1410100000000c6
1789379827.8146,672.278,3877.0,-192.0,3.53,0.00,58.50,2.40,9.8,45.3,2.86,14.10,0.000,81.0,42.0,1,0,0,0,0,0,0,NONE,,RPM:486bd1410c3c94a1 TPS:486bd1411109df ADV:486bd1410ef5c8 MIL:486bd1410100000000c6
1789379828.0867,672.551,3485.0,-1440.7,15.29,43.24,13.00,2.40,9.8,52.2,2.86,14.10,0.000,81.0,42.0,1,0,0,0,0,0,0,NONE,,RPM:486bd1410c36747b TPS:486bd1411127fd ADV:486bd1410e9a6d MIL:486bd1410100000000c6
1789379828.5940,673.058,4584.0,2166.4,9.02,-12.37,31.00,2.40,9.8,48.5,2.86,14.10,0.000,81.0,42.0,1,0,0,0,0,0,0,NONE,,RPM:486bd1410c47a0b8 TPS:486bd1411117ed ADV:486bd1410ebe91 MIL:486bd1410100000000c6
1789379828.8688,673.333,4719.0,491.1,13.33,15.69,26.50,2.40,9.8,51.0,2.86,14.10,0.000,81.0,42.0,1,0,0,0,0,0,0,NONE,,RPM:486bd1410c49bcd6 TPS:486bd1411122f8 ADV:486bd1410eb588 MIL:486bd1410100000000c6
1789379829.3211,673.785,4783.0,141.5,19.22,13.01,31.50,2.40,9.8,54.4,2.86,14.10,0.000,81.0,42.0,1,0,0,0,0,0,0,NONE,,RPM:486bd1410c4abcd7 TPS:486bd141113107 ADV:486bd1410ebf92 MIL:486bd1410100000000c6
1789379829.5902,674.054,4903.0,445.9,27.84,32.06,26.50,2.40,9.8,59.4,2.86,14.10,0.000,81.0,42.0,1,0,0,0,0,0,0,NONE,,RPM:486bd1410c4c9cb9 TPS:486bd14111471d ADV:486bd1410eb588 MIL:486bd1410100000000c6
1789379829.8611,674.325,5105.0,745.8,39.22,41.99,27.50,2.40,9.8,66.0,2.86,14.10,0.000,81.0,42.0,1,0,0,0,0,0,0,NONE,,RPM:486bd1410c4fc4e4 TPS:486bd14111643a ADV:486bd1410eb78a MIL:486bd1410100000000c6
1789379830.1812,674.645,5364.0,809.0,49.41,31.85,28.00,2.40,74.9,72.0,8.72,14.10,0.000,81.0,42.0,1,0,0,0,0,0,0,NONE,,RPM:486bd1410c53d0f4 TPS:486bd141117e54 ADV:486bd1410eb88b MIL:486bd1410100000000c6
1789379830.4608,674.925,5582.0,779.9,53.33,14.03,29.00,2.40,74.9,74.2,8.72,14.10,0.000,81.0,42.0,1,0,0,0,0,0,0,NONE,,RPM:486bd1410c573860 TPS:486bd14111885e ADV:486bd1410eba8d MIL:486bd1410100000000c6
1789379830.7296,675.194,5878.0,1100.8,7.06,-172.10,60.00,2.40,74.9,47.4,8.72,14.10,0.000,81.0,42.0,1,0,0,0,0,0,0,NONE,,RPM:486bd1410c5bd804 TPS:486bd1411112e8 ADV:486bd1410ef8cb MIL:486bd1410100000000c6
1789379831.1811,675.645,4784.0,-2423.1,54.90,105.97,23.00,2.40,74.9,75.1,8.72,14.10,0.000,81.0,42.0,1,0,0,0,0,0,0,NONE,,RPM:486bd1410c4ac0db TPS:486bd141118c62 ADV:486bd1410eae81 MIL:486bd1410100000000c6
1789379831.5079,675.972,4936.0,465.2,65.49,32.40,26.00,2.40,74.9,81.3,8.72,14.10,0.000,81.0,41.0,1,0,0,0,0,0,0,NONE,,RPM:486bd1410c4d203e TPS:486bd14111a77d ADV:486bd1410eb487 MIL:486bd1410100000000c6
1789379831.8268,676.291,4804.0,-413.9,3.53,-194.27,60.00,2.40,74.9,45.3,8.72,14.10,0.000,81.0,41.0,1,0,0,0,0,0,0,NONE,,RPM:486bd1410c4b102c TPS:486bd1411109df ADV:486bd1410ef8cb MIL:486bd1410100000000c6
1789379832.0992,676.563,4829.0,91.8,3.53,0.00,60.00,2.40,74.9,45.3,8.72,14.10,0.000,81.0,41.0,1,0,0,0,0,0,0,NONE,,RPM:486bd1410c4b7490 TPS:486bd1411109df ADV:486bd1410ef8cb MIL:486bd1410100000000c6
1789379832.5499,677.014,4640.0,-419.4,3.53,0.00,60.00,2.40,74.9,45.3,8.72,14.10,0.000,81.0,41.0,1,0,0,0,0,0,0,NONE,,RPM:486bd1410c488099 TPS:486bd1411109df ADV:486bd1410ef8cb MIL:486bd1410100000000c6
1789379832.8173,677.281,4510.0,-486.0,3.53,0.00,60.00,2.40,74.9,45.3,8.72,14.10,0.000,81.0,41.0,1,0,0,0,0,0,0,NONE,,RPM:486bd1410c46788f TPS:486bd1411109df ADV:486bd1410ef8cb MIL:486bd1410100000000c6
1789379833.2850,677.749,4265.0,-523.9,3.53,0.00,60.00,2.40,74.9,45.3,8.72,14.10,0.000,81.0,41.0,1,0,0,0,0,0,0,NONE,,RPM:486bd1410c42a4b7 TPS:486bd1411109df ADV:486bd1410ef8cb MIL:486bd1410100000000c6
1789379833.5524,678.016,4165.0,-373.9,3.53,0.00,60.00,2.40,74.9,45.3,8.74,14.10,0.000,80.0,41.0,1,0,0,0,0,0,0,NONE,,RPM:486bd1410c411426 TPS:486bd1411109df ADV:486bd1410ef8cb MIL:486bd1410100000000c6
1789379833.8316,678.296,4105.0,-214.9,3.53,0.00,60.00,2.40,74.9,45.3,8.74,14.10,0.000,80.0,41.0,1,0,0,0,0,0,0,NONE,,RPM:486bd1410c402435 TPS:486bd1411109df ADV:486bd1410ef8cb MIL:486bd1410100000000c6
1789379834.1274,678.591,4075.0,-101.4,12.94,31.82,19.00,2.40,42.0,50.8,5.78,14.10,0.000,80.0,41.0,1,0,0,0,0,0,0,NONE,,RPM:486bd1410c3facbc TPS:486bd1411121f7 ADV:486bd1410ea679 MIL:486bd1410100000000c6
1789379834.4000,678.864,4167.0,337.5,22.75,35.97,18.00,2.40,42.0,56.5,5.78,14.10,0.000,80.0,41.0,1,0,0,0,0,0,0,NONE,,RPM:486bd1410c411c2e TPS:486bd141113a10 ADV:486bd1410ea477 MIL:486bd1410100000000c6
1789379834.6882,679.152,4326.0,551.8,43.92,73.49,17.50,2.40,42.0,68.8,5.78,14.10,0.000,80.0,41.0,1,0,0,0,0,0,0,NONE,,RPM:486bd1410c4398ac TPS:486bd141117046 ADV:486bd1410ea376 MIL:486bd1410100000000c6
1789379835.1699,679.634,4634.0,639.4,67.06,48.03,21.00,2.40,42.0,82.2,5.78,14.10,0.000,80.0,41.0,1,0,0,0,0,0,0,NONE,,RPM:486bd1410c486881 TPS:486bd14111ab81 ADV:486bd1410eaa7d MIL:486bd1410100000000c6
1789379835.4706,679.934,4875.0,801.5,77.65,35.21,25.00,2.40,42.0,88.3,5.78,14.10,0.000,80.0,40.0,1,0,0,0,0,0,0,NONE,,RPM:486bd1410c4c2c49 TPS:486bd14111c69c ADV:486bd1410eb285 MIL:486bd1410100000000c6
1789379835.7751,680.239,5085.0,689.7,70.59,-23.18,27.50,2.40,42.0,84.2,5.78,14.10,0.000,80.0,40.0,1,0,0,0,0,0,0,NONE,,RPM:486bd1410c4f7494 TPS:486bd14111b48a ADV:486bd1410eb78a MIL:486bd1410100000000c6
1789379836.0474,680.511,5179.0,345.1,3.53,-246.20,60.00,2.40,42.0,45.3,5.78,14.10,0.000,80.0,40.0,1,0,0,0,0,0,0,NONE,,RPM:486bd1410c50ec0d TPS:486bd1411109df ADV:486bd1410ef8cb MIL:486bd1410100000000c6
1789379836.5179,680.982,4982.0,-418.8,3.53,0.00,60.00,2.40,42.0,45.3,5.78,14.10,0.000,80.0,40.0,1,0,0,0,0,0,0,NONE,,RPM:486bd1410c4dd8f6 TPS:486bd1411109df ADV:486bd1410ef8cb MIL:486bd1410100000000c6
1789379836.7980,681.262,4937.0,-160.6,3.53,0.00,60.00,2.40,42.0,45.3,5.78,14.10,0.000,80.0,40.0,1,0,0,0,0,0,0,NONE,,RPM:486bd1410c4d2442 TPS:486bd1411109df ADV:486bd1410ef8cb MIL:486bd1410100000000c6
1789379837.2372,681.701,4774.0,-371.1,3.53,0.00,60.00,2.40,42.0,45.3,5.78,14.10,0.000,80.0,40.0,1,0,0,0,0,0,0,NONE,,RPM:486bd1410c4a98b3 TPS:486bd1411109df ADV:486bd1410ef8cb MIL:486bd1410100000000c6
1789379837.5332,681.997,4648.0,-425.7,3.53,0.00,60.00,2.40,42.0,45.3,5.80,14.10,0.000,79.0,40.0,1,0,0,0,0,0,0,NONE,,RPM:486bd1410c48a0b9 TPS:486bd1411109df ADV:486bd1410ef8cb MIL:486bd1410100000000c6
1789379837.8489,682.313,4532.0,-367.4,3.53,0.00,60.00,2.40,42.0,45.3,5.80,14.10,0.000,79.0,40.0,1,0,0,0,0,0,0,NONE,,RPM:486bd1410c46d0e7 TPS:486bd1411109df ADV:486bd1410ef8cb MIL:486bd1410100000000c6
1789379838.1306,682.594,4442.0,-319.5,3.53,0.00,60.00,2.40,9.8,45.3,2.91,14.10,0.000,79.0,40.0,1,0,0,0,0,0,0,NONE,,RPM:486bd1410c45687e TPS:486bd1411109df ADV:486bd1410ef8cb MIL:486bd1410100000000c6
1789379838.4118,682.876,4341.0,-359.2,3.53,0.00,60.00,2.40,9.8,45.3,2.91,14.10,0.000,79.0,40.0,1,0,0,0,0,0,0,NONE,,RPM:486bd1410c43d4e8 TPS:486bd1411109df ADV:486bd1410ef8cb MIL:486bd1410100000000c6
1789379838.6845,683.148,4279.0,-227.4,3.53,0.00,60.00,2.40,9.8,45.3,2.91,14.10,0.000,79.0,40.0,1,0,0,0,0,0,0,NONE,,RPM:486bd1410c42dcef TPS:486bd1411109df ADV:486bd1410ef8cb MIL:486bd1410100000000c6
1789379839.1094,683.573,4125.0,-362.4,3.53,0.00,60.00,2.40,9.8,45.3,2.91,14.10,0.000,79.0,40.0,1,0,0,0,0,0,0,NONE,,RPM:486bd1410c407485 TPS:486bd1411109df ADV:486bd1410ef8cb MIL:486bd1410100000000c6
1789379839.4454,683.909,4041.0,-250.0,3.53,0.00,60.00,2.40,9.8,45.3,2.91,14.10,0.000,79.0,41.0,1,0,0,0,0,0,0,NONE,,RPM:486bd1410c3f2434 TPS:486bd1411109df ADV:486bd1410ef8cb MIL:486bd1410100000000c6
1789379839.7643,684.228,3967.0,-232.1,3.53,0.00,60.00,2.40,9.8,45.3,2.91,14.10,0.000,79.0,41.0,1,0,0,0,0,0,0,NONE,,RPM:486bd1410c3dfc0a TPS:486bd1411109df ADV:486bd1410ef8cb MIL:486bd1410100000000c6
1789379840.0419,684.506,3942.0,-90.1,3.53,0.00,59.00,2.40,9.8,45.3,2.91,14.10,0.000,79.0,41.0,1,0,0,0,0,0,0,NONE,,RPM:486bd1410c3d98a6 TPS:486bd1411109df ADV:486bd1410ef6c9 MIL:486bd1410100000000c6
1789379840.4810,684.945,3862.0,-182.2,3.53,0.00,58.00,2.40,9.8,45.3,2.91,14.10,0.000,79.0,41.0,1,0,0,0,0,0,0,NONE,,RPM:486bd1410c3c5865 TPS:486bd1411109df ADV:486bd1410ef4c7 MIL:486bd1410100000000c6
1789379840.7933,685.257,3790.0,-230.5,3.53,0.00,58.00,2.40,9.8,45.3,2.91,14.10,0.000,79.0,41.0,1,0,0,0,0,0,0,NONE,,RPM:486bd1410c3b3844 TPS:486bd1411109df ADV:486bd1410ef4c7 MIL:486bd1410100000000c6
1789379841.2740,685.738,3726.0,-133.1,3.53,0.00,56.50,2.40,9.8,45.3,2.91,14.10,0.000,79.0,41.0,1,0,0,0,0,0,0,NONE,,RPM:486bd1410c3a3843 TPS:486bd1411109df ADV:486bd1410ef1c4 MIL:486bd1410100000000c6
1789379841.5610,686.025,3695.0,-108.0,3.53,0.00,56.50,2.40,9.8,45.3,2.93,14.10,0.000,78.0,41.0,1,0,0,0,0,0,0,NONE,,RPM:486bd1410c39bcc6 TPS:486bd1411109df ADV:486bd1410ef1c4 MIL:486bd1410100000000c6
1789379841.8399,686.304,3609.0,-308.3,3.53,0.00,56.00,2.40,9.8,45.3,2.93,14.10,0.000,78.0,41.0,1,0,0,0,0,0,0,NONE,,RPM:486bd1410c38646d TPS:486bd1411109df ADV:486bd1410ef0c3 MIL:486bd1410100000000c6
1789379842.1220,686.586,3602.0,-24.8,3.53,0.00,55.50,2.40,12.5,45.3,3.18,14.10,0.000,78.0,41.0,1,0,0,0,0,0,0,NONE,,RPM:486bd1410c384851 TPS:486bd1411109df ADV:486bd1410eefc2 MIL:486bd1410100000000c6
1789379842.4119,686.876,3534.0,-234.6,3.53,0.00,55.50,2.40,12.5,45.3,3.18,14.10,0.000,78.0,41.0,1,0,0,0,0,0,0,NONE,,RPM:486bd1410c373840 TPS:486bd1411109df ADV:486bd1410eefc2 MIL:486bd1410100000000c6
1789379842.6990,687.163,3497.0,-128.9,3.53,0.00,55.00,2.40,12.5,45.3,3.18,14.10,0.000,78.0,41.0,1,0,0,0,0,0,0,NONE,,RPM:486bd1410c36a4ab TPS:486bd1411109df ADV:486bd1410eeec1 MIL:486bd1410100000000c6
1789379843.1262,687.590,3049.0,-1048.8,3.53,0.00,35.50,2.40,12.5,45.3,3.18,14.10,0.000,78.0,41.0,1,0,0,0,0,0,0,NONE,,RPM:486bd1410c2fa4a4 TPS:486bd1411109df ADV:486bd1410ec79a MIL:486bd1410100000000c6
1789379843.4300,687.894,3268.0,720.8,3.53,0.00,60.00,2.40,12.5,45.3,3.18,14.10,0.000,78.0,41.0,1,0,0,0,0,0,0,NONE,,RPM:486bd1410c331014 TPS:486bd1411109df ADV:486bd1410ef8cb MIL:486bd1410100000000c6
1789379843.7494,688.213,4060.0,2479.6,3.53,0.00,60.00,2.40,12.5,45.3,3.18,14.10,0.000,78.0,41.0,1,0,0,0,0,0,0,NONE,,RPM:486bd1410c3f7080 TPS:486bd1411109df ADV:486bd1410ef8cb MIL:486bd1410100000000c6
1789379844.0221,688.486,3914.0,-535.5,3.53,0.00,58.00,2.40,12.5,45.3,3.18,14.10,0.000,78.0,41.0,1,0,0,0,0,0,0,NONE,,RPM:486bd1410c3d2836 TPS:486bd1411109df ADV:486bd1410ef4c7 MIL:486bd1410100000000c6
1789379844.4939,688.958,3563.0,-744.0,3.53,0.00,53.50,2.40,12.5,45.3,3.18,14.10,0.000,78.0,41.0,1,0,0,0,0,0,0,NONE,,RPM:486bd1410c37acb4 TPS:486bd1411109df ADV:486bd1410eebbe MIL:486bd1410100000000c6
1789379844.8056,689.269,3264.0,-959.1,3.53,0.00,50.50,2.40,12.5,45.3,3.18,14.10,0.000,78.0,41.0,1,0,0,0,0,0,0,NONE,,RPM:486bd1410c330004 TPS:486bd1411109df ADV:486bd1410ee5b8 MIL:486bd1410100000000c6
1789379845.2737,689.738,2956.0,-658.1,3.53,0.00,31.00,2.40,12.5,45.3,3.18,14.10,0.000,78.0,41.0,1,0,0,0,0,0,0,NONE,,RPM:486bd1410c2e302f TPS:486bd1411109df ADV:486bd1410ebe91 MIL:486bd1410100000000c6
1789379845.5399,690.004,2356.0,-2253.7,3.53,0.00,24.00,2.40,12.5,45.3,3.21,14.10,0.000,77.0,41.0,1,0,0,0,0,0,0,NONE,,RPM:486bd1410c24d0c5 TPS:486bd1411109df ADV:486bd1410eb083 MIL:486bd1410100000000c6
1789379845.8133,690.277,3172.0,2984.2,3.53,0.00,55.50,2.40,12.5,45.3,3.21,14.10,0.000,77.0,41.0,1,0,0,0,0,0,0,NONE,,RPM:486bd1410c319092 TPS:486bd1411109df ADV:486bd1410eefc2 MIL:486bd1410100000000c6
1789379846.1334,690.597,3524.0,1099.9,5.10,4.90,50.00,2.40,20.8,46.3,3.95,14.10,0.000,77.0,41.0,1,0,0,0,0,0,0,NONE,,RPM:486bd1410c371018 TPS:486bd141110de3 ADV:486bd1410ee4b7 MIL:486bd1410100000000c6
1789379846.4031,690.867,3552.0,103.8,8.63,13.08,15.00,2.40,20.8,48.3,3.95,14.10,0.000,77.0,41.0,1,0,0,0,0,0,0,NONE,,RPM:486bd1410c378088 TPS:486bd1411116ec ADV:486bd1410e9e71 MIL:486bd1410100000000c6
1789379846.6748,691.139,3577.0,92.0,10.20,5.77,15.00,2.40,20.8,49.2,3.95,14.10,0.000,77.0,41.0,1,0,0,0,0,0,0,NONE,,RPM:486bd1410c37e4ec TPS:486bd141111af0 ADV:486bd1410e9e71 MIL:486bd1410100000000c6
1789379847.1441,691.608,3757.0,383.6,10.98,1.67,21.00,2.40,20.8,49.7,3.95,14.10,0.000,77.0,41.0,1,0,0,0,0,0,0,NONE,,RPM:486bd1410c3ab4bf TPS:486bd141111cf2 ADV:486bd1410eaa7d MIL:486bd1410100000000c6
1789379847.4123,691.876,3887.0,484.8,10.20,-2.92,25.50,2.40,20.8,49.2,3.95,14.10,0.000,77.0,41.0,1,0,0,0,0,0,0,NONE,,RPM:486bd1410c3cbcc9 TPS:486bd141111af0 ADV:486bd1410eb386 MIL:486bd1410100000000c6
1789379847.6838,692.148,4018.0,482.6,9.02,-4.33,32.50,2.40,20.8,48.5,3.95,14.10,0.000,77.0,41.0,1,0,0,0,0,0,0,NONE,,RPM:486bd1410c3ec8d7 TPS:486bd1411117ed ADV:486bd1410ec194 MIL:486bd1410100000000c6
1789379847.9535,692.417,4104.0,318.8,8.24,-2.91,39.00,2.40,20.8,48.1,3.95,14.10,0.000,77.0,41.0,1,0,0,0,0,0,0,NONE,,RPM:486bd1410c402031 TPS:486bd1411115eb ADV:486bd1410ecea1 MIL:486bd1410100000000c6
1789379848.4421,692.906,4227.0,251.7,8.24,0.00,45.00,2.40,20.8,48.1,3.95,14.10,0.000,77.0,41.0,1,0,0,0,0,0,0,NONE,,RPM:486bd1410c420c1f TPS:486bd1411115eb ADV:486bd1410edaad MIL:486bd1410100000000c6
1789379848.7372,693.201,4272.0,152.5,7.45,-2.66,55.00,2.40,20.8,47.6,3.95,14.10,0.000,77.0,41.0,1,0,0,0,0,0,0,NONE,,RPM:486bd1410c42c0d3 TPS:486bd1411113e9 ADV:486bd1410eeec1 MIL:486bd1410100000000c6
1789379849.1848,693.649,4281.0,20.1,6.27,-2.63,60.00,2.40,20.8,46.9,3.95,14.10,0.000,77.0,41.0,1,0,0,0,0,0,0,NONE,,RPM:486bd1410c42e4f7 TPS:486bd1411110e6 ADV:486bd1410ef8cb MIL:486bd1410100000000c6
1789379849.4811,693.945,4207.0,-249.7,5.88,-1.32,60.00,2.40,20.8,46.7,3.95,14.10,0.000,77.0,41.0,1,0,0,0,0,0,0,NONE,,RPM:486bd1410c41bcce TPS:486bd141110fe5 ADV:486bd1410ef8cb MIL:486bd1410100000000c6
1789379849.8068,694.271,4229.0,67.6,5.88,0.00,60.00,2.40,20.8,46.7,3.95,14.10,0.000,77.0,41.0,1,0,0,0,0,0,0,NONE,,RPM:486bd1410c421427 TPS:486bd141110fe5 ADV:486bd1410ef8cb MIL:486bd1410100000000c6
1789379850.0803,694.544,4237.0,29.3,6.27,1.43,55.50,2.40,19.2,46.9,3.81,14.10,0.000,77.0,41.0,1,0,0,0,0,0,0,NONE,,RPM:486bd1410c423447 TPS:486bd1411110e6 ADV:486bd1410eefc2 MIL:486bd1410100000000c6
1789379850.3836,694.847,4283.0,151.7,6.67,1.29,45.50,2.40,19.2,47.2,3.81,14.10,0.000,77.0,41.0,1,0,0,0,0,0,0,NONE,,RPM:486bd1410c42ecff TPS:486bd1411111e7 ADV:486bd1410edbae MIL:486bd1410100000000c6
1789379850.6720,695.136,4254.0,-100.5,7.45,2.72,40.00,2.40,19.2,47.6,3.81,14.10,0.000,77.0,41.0,1,0,0,0,0,0,0,NONE,,RPM:486bd1410c42788b TPS:486bd1411113e9 ADV:486bd1410ed0a3 MIL:486bd1410100000000c6
1789379851.1416,695.605,4120.0,-285.4,5.49,-4.18,60.00,2.40,19.2,46.5,3.81,14.10,0.000,77.0,41.0,1,0,0,0,0,0,0,NONE,,RPM:486bd1410c406071 TPS:486bd141110ee4 ADV:486bd1410ef8cb MIL:486bd1410100000000c6
1789379851.4161,695.880,4155.0,127.5,5.49,0.00,60.00,2.40,19.2,46.5,3.81,14.10,0.000,77.0,41.0,1,0,0,0,0,0,0,NONE,,RPM:486bd1410c40ecfd TPS:486bd141110ee4 ADV:486bd1410ef8cb MIL:486bd1410100000000c6
1789379851.6806,696.144,4119.0,-136.1,5.49,0.00,43.50,2.40,19.2,46.5,3.81,14.10,0.000,77.0,41.0,1,0,0,0,0,0,0,NONE,,RPM:486bd1410c405c6d TPS: ADV:486bd1410ed7aa MIL:486bd1410100000000c6
1789379852.1827,696.647,4067.0,-103.6,7.06,3.12,30.50,2.40,19.2,47.4,3.81,14.10,0.000,77.0,41.0,1,0,0,0,0,0,0,NONE,,RPM:486bd1410c3f8c9c TPS:486bd1411112e8 ADV:486bd1410ebd90 MIL:486bd1410100000000c6
1789379852.6426,697.106,4177.0,239.2,18.43,24.73,26.00,2.40,19.2,54.0,3.81,14.10,0.000,77.0,41.0,1,0,0,0,0,0,0,NONE,,RPM:486bd1410c414456 TPS:486bd141112f05 ADV:486bd1410eb487 MIL:486bd1410100000000c6
1789379852.9235,697.387,4448.0,964.5,32.16,48.85,21.00,2.40,19.2,62.0,3.81,14.10,0.000,77.0,41.0,1,0,0,0,0,0,0,NONE,,RPM:486bd1410c458096 TPS:486bd141115228 ADV:486bd1410eaa7d MIL:486bd1410100000000c6
1789379853.3562,697.820,4531.0,191.8,9.41,-52.57,32.50,2.40,19.2,48.8,3.81,14.10,0.000,77.0,41.0,1,0,0,0,0,0,0,NONE,,RPM:486bd1410c46cce3 TPS:486bd1411118ee ADV:486bd1410ec194 MIL:486bd1410100000000c6
1789379853.6414,698.105,4751.0,771.3,18.04,30.25,36.00,2.40,19.2,53.8,3.81,14.10,0.000,77.0,41.0,1,0,0,0,0,0,0,NONE,,RPM:486bd1410c4a3c57 TPS:486bd141112e04 ADV:486bd1410ec89b MIL:486bd1410100000000c6
1789379853.9264,698.390,5026.0,964.9,21.96,13.76,32.50,2.40,19.2,56.0,3.81,14.10,0.000,77.0,41.0,1,0,0,0,0,0,0,NONE,,RPM:486bd1410c4e88a7 TPS:486bd14111380e ADV:486bd1410ec194 MIL:486bd1410100000000c6
1789379854.2407,698.705,4629.0,-1263.4,3.53,-58.66,60.00,2.40,9.4,45.3,2.92,14.10,0.000,77.0,41.0,1,0,0,0,0,0,0,NONE,,RPM:486bd1410c48546d TPS:486bd1411109df ADV:486bd1410ef8cb MIL:486bd1410100000000c6
1789379854.5045,698.968,4902.0,1034.9,3.53,0.00,60.00,2.40,9.4,45.3,2.92,14.10,0.000,77.0,41.0,1,0,0,0,0,0,0,NONE,,RPM:486bd1410c4c98b5 TPS:486bd1411109df ADV:486bd1410ef8cb MIL:486bd1410100000000c6
1789379854.7759,699.240,4701.0,-740.6,3.53,0.00,60.00,2.40,9.4,45.3,2.92,14.10,0.000,77.0,41.0,1,0,0,0,0,0,0,NONE,,RPM:486bd1410c49748e TPS:486bd1411109df ADV:486bd1410ef8cb MIL:486bd1410100000000c6
1789379855.2211,699.685,4514.0,-420.0,3.53,0.00,60.00,2.40,9.4,45.3,2.92,14.10,0.000,77.0,41.0,1,0,0,0,0,0,0,NONE,,RPM:486bd1410c46889f TPS:486bd1411109df ADV:486bd1410ef8cb MIL:486bd1410100000000c6
1789379855.5103,699.974,4414.0,-345.9,5.10,5.43,60.00,2.40,9.4,46.3,2.92,14.10,0.000,77.0,41.0,1,0,0,0,0,0,0,NONE,,RPM:486bd1410c44f80d TPS:486bd141110de3 ADV:486bd1410ef8cb MIL:486bd1410100000000c6
1789379855.7828,700.247,4421.0,25.7,7.45,8.63,46.50,2.40,9.4,47.6,2.92,14.10,0.000,77.0,41.0,1,0,0,0,0,0,0,NONE,,RPM:486bd1410c45142a TPS:486bd1411113e9 ADV:486bd1410eddb0 MIL:486bd1410100000000c6
1789379856.0618,700.526,4452.0,111.1,8.24,2.81,35.00,2.40,9.4,48.1,2.92,14.10,0.000,77.0,41.0,1,0,0,0,0,0,0,NONE,,RPM:486bd1410c4590a6 TPS:486bd1411115eb ADV:486bd1410ec699 MIL:486bd1410100000000c6
1789379856.4776,700.941,4663.0,507.4,19.61,27.35,30.00,2.40,9.4,54.7,2.92,14.10,0.000,77.0,41.0,1,0,0,0,0,0,0,NONE,,RPM:486bd1410c48dcf5 TPS:486bd141113208 ADV:486bd1410ebc8f MIL:486bd1410100000000c6
1789379856.7419,701.206,4882.0,828.6,25.10,20.77,28.50,2.40,9.4,57.9,2.92,14.10,0.000,77.0,41.0,1,0,0,0,0,0,0,NONE,,RPM:486bd1410c4c4865 TPS:486bd141114016 ADV:486bd1410eb98c MIL:486bd1410100000000c6
1789379857.1705,701.634,4530.0,-821.3,3.53,-50.32,60.00,2.40,9.4,45.3,2.92,14.10,0.000,77.0,41.0,1,0,0,0,0,0,0,NONE,,RPM:486bd1410c46c8df TPS:486bd1411109df ADV:486bd1410ef8cb MIL:486bd1410100000000c6
1789379857.4455,701.909,4743.0,774.4,3.53,0.00,60.00,2.40,9.4,45.3,2.95,14.10,0.000,76.0,41.0,1,0,0,0,0,0,0,NONE,,RPM:486bd1410c4a1c37 TPS:486bd1411109df ADV:486bd1410ef8cb MIL:486bd1410100000000c6
1789379857.7172,702.181,4612.0,-482.1,3.53,0.00,60.00,2.40,9.4,45.3,2.95,14.10,0.000,76.0,41.0,1,0,0,0,0,0,0,NONE,,RPM:486bd1410c481029 TPS:486bd1411109df ADV:486bd1410ef8cb MIL:486bd1410100000000c6
1789379857.9891,702.453,4523.0,-327.4,3.53,0.00,60.00,2.40,9.8,45.3,2.99,14.10,0.000,76.0,41.0,1,0,0,0,0,0,0,NONE,,RPM:486bd1410c46acc3 TPS:486bd1411109df ADV:486bd1410ef8cb MIL:486bd1410100000000c6
1789379858.2621,702.726,4410.0,-414.0,3.53,0.00,60.00,2.40,9.8,45.3,2.99,14.10,0.000,76.0,41.0,1,0,0,0,0,0,0,NONE,,RPM:486bd1410c44e8fd TPS:486bd1411109df ADV:486bd1410ef8cb MIL:486bd1410100000000c6
1789379858.5344,702.998,4310.0,-367.2,3.53,0.00,60.00,2.40,9.8,45.3,2.99,14.10,0.000,76.0,41.0,1,0,0,0,0,0,0,NONE,,RPM:486bd1410c43586c TPS:486bd1411109df ADV:486bd1410ef8cb MIL:486bd1410100000000c6
1789379859.0030,703.467,4151.0,-339.3,3.92,0.84,60.00,2.40,9.8,45.6,2.99,14.10,0.000,76.0,41.0,1,0,0,0,0,0,0,NONE,,RPM:486bd1410c40dced TPS:486bd141110ae0 ADV:486bd1410ef8cb MIL:486bd1410100000000c6
1789379859.3137,703.778,4076.0,-241.4,4.31,1.26,60.00,2.40,9.8,45.8,2.99,14.10,0.000,76.0,41.0,1,0,0,0,0,0,0,NONE,,RPM:486bd1410c3fb0c0 TPS:486bd141110be1 ADV:486bd1410ef8cb MIL:486bd1410100000000c6
1789379859.6221,704.086,4004.0,-233.5,4.71,1.27,56.50,2.40,9.8,46.0,2.99,14.10,0.000,76.0,41.0,1,0,0,0,0,0,0,NONE,,RPM:486bd1410c3e909f TPS:486bd141110ce2 ADV:486bd1410ef1c4 MIL:486bd1410100000000c6
1789379859.8943,704.358,3955.0,-180.1,6.27,5.76,30.50,2.40,9.8,46.9,2.99,14.10,0.000,76.0,41.0,1,0,0,0,0,0,0,NONE,,RPM:486bd1410c3dccda TPS:486bd1411110e6 ADV:486bd1410ebd90 MIL:486bd1410100000000c6
1789379860.3523,704.816,3976.0,45.8,16.08,21.40,24.00,2.40,9.8,52.6,2.99,14.10,0.000,76.0,41.0,1,0,0,0,0,0,0,NONE,,RPM:486bd1410c3e202f TPS:486bd1411129ff ADV:486bd1410eb083 MIL:486bd1410100000000c6
1789379860.6305,705.094,4229.0,909.4,20.00,14.10,26.50,2.40,9.8,54.9,2.99,14.10,0.000,76.0,41.0,1,0,0,0,0,0,0,NONE,,RPM:486bd1410c421427 TPS:486bd141113309 ADV:486bd1410eb588 MIL:486bd1410100000000c6
1789379861.1258,705.590,4658.0,866.2,3.53,-33.26,24.00,2.40,9.8,45.3,2.99,14.10,0.000,76.0,41.0,1,0,0,0,0,0,0,NONE,,RPM:486bd1410c48c8e1 TPS:486bd1411109df ADV:486bd1410eb083 MIL:486bd1410100000000c6
1789379861.3971,705.861,3727.0,-3430.8,21.57,66.48,17.50,2.40,9.8,55.8,2.99,14.10,0.000,76.0,41.0,1,0,0,0,0,0,0,NONE,,RPM:486bd1410c3a3c47 TPS:486bd14111370d ADV:486bd1410ea376 MIL:486bd1410100000000c6
1789379861.7012,706.165,3946.0,720.4,30.20,28.38,18.00,2.40,9.8,60.8,2.99,14.10,0.000,76.0,41.0,1,0,0,0,0,0,0,NONE,,RPM:486bd1410c3da8b6 TPS:486bd141114d23 ADV:486bd1410ea477 MIL:486bd1410100000000c6
1789379861.9815,706.445,4099.0,545.8,30.20,0.00,31.22,2.40,70.2,60.8,8.42,14.10,0.000,76.0,41.0,1,0,0,0,0,0,0,NONE,,RPM:486bd1410c400c1d TPS:486bd141114d23 ADV: MIL:486bd1410100000000c6
1789379862.4978,706.962,4395.0,573.3,38.82,16.71,17.50,2.40,70.2,65.8,8.42,14.10,0.000,76.0,41.0,1,0,0,0,0,0,0,NONE,,RPM:486bd1410c44acc1 TPS:486bd141116339 ADV:486bd1410ea376 MIL:486bd1410100000000c6
1789379862.7902,707.254,4629.0,800.2,35.29,-12.07,23.00,2.40,70.2,63.8,8.42,14.10,0.000,76.0,41.0,1,0,0,0,0,0,0,NONE,,RPM:486bd1410c48546d TPS:486bd141115a30 ADV:486bd1410eae81 MIL:486bd1410100000000c6
1789379863.2851,707.749,4603.0,-52.5,3.53,-64.19,60.00,2.40,70.2,45.3,8.42,14.10,0.000,76.0,41.0,1,0,0,0,0,0,0,NONE,,RPM:486bd1410c47ec04 TPS:486bd1411109df ADV:486bd1410ef8cb MIL:486bd1410100000000c6
1789379863.5581,708.022,4550.0,-194.1,3.53,0.00,60.00,2.40,70.2,45.3,8.42,14.10,0.000,76.0,40.0,1,0,0,0,0,0,0,NONE,,RPM:486bd1410c471830 TPS:486bd1411109df ADV:486bd1410ef8cb MIL:486bd1410100000000c6
1789379863.8292,708.293,4231.0,-1176.7,3.53,0.00,60.00,2.40,70.2,45.3,8.42,14.10,0.000,76.0,40.0,1,0,0,0,0,0,0,NONE,,RPM:486bd1410c421c2f TPS:486bd1411109df ADV:486bd1410ef8cb MIL:486bd1410100000000c6
1789379864.1334,708.597,3919.0,-1025.5,3.53,0.00,57.50,2.40,70.2,45.3,8.42,14.10,0.000,76.0,40.0,1,0,0,0,0,0,0,NONE,,RPM:486bd1410c3d3c4a TPS:486bd1411109df ADV:486bd1410ef3c6 MIL:486bd1410100000000c6
1789379864.6003,709.064,3614.0,-653.3,3.53,0.00,55.50,2.40,70.2,45.3,8.42,14.10,0.000,76.0,40.0,1,0,0,0,0,0,0,NONE,,RPM:486bd1410c387881 TPS:486bd1411109df ADV:486bd1410eefc2 MIL:486bd1410100000000c6
1789379864.8679,709.332,3487.0,-474.5,3.53,0.00,54.00,2.40,70.2,45.3,8.42,14.10,0.000,76.0,40.0,1,0,0,0,0,0,0,NONE,,RPM:486bd1410c367c83 TPS:486bd1411109df ADV:486bd1410eecbf MIL:486bd1410100000000c6
1789379865.3045,709.768,3350.0,-313.8,3.53,0.00,51.50,2.40,70.2,45.3,8.42,14.10,0.000,76.0,40.0,1,0,0,0,0,0,0,NONE,,RPM:486bd1410c34585d TPS:486bd1411109df ADV:486bd1410ee7ba MIL:486bd1410100000000c6
1789379865.5883,710.052,3254.0,-338.3,3.53,0.00,50.50,2.40,70.2,45.3,8.42,14.10,0.000,76.0,40.0,1,0,0,0,0,0,0,NONE,,RPM:486bd1410c32d8db TPS:486bd1411109df ADV:486bd1410ee5b8 MIL:486bd1410100000000c6
1789379865.9079,710.372,3192.0,-194.0,3.53,0.00,49.00,2.40,70.2,45.3,8.42,14.10,0.000,76.0,40.0,1,0,0,0,0,0,0,NONE,,RPM:486bd1410c31e0e2 TPS:486bd1411109df ADV:486bd1410ee2b5 MIL:486bd1410100000000c6
1789379866.1796,710.643,3157.0,-128.8,3.53,0.00,48.00,2.40,14.5,45.3,3.41,14.10,0.000,76.0,40.0,1,0,0,0,0,0,0,NONE,,RPM:486bd1410c315456 TPS:486bd1411109df ADV:486bd1410ee0b3 MIL:486bd1410100000000c6
1789379866.4532,710.917,3088.0,-252.2,3.53,0.00,47.50,2.40,14.5,45.3,3.41,14.10,0.000,76.0,40.0,1,0,0,0,0,0,0,NONE,,RPM:486bd1410c304041 TPS:486bd1411109df ADV:486bd1410edfb2 MIL:486bd1410100000000c6
1789379866.7554,711.219,3019.0,-228.3,3.53,0.00,37.50,2.40,14.5,45.3,3.41,14.10,0.000,76.0,40.0,1,0,0,0,0,0,0,NONE,,RPM:486bd1410c2f2c2c TPS:486bd1411109df ADV:486bd1410ecb9e MIL:486bd1410100000000c6
1789379867.2027,711.667,2438.0,-1298.9,3.53,0.00,46.00,2.40,14.5,45.3,3.41,14.10,0.000,76.0,40.0,1,0,0,0,0,0,0,NONE,,RPM:486bd1410c26180f TPS:486bd1411109df ADV:486bd1410edcaf MIL:486bd1410100000000c6
1789379867.4737,711.938,3455.0,3753.0,3.92,1.45,52.50,2.40,14.5,45.6,3.41,14.10,0.000,76.0,41.0,1,0,0,0,0,0,0,NONE,,RPM:486bd1410c35fc02 TPS:486bd141110ae0 ADV:486bd1410ee9bc MIL:486bd1410100000000c6
1789379867.7450,712.209,3556.0,372.3,8.63,17.35,14.00,2.40,14.5,48.3,3.41,14.10,0.000,76.0,41.0,1,0,0,0,0,0,0,NONE,,RPM:486bd1410c379098 TPS:486bd1411116ec ADV:486bd1410e9c6f MIL:486bd1410100000000c6
1789379868.0499,712.514,3593.0,121.4,3.53,-16.72,56.50,2.40,14.5,45.3,3.41,14.10,0.000,76.0,41.0,1,0,0,0,0,0,0,NONE,,RPM:486bd1410c38242d TPS:486bd1411109df ADV:486bd1410ef1c4 MIL:486bd1410100000000c6
1789379868.4929,712.957,3392.0,-453.7,3.53,0.00,51.00,2.40,14.5,45.3,3.41,14.10,0.000,76.0,41.0,1,0,0,0,0,0,0,NONE,,RPM:486bd1410c350006 TPS:486bd1411109df ADV:486bd1410ee6b9 MIL:486bd1410100000000c6
1789379868.7700,713.234,3184.0,-750.5,3.53,0.00,48.50,2.40,14.5,45.3,3.41,14.10,0.000,76.0,41.0,1,0,0,0,0,0,0,NONE,,RPM:486bd1410c31c0c2 TPS:486bd1411109df ADV:486bd1410ee1b4 MIL:486bd1410100000000c6
1789379869.2664,713.730,3010.0,-350.5,3.53,0.00,43.00,2.40,14.5,45.3,3.41,14.10,0.000,76.0,41.0,1,0,0,0,0,0,0,NONE,,RPM:486bd1410c2f0808 TPS:486bd1411109df ADV:486bd1410ed6a9 MIL:486bd1410100000000c6
1789379869.5364,714.000,2871.0,-515.0,3.53,0.00,38.00,2.40,14.5,45.3,3.41,14.10,0.000,76.0,41.0,1,0,0,0,0,0,0,NONE,,RPM:486bd1410c2cdcd9 TPS:486bd1411109df ADV:486bd1410ecc9f MIL:486bd1410100000000c6
1789379869.8081,714.272,2737.0,-493.2,3.53,0.00,29.00,2.40,14.5,45.3,3.41,14.10,0.000,76.0,41.0,1,0,0,0,0,0,0,NONE,,RPM:486bd1410c2ac4bf TPS:486bd1411109df ADV:486bd1410eba8d MIL:486bd1410100000000c6
1789379870.1213,714.585,2529.0,-664.0,3.53,0.00,23.50,2.40,17.3,45.3,3.66,14.10,0.000,76.0,41.0,1,0,0,0,0,0,0,NONE,,RPM:486bd1410c27847c TPS:486bd1411109df ADV:486bd1410eaf82 MIL:486bd1410100000000c6
1789379870.4247,714.889,2267.0,-863.6,3.53,0.00,16.00,2.40,17.3,45.3,3.66,14.10,0.000,76.0,41.0,1,0,0,0,0,0,0,NONE,,RPM:486bd1410c236c60 TPS:486bd1411109df ADV:486bd1410ea073 MIL:486bd1410100000000c6
1789379870.7033,715.167,1603.0,-2382.8,3.14,-1.41,9.00,2.40,17.3,45.1,3.66,14.10,0.000,76.0,41.0,1,0,0,0,0,0,0,NONE,,RPM:486bd1410c190cf6 TPS:486bd1411108de ADV:486bd1410e9265 MIL:486bd1410100000000c6
1789379871.1730,715.637,1375.0,-485.5,3.14,0.00,11.00,2.40,17.3,45.1,3.66,14.10,0.000,76.0,41.0,1,0,0,0,0,0,0,NONE,,RPM:486bd1410c157c62 TPS:486bd1411108de ADV:486bd1410e9669 MIL:486bd1410100000000c6
1789379871.4702,715.934,1348.0,-90.8,3.14,0.00,10.00,2.40,17.3,45.1,3.66,14.10,0.000,76.0,41.0,1,0,0,0,0,0,0,NONE,,RPM:486bd1410c1510f6 TPS:486bd1411108de ADV:486bd1410e9467 MIL:486bd1410100000000c6
1789379871.7419,716.206,1284.0,-235.6,3.14,0.00,10.00,2.40,17.3,45.1,3.66,14.10,0.000,76.0,41.0,1,0,0,0,0,0,0,NONE,,RPM:486bd1410c1410f5 TPS:486bd1411108de ADV:486bd1410e9467 MIL:486bd1410100000000c6
1789379872.0475,716.511,1324.0,130.9,3.14,0.00,10.50,2.40,17.3,45.1,3.66,14.10,0.000,76.0,41.0,1,0,0,0,0,0,0,NONE,,RPM:486bd1410c14b095 TPS:486bd1411108de ADV:486bd1410e9568 MIL:486bd1410100000000c6
1789379872.5119,716.976,1344.0,43.1,3.14,0.00,10.00,2.40,17.3,45.1,3.66,14.10,0.000,76.0,41.0,1,0,0,0,0,0,0,NONE,,RPM:486bd1410c1500e6 TPS:486bd1411108de ADV:486bd1410e9467 MIL:486bd1410100000000c6
1789379872.7816,717.245,1290.0,-200.2,3.14,0.00,10.00,2.40,17.3,45.1,3.66,14.10,0.000,76.0,41.0,1,0,0,0,0,0,0,NONE,,RPM:486bd1410c14280d TPS:486bd1411108de ADV:486bd1410e9467 MIL:486bd1410100000000c6
1789379873.2399,717.704,1329.0,85.1,3.53,0.86,10.00,2.40,17.3,45.3,3.66,14.10,0.000,76.0,41.0,1,0,0,0,0,0,0,NONE,,RPM:486bd1410c14c4a9 TPS:486bd1411109df ADV:486bd1410e9467 MIL:486bd1410100000000c6
1789379873.5359,718.000,1326.0,-10.1,3.14,-1.32,11.00,2.40,17.3,45.1,3.63,14.10,0.000,77.0,41.0,1,0,0,0,0,0,0,NONE,,RPM:486bd1410c14b89d TPS:486bd1411108de ADV:486bd1410e9669 MIL:486bd1410100000000c6
1789379873.8029,718.267,1417.0,340.9,3.14,0.00,10.00,2.40,17.3,45.1,3.63,14.10,0.000,77.0,41.0,1,0,0,0,0,0,0,NONE,,RPM:486bd1410c16240b TPS:486bd1411108de ADV:486bd1410e9467 MIL:486bd1410100000000c6
1789379874.1080,718.572,1350.0,-219.6,3.53,1.29,9.00,2.40,23.9,45.3,4.23,14.10,0.000,77.0,41.0,1,0,0,0,0,0,0,NONE,,RPM:486bd1410c1518fe TPS:486bd1411109df ADV:486bd1410e9265 MIL:486bd1410100000000c6
1789379874.3789,718.843,1268.0,-302.7,3.53,0.00,9.00,2.40,23.9,45.3,4.23,14.10,0.000,77.0,41.0,1,0,0,0,0,0,0,NONE,,RPM:486bd1410c13d0b4 TPS:486bd1411109df ADV:486bd1410e9265 MIL:486bd1410100000000c6
1789379874.6512,719.115,1367.0,363.6,5.49,7.20,8.50,2.40,23.9,46.5,4.23,14.10,0.000,77.0,41.0,1,0,0,0,0,0,0,NONE,,RPM:486bd1410c155c42 TPS:486bd141110ee4 ADV:486bd1410e9164 MIL:486bd1410100000000c6
1789379875.1044,719.568,1813.0,984.2,3.53,-4.33,15.00,2.40,23.9,45.3,4.23,14.10,0.000,77.0,41.0,1,0,0,0,0,0,0,NONE,,RPM:486bd1410c1c5441 TPS:486bd1411109df ADV:486bd1410e9e71 MIL:486bd1410100000000c6
1789379875.3693,719.833,1370.0,-1671.9,3.53,0.00,12.50,2.40,23.9,45.3,4.23,14.10,0.000,77.0,41.0,1,0,0,0,0,0,0,NONE,,RPM:486bd1410c15684e TPS:486bd1411109df ADV:486bd1410e996c MIL:486bd1410100000000c6
1789379875.6415,720.105,1344.0,-95.5,4.31,2.88,10.50,2.40,23.9,45.8,4.23,14.10,0.000,77.0,41.0,1,0,0,0,0,0,0,NONE,,RPM:486bd1410c1500e6 TPS:486bd141110be1 ADV:486bd1410e9568 MIL:486bd1410100000000c6
1789379875.9142,720.378,1430.0,315.3,8.24,14.38,1.50,2.40,23.9,48.1,4.23,14.10,0.000,77.0,41.0,1,0,0,0,0,0,0,NONE,,RPM:486bd1410c16583f TPS:486bd1411115eb ADV:486bd1410e8356 MIL:486bd1410100000000c6
1789379876.3994,720.863,1969.0,1110.8,8.24,0.00,-1.00,2.40,23.9,48.1,4.23,14.10,0.000,77.0,41.0,1,0,0,0,0,0,0,NONE,,RPM:486bd1410c1ec4b3 TPS:486bd1411115eb ADV:486bd1410e7e51 MIL:486bd1410100000000c6
1789379876.6812,721.145,1860.0,-386.9,7.84,-1.39,3.50,2.40,23.9,47.8,4.23,14.10,0.000,77.0,41.0,1,0,0,0,0,0,0,NONE,,RPM:486bd1410c1d10fe TPS:486bd1411114ea ADV:486bd1410e875a MIL:486bd1410100000000c6
1789379877.1516,721.615,1805.0,-116.9,7.84,0.00,2.50,2.40,23.9,47.8,4.23,14.10,0.000,77.0,41.0,1,0,0,0,0,0,0,NONE,,RPM:486bd1410c1c3421 TPS:486bd1411114ea ADV:486bd1410e8558 MIL:486bd1410100000000c6
1789379877.4161,721.880,1937.0,499.0,9.02,4.45,2.50,2.40,23.9,48.5,4.23,14.10,0.000,77.0,41.0,1,0,0,0,0,0,0,NONE,,RPM:486bd1410c1e4433 TPS:486bd1411117ed ADV:486bd1410e8558 MIL:486bd1410100000000c6
1789379877.7361,722.200,2216.0,872.0,13.33,13.48,11.50,2.40,23.9,51.0,4.23,14.10,0.000,77.0,41.0,1,0,0,0,0,0,0,NONE,,RPM:486bd1410c22a093 TPS:486bd1411122f8 ADV:486bd1410e976a MIL:486bd1410100000000c6
1789379878.0149,722.479,2741.0,1882.7,16.47,11.25,13.50,2.40,45.5,52.9,6.17,14.10,0.000,77.0,41.0,1,0,0,0,0,0,0,NONE,,RPM:486bd1410c2ad4cf TPS:486bd141112a00 ADV:486bd1410e9b6e MIL:486bd1410100000000c6
1789379878.3172,722.781,3108.0,1214.2,23.14,22.06,15.50,2.40,45.5,56.7,6.17,14.10,0.000,77.0,41.0,1,0,0,0,0,0,0,NONE,,RPM:486bd1410c309091 TPS:486bd141113b11 ADV:486bd1410e9f72 MIL:486bd1410100000000c6
1789379878.5849,723.049,3667.0,2087.8,27.45,16.11,19.00,2.40,45.5,59.2,6.17,14.10,0.000,77.0,41.0,1,0,0,0,0,0,0,NONE,,RPM:486bd1410c394c56 TPS:486bd14111461c ADV:486bd1410ea679 MIL:486bd1410100000000c6
1789379879.0619,723.526,4666.0,2094.3,3.53,-50.15,18.00,2.40,45.5,45.3,6.17,14.10,0.000,77.0,41.0,1,0,0,0,0,0,0,NONE,,RPM:486bd1410c48e801 TPS:486bd1411109df ADV:486bd1410ea477 MIL:486bd1410100000000c6
1789379879.4074,723.871,3343.0,-3829.3,21.96,53.35,13.50,2.40,45.5,56.0,6.17,14.10,0.000,77.0,41.0,1,0,0,0,0,0,0,NONE,,RPM:486bd1410c343c41 TPS:486bd14111380e ADV:486bd1410e9b6e MIL:486bd1410100000000c6
1789379879.7175,724.181,3764.0,1357.9,36.08,45.54,15.00,2.40,45.5,64.2,6.17,14.10,0.000,77.0,41.0,1,0,0,0,0,0,0,NONE,,RPM:486bd1410c3ad0db TPS:486bd141115c32 ADV:486bd1410e9e71 MIL:486bd1410100000000c6
1789379880.0064,724.470,4224.0,1592.1,45.49,32.57,17.50,2.40,45.5,69.7,6.17,14.10,0.000,77.0,41.0,1,0,0,0,0,0,0,NONE,,RPM:486bd1410c420013 TPS:486bd14111744a ADV:486bd1410ea376 MIL:486bd1410100000000c6
1789379880.4556,724.920,5128.0,2012.3,3.53,-93.40,27.50,2.40,45.5,45.3,6.17,14.10,0.000,77.0,41.0,1,0,0,0,0,0,0,NONE,,RPM:486bd1410c502041 TPS:486bd1411109df ADV:486bd1410eb78a MIL:486bd1410100000000c6
1789379880.7561,725.220,3952.0,-3913.4,42.75,130.50,15.00,2.40,45.5,68.1,6.17,14.10,0.000,77.0,41.0,1,0,0,0,0,0,0,NONE,,RPM:486bd1410c3dc0ce TPS:486bd141116d43 ADV:486bd1410e9e71 MIL:486bd1410100000000c6
1789379881.2190,725.683,4416.0,1002.6,61.96,41.52,18.50,2.40,45.5,79.2,6.17,14.10,0.000,77.0,41.0,1,0,0,0,0,0,0,NONE,,RPM:486bd1410c450016 TPS:486bd141119e74 ADV:486bd1410ea578 MIL:486bd1410100000000c6
1789379881.4929,725.957,4675.0,945.5,60.00,-7.16,23.00,2.40,45.5,78.1,6.17,14.10,0.000,77.0,41.0,1,0,0,0,0,0,0,NONE,,RPM:486bd1410c490c26 TPS:486bd14111996f ADV:486bd1410eae81 MIL:486bd1410100000000c6
1789379881.7955,726.259,4935.0,859.2,21.57,-127.01,60.00,2.40,45.5,55.8,6.17,14.10,0.000,77.0,41.0,1,0,0,0,0,0,0,NONE,,RPM:486bd1410c4d1c3a TPS:486bd14111370d ADV:486bd1410ef8cb MIL:486bd1410100000000c6
1789379882.0806,726.544,4754.0,-634.8,3.53,-63.27,60.00,2.40,9.4,45.3,2.92,14.10,0.000,77.0,41.0,1,0,0,0,0,0,0,NONE,,RPM:486bd1410c4a4863 TPS:486bd1411109df ADV:486bd1410ef8cb MIL:486bd1410100000000c6
1789379882.3760,726.840,4685.0,-233.6,3.53,0.00,60.00,2.40,9.4,45.3,2.92,14.10,0.000,77.0,41.0,1,0,0,0,0,0,0,NONE,,RPM:486bd1410c49344e TPS:486bd1411109df ADV:486bd1410ef8cb MIL:486bd1410100000000c6
1789379882.6426,727.106,4529.0,-585.1,3.53,0.00,31.03,2.40,9.4,45.3,2.92,14.10,0.000,77.0,41.0,1,0,0,0,0,0,0,NONE,,RPM:486bd1410c46c4db TPS:486bd1411109df ADV: MIL:486bd1410100000000c6
1789379883.2366,727.700,4529.0,0.0,3.53,0.00,59.00,2.40,9.4,45.3,2.92,14.10,0.000,77.0,41.0,1,0,0,0,0,0,0,NONE,,RPM: TPS:486bd1411109df ADV:486bd1410ef6c9 MIL:486bd1410100000000c6
1789379883.6879,728.152,3812.0,-1588.7,3.53,0.00,57.50,2.40,9.4,45.3,2.92,14.10,0.000,77.0,41.0,1,0,0,0,0,0,0,NONE,,RPM:486bd1410c3b909c TPS:486bd1411109df ADV:486bd1410ef3c6 MIL:486bd1410100000000c6
1789379883.9614,728.425,3642.0,-621.5,3.53,0.00,55.50,2.40,9.4,45.3,2.92,14.10,0.000,77.0,41.0,1,0,0,0,0,0,0,NONE,,RPM:486bd1410c38e8f1 TPS:486bd1411109df ADV:486bd1410eefc2 MIL:486bd1410100000000c6
1789379884.2918,728.756,3174.0,-1416.7,3.53,0.00,38.50,2.40,9.4,45.3,2.92,14.10,0.000,77.0,41.0,1,0,0,0,0,0,0,NONE,,RPM:486bd1410c31989a TPS:486bd1411109df ADV:486bd1410ecda0 MIL:486bd1410100000000c6
1789379884.7234,729.187,3109.0,-150.6,3.53,0.00,56.50,2.40,9.4,45.3,2.92,14.10,0.000,77.0,41.0,1,0,0,0,0,0,0,NONE,,RPM:486bd1410c309495 TPS:486bd1411109df ADV:486bd1410ef1c4 MIL:486bd1410100000000c6
1789379885.0010,729.465,3928.0,2949.5,3.53,0.00,58.50,2.40,9.4,45.3,2.92,14.10,0.000,77.0,41.0,1,0,0,0,0,0,0,NONE,,RPM:486bd1410c3d606e TPS:486bd1411109df ADV:486bd1410ef5c8 MIL:486bd1410100000000c6
1789379885.4563,729.920,3794.0,-294.4,6.67,6.89,33.00,2.40,9.4,47.2,2.92,14.10,0.000,77.0,41.0,1,0,0,0,0,0,0,NONE,,RPM:486bd1410c3b4854 TPS:486bd1411111e7 ADV:486bd1410ec295 MIL:486bd1410100000000c6
1789379885.7349,730.199,3877.0,297.9,7.06,1.41,25.00,2.40,9.4,47.4,2.90,14.10,0.000,78.0,41.0,1,0,0,0,0,0,0,NONE,,RPM:486bd1410c3c94a1 TPS:486bd1411112e8 ADV:486bd1410eb285 MIL:486bd1410100000000c6
1789379886.0075,730.471,3771.0,-388.9,7.45,1.44,25.00,2.40,9.4,47.6,2.90,14.10,0.000,78.0,41.0,1,0,0,0,0,0,0,NONE,,RPM:486bd1410c3aecf7 TPS:486bd1411113e9 ADV:486bd1410eb285 MIL:486bd1410100000000c6
1789379886.3110,730.775,3807.0,118.6,11.37,12.92,21.50,2.40,38.0,49.9,5.47,14.10,0.000,78.0,41.0,1,0,0,0,0,0,0,NONE,,RPM:486bd1410c3b7c88 TPS:486bd141111df3 ADV:486bd1410eab7e MIL:486bd1410100000000c6
1789379886.6186,731.083,4003.0,637.1,14.12,8.92,27.50,2.40,38.0,51.5,5.47,14.10,0.000,78.0,41.0,1,0,0,0,0,0,0,NONE,,RPM:486bd1410c3e8c9b TPS:486bd1411124fa ADV:486bd1410eb78a MIL:486bd1410100000000c6
1789379886.8852,731.349,4110.0,401.5,13.73,-1.47,31.50,2.40,38.0,51.3,5.47,14.10,0.000,78.0,41.0,1,0,0,0,0,0,0,NONE,,RPM:486bd1410c403849 TPS:486bd1411123f9 ADV:486bd1410ebf92 MIL:486bd1410100000000c6
1789379887.3540,731.818,4394.0,605.8,11.37,-5.02,36.00,2.40,38.0,49.9,5.47,14.10,0.000,78.0,41.0,1,0,0,0,0,0,0,NONE,,RPM:486bd1410c44a8bd TPS:486bd141111df3 ADV:486bd1410ec89b MIL:486bd1410100000000c6
1789379887.6392,732.103,4501.0,375.2,10.59,-2.75,43.50,2.40,38.0,49.4,5.47,14.10,0.000,78.0,40.0,1,0,0,0,0,0,0,NONE,,RPM:486bd1410c46546b TPS:486bd141111bf1 ADV:486bd1410ed7aa MIL:486bd1410100000000c6
1789379887.9418,732.406,4595.0,310.6,8.24,-7.77,54.00,2.40,38.0,48.1,5.47,14.10,0.000,78.0,40.0,1,0,0,0,0,0,0,NONE,,RPM:486bd1410c47cce4 TPS:486bd1411115eb ADV:486bd1410eecbf MIL:486bd1410100000000c6
1789379888.2139,732.678,4578.0,-62.5,7.84,-1.44,55.00,2.40,38.0,47.8,5.47,14.10,0.000,78.0,40.0,1,0,0,0,0,0,0,NONE,,RPM:486bd1410c4788a0 TPS:486bd1411114ea ADV:486bd1410eeec1 MIL:486bd1410100000000c6
1789379888.6601,733.124,4602.0,53.8,7.84,0.00,54.00,2.40,38.0,47.8,5.47,14.10,0.000,78.0,40.0,1,0,0,0,0,0,0,NONE,,RPM:486bd1410c47e800 TPS:486bd1411114ea ADV:486bd1410eecbf MIL:486bd1410100000000c6
1789379888.9637,733.428,4603.0,3.3,7.84,0.00,53.00,2.40,38.0,47.8,5.47,14.10,0.000,78.0,40.0,1,0,0,0,0,0,0,NONE,,RPM:486bd1410c47ec04 TPS:486bd1411114ea ADV:486bd1410eeabd MIL:486bd1410100000000c6
1789379889.4158,733.880,4608.0,11.1,7.84,0.00,54.00,2.40,38.0,47.8,5.47,14.10,0.000,78.0,40.0,1,0,0,0,0,0,0,NONE,,RPM:486bd1410c480019 TPS:486bd1411114ea ADV:486bd1410eecbf MIL:486bd1410100000000c6
1789379889.7152,734.179,4601.0,-23.4,7.84,0.00,54.00,2.40,38.0,47.8,5.50,14.10,0.000,77.0,40.0,1,0,0,0,0,0,0,NONE,,RPM:486bd1410c47e4fc TPS:486bd1411114ea ADV:486bd1410eecbf MIL:486bd1410100000000c6
1789379889.9873,734.451,4621.0,73.5,7.84,0.00,54.00,2.40,38.0,47.8,5.50,14.10,0.000,77.0,40.0,1,0,0,0,0,0,0,NONE,,RPM:486bd1410c48344d TPS:486bd1411114ea ADV:486bd1410eecbf MIL:486bd1410100000000c6
1789379890.2588,734.723,4635.0,51.6,7.84,0.00,53.50,2.40,20.8,47.8,3.95,14.10,0.000,77.0,40.0,1,0,0,0,0,0,0,NONE,,RPM:486bd1410c486c85 TPS:486bd1411114ea ADV:486bd1410eebbe MIL:486bd1410100000000c6
1789379890.5769,735.041,4637.0,6.3,7.84,0.00,53.00,2.40,20.8,47.8,3.95,14.10,0.000,77.0,40.0,1,0,0,0,0,0,0,NONE,,RPM:486bd1410c48748d TPS:486bd1411114ea ADV:486bd1410eeabd MIL:486bd1410100000000c6
1789379890.8487,735.313,4629.0,-29.4,7.84,0.00,53.50,2.40,20.8,47.8,3.95,14.10,0.000,77.0,40.0,1,0,0,0,0,0,0,NONE,,RPM:486bd1410c48546d TPS:486bd1411114ea ADV:486bd1410eebbe MIL:486bd1410100000000c6
1789379891.3550,735.819,4618.0,-21.7,7.84,0.00,55.00,2.40,20.8,47.8,3.95,14.10,0.000,77.0,40.0,1,0,0,0,0,0,0,NONE,,RPM:486bd1410c482841 TPS:486bd1411114ea ADV:486bd1410eeec1 MIL:486bd1410100000000c6
1789379891.6339,736.098,4610.0,-28.7,7.84,0.00,54.00,2.40,20.8,47.8,3.95,14.10,0.000,77.0,40.0,1,0,0,0,0,0,0,NONE,,RPM:486bd1410c480821 TPS:486bd1411114ea ADV:486bd1410eecbf MIL:486bd1410100000000c6
1789379891.9369,736.401,4614.0,13.2,7.45,-1.29,54.00,2.40,20.8,47.6,3.95,14.10,0.000,77.0,40.0,1,0,0,0,0,0,0,NONE,,RPM:486bd1410c481831 TPS:486bd1411113e9 ADV:486bd1410eecbf MIL:486bd1410100000000c6
1789379892.2199,736.684,4618.0,14.1,7.45,0.00,56.00,2.40,20.8,47.6,3.95,14.10,0.000,77.0,40.0,1,0,0,0,0,0,0,NONE,,RPM:486bd1410c482841 TPS:486bd1411113e9 ADV:486bd1410ef0c3 MIL:486bd1410100000000c6
1789379892.6621,737.126,4631.0,29.4,7.45,0.00,55.50,2.40,20.8,47.6,3.95,14.10,0.000,77.0,40.0,1,0,0,0,0,0,0,NONE,,RPM:486bd1410c485c75 TPS:486bd1411113e9 ADV:486bd1410eefc2 MIL:486bd1410100000000c6
1789379892.9768,737.441,4610.0,-66.7,7.45,0.00,56.50,2.40,20.8,47.6,3.95,14.10,0.000,77.0,40.0,1,0,0,0,0,0,0,NONE,,RPM:486bd1410c480821 TPS:486bd1411113e9 ADV:486bd1410ef1c4 MIL:486bd1410100000000c6
1789379893.4093,737.873,4605.0,-11.6,19.61,28.11,30.00,2.40,20.8,54.7,3.95,14.10,0.000,77.0,40.0,1,0,0,0,0,0,0,NONE,,RPM:486bd1410c47f40c TPS:486bd141113208 ADV:486bd1410ebc8f MIL:486bd1410100000000c6
1789379893.6825,738.146,4761.0,571.0,30.20,38.76,25.00,2.40,20.8,60.8,3.95,14.10,0.000,77.0,40.0,1,0,0,0,0,0,0,NONE,,RPM:486bd1410c4a647f TPS:486bd141114d23 ADV:486bd1410eb285 MIL:486bd1410100000000c6
1789379893.9503,738.414,4932.0,638.5,3.53,-99.57,60.00,2.40,20.8,45.3,3.95,14.10,0.000,77.0,40.0,1,0,0,0,0,0,0,NONE,,RPM:486bd1410c4d102e TPS:486bd1411109df ADV:486bd1410ef8cb MIL:486bd1410100000000c6
1789379894.2536,738.717,4770.0,-534.1,3.53,0.00,60.00,2.40,9.4,45.3,2.92,14.10,0.000,77.0,40.0,1,0,0,0,0,0,0,NONE,,RPM:486bd1410c4a88a3 TPS:486bd1411109df ADV:486bd1410ef8cb MIL:486bd1410100000000c6
1789379894.5258,738.990,4602.0,-617.3,3.53,0.00,60.00,2.40,9.4,45.3,2.92,14.10,0.000,77.0,40.0,1,0,0,0,0,0,0,NONE,,RPM:486bd1410c47e800 TPS:486bd1411109df ADV:486bd1410ef8cb MIL:486bd1410100000000c6
1789379894.8163,739.280,4405.0,-678.1,3.53,0.00,60.00,2.40,9.4,45.3,2.92,14.10,0.000,77.0,40.0,1,0,0,0,0,0,0,NONE,,RPM:486bd1410c44d4e9 TPS:486bd1411109df ADV:486bd1410ef8cb MIL:486bd1410100000000c6
1789379895.2553,739.719,4046.0,-817.7,3.53,0.00,59.00,2.40,9.4,45.3,2.92,14.10,0.000,77.0,40.0,1,0,0,0,0,0,0,NONE,,RPM:486bd1410c3f3848 TPS:486bd1411109df ADV:486bd1410ef6c9 MIL:486bd1410100000000c6
1789379895.5659,740.030,3836.0,-676.0,3.53,0.00,57.50,2.40,9.4,45.3,2.92,14.10,0.000,77.0,40.0,1,0,0,0,0,0,0,NONE,,RPM:486bd1410c3bf0fc TPS:486bd1411109df ADV:486bd1410ef3c6 MIL:486bd1410100000000c6
1789379895.8358,740.300,3764.0,-266.8,7.45,14.53,17.50,2.40,9.4,47.6,2.92,14.10,0.000,77.0,40.0,1,0,0,0,0,0,0,NONE,,RPM:486bd1410c3ad0db TPS:486bd1411113e9 ADV:486bd1410ea376 MIL:486bd1410100000000c6
1789379896.1082,740.572,3882.0,433.2,9.41,7.20,15.50,2.40,9.4,48.8,2.92,14.10,0.000,77.0,40.0,1,0,0,0,0,0,0,NONE,,RPM:486bd1410c3ca8b5 TPS:486bd1411118ee ADV:486bd1410e9f72 MIL:486bd1410100000000c6
1789379896.5455,741.009,3914.0,73.2,12.55,7.17,21.50,2.40,9.4,50.6,2.92,14.10,0.000,77.0,40.0,1,0,0,0,0,0,0,NONE,,RPM:486bd1410c3d2836 TPS:486bd1411120f6 ADV:486bd1410eab7e MIL:486bd1410100000000c6
1789379896.8440,741.308,4067.0,512.6,12.55,0.00,26.50,2.40,9.4,50.6,2.92,14.10,0.000,77.0,40.0,1,0,0,0,0,0,0,NONE,,RPM:486bd1410c3f8c9c TPS:486bd1411120f6 ADV:486bd1410eb588 MIL:486bd1410100000000c6
1789379897.3064,741.770,4218.0,326.6,9.80,-5.94,35.00,2.40,9.4,49.0,2.92,14.10,0.000,77.0,40.0,1,0,0,0,0,0,0,NONE,,RPM:486bd1410c41e8fa TPS:486bd1411119ef ADV:486bd1410ec699 MIL:
1789379897.7659,742.230,4297.0,171.9,9.02,-1.71,42.50,2.40,9.4,48.5,2.92,14.10,0.000,77.0,40.0,1,0,0,0,0,0,0,NONE,,RPM:486bd1410c432438 TPS:486bd1411117ed ADV:486bd1410ed5a8 MIL:
1789379898.0422,742.506,4369.0,260.6,9.02,0.00,40.50,2.40,9.4,48.5,2.92,14.10,0.000,77.0,40.0,1,0,0,0,0,0,0,NONE,,RPM:486bd1410c444459 TPS:486bd1411117ed ADV:486bd1410ed1a4 MIL:486bd1410100000000c6
1789379898.3291,742.793,4554.0,644.9,20.00,38.28,38.00,2.40,47.1,54.9,6.31,14.10,0.000,77.0,40.0,1,0,0,0,0,0,0,NONE,,RPM:486bd1410c472840 TPS:486bd141113309 ADV:486bd1410ecc9f MIL:486bd1410100000000c6
1789379898.6014,743.065,4742.0,690.5,21.57,5.76,36.00,2.40,47.1,55.8,6.31,14.10,0.000,77.0,40.0,1,0,0,0,0,0,0,NONE,,RPM:486bd1410c4a1833 TPS:486bd14111370d ADV:486bd1410ec89b MIL:486bd1410100000000c6
1789379898.8869,743.351,5039.0,1040.0,27.45,20.60,31.00,2.40,47.1,59.2,6.31,14.10,0.000,77.0,40.0,1,0,0,0,0,0,0,NONE,,RPM:486bd1410c4ebcdb TPS:486bd14111461c ADV:486bd1410ebe91 MIL:486bd1410100000000c6
1789379899.3499,743.814,5591.0,1192.2,44.71,37.27,28.50,2.40,47.1,69.2,6.31,14.10,0.000,77.0,40.0,1,0,0,0,0,0,0,NONE,,RPM:486bd1410c575c84 TPS:486bd141117248 ADV:486bd1410eb98c MIL:486bd1410100000000c6
1789379899.6708,744.135,5224.0,-1143.7,7.45,-116.10,25.50,2.40,47.1,47.6,6.31,14.10,0.000,77.0,40.0,1,0,0,0,0,0,0,NONE,,RPM:486bd1410c51a0c2 TPS:486bd1411113e9 ADV:486bd1410eb386 MIL:486bd1410100000000c6
1789379899.9430,744.407,4490.0,-2696.6,31.37,87.88,20.00,2.40,47.1,61.5,6.31,14.10,0.000,77.0,40.0,1,0,0,0,0,0,0,NONE,,RPM:486bd1410c46283f TPS:486bd141115026 ADV:486bd1410ea87b MIL:486bd1410100000000c6
1789379900.2251,744.689,4774.0,1006.9,41.18,34.76,28.00,2.40,47.1,67.2,6.31,14.10,0.000,77.0,40.0,1,0,0,0,0,0,0,NONE,,RPM:486bd1410c4a98b3 TPS:486bd14111693f ADV:486bd1410eb88b MIL:486bd1410100000000c6
1789379900.7083,745.172,4774.0,0.0,3.53,-77.90,60.00,2.40,47.1,45.3,6.31,14.10,0.000,77.0,40.0,1,0,0,0,0,0,0,NONE,,RPM: TPS:486bd1411109df ADV:486bd1410ef8cb MIL:486bd1410100000000c6
1789379901.1526,745.617,4519.0,-573.9,12.16,19.42,24.00,2.40,47.1,50.4,6.31,14.10,0.000,77.0,40.0,1,0,0,0,0,0,0,NONE,,RPM:486bd1410c469cb3 TPS:486bd141111ff5 ADV:486bd1410eb083 MIL:486bd1410100000000c6
1789379901.6222,746.086,4742.0,474.9,36.47,51.78,24.00,2.40,47.1,64.5,6.31,14.10,0.000,77.0,40.0,1,0,0,0,0,0,0,NONE,,RPM:486bd1410c4a1833 TPS:486bd141115d33 ADV:486bd1410eb083 MIL:486bd1410100000000c6
1789379902.3234,746.787,5248.0,721.6,44.71,11.74,28.50,2.40,47.1,69.2,6.29,14.10,0.000,78.0,40.0,1,0,0,0,0,0,0,NONE,,RPM:486bd1410c520023 TPS:486bd141117248 ADV:486bd1410eb98c MIL:486bd1410100000000c6
1789379902.5982,747.062,5492.0,887.8,56.86,44.23,28.00,2.40,47.1,76.3,6.29,14.10,0.000,78.0,40.0,1,0,0,0,0,0,0,NONE,,RPM:486bd1410c55d0f6 TPS:486bd141119167 ADV:486bd1410eb88b MIL:486bd1410100000000c6
1789379902.9077,747.372,5997.0,1631.5,3.53,-172.31,33.50,2.40,63.5,45.3,7.77,14.10,0.000,78.0,40.0,1,0,0,0,0,0,0,NONE,,RPM:486bd1410c5db4e2 TPS:486bd1411109df ADV:486bd1410ec396 MIL:486bd1410100000000c6
1789379903.1887,747.653,4581.0,-5038.8,41.57,135.36,18.50,2.40,63.5,67.4,7.77,14.10,0.000,78.0,40.0,1,0,0,0,0,0,0,NONE,,RPM:486bd1410c4794ac TPS:486bd141116a40 ADV:486bd1410ea578 MIL:486bd1410100000000c6
1789379903.5087,747.973,4705.0,387.5,69.80,88.24,22.50,2.40,63.5,83.8,7.77,14.10,0.000,78.0,40.0,1,0,0,0,0,0,0,NONE,,RPM:486bd1410c49849e TPS:486bd14111b288 ADV:486bd1410ead80 MIL:486bd1410100000000c6
1789379903.9768,748.441,4926.0,472.1,60.00,-20.95,25.50,2.40,63.5,78.1,7.77,14.10,0.000,78.0,40.0,1,0,0,0,0,0,0,NONE,,RPM:486bd1410c4cf815 TPS:486bd14111996f ADV:486bd1410eb386 MIL:486bd1410100000000c6
1789379904.2588,748.723,5118.0,680.8,30.59,-104.29,45.50,2.40,63.5,61.0,7.77,14.10,0.000,78.0,38.0,1,0,0,0,0,0,0,NONE,,RPM:486bd1410c4ff818 TPS:486bd141114e24 ADV:486bd1410edbae MIL:486bd1410100000000c6
1789379904.5612,749.025,4908.0,-694.6,3.53,-89.50,60.00,2.40,63.5,45.3,7.77,14.10,0.000,78.0,38.0,1,0,0,0,0,0,0,NONE,,RPM:486bd1410c4cb0cd TPS:486bd1411109df ADV:486bd1410ef8cb MIL:486bd1410100000000c6
1789379904.8348,749.299,4874.0,-124.3,3.53,0.00,33.44,2.40,63.5,45.3,7.77,14.10,0.000,78.0,38.0,1,0,0,0,0,0,0,NONE,,RPM:486bd1410c4c2845 TPS:486bd1411109df ADV: MIL:486bd1410100000000c6
1789379905.4866,749.950,4780.0,-144.2,27.45,36.70,23.00,2.40,63.5,59.2,7.77,14.10,0.000,78.0,38.0,1,0,0,0,0,0,0,NONE,,RPM:486bd1410c4ab0cb TPS:486bd14111461c ADV:486bd1410eae81 MIL:486bd1410100000000c6
1789379905.7673,750.231,4964.0,655.5,59.61,114.55,25.00,2.40,63.5,77.9,7.77,14.10,0.000,78.0,38.0,1,0,0,0,0,0,0,NONE,,RPM:486bd1410c4d90ae TPS:486bd14111986e ADV:486bd1410eb285 MIL:486bd1410100000000c6
1789379906.2744,750.738,5086.0,240.6,59.61,0.00,27.50,2.40,63.5,77.9,7.77,14.10,0.000,78.0,38.0,1,0,0,0,0,0,0,NONE,,RPM:486bd1410c4f7898 TPS: ADV:486bd1410eb78a MIL:486bd1410100000000c6
1789379906.7064,751.170,5329.0,562.5,11.76,-110.74,60.00,2.40,63.5,50.1,7.77,14.10,0.000,78.0,38.0,1,0,0,0,0,0,0,NONE,,RPM:486bd1410c534468 TPS:486bd141111ef4 ADV:486bd1410ef8cb MIL:486bd1410100000000c6
1789379907.0404,751.504,5110.0,-655.8,3.53,-24.66,60.00,2.40,63.5,45.3,7.77,14.10,0.000,78.0,38.0,1,0,0,0,0,0,0,NONE,,RPM:486bd1410c4fd8f8 TPS:486bd1411109df ADV:486bd1410ef8cb MIL:486bd1410100000000c6
1789379907.3115,751.775,4999.0,-409.4,3.53,0.00,60.00,2.40,9.4,45.3,2.90,14.10,0.000,78.0,38.0,1,0,0,0,0,0,0,NONE,,RPM:486bd1410c4e1c3b TPS:486bd1411109df ADV:486bd1410ef8cb MIL:486bd1410100000000c6
1789379907.5842,752.048,4919.0,-293.4,3.53,0.00,60.00,2.40,9.4,45.3,2.90,14.10,0.000,78.0,38.0,1,0,0,0,0,0,0,NONE,,RPM:486bd1410c4cdcf9 TPS:486bd1411109df ADV:486bd1410ef8cb MIL:486bd1410100000000c6
1789379907.8546,752.318,4820.0,-366.1,3.53,0.00,60.00,2.40,9.4,45.3,2.90,14.10,0.000,78.0,38.0,1,0,0,0,0,0,0,NONE,,RPM:486bd1410c4b506c TPS:486bd1411109df ADV:486bd1410ef8cb MIL:486bd1410100000000c6
1789379908.2996,752.763,4671.0,-334.8,3.53,0.00,60.00,2.40,9.4,45.3,2.90,14.10,0.000,78.0,38.0,1,0,0,0,0,0,0,NONE,,RPM:486bd1410c48fc15 TPS:486bd1411109df ADV:486bd1410ef8cb MIL:486bd1410100000000c6
1789379908.6249,753.089,4520.0,-464.2,3.53,0.00,60.00,2.40,9.4,45.3,2.90,14.10,0.000,78.0,39.0,1,0,0,0,0,0,0,NONE,,RPM:486bd1410c46a0b7 TPS:486bd1411109df ADV:486bd1410ef8cb MIL:486bd1410100000000c6
1789379908.8944,753.358,4401.0,-441.5,3.53,0.00,60.00,2.40,9.4,45.3,2.90,14.10,0.000,78.0,39.0,1,0,0,0,0,0,0,NONE,,RPM:486bd1410c44c4d9 TPS:486bd1411109df ADV:486bd1410ef8cb MIL:486bd1410100000000c6
1789379909.2140,753.678,4198.0,-635.2,3.53,0.00,58.00,2.40,9.4,45.3,2.90,14.10,0.000,78.0,39.0,1,0,0,0,0,0,0,NONE,,RPM:486bd1410c4198aa TPS:486bd1411109df ADV:486bd1410ef4c7 MIL:486bd1410100000000c6
1789379909.6925,754.156,3658.0,-1128.4,3.53,0.00,60.00,2.40,9.4,45.3,2.90,14.10,0.000,78.0,39.0,1,0,0,0,0,0,0,NONE,,RPM:486bd1410c392832 TPS:486bd1411109df ADV:486bd1410ef8cb MIL:486bd1410100000000c6
1789379909.9652,754.429,4878.0,4473.2,3.53,0.00,60.00,2.40,9.4,45.3,2.90,14.10,0.000,78.0,39.0,1,0,0,0,0,0,0,NONE,,RPM:486bd1410c4c3855 TPS:486bd1411109df ADV:486bd1410ef8cb MIL:486bd1410100000000c6
1789379910.4057,754.870,4915.0,84.0,22.35,42.74,29.00,2.40,9.4,56.3,2.90,14.10,0.000,78.0,39.0,1,0,0,0,0,0,0,NONE,,RPM:486bd1410c4ccce9 TPS:486bd14111390f ADV:486bd1410eba8d MIL:486bd1410100000000c6
1789379910.7010,755.165,5013.0,331.8,30.20,26.56,27.50,2.40,9.4,60.8,2.92,14.10,0.000,77.0,39.0,1,0,0,0,0,0,0,NONE,,RPM:486bd1410c4e5473 TPS:486bd141114d23 ADV:486bd1410eb78a MIL:486bd1410100000000c6
1789379911.0154,755.479,5208.0,620.3,28.24,-6.24,30.00,2.40,9.4,59.7,2.92,14.10,0.000,77.0,39.0,1,0,0,0,0,0,0,NONE,,RPM:486bd1410c516082 TPS:486bd14111481e ADV:486bd1410ebc8f MIL:486bd1410100000000c6
1789379911.2916,755.755,5302.0,340.3,34.12,21.29,28.50,2.40,66.7,63.1,8.08,14.10,0.000,77.0,39.0,1,0,0,0,0,0,0,NONE,,RPM:486bd1410c52d8fb TPS:486bd14111572d ADV:486bd1410eb98c MIL:486bd1410100000000c6
1789379911.5964,756.060,5605.0,994.3,46.27,39.89,29.00,2.40,66.7,70.1,8.08,14.10,0.000,77.0,39.0,1,0,0,0,0,0,0,NONE,,RPM:486bd1410c5794bc TPS:486bd14111764c ADV:486bd1410eba8d MIL:486bd1410100000000c6
1789379911.8677,756.332,5794.0,696.5,52.16,21.68,28.00,2.40,66.7,73.6,8.08,14.10,0.000,77.0,39.0,1,0,0,0,0,0,0,NONE,,RPM:486bd1410c5a88b3 TPS:486bd14111855b ADV:486bd1410eb88b MIL:486bd1410100000000c6
1789379912.3223,756.786,6180.0,849.1,52.16,0.00,35.00,2.40,66.7,73.6,8.08,14.10,0.000,77.0,39.0,1,0,0,0,0,0,0,NONE,,RPM:486bd1410c6090c1 TPS:486bd14111855b ADV:486bd1410ec699 MIL:486bd1410100000000c6
1789379912.5862,757.050,5355.0,-3125.9,39.22,-49.03,23.00,2.40,66.7,66.0,8.08,14.10,0.000,77.0,38.0,1,0,0,0,0,0,0,NONE,,RPM:486bd1410c53acd0 TPS:486bd14111643a ADV:486bd1410eae81 MIL:486bd1410100000000c6
1789379912.8583,757.322,5073.0,-1036.4,57.65,67.74,27.50,2.40,66.7,76.7,8.08,14.10,0.000,77.0,38.0,1,0,0,0,0,0,0,NONE,,RPM:486bd1410c4f4464 TPS:486bd141119369 ADV:486bd1410eb78a MIL:486bd1410100000000c6
1789379913.1623,757.626,5233.0,526.4,62.35,15.48,36.00,2.40,66.7,79.5,8.08,14.10,0.000,77.0,38.0,1,0,0,0,0,0,0,NONE,,RPM:486bd1410c51c4e6 TPS:486bd141119f75 ADV: MIL:486bd1410100000000c6
1789379913.7604,758.224,5133.0,-167.2,3.53,-98.35,60.00,2.40,66.7,45.3,8.08,14.10,0.000,77.0,38.0,1,0,0,0,0,0,0,NONE,,RPM:486bd1410c503455 TPS:486bd1411109df ADV:486bd1410ef8cb MIL:486bd1410100000000c6
1789379914.0854,758.549,4995.0,-424.6,3.53,0.00,60.00,2.40,66.7,45.3,8.08,14.10,0.000,77.0,38.0,1,0,0,0,0,0,0,NONE,,RPM:486bd1410c4e0c2b TPS:486bd1411109df ADV:486bd1410ef8cb MIL:486bd1410100000000c6
1789379914.5333,758.997,4821.0,-388.5,3.53,0.00,60.00,2.40,66.7,45.3,8.08,14.10,0.000,77.0,38.0,1,0,0,0,0,0,0,NONE,,RPM:486bd1410c4b5470 TPS:486bd1411109df ADV:486bd1410ef8cb MIL:486bd1410100000000c6
1789379914.8565,759.320,4742.0,-244.4,3.53,0.00,60.00,2.40,66.7,45.3,8.08,14.10,0.000,77.0,38.0,1,0,0,0,0,0,0,NONE,,RPM:486bd1410c4a1833 TPS:486bd1411109df ADV:486bd1410ef8cb MIL:486bd1410100000000c6
1789379915.1450,759.609,4663.0,-273.9,6.27,9.52,32.29,2.40,66.7,46.9,8.08,14.10,0.000,77.0,38.0,1,0,0,0,0,0,0,NONE,,RPM:486bd1410c48dcf5 TPS:486bd1411110e6 ADV: MIL:486bd1410100000000c6
1789379915.6511,760.115,4639.0,-47.4,7.06,1.55,54.00,2.40,18.8,47.4,3.77,14.10,0.000,77.0,38.0,1,0,0,0,0,0,0,NONE,,RPM:486bd1410c487c95 TPS:486bd1411112e8 ADV:486bd1410eecbf MIL:486bd1410100000000c6
1789379915.9436,760.407,4607.0,-109.4,7.84,2.68,30.50,2.40,18.8,47.8,3.77,14.10,0.000,77.0,38.0,1,0,0,0,0,0,0,NONE,,RPM:486bd1410c47fc14 TPS:486bd1411114ea ADV:486bd1410ebd90 MIL:486bd1410100000000c6
1789379916.2147,760.679,4621.0,51.6,11.37,13.02,29.00,2.40,18.8,49.9,3.77,14.10,0.000,77.0,38.0,1,0,0,0,0,0,0,NONE,,RPM:486bd1410c48344d TPS:486bd141111df3 ADV:486bd1410eba8d MIL:486bd1410100000000c6
1789379916.7068,761.171,4736.0,233.7,23.92,25.50,27.50,2.40,18.8,57.2,3.77,14.10,0.000,77.0,38.0,1,0,0,0,0,0,0,NONE,,RPM:486bd1410c4a001b TPS:486bd141113d13 ADV:486bd1410eb78a MIL:486bd1410100000000c6
1789379917.0157,761.480,4778.0,135.9,32.55,27.92,23.00,2.40,18.8,62.2,3.77,14.10,0.000,77.0,38.0,1,0,0,0,0,0,0,NONE,,RPM:486bd1410c4aa8c3 TPS:486bd141115329 ADV:486bd1410eae81 MIL:486bd1410100000000c6
1789379917.2851,761.749,4878.0,371.3,43.92,42.23,25.50,2.40,18.8,68.8,3.77,14.10,0.000,77.0,38.0,1,0,0,0,0,0,0,NONE,,RPM:486bd1410c4c3855 TPS:486bd141117046 ADV:486bd1410eb386 MIL:486bd1410100000000c6
1789379917.5689,762.033,4878.0,0.0,53.73,34.54,26.50,2.40,18.8,74.5,3.77,14.10,0.000,77.0,38.0,1,0,0,0,0,0,0,NONE,,RPM: TPS:486bd14111895f ADV:486bd1410eb588 MIL:486bd1410100000000c6
1789379918.1854,762.649,5275.0,643.9,70.98,27.99,27.50,2.40,18.8,84.5,3.77,14.10,0.000,77.0,38.0,1,0,0,0,0,0,0,NONE,,RPM:486bd1410c526c8f TPS:486bd14111b58b ADV:486bd1410eb78a MIL:486bd1410100000000c6
1789379918.4881,762.952,5404.0,426.2,72.16,3.89,26.50,2.40,18.8,85.2,3.77,14.10,0.000,77.0,38.0,1,0,0,0,0,0,0,NONE,,RPM:486bd1410c547095 TPS:486bd14111b88e ADV:486bd1410eb588 MIL:486bd1410100000000c6
1789379918.9274,763.391,5317.0,-198.0,3.53,-156.22,60.00,2.40,18.8,45.3,3.77,14.10,0.000,77.0,38.0,1,0,0,0,0,0,0,NONE,,RPM:486bd1410c531438 TPS:486bd1411109df ADV:486bd1410ef8cb MIL:486bd1410100000000c6
1789379919.2423,763.706,5339.0,69.8,3.53,0.00,60.00,2.40,18.8,45.3,3.77,14.10,0.000,77.0,38.0,1,0,0,0,0,0,0,NONE,,RPM:486bd1410c536c90 TPS:486bd1411109df ADV:486bd1410ef8cb MIL:486bd1410100000000c6
1789379919.5070,763.971,5205.0,-506.3,3.53,0.00,60.00,2.40,18.8,45.3,3.77,14.10,0.000,77.0,38.0,1,0,0,0,0,0,0,NONE,,RPM:486bd1410c515476 TPS:486bd1411109df ADV:486bd1410ef8cb MIL:486bd1410100000000c6
1789379919.7792,764.243,5122.0,-305.0,3.53,0.00,60.00,2.40,9.4,45.3,2.92,14.10,0.000,77.0,38.0,1,0,0,0,0,0,0,NONE,,RPM:486bd1410c500829 TPS:486bd1411109df ADV:486bd1410ef8cb MIL:486bd1410100000000c6
1789379920.0670,764.531,4947.0,-607.9,3.53,0.00,60.00,2.40,9.4,45.3,2.92,14.10,0.000,77.0,38.0,1,0,0,0,0,0,0,NONE,,RPM:486bd1410c4d4c6a TPS:486bd1411109df ADV:486bd1410ef8cb MIL:486bd1410100000000c6
1789379920.3380,764.802,4855.0,-339.5,3.53,0.00,60.00,2.40,9.4,45.3,2.92,14.10,0.000,77.0,38.0,1,0,0,0,0,0,0,NONE,,RPM:486bd1410c4bdcf8 TPS:486bd1411109df ADV:486bd1410ef8cb MIL:486bd1410100000000c6
1789379920.7724,765.236,4641.0,-492.6,3.53,0.00,60.00,2.40,9.4,45.3,2.92,14.10,0.000,77.0,38.0,1,0,0,0,0,0,0,NONE,,RPM:486bd1410c48849d TPS:486bd1411109df ADV:486bd1410ef8cb MIL:486bd1410100000000c6
1789379921.1572,765.621,4457.0,-478.2,3.53,0.00,60.00,2.40,9.4,45.3,2.92,14.10,0.000,77.0,38.0,1,0,0,0,0,0,0,NONE,,RPM:486bd1410c45a4ba TPS:486bd1411109df ADV:486bd1410ef8cb MIL:486bd1410100000000c6
1789379921.4314,765.895,4370.0,-317.2,3.53,0.00,60.00,2.40,9.4,45.3,2.92,14.10,0.000,77.0,38.0,1,0,0,0,0,0,0,NONE,,RPM:486bd1410c44485d TPS:486bd1411109df ADV:486bd1410ef8cb MIL:486bd1410100000000c6
1789379921.7194,766.183,4263.0,-371.6,3.53,0.00,60.00,2.40,9.4,45.3,2.92,14.10,0.000,77.0,38.0,1,0,0,0,0,0,0,NONE,,RPM:486bd1410c429caf TPS:486bd1411109df ADV:486bd1410ef8cb MIL:486bd1410100000000c6
1789379922.1436,766.607,4045.0,-513.9,3.53,0.00,60.00,2.40,9.4,45.3,2.92,14.10,0.000,77.0,38.0,1,0,0,0,0,0,0,NONE,,RPM:486bd1410c3f3444 TPS:486bd1411109df ADV:486bd1410ef8cb MIL:486bd1410100000000c6
1789379922.4390,766.903,3949.0,-324.9,3.53,0.00,58.50,2.40,9.4,45.3,2.92,14.10,0.000,77.0,38.0,1,0,0,0,0,0,0,NONE,,RPM:486bd1410c3db4c2 TPS:486bd1411109df ADV:486bd1410ef5c8 MIL:486bd1410100000000c6
1789379922.8758,767.340,3192.0,-1733.0,3.53,0.00,54.00,2.40,9.4,45.3,2.92,14.10,0.000,77.0,38.0,1,0,0,0,0,0,0,NONE,,RPM:486bd1410c31e0e2 TPS:486bd1411109df ADV:486bd1410eecbf MIL:486bd1410100000000c6
1789379923.1407,767.605,4128.0,3534.0,3.53,0.00,60.00,2.40,9.4,45.3,2.95,14.10,0.000,76.0,38.0,1,0,0,0,0,0,0,NONE,,RPM:486bd1410c408091 TPS:486bd1411109df ADV:486bd1410ef8cb MIL:486bd1410100000000c6
1789379923.4300,767.894,4429.0,1040.4,3.53,0.00,60.00,2.40,9.4,45.3,2.95,14.10,0.000,76.0,38.0,1,0,0,0,0,0,0,NONE,,RPM:486bd1410c45344a TPS:486bd1411109df ADV:486bd1410ef8cb MIL:486bd1410100000000c6
1789379923.7126,768.177,4287.0,-502.4,3.53,0.00,60.00,2.40,10.2,45.3,3.02,14.10,0.000,76.0,38.0,1,0,0,0,0,0,0,NONE,,RPM:486bd1410c42fc0f TPS:486bd1411109df ADV:486bd1410ef8cb MIL:486bd1410100000000c6
1789379924.0124,768.476,4138.0,-497.0,3.53,0.00,60.00,2.40,10.2,45.3,3.02,14.10,0.000,76.0,38.0,1,0,0,0,0,0,0,NONE,,RPM:486bd1410c40a8b9 TPS:486bd1411109df ADV:486bd1410ef8cb MIL:486bd1410100000000c6
1789379924.2815,768.745,3958.0,-669.1,3.53,0.00,56.50,2.40,10.2,45.3,3.02,14.10,0.000,76.0,38.0,1,0,0,0,0,0,0,NONE,,RPM:486bd1410c3dd8e6 TPS:486bd1411109df ADV:486bd1410ef1c4 MIL:486bd1410100000000c6
1789379924.7017,769.166,3149.0,-1925.2,3.53,0.00,51.00,2.40,10.2,45.3,3.02,14.10,0.000,76.0,38.0,1,0,0,0,0,0,0,NONE,,RPM:486bd1410c313436 TPS:486bd1411109df ADV:486bd1410ee6b9 MIL:486bd1410100000000c6
1789379924.9939,769.458,3828.0,2323.8,3.53,0.00,60.00,2.40,10.2,45.3,3.02,14.10,0.000,76.0,39.0,1,0,0,0,0,0,0,NONE,,RPM:486bd1410c3bd0dc TPS:486bd1411109df ADV:486bd1410ef8cb MIL:486bd1410100000000c6
1789379925.2852,769.749,4444.0,2114.3,3.53,0.00,60.00,2.40,10.2,45.3,3.02,14.10,0.000,76.0,39.0,1,0,0,0,0,0,0,NONE,,RPM:486bd1410c457086 TPS:486bd1411109df ADV:486bd1410ef8cb MIL:486bd1410100000000c6
1789379925.5577,770.022,4331.0,-414.6,6.67,11.51,39.00,2.40,10.2,47.2,3.02,14.10,0.000,76.0,39.0,1,0,0,0,0,0,0,NONE,,RPM:486bd1410c43acc0 TPS:486bd1411111e7 ADV:486bd1410ecea1 MIL:486bd1410100000000c6
1789379926.0537,770.518,4364.0,66.5,14.51,15.81,28.00,2.40,10.2,51.7,3.02,14.10,0.000,76.0,39.0,1,0,0,0,0,0,0,NONE,,RPM:486bd1410c443045 TPS:486bd1411125fb ADV:486bd1410eb88b MIL:486bd1410100000000c6
1789379926.3242,770.788,4470.0,391.9,21.96,27.55,26.00,2.40,10.2,56.0,3.02,14.10,0.000,76.0,39.0,1,0,0,0,0,0,0,NONE,,RPM:486bd1410c45d8ee TPS:486bd14111380e ADV:486bd1410eb487 MIL:486bd1410100000000c6
1789379926.8244,771.288,4839.0,737.7,24.31,4.70,29.00,2.40,10.2,57.4,3.02,14.10,0.000,76.0,39.0,1,0,0,0,0,0,0,NONE,,RPM:486bd1410c4b9cb8 TPS:486bd141113e14 ADV:486bd1410eba8d MIL:486bd1410100000000c6
1789379927.0983,771.562,4923.0,306.7,13.73,-38.66,31.00,2.40,10.2,51.3,3.02,14.10,0.000,76.0,39.0,1,0,0,0,0,0,0,NONE,,RPM:486bd1410c4cec09 TPS:486bd1411123f9 ADV:486bd1410ebe91 MIL:486bd1410100000000c6
1789379927.4116,771.875,4437.0,-1551.3,3.53,-32.55,60.00,2.40,10.2,45.3,3.02,14.10,0.000,76.0,39.0,1,0,0,0,0,0,0,NONE,,RPM:486bd1410c45546a TPS:486bd1411109df ADV:486bd1410ef8cb MIL:486bd1410100000000c6
1789379927.6867,772.151,3776.0,-2402.8,5.10,5.70,32.50,2.40,27.1,46.3,4.54,14.10,0.000,76.0,39.0,1,0,0,0,0,0,0,NONE,,RPM:486bd1410c3b000c TPS:486bd141110de3 ADV:486bd1410ec194 MIL:486bd1410100000000c6
1789379927.9814,772.445,3777.0,3.4,10.20,17.29,16.50,2.40,27.1,49.2,4.54,14.10,0.000,76.0,39.0,1,0,0,0,0,0,0,NONE,,RPM:486bd1410c3b0410 TPS:486bd141111af0 ADV:486bd1410ea174 MIL:486bd1410100000000c6
1789379928.2610,772.725,3728.0,-175.3,10.98,2.81,19.00,2.40,27.1,49.7,4.54,14.10,0.000,76.0,39.0,1,0,0,0,0,0,0,NONE,,RPM:486bd1410c3a404b TPS:486bd141111cf2 ADV:486bd1410ea679 MIL:486bd1410100000000c6
1789379928.6847,773.149,3773.0,106.2,10.98,0.00,23.50,2.40,27.1,49.7,4.54,14.10,0.000,76.0,39.0,1,0,0,0,0,0,0,NONE,,RPM:486bd1410c3af4ff TPS:486bd141111cf2 ADV:486bd1410eaf82 MIL:486bd1410100000000c6
1789379928.9614,773.425,3800.0,97.6,10.98,0.00,26.50,2.40,27.1,49.7,4.54,14.10,0.000,76.0,38.0,1,0,0,0,0,0,0,NONE,,RPM:486bd1410c3b606c TPS:486bd141111cf2 ADV:486bd1410eb588 MIL:486bd1410100000000c6
1789379929.2338,773.698,3844.0,161.6,10.98,0.00,28.50,2.40,27.1,49.7,4.54,14.10,0.000,76.0,38.0,1,0,0,0,0,0,0,NONE,,RPM:486bd1410c3c101d TPS:486bd141111cf2 ADV:486bd1410eb98c MIL:486bd1410100000000c6
1789379929.5475,774.011,3899.0,175.3,18.43,23.75,30.50,2.40,27.1,54.0,4.54,14.10,0.000,76.0,38.0,1,0,0,0,0,0,0,NONE,,RPM:486bd1410c3cecf9 TPS:486bd141112f05 ADV:486bd1410ebd90 MIL:486bd1410100000000c6
1789379929.9847,774.449,4175.0,631.2,35.69,39.46,21.00,2.40,27.1,64.0,4.54,14.10,0.000,76.0,38.0,1,0,0,0,0,0,0,NONE,,RPM:486bd1410c413c4e TPS:486bd141115b31 ADV:486bd1410eaa7d MIL:486bd1410100000000c6
1789379930.2566,774.720,4416.0,886.6,41.18,20.20,20.50,2.40,27.1,67.2,4.54,14.10,0.000,76.0,38.0,1,0,0,0,0,0,0,NONE,,RPM:486bd1410c450016 TPS:486bd14111693f ADV:486bd1410ea97c MIL:486bd1410100000000c6
1789379930.7219,775.186,4818.0,863.9,49.80,18.54,25.00,2.40,27.1,72.2,4.54,14.10,0.000,76.0,38.0,1,0,0,0,0,0,0,NONE,,RPM:486bd1410c4b4864 TPS:486bd141117f55 ADV:486bd1410eb285 MIL:486bd1410100000000c6
1789379930.9917,775.456,5048.0,852.6,60.78,40.70,27.50,2.40,27.1,78.6,4.54,14.10,0.000,76.0,38.0,1,0,0,0,0,0,0,NONE,,RPM:486bd1410c4ee0ff TPS:486bd141119b71 ADV:486bd1410eb78a MIL:486bd1410100000000c6
1789379931.3110,775.775,5333.0,892.4,65.10,13.51,29.00,2.40,27.1,81.1,4.54,14.10,0.000,76.0,38.0,1,0,0,0,0,0,0,NONE,,RPM:486bd1410c535478 TPS:486bd14111a67c ADV:486bd1410eba8d MIL:486bd1410100000000c6
1789379931.6236,776.087,4619.0,-2284.6,33.73,-100.38,16.50,2.40,75.7,62.9,8.92,14.10,0.000,76.0,38.0,1,0,0,0,0,0,0,NONE,,RPM:486bd1410c482c45 TPS:486bd14111562c ADV:486bd1410ea174 MIL:486bd1410100000000c6
1789379931.9016,776.365,4491.0,-460.4,52.94,69.11,18.50,2.40,75.7,74.0,8.92,14.10,0.000,76.0,38.0,1,0,0,0,0,0,0,NONE,,RPM:486bd1410c462c43 TPS:486bd14111875d ADV:486bd1410ea578 MIL:486bd1410100000000c6
1789379932.1738,776.638,4548.0,209.4,3.53,-181.53,60.00,2.40,75.7,45.3,8.92,14.10,0.000,76.0,38.0,1,0,0,0,0,0,0,NONE,,RPM:486bd1410c471028 TPS:486bd1411109df ADV:486bd1410ef8cb MIL:486bd1410100000000c6
1789379932.6881,777.152,4387.0,-313.1,3.53,0.00,60.00,2.40,75.7,45.3,8.92,14.10,0.000,76.0,38.0,1,0,0,0,0,0,0,NONE,,RPM:486bd1410c448ca1 TPS:486bd1411109df ADV:486bd1410ef8cb MIL:486bd1410100000000c6
1789379932.9569,777.421,4262.0,-465.0,3.53,0.00,60.00,2.40,75.7,45.3,8.92,14.10,0.000,76.0,38.0,1,0,0,0,0,0,0,NONE,,RPM:486bd1410c4298ab TPS:486bd1411109df ADV:486bd1410ef8cb MIL:486bd1410100000000c6
1789379933.2299,777.694,4156.0,-388.3,3.53,0.00,60.00,2.40,75.7,45.3,8.92,14.10,0.000,76.0,38.0,1,0,0,0,0,0,0,NONE,,RPM:486bd1410c40f001 TPS:486bd1411109df ADV:486bd1410ef8cb MIL:486bd1410100000000c6
1789379933.5006,777.964,4064.0,-339.9,3.53,0.00,60.00,2.40,75.7,45.3,8.92,14.10,0.000,76.0,38.0,1,0,0,0,0,0,0,NONE,,RPM:486bd1410c3f8090 TPS:486bd1411109df ADV:486bd1410ef8cb MIL:486bd1410100000000c6
1789379933.9347,778.399,3870.0,-446.9,3.53,0.00,58.50,2.40,75.7,45.3,8.92,14.10,0.000,76.0,38.0,1,0,0,0,0,0,0,NONE,,RPM:486bd1410c3c7885 TPS:486bd1411109df ADV:486bd1410ef5c8 MIL:486bd1410100000000c6
1789379934.2041,778.668,3768.0,-378.6,3.53,0.00,56.50,2.40,75.7,45.3,8.92,14.10,0.000,76.0,38.0,1,0,0,0,0,0,0,NONE,,RPM:486bd1410c3ae0eb TPS:486bd1411109df ADV:486bd1410ef1c4 MIL:486bd1410100000000c6
1789379934.6437,779.108,3584.0,-418.6,3.53,0.00,55.50,2.40,75.7,45.3,8.92,14.10,0.000,76.0,38.0,1,0,0,0,0,0,0,NONE,,RPM:486bd1410c380009 TPS:486bd1411109df ADV:486bd1410eefc2 MIL:486bd1410100000000c6
1789379934.9074,779.371,3514.0,-265.4,3.53,0.00,54.00,2.40,75.7,45.3,8.92,14.10,0.000,76.0,38.0,1,0,0,0,0,0,0,NONE,,RPM:486bd1410c36e8ef TPS:486bd1411109df ADV:486bd1410eecbf MIL:486bd1410100000000c6
1789379935.2114,779.675,3387.0,-417.8,3.53,0.00,52.50,2.40,75.7,45.3,8.92,14.10,0.000,76.0,38.0,1,0,0,0,0,0,0,NONE,,RPM:486bd1410c34ecf1 TPS:486bd1411109df ADV:486bd1410ee9bc MIL:486bd1410100000000c6
1789379935.4830,779.947,3313.0,-272.4,3.53,0.00,51.00,2.40,14.1,45.3,3.38,14.10,0.000,76.0,38.0,1,0,0,0,0,0,0,NONE,,RPM:486bd1410c33c4c8 TPS:486bd1411109df ADV:486bd1410ee6b9 MIL:486bd1410100000000c6
1789379935.7688,780.233,3204.0,-381.4,3.53,0.00,49.00,2.40,14.1,45.3,3.38,14.10,0.000,76.0,38.0,1,0,0,0,0,0,0,NONE,,RPM:486bd1410c321013 TPS:486bd1411109df ADV:486bd1410ee2b5 MIL:486bd1410100000000c6
1789379936.0636,780.527,3109.0,-322.3,3.53,0.00,48.00,2.40,14.1,45.3,3.38,14.10,0.000,76.0,38.0,1,0,0,0,0,0,0,NONE,,RPM:486bd1410c309495 TPS:486bd1411109df ADV:486bd1410ee0b3 MIL:486bd1410100000000c6
1789379936.4926,780.957,2989.0,-279.7,3.53,0.00,43.50,2.40,14.1,45.3,3.38,14.10,0.000,76.0,38.0,1,0,0,0,0,0,0,NONE,,RPM:486bd1410c2eb4b3 TPS:486bd1411109df ADV:486bd1410ed7aa MIL:486bd1410100000000c6
1789379936.7938,781.258,2899.0,-298.8,3.53,0.00,40.50,2.40,14.1,45.3,3.38,14.10,0.000,76.0,38.0,1,0,0,0,0,0,0,NONE,,RPM:486bd1410c2d4c4a TPS:486bd1411109df ADV:486bd1410ed1a4 MIL:486bd1410100000000c6
1789379937.0643,781.528,2835.0,-236.6,3.53,0.00,36.50,2.40,14.1,45.3,3.38,14.10,0.000,76.0,38.0,1,0,0,0,0,0,0,NONE,,RPM:486bd1410c2c4c49 TPS:486bd1411109df ADV:486bd1410ec99c MIL:486bd1410100000000c6
1789379937.3366,781.800,2751.0,-308.5,3.53,0.00,33.50,2.40,14.1,45.3,3.38,14.10,0.000,76.0,38.0,1,0,0,0,0,0,0,NONE,,RPM:486bd1410c2afcf7 TPS:486bd1411109df ADV:486bd1410ec396 MIL:486bd1410100000000c6
1789379937.7739,782.238,2480.0,-619.7,3.53,0.00,19.00,2.40,14.1,45.3,3.38,14.10,0.000,76.0,38.0,1,0,0,0,0,0,0,NONE,,RPM:486bd1410c26c0b7 TPS:486bd1411109df ADV:486bd1410ea679 MIL:486bd1410100000000c6
1789379938.0721,782.536,1975.0,-1693.8,3.53,0.00,27.50,2.40,14.1,45.3,3.38,14.10,0.000,76.0,38.0,1,0,0,0,0,0,0,NONE,,RPM:486bd1410c1edccb TPS:486bd1411109df ADV:486bd1410eb78a MIL:486bd1410100000000c6
1789379938.5425,783.006,3079.0,2346.8,5.10,3.33,38.00,2.40,14.1,46.3,3.38,14.10,0.000,76.0,38.0,1,0,0,0,0,0,0,NONE,,RPM:486bd1410c301c1d TPS:486bd141110de3 ADV:486bd1410ecc9f MIL:486bd1410100000000c6
1789379938.8074,783.271,3181.0,385.0,13.33,31.08,8.50,2.40,14.1,51.0,3.38,14.10,0.000,76.0,38.0,1,0,0,0,0,0,0,NONE,,RPM:486bd1410c31b4b6 TPS:486bd1411122f8 ADV:486bd1410e9164 MIL:486bd1410100000000c6
1789379939.0791,783.543,3128.0,-195.1,13.33,0.00,11.00,2.40,14.1,51.0,3.38,14.10,0.000,76.0,38.0,1,0,0,0,0,0,0,NONE,,RPM:486bd1410c30e0e1 TPS:486bd1411122f8 ADV:486bd1410e9669 MIL:486bd1410100000000c6
1789379939.3838,783.848,3191.0,206.8,12.55,-2.57,13.50,2.40,37.3,50.6,5.46,14.10,0.000,76.0,38.0,1,0,0,0,0,0,0,NONE,,RPM:486bd1410c31dcde TPS:486bd1411120f6 ADV:486bd1410e9b6e MIL:486bd1410100000000c6
1789379939.6610,784.125,3247.0,202.0,8.24,-15.56,16.50,2.40,37.3,48.1,5.46,14.10,0.000,76.0,38.0,1,0,0,0,0,0,0,NONE,,RPM:486bd1410c32bcbf TPS:486bd1411115eb ADV:486bd1410ea174 MIL:486bd1410100000000c6
1789379939.9706,784.434,3312.0,210.0,8.63,1.27,26.00,2.40,37.3,48.3,5.46,14.10,0.000,76.0,38.0,1,0,0,0,0,0,0,NONE,,RPM:486bd1410c33c0c4 TPS:486bd1411116ec ADV:486bd1410eb487 MIL:486bd1410100000000c6
1789379940.4341,784.898,3388.0,164.0,8.24,-0.85,31.50,2.40,37.3,48.1,5.46,14.10,0.000,76.0,38.0,1,0,0,0,0,0,0,NONE,,RPM:486bd1410c34f0f5 TPS:486bd1411115eb ADV:486bd1410ebf92 MIL:486bd1410100000000c6
1789379940.7450,785.209,3391.0,9.7,3.53,-15.14,60.00,2.40,37.3,45.3,5.46,14.10,0.000,76.0,38.0,1,0,0,0,0,0,0,NONE,,RPM:486bd1410c34fc01 TPS:486bd1411109df ADV:486bd1410ef8cb MIL:486bd1410100000000c6
1789379941.0132,785.477,3326.0,-242.4,3.53,0.00,60.00,2.40,37.3,45.3,5.46,14.10,0.000,76.0,38.0,1,0,0,0,0,0,0,NONE,,RPM:486bd1410c33f8fc TPS:486bd1411109df ADV:486bd1410ef8cb MIL:486bd1410100000000c6
1789379941.2844,785.748,3274.0,-191.7,5.49,7.23,49.00,2.40,37.3,46.5,5.46,14.10,0.000,76.0,38.0,1,0,0,0,0,0,0,NONE,,RPM:486bd1410c33282c TPS:486bd141110ee4 ADV:486bd1410ee2b5 MIL:486bd1410100000000c6
1789379941.7170,786.181,3225.0,-113.3,7.45,4.53,24.00,2.40,37.3,47.6,5.46,14.10,0.000,76.0,38.0,1,0,0,0,0,0,0,NONE,,RPM:486bd1410c326467 TPS:486bd1411113e9 ADV:486bd1410eb083 MIL:486bd1410100000000c6
1789379942.0050,786.469,3233.0,27.8,11.37,13.62,17.50,2.40,37.3,49.9,5.46,14.10,0.000,76.0,38.0,1,0,0,0,0,0,0,NONE,,RPM:486bd1410c328487 TPS:486bd141111df3 ADV:486bd1410ea376 MIL:486bd1410100000000c6
1789379942.4407,786.905,3277.0,101.0,4.71,-15.30,59.00,2.40,37.3,46.0,5.46,14.10,0.000,76.0,38.0,1,0,0,0,0,0,0,NONE,,RPM:486bd1410c333438 TPS:486bd141110ce2 ADV:486bd1410ef6c9 MIL:486bd1410100000000c6
1789379942.7710,787.235,3141.0,-411.7,3.53,-3.56,58.00,2.40,37.3,45.3,5.46,14.10,0.000,76.0,38.0,1,0,0,0,0,0,0,NONE,,RPM:486bd1410c311416 TPS:486bd1411109df ADV:486bd1410ef4c7 MIL:486bd1410100000000c6
1789379943.0431,787.507,3071.0,-257.2,3.53,0.00,43.50,2.40,37.3,45.3,5.46,14.10,0.000,76.0,38.0,1,0,0,0,0,0,0,NONE,,RPM:486bd1410c2ffcfc TPS:486bd1411109df ADV:486bd1410ed7aa MIL:486bd1410100000000c6
1789379943.3303,787.794,2995.0,-264.7,3.53,0.00,60.00,2.40,13.3,45.3,3.31,14.10,0.000,76.0,38.0,1,0,0,0,0,0,0,NONE,,RPM:486bd1410c2ecccb TPS:486bd1411109df ADV:486bd1410ef8cb MIL:486bd1410100000000c6
1789379943.6173,788.081,3326.0,1153.1,3.53,0.00,56.00,2.40,13.3,45.3,3.31,14.10,0.000,76.0,38.0,1,0,0,0,0,0,0,NONE,,RPM:486bd1410c33f8fc TPS:486bd1411109df ADV:486bd1410ef0c3 MIL:486bd1410100000000c6
1789379943.8899,788.354,3631.0,1118.9,3.53,0.00,56.50,2.40,13.3,45.3,3.31,14.10,0.000,76.0,38.0,1,0,0,0,0,0,0,NONE,,RPM:486bd1410c38bcc5 TPS:486bd1411109df ADV:486bd1410ef1c4 MIL:486bd1410100000000c6
1789379944.3661,788.830,3455.0,-369.6,5.88,4.94,35.50,2.40,13.3,46.7,3.31,14.10,0.000,76.0,38.0,1,0,0,0,0,0,0,NONE,,RPM:486bd1410c35fc02 TPS:486bd141110fe5 ADV:486bd1410ec79a MIL:486bd1410100000000c6
1789379944.6412,789.105,3522.0,243.6,7.06,4.28,23.50,2.40,13.3,47.4,3.31,14.10,0.000,76.0,38.0,1,0,0,0,0,0,0,NONE,,RPM:486bd1410c370810 TPS:486bd1411112e8 ADV:486bd1410eaf82 MIL:486bd1410100000000c6
1789379944.9300,789.394,3402.0,-415.4,5.88,-4.07,57.50,2.40,13.3,46.7,3.31,14.10,0.000,76.0,38.0,1,0,0,0,0,0,0,NONE,,RPM:486bd1410c35282e TPS:486bd141110fe5 ADV:486bd1410ef3c6 MIL:486bd1410100000000c6
1789379945.2002,789.664,3195.0,-766.3,3.53,-8.71,52.50,2.40,13.3,45.3,3.31,14.10,0.000,76.0,38.0,1,0,0,0,0,0,0,NONE,,RPM:486bd1410c31ecee TPS:486bd1411109df ADV:486bd1410ee9bc MIL:486bd1410100000000c6
1789379945.6604,790.124,3088.0,-232.5,3.53,0.00,46.00,2.40,13.3,45.3,3.31,14.10,0.000,76.0,38.0,1,0,0,0,0,0,0,NONE,,RPM:486bd1410c304041 TPS:486bd1411109df ADV:486bd1410edcaf MIL:486bd1410100000000c6
1789379945.9355,790.399,3002.0,-312.6,4.71,4.28,43.50,2.40,13.3,46.0,3.31,14.10,0.000,76.0,38.0,1,0,0,0,0,0,0,NONE,,RPM:486bd1410c2ee8e7 TPS:486bd141110ce2 ADV:486bd1410ed7aa MIL:486bd1410100000000c6
1789379946.4489,790.913,2954.0,-93.5,7.06,4.58,25.00,2.40,13.3,47.4,3.31,14.10,0.000,76.0,38.0,1,0,0,0,0,0,0,NONE,,RPM:486bd1410c2e2827 TPS:486bd1411112e8 ADV:486bd1410eb285 MIL:486bd1410100000000c6
1789379946.7193,791.183,2919.0,-129.5,7.84,2.90,23.50,2.40,13.3,47.8,3.31,14.10,0.000,76.0,38.0,1,0,0,0,0,0,0,NONE,,RPM:486bd1410c2d9c9a TPS:486bd1411114ea ADV:486bd1410eaf82 MIL:486bd1410100000000c6
1789379947.0233,791.487,2916.0,-9.9,7.06,-2.58,33.50,2.40,13.3,47.4,3.31,14.10,0.000,76.0,38.0,1,0,0,0,0,0,0,NONE,,RPM:486bd1410c2d908e TPS:486bd1411112e8 ADV:486bd1410ec396 MIL:486bd1410100000000c6
1789379947.3023,791.766,2892.0,-86.0,4.31,-9.84,43.00,2.40,16.9,45.8,3.62,14.10,0.000,76.0,38.0,1,0,0,0,0,0,0,NONE,,RPM:486bd1410c2d302e TPS:486bd141110be1 ADV:486bd1410ed6a9 MIL:486bd1410100000000c6
1789379947.6048,792.069,2748.0,-476.0,3.53,-2.59,38.50,2.40,16.9,45.3,3.62,14.10,0.000,76.0,38.0,1,0,0,0,0,0,0,NONE,,RPM:486bd1410c2af0eb TPS:486bd1411109df ADV:486bd1410ecda0 MIL:486bd1410100000000c6
1789379947.8696,792.333,2662.0,-324.8,3.53,0.00,31.50,2.40,16.9,45.3,3.62,14.10,0.000,76.0,38.0,1,0,0,0,0,0,0,NONE,,RPM:486bd1410c299892 TPS:486bd1411109df ADV:486bd1410ebf92 MIL:486bd1410100000000c6
1789379948.3666,792.830,2492.0,-342.0,3.53,0.00,24.00,2.40,16.9,45.3,3.62,14.10,0.000,76.0,38.0,1,0,0,0,0,0,0,NONE,,RPM:486bd1410c26f0e7 TPS:486bd1411109df ADV:486bd1410eb083 MIL:486bd1410100000000c6
1789379948.6451,793.109,2361.0,-470.3,3.53,0.00,22.50,2.40,16.9,45.3,3.62,14.10,0.000,76.0,39.0,1,0,0,0,0,0,0,NONE,,RPM:486bd1410c24e4d9 TPS:486bd1411109df ADV:486bd1410ead80 MIL:486bd1410100000000c6
1789379948.9558,793.420,2235.0,-405.5,3.53,0.00,18.50,2.40,16.9,45.3,3.62,14.10,0.000,76.0,39.0,1,0,0,0,0,0,0,NONE,,RPM:486bd1410c22ecdf TPS:486bd1411109df ADV:486bd1410ea578 MIL:486bd1410100000000c6
1789379949.2553,793.719,2120.0,-383.9,3.14,-1.31,16.00,2.40,16.9,45.1,3.62,14.10,0.000,76.0,39.0,1,0,0,0,0,0,0,NONE,,RPM:486bd1410c212012 TPS:486bd1411108de ADV:486bd1410ea073 MIL:486bd1410100000000c6
1789379949.7560,794.220,1317.0,-1604.0,3.14,0.00,8.00,2.40,16.9,45.1,3.62,14.10,0.000,76.0,39.0,1,0,0,0,0,0,0,NONE,,RPM:486bd1410c149479 TPS:486bd1411108de ADV:486bd1410e9063 MIL:486bd1410100000000c6
1789379950.0268,794.491,1981.0,2451.4,3.14,0.00,8.00,2.40,16.9,45.1,3.62,14.10,0.000,76.0,39.0,1,0,0,0,0,0,0,NONE,,RPM:486bd1410c1ef4e3 TPS:486bd1411108de ADV:486bd1410e9063 MIL:486bd1410100000000c6
1789379950.5101,794.974,2165.0,380.7,3.53,0.81,8.00,2.40,16.9,45.3,3.62,14.10,0.000,76.0,39.0,1,0,0,0,0,0,0,NONE,,RPM:486bd1410c21d4c6 TPS:486bd1411109df ADV:486bd1410e9063 MIL:486bd1410100000000c6
1789379950.8104,795.274,2000.0,-549.5,4.31,2.61,9.00,2.40,16.9,45.8,3.62,14.10,0.000,76.0,39.0,1,0,0,0,0,0,0,NONE,,RPM:486bd1410c1f4030 TPS:486bd141110be1 ADV:486bd1410e9265 MIL:486bd1410100000000c6
1789379951.1144,795.578,2048.0,157.9,5.49,3.87,5.50,2.40,16.9,46.5,3.62,14.10,0.000,76.0,39.0,1,0,0,0,0,0,0,NONE,,RPM:486bd1410c2000f1 TPS:486bd141110ee4 ADV:486bd1410e8b5e MIL:486bd1410100000000c6
1789379951.3862,795.850,1960.0,-323.8,5.49,0.00,8.00,2.40,28.6,46.5,4.68,14.10,0.000,76.0,39.0,1,0,0,0,0,0,0,NONE,,RPM:486bd1410c1ea08f TPS:486bd141110ee4 ADV:486bd1410e9063 MIL:486bd1410100000000c6
1789379951.6964,796.160,1981.0,67.7,5.49,0.00,8.00,2.40,28.6,46.5,4.68,14.10,0.000,76.0,39.0,1,0,0,0,0,0,0,NONE,,RPM:486bd1410c1ef4e3 TPS:486bd141110ee4 ADV:486bd1410e9063 MIL:486bd1410100000000c6
1789379951.9612,796.425,2025.0,166.2,5.49,0.00,9.00,2.40,28.6,46.5,4.68,14.10,0.000,76.0,39.0,1,0,0,0,0,0,0,NONE,,RPM:486bd1410c1fa494 TPS:486bd141110ee4 ADV:486bd1410e9265 MIL:486bd1410100000000c6
1789379952.3954,796.859,2113.0,202.7,5.10,-0.90,11.50,2.40,28.6,46.3,4.68,14.10,0.000,76.0,39.0,1,0,0,0,0,0,0,NONE,,RPM:486bd1410c2104f6 TPS:486bd141110de3 ADV:486bd1410e976a MIL:486bd1410100000000c6
1789379952.6814,797.145,2127.0,48.9,3.53,-5.48,18.00,2.40,28.6,45.3,4.68,14.10,0.000,76.0,40.0,1,0,0,0,0,0,0,NONE,,RPM:486bd1410c213c2e TPS:486bd1411109df ADV:486bd1410ea477 MIL:486bd1410100000000c6
1789379952.9607,797.425,2025.0,-365.2,3.14,-1.40,17.50,2.40,28.6,45.1,4.68,14.10,0.000,76.0,40.0,1,0,0,0,0,0,0,NONE,,RPM:486bd1410c1fa494 TPS:486bd1411108de ADV:486bd1410ea376 MIL:486bd1410100000000c6
1789379953.2558,797.720,1984.0,-139.0,4.31,3.99,7.50,2.40,28.6,45.8,4.68,14.10,0.000,76.0,40.0,1,0,0,0,0,0,0,NONE,,RPM:486bd1410c1f00f0 TPS:486bd141110be1 ADV:486bd1410e8f62 MIL:486bd1410100000000c6
1789379953.7434,798.207,2032.0,98.4,7.84,7.24,-1.00,2.40,28.6,47.8,4.68,14.10,0.000,76.0,40.0,1,0,0,0,0,0,0,NONE,,RPM:486bd1410c1fc0b0 TPS:486bd1411114ea ADV:486bd1410e7e51 MIL:486bd1410100000000c6
1789379954.0238,798.488,2066.0,121.2,12.55,16.78,3.00,2.40,28.6,50.6,4.68,14.10,0.000,76.0,40.0,1,0,0,0,0,0,0,NONE,,RPM:486bd1410c204839 TPS:486bd1411120f6 ADV:486bd1410e8659 MIL:486bd1410100000000c6
1789379954.5349,798.999,2670.0,1181.8,17.65,9.98,12.50,2.40,28.6,53.5,4.68,14.10,0.000,76.0,40.0,1,0,0,0,0,0,0,NONE,,RPM:486bd1410c29b8b2 TPS:486bd141112d03 ADV:486bd1410e996c MIL:486bd1410100000000c6
1789379954.8090,799.273,3088.0,1524.8,18.43,2.86,15.00,2.40,28.6,54.0,4.65,14.10,0.000,77.0,40.0,1,0,0,0,0,0,0,NONE,,RPM:486bd1410c304041 TPS:486bd141112f05 ADV:486bd1410e9e71 MIL:486bd1410100000000c6
1789379955.0787,799.543,3430.0,1268.2,3.53,-55.26,53.50,2.40,28.6,45.3,4.65,14.10,0.000,77.0,40.0,1,0,0,0,0,0,0,NONE,,RPM:486bd1410c35989e TPS:486bd1411109df ADV:486bd1410eebbe MIL:486bd1410100000000c6
1789379955.4151,799.879,2821.0,-1810.0,17.25,40.79,13.00,2.40,53.7,53.3,6.91,14.10,0.000,77.0,40.0,1,0,0,0,0,0,0,NONE,,RPM:486bd1410c2c1411 TPS:486bd141112c02 ADV:486bd1410e9a6d MIL:486bd1410100000000c6
1789379955.7502,800.214,2712.0,-325.3,24.31,21.07,11.50,2.40,53.7,57.4,6.91,14.10,0.000,77.0,40.0,1,0,0,0,0,0,0,NONE,,RPM:486bd1410c2a605b TPS:486bd141113e14 ADV:486bd1410e976a MIL:486bd1410100000000c6
1789379956.0205,800.484,2942.0,850.9,25.88,5.80,13.50,2.40,53.7,58.3,6.91,14.10,0.000,77.0,40.0,1,0,0,0,0,0,0,NONE,,RPM:486bd1410c2df8f6 TPS:486bd141114218 ADV:486bd1410e9b6e MIL:486bd1410100000000c6
1789379956.4561,800.920,3341.0,915.9,9.02,-38.71,26.50,2.40,53.7,48.5,6.91,14.10,0.000,77.0,40.0,1,0,0,0,0,0,0,NONE,,RPM:486bd1410c343439 TPS:486bd1411117ed ADV:486bd1410eb588 MIL:486bd1410100000000c6
1789379956.7564,801.220,3298.0,-143.2,3.53,-18.28,56.00,2.40,53.7,45.3,6.91,14.10,0.000,77.0,39.0,1,0,0,0,0,0,0,NONE,,RPM:486bd1410c33888c TPS:486bd1411109df ADV:486bd1410ef0c3 MIL:486bd1410100000000c6
1789379957.0452,801.509,3201.0,-335.9,3.53,0.00,57.50,2.40,53.7,45.3,6.91,14.10,0.000,77.0,39.0,1,0,0,0,0,0,0,NONE,,RPM:486bd1410c320407 TPS:486bd1411109df ADV:486bd1410ef3c6 MIL:486bd1410100000000c6
1789379957.3237,801.788,3123.0,-280.1,3.53,0.00,52.50,2.40,53.7,45.3,6.91,14.10,0.000,77.0,39.0,1,0,0,0,0,0,0,NONE,,RPM:486bd1410c30cccd TPS:486bd1411109df ADV:486bd1410ee9bc MIL:486bd1410100000000c6
1789379957.7629,802.227,2947.0,-400.7,3.53,0.00,43.50,2.40,53.7,45.3,6.91,14.10,0.000,77.0,39.0,1,0,0,0,0,0,0,NONE,,RPM:486bd1410c2e0c0b TPS:486bd1411109df ADV:486bd1410ed7aa MIL:486bd1410100000000c6
1789379958.0463,802.510,2810.0,-483.4,3.53,0.00,35.50,2.40,53.7,45.3,6.91,14.10,0.000,77.0,39.0,1,0,0,0,0,0,0,NONE,,RPM:486bd1410c2be8e4 TPS:486bd1411109df ADV:486bd1410ec79a MIL:486bd1410100000000c6
1789379958.4923,802.956,2568.0,-542.6,3.53,0.00,25.00,2.40,53.7,45.3,6.91,14.10,0.000,77.0,39.0,1,0,0,0,0,0,0,NONE,,RPM:486bd1410c282019 TPS:486bd1411109df ADV:486bd1410eb285 MIL:486bd1410100000000c6
1789379958.8184,803.282,2387.0,-555.1,3.53,0.00,22.50,2.40,53.7,45.3,6.91,14.10,0.000,77.0,39.0,1,0,0,0,0,0,0,NONE,,RPM:486bd1410c254c42 TPS:486bd1411109df ADV:486bd1410ead80 MIL:486bd1410100000000c6
1789379959.1217,803.586,2197.0,-626.3,3.53,0.00,18.50,2.40,53.7,45.3,6.91,14.10,0.000,77.0,39.0,1,0,0,0,0,0,0,NONE,,RPM:486bd1410c225447 TPS:486bd1411109df ADV:486bd1410ea578 MIL:486bd1410100000000c6
1789379959.4502,803.914,2085.0,-341.0,3.53,0.00,12.50,2.40,24.3,45.3,4.27,14.10,0.000,77.0,39.0,1,0,0,0,0,0,0,NONE,,RPM:486bd1410c209485 TPS:486bd1411109df ADV:486bd1410e996c MIL:486bd1410100000000c6
1789379959.7325,804.196,2047.0,-134.6,5.10,5.56,7.50,2.40,24.3,46.3,4.27,14.10,0.000,77.0,39.0,1,0,0,0,0,0,0,NONE,,RPM:486bd1410c1ffcec TPS:486bd141110de3 ADV:486bd1410e8f62 MIL:486bd1410100000000c6
1789379960.0125,804.476,1944.0,-367.8,6.27,4.20,5.00,2.40,24.3,46.9,4.27,14.10,0.000,77.0,39.0,1,0,0,0,0,0,0,NONE,,RPM:486bd1410c1e604f TPS:486bd1411110e6 ADV:486bd1410e8a5d MIL:486bd1410100000000c6
1789379960.4750,804.939,1949.0,10.8,9.02,5.94,1.00,2.40,24.3,48.5,4.27,14.10,0.000,77.0,39.0,1,0,0,0,0,0,0,NONE,,RPM:486bd1410c1e7463 TPS:486bd1411117ed ADV:486bd1410e8255 MIL:486bd1410100000000c6
1789379960.7522,805.216,1993.0,158.8,10.59,5.66,1.50,2.40,24.3,49.4,4.27,14.10,0.000,77.0,40.0,1,0,0,0,0,0,0,NONE,,RPM:486bd1410c1f2414 TPS:486bd141111bf1 ADV:486bd1410e8356 MIL:486bd1410100000000c6
1789379961.0236,805.487,2107.0,420.0,11.37,2.89,4.00,2.40,24.3,49.9,4.27,14.10,0.000,77.0,40.0,1,0,0,0,0,0,0,NONE,,RPM:486bd1410c20ecdd TPS:486bd141111df3 ADV:486bd1410e885b MIL:486bd1410100000000c6
1789379961.2951,805.759,2233.0,464.1,12.16,2.89,8.50,2.40,24.3,50.4,4.27,14.10,0.000,77.0,40.0,1,0,0,0,0,0,0,NONE,,RPM:486bd1410c22e4d7 TPS:486bd141111ff5 ADV:486bd1410e9164 MIL:486bd1410100000000c6
1789379961.7854,806.249,2603.0,754.7,23.14,22.40,10.50,2.40,24.3,56.7,4.27,14.10,0.000,77.0,40.0,1,0,0,0,0,0,0,NONE,,RPM:486bd1410c28aca5 TPS:486bd141113b11 ADV:486bd1410e9568 MIL:486bd1410100000000c6
1789379962.0621,806.526,2885.0,1018.9,26.67,12.75,13.50,2.40,24.3,58.8,4.27,14.10,0.000,77.0,40.0,1,0,0,0,0,0,0,NONE,,RPM:486bd1410c2d1412 TPS:486bd14111441a ADV:486bd1410e9b6e MIL:486bd1410100000000c6
1789379962.5333,806.997,3404.0,1101.5,17.25,-19.98,16.00,2.40,24.3,53.3,4.27,14.10,0.000,77.0,40.0,1,0,0,0,0,0,0,NONE,,RPM:486bd1410c353036 TPS:486bd141112c02 ADV:486bd1410ea073 MIL:486bd1410100000000c6
1789379962.8148,807.279,3602.0,703.4,14.12,-11.14,21.50,2.40,24.3,51.5,4.27,14.10,0.000,77.0,40.0,1,0,0,0,0,0,0,NONE,,RPM:486bd1410c384851 TPS:486bd1411124fa ADV:486bd1410eab7e MIL:486bd1410100000000c6
1789379963.0848,807.549,3875.0,1011.0,20.00,21.78,25.00,2.40,24.3,54.9,4.27,14.10,0.000,77.0,40.0,1,0,0,0,0,0,0,NONE,,RPM:486bd1410c3c8c99 TPS:486bd141113309 ADV:486bd1410eb285 MIL:486bd1410100000000c6
1789379963.3573,807.821,4061.0,682.6,17.25,-10.07,25.00,2.40,14.9,53.3,3.42,14.10,0.000,77.0,40.0,1,0,0,0,0,0,0,NONE,,RPM:486bd1410c3f7484 TPS:486bd141112c02 ADV:486bd1410eb285 MIL:486bd1410100000000c6
1789379963.6400,808.104,3778.0,-1001.2,3.53,-48.56,60.00,2.40,14.9,45.3,3.42,14.10,0.000,77.0,40.0,1,0,0,0,0,0,0,NONE,,RPM:486bd1410c3b0814 TPS:486bd1411109df ADV:486bd1410ef8cb MIL:486bd1410100000000c6
1789379963.9320,808.396,4075.0,1016.9,3.53,0.00,60.00,2.40,14.9,45.3,3.42,14.10,0.000,77.0,40.0,1,0,0,0,0,0,0,NONE,,RPM:486bd1410c3facbc TPS:486bd1411109df ADV:486bd1410ef8cb MIL:486bd1410100000000c6
1789379964.4504,808.914,3900.0,-337.6,3.92,0.76,57.50,2.40,14.9,45.6,3.42,14.10,0.000,77.0,40.0,1,0,0,0,0,0,0,NONE,,RPM:486bd1410c3cf0fd TPS:486bd141110ae0 ADV:486bd1410ef3c6 MIL:486bd1410100000000c6
1789379964.7151,809.179,3883.0,-64.2,6.27,8.89,44.00,2.40,14.9,46.9,3.42,14.10,0.000,77.0,39.0,1,0,0,0,0,0,0,NONE,,RPM:486bd1410c3cacb9 TPS:486bd1411110e6 ADV:486bd1410ed8ab MIL:486bd1410100000000c6
1789379964.9878,809.452,3933.0,183.3,6.67,1.44,35.50,2.40,14.9,47.2,3.42,14.10,0.000,77.0,39.0,1,0,0,0,0,0,0,NONE,,RPM:486bd1410c3d7482 TPS:486bd1411111e7 ADV:486bd1410ec79a MIL:486bd1410100000000c6
1789379965.3023,809.766,3846.0,-276.7,6.67,0.00,38.50,2.40,14.9,47.2,3.42,14.10,0.000,77.0,39.0,1,0,0,0,0,0,0,NONE,,RPM:486bd1410c3c1825 TPS:486bd1411111e7 ADV:486bd1410ecda0 MIL:486bd1410100000000c6
1789379965.8011,810.265,3750.0,-192.4,5.49,-2.36,58.50,2.40,14.9,46.5,3.42,14.10,0.000,77.0,39.0,1,0,0,0,0,0,0,NONE,,RPM:486bd1410c3a98a3 TPS:486bd141110ee4 ADV:486bd1410ef5c8 MIL:486bd1410100000000c6
1789379966.0825,810.546,3597.0,-543.7,4.71,-2.79,57.50,2.40,14.9,46.0,3.42,14.10,0.000,77.0,39.0,1,0,0,0,0,0,0,NONE,,RPM:486bd1410c38343d TPS:486bd141110ce2 ADV:486bd1410ef3c6 MIL:486bd1410100000000c6
1789379966.5256,810.989,3642.0,101.6,6.67,4.43,27.50,2.40,14.9,47.2,3.42,14.10,0.000,77.0,39.0,1,0,0,0,0,0,0,NONE,,RPM:486bd1410c38e8f1 TPS:486bd1411111e7 ADV:486bd1410eb78a MIL:486bd1410100000000c6
1789379966.7933,811.257,3564.0,-291.3,7.06,1.46,28.50,2.40,14.9,47.4,3.42,14.10,0.000,77.0,39.0,1,0,0,0,0,0,0,NONE,,RPM:486bd1410c37b0b8 TPS:486bd1411112e8 ADV:486bd1410eb98c MIL:486bd1410100000000c6
1789379967.1133,811.577,3529.0,-109.4,7.06,0.00,31.50,2.40,14.9,47.4,3.42,14.10,0.000,77.0,39.0,1,0,0,0,0,0,0,NONE,,RPM:486bd1410c37242c TPS:486bd1411112e8 ADV:486bd1410ebf92 MIL:486bd1410100000000c6
1789379967.4157,811.880,3518.0,-36.4,7.06,0.00,33.50,2.40,23.9,47.4,4.23,14.10,0.000,77.0,39.0,1,0,0,0,0,0,0,NONE,,RPM:486bd1410c36f8ff TPS:486bd1411112e8 ADV:486bd1410ec396 MIL:486bd1410100000000c6
1789379967.7039,812.168,3514.0,-13.9,7.06,0.00,33.50,2.40,23.9,47.4,4.23,14.10,0.000,77.0,39.0,1,0,0,0,0,0,0,NONE,,RPM:486bd1410c36e8ef TPS:486bd1411112e8 ADV:486bd1410ec396 MIL:486bd1410100000000c6
1789379967.9759,812.440,3478.0,-132.4,7.06,0.00,34.00,2.40,23.9,47.4,4.23,14.10,0.000,77.0,39.0,1,0,0,0,0,0,0,NONE,,RPM:486bd1410c36585f TPS:486bd1411112e8 ADV:486bd1410ec497 MIL:486bd1410100000000c6
1789379968.4497,812.914,3524.0,97.1,8.63,3.31,27.50,2.40,23.9,48.3,4.23,14.10,0.000,77.0,39.0,1,0,0,0,0,0,0,NONE,,RPM:486bd1410c371018 TPS:486bd1411116ec ADV:486bd1410eb78a MIL:486bd1410100000000c6
1789379968.7691,813.233,3574.0,156.6,9.02,1.23,28.50,2.40,23.9,48.5,4.23,14.10,0.000,77.0,39.0,1,0,0,0,0,0,0,NONE,,RPM:486bd1410c37d8e0 TPS:486bd1411117ed ADV:486bd1410eb98c MIL:486bd1410100000000c6
1789379969.0370,813.501,3628.0,201.5,9.02,0.00,30.00,2.40,23.9,48.5,4.23,14.10,0.000,77.0,39.0,1,0,0,0,0,0,0,NONE,,RPM:486bd1410c38b0b9 TPS:486bd1411117ed ADV:486bd1410ebc8f MIL:486bd1410100000000c6
1789379969.3034,813.767,3689.0,229.0,8.24,-2.94,32.50,2.40,23.9,48.1,4.23,14.10,0.000,77.0,39.0,1,0,0,0,0,0,0,NONE,,RPM:486bd1410c39a4ae TPS:486bd1411115eb ADV:486bd1410ec194 MIL:486bd1410100000000c6
1789379969.7800,814.244,3780.0,190.9,7.84,-0.82,33.00,2.40,23.9,47.8,4.23,14.10,0.000,77.0,39.0,1,0,0,0,0,0,0,NONE,,RPM:486bd1410c3b101c TPS:486bd1411114ea ADV:486bd1410ec295 MIL:486bd1410100000000c6
1789379970.1339,814.598,3822.0,118.7,7.84,0.00,60.00,2.40,23.9,47.8,4.23,14.10,0.000,77.0,39.0,1,0,0,0,0,0,0,NONE,,RPM:486bd1410c3bb8c4 TPS:486bd1411114ea ADV:486bd1410ef8cb MIL:486bd1410100000000c6
1789379970.5635,815.027,3642.0,-418.9,3.53,-10.04,60.00,2.40,23.9,45.3,4.23,14.10,0.000,77.0,39.0,1,0,0,0,0,0,0,NONE,,RPM:486bd1410c38e8f1 TPS:486bd1411109df ADV:486bd1410ef8cb MIL:486bd1410100000000c6
1789379970.8390,815.303,3542.0,-363.1,3.53,0.00,60.00,2.40,23.9,45.3,4.20,14.10,0.000,78.0,39.0,1,0,0,0,0,0,0,NONE,,RPM:486bd1410c375860 TPS:486bd1411109df ADV:486bd1410ef8cb MIL:486bd1410100000000c6
1789379971.1398,815.604,3355.0,-621.5,3.53,0.00,59.00,2.40,23.9,45.3,4.20,14.10,0.000,78.0,39.0,1,0,0,0,0,0,0,NONE,,RPM:486bd1410c346c71 TPS:486bd1411109df ADV:486bd1410ef6c9 MIL:486bd1410100000000c6
1789379971.4433,815.907,3243.0,-369.0,3.53,0.00,53.50,2.40,17.3,45.3,3.60,14.10,0.000,78.0,39.0,1,0,0,0,0,0,0,NONE,,RPM:486bd1410c32acaf TPS:486bd1411109df ADV:486bd1410eebbe MIL:486bd1410100000000c6
1789379971.7163,816.180,3282.0,142.9,6.27,10.06,36.50,2.40,17.3,46.9,3.60,14.10,0.000,78.0,39.0,1,0,0,0,0,0,0,NONE,,RPM:486bd1410c33484c TPS:486bd1411110e6 ADV:486bd1410ec99c MIL:486bd1410100000000c6
1789379971.9873,816.451,3292.0,36.9,6.27,0.00,37.50,2.40,17.3,46.9,3.60,14.10,0.000,78.0,39.0,1,0,0,0,0,0,0,NONE,,RPM:486bd1410c337074 TPS:486bd1411110e6 ADV:486bd1410ecb9e MIL:486bd1410100000000c6
1789379972.4502,816.914,3289.0,-6.5,8.63,5.08,21.00,2.40,17.3,48.3,3.60,14.10,0.000,78.0,39.0,1,0,0,0,0,0,0,NONE,,RPM:486bd1410c336468 TPS:486bd1411116ec ADV:486bd1410eaa7d MIL:486bd1410100000000c6
1789379972.7215,817.185,3374.0,313.3,13.73,18.79,18.00,2.40,17.3,51.3,3.60,14.10,0.000,78.0,39.0,1,0,0,0,0,0,0,NONE,,RPM:486bd1410c34b8bd TPS:486bd1411123f9 ADV:486bd1410ea477 MIL:486bd1410100000000c6
1789379972.9944,817.458,3585.0,773.0,15.69,7.18,23.00,2.40,17.3,52.4,3.60,14.10,0.000,78.0,39.0,1,0,0,0,0,0,0,NONE,,RPM:486bd1410c38040d TPS:486bd1411128fe ADV:486bd1410eae81 MIL:486bd1410100000000c6
1789379973.2647,817.729,3688.0,381.1,17.65,7.25,25.50,2.40,17.3,53.5,3.60,14.10,0.000,78.0,39.0,1,0,0,0,0,0,0,NONE,,RPM:486bd1410c39a0aa TPS:486bd141112d03 ADV:486bd1410eb386 MIL:486bd1410100000000c6
1789379973.7191,818.183,4257.0,1252.3,40.00,49.20,18.50,2.40,17.3,66.5,3.60,14.10,0.000,78.0,39.0,1,0,0,0,0,0,0,NONE,,RPM:486bd1410c428497 TPS:486bd14111663c ADV:486bd1410ea578 MIL:486bd1410100000000c6
1789379974.0180,818.482,4679.0,1411.7,39.61,-1.31,23.00,2.40,17.3,66.3,3.60,14.10,0.000,78.0,39.0,1,0,0,0,0,0,0,NONE,,RPM:486bd1410c491c36 TPS:486bd14111653b ADV:486bd1410eae81 MIL:486bd1410100000000c6
1789379974.5006,818.964,4623.0,-116.0,3.53,-74.76,60.00,2.40,17.3,45.3,3.60,14.10,0.000,78.0,39.0,1,0,0,0,0,0,0,NONE,,RPM:486bd1410c483c55 TPS:486bd1411109df ADV:486bd1410ef8cb MIL:486bd1410100000000c6
1789379974.7686,819.232,4501.0,-455.2,3.53,0.00,60.00,2.40,17.3,45.3,3.60,14.10,0.000,78.0,39.0,1,0,0,0,0,0,0,NONE,,RPM:486bd1410c46546b TPS:486bd1411109df ADV:486bd1410ef8cb MIL:486bd1410100000000c6
1789379975.0408,819.505,4351.0,-551.1,3.53,0.00,60.00,2.40,17.3,45.3,3.60,14.10,0.000,78.0,39.0,1,0,0,0,0,0,0,NONE,,RPM:486bd1410c43fc10 TPS:486bd1411109df ADV:486bd1410ef8cb MIL:486bd1410100000000c6
1789379975.3598,819.824,4228.0,-385.6,3.53,0.00,60.00,2.40,10.6,45.3,3.00,14.10,0.000,78.0,39.0,1,0,0,0,0,0,0,NONE,,RPM:486bd1410c421023 TPS:486bd1411109df ADV:486bd1410ef8cb MIL:486bd1410100000000c6
1789379975.7018,820.166,4022.0,-602.4,3.53,0.00,59.00,2.40,10.6,45.3,3.00,14.10,0.000,78.0,39.0,1,0,0,0,0,0,0,NONE,,RPM:486bd1410c3ed8e7 TPS:486bd1411109df ADV:486bd1410ef6c9 MIL:486bd1410100000000c6
1789379975.9715,820.435,3904.0,-437.4,3.53,0.00,58.00,2.40,10.6,45.3,3.00,14.10,0.000,78.0,39.0,1,0,0,0,0,0,0,NONE,,RPM:486bd1410c3d000e TPS:486bd1411109df ADV:486bd1410ef4c7 MIL:486bd1410100000000c6
1789379976.4667,820.931,3720.0,-371.6,3.92,0.79,56.50,2.40,10.6,45.6,3.00,14.10,0.000,78.0,39.0,1,0,0,0,0,0,0,NONE,,RPM:486bd1410c3a202b TPS:486bd141110ae0 ADV:486bd1410ef1c4 MIL:486bd1410100000000c6
1789379976.7379,821.202,3633.0,-320.8,3.92,0.00,55.50,2.40,10.6,45.6,3.00,14.10,0.000,78.0,39.0,1,0,0,0,0,0,0,NONE,,RPM:486bd1410c38c4cd TPS:486bd141110ae0 ADV:486bd1410eefc2 MIL:486bd1410100000000c6
1789379977.0235,821.487,3420.0,-745.6,3.53,-1.37,53.00,2.40,10.6,45.3,3.00,14.10,0.000,78.0,39.0,1,0,0,0,0,0,0,NONE,,RPM:486bd1410c357076 TPS:486bd1411109df ADV:486bd1410eeabd MIL:486bd1410100000000c6
1789379977.3255,821.789,3326.0,-311.3,3.53,0.00,51.00,2.40,10.6,45.3,3.00,14.10,0.000,78.0,39.0,1,0,0,0,0,0,0,NONE,,RPM:486bd1410c33f8fc TPS:486bd1411109df ADV:486bd1410ee6b9 MIL:486bd1410100000000c6
1789379977.7459,822.210,3174.0,-361.6,3.53,0.00,48.00,2.40,10.6,45.3,3.00,14.10,0.000,78.0,39.0,1,0,0,0,0,0,0,NONE,,RPM:486bd1410c31989a TPS:486bd1411109df ADV:486bd1410ee0b3 MIL:486bd1410100000000c6
1789379978.0483,822.512,3036.0,-456.4,3.53,0.00,43.50,2.40,10.6,45.3,3.00,14.10,0.000,78.0,39.0,1,0,0,0,0,0,0,NONE,,RPM:486bd1410c2f7070 TPS:486bd1411109df ADV:486bd1410ed7aa MIL:486bd1410100000000c6
1789379978.4991,822.963,2862.0,-385.9,4.31,1.74,39.00,2.40,10.6,45.8,3.00,14.10,0.000,78.0,39.0,1,0,0,0,0,0,0,NONE,,RPM:486bd1410c2cb8b5 TPS:486bd141110be1 ADV:486bd1410ecea1 MIL:486bd1410100000000c6
1789379978.7666,823.230,2948.0,321.5,8.63,16.13,8.00,2.40,10.6,48.3,3.00,14.10,0.000,78.0,39.0,1,0,0,0,0,0,0,NONE,,RPM:486bd1410c2e100f TPS:486bd1411116ec ADV:486bd1410e9063 MIL:486bd1410100000000c6
1789379979.0396,823.503,2930.0,-65.9,19.22,38.79,8.00,2.40,10.6,54.4,3.00,14.10,0.000,78.0,39.0,1,0,0,0,0,0,0,NONE,,RPM:486bd1410c2dc8c6 TPS:486bd141113107 ADV:486bd1410e9063 MIL:486bd1410100000000c6
1789379979.3437,823.808,3148.0,716.9,28.24,29.66,11.50,2.40,69.4,59.7,8.30,14.10,0.000,78.0,39.0,1,0,0,0,0,0,0,NONE,,RPM:486bd1410c313032 TPS:486bd14111481e ADV:486bd1410e976a MIL:486bd1410100000000c6
1789379979.6531,824.117,3538.0,1260.4,38.43,32.95,12.50,2.40,69.4,65.6,8.30,14.10,0.000,78.0,39.0,1,0,0,0,0,0,0,NONE,,RPM:486bd1410c374850 TPS:486bd141116238 ADV:486bd1410e996c MIL:486bd1410100000000c6
1789379979.9175,824.381,3883.0,1304.8,41.57,11.87,15.00,2.40,69.4,67.4,8.30,14.10,0.000,78.0,39.0,1,0,0,0,0,0,0,NONE,,RPM:486bd1410c3cacb9 TPS:486bd141116a40 ADV:486bd1410e9e71 MIL:486bd1410100000000c6
1789379980.4132,824.877,4464.0,1172.1,41.57,0.00,21.50,2.40,69.4,67.4,8.30,14.10,0.000,78.0,39.0,1,0,0,0,0,0,0,NONE,,RPM:486bd1410c45c0d6 TPS: ADV:486bd1410eab7e MIL:486bd1410100000000c6
1789379980.8645,825.328,4947.0,1070.3,33.73,-17.38,29.00,2.40,69.4,62.9,8.30,14.10,0.000,78.0,39.0,1,0,0,0,0,0,0,NONE,,RPM:486bd1410c4d4c6a TPS:486bd14111562c ADV:486bd1410eba8d MIL:486bd1410100000000c6
1789379981.1640,825.628,4481.0,-1555.7,3.53,-100.81,60.00,2.40,69.4,45.3,8.30,14.10,0.000,78.0,39.0,1,0,0,0,0,0,0,NONE,,RPM:486bd1410c46041b TPS:486bd1411109df ADV:486bd1410ef8cb MIL:486bd1410100000000c6
1789379981.4357,825.900,4671.0,699.3,3.53,0.00,32.02,2.40,69.4,45.3,8.30,14.10,0.000,78.0,39.0,1,0,0,0,0,0,0,NONE,,RPM:486bd1410c48fc15 TPS:486bd1411109df ADV: MIL:486bd1410100000000c6
1789379982.0410,826.505,4063.0,-1004.4,3.53,0.00,59.00,2.40,69.4,45.3,8.30,14.10,0.000,78.0,39.0,1,0,0,0,0,0,0,NONE,,RPM:486bd1410c3f7c8c TPS:486bd1411109df ADV:486bd1410ef6c9 MIL:486bd1410100000000c6
1789379982.3198,826.784,3662.0,-1438.7,3.53,0.00,55.50,2.40,69.4,45.3,8.30,14.10,0.000,78.0,39.0,1,0,0,0,0,0,0,NONE,,RPM:486bd1410c393842 TPS:486bd1411109df ADV:486bd1410eefc2 MIL:486bd1410100000000c6
1789379982.7542,827.218,3228.0,-998.9,3.53,0.00,48.00,2.40,69.4,45.3,8.30,14.10,0.000,78.0,39.0,1,0,0,0,0,0,0,NONE,,RPM:486bd1410c327073 TPS:486bd1411109df ADV:486bd1410ee0b3 MIL:486bd1410100000000c6
1789379983.0439,827.508,2875.0,-1218.7,3.53,0.00,38.00,2.40,69.4,45.3,8.30,14.10,0.000,78.0,39.0,1,0,0,0,0,0,0,NONE,,RPM:486bd1410c2cece9 TPS:486bd1411109df ADV:486bd1410ecc9f MIL:486bd1410100000000c6
1789379983.3138,827.778,2621.0,-941.1,3.53,0.00,19.00,2.40,69.4,45.3,8.30,14.10,0.000,78.0,39.0,1,0,0,0,0,0,0,NONE,,RPM:486bd1410c28f4ed TPS:486bd1411109df ADV:486bd1410ea679 MIL:486bd1410100000000c6
1789379983.5866,828.050,1768.0,-3127.4,3.14,-1.44,10.00,2.40,26.3,45.1,4.42,14.10,0.000,78.0,39.0,1,0,0,0,0,0,0,NONE,,RPM:486bd1410c1ba08c TPS:486bd1411108de ADV:486bd1410e9467 MIL:486bd1410100000000c6
1789379983.8742,828.338,1166.0,-2093.1,3.14,0.00,10.50,2.40,26.3,45.1,4.42,14.10,0.000,78.0,39.0,1,0,0,0,0,0,0,NONE,,RPM:486bd1410c12381b TPS:486bd1411108de ADV:486bd1410e9568 MIL:486bd1410100000000c6
1789379984.1459,828.610,1269.0,379.1,3.14,0.00,10.50,2.40,26.3,45.1,4.42,14.10,0.000,78.0,39.0,1,0,0,0,0,0,0,NONE,,RPM:486bd1410c13d4b8 TPS:486bd1411108de ADV:486bd1410e9568 MIL:486bd1410100000000c6
1789379984.5789,829.043,1288.0,43.9,3.14,0.00,10.00,2.40,26.3,45.1,4.42,14.10,0.000,78.0,39.0,1,0,0,0,0,0,0,NONE,,RPM:486bd1410c142005 TPS:486bd1411108de ADV:486bd1410e9467 MIL:486bd1410100000000c6
1789379984.8482,829.312,1282.0,-22.3,3.14,0.00,10.00,2.40,26.3,45.1,4.42,14.10,0.000,78.0,40.0,1,0,0,0,0,0,0,NONE,,RPM:486bd1410c1408ed TPS:486bd1411108de ADV:486bd1410e9467 MIL:486bd1410100000000c6
1789379985.1203,829.584,1347.0,238.8,3.14,0.00,10.50,2.40,26.3,45.1,4.42,14.10,0.000,78.0,40.0,1,0,0,0,0,0,0,NONE,,RPM:486bd1410c150cf2 TPS:486bd1411108de ADV:486bd1410e9568 MIL:486bd1410100000000c6
1789379985.4229,829.887,1325.0,-72.7,3.14,0.00,8.00,2.40,26.3,45.1,4.42,14.10,0.000,78.0,40.0,1,0,0,0,0,0,0,NONE,,RPM:486bd1410c14b499 TPS:486bd1411108de ADV:486bd1410e9063 MIL:486bd1410100000000c6
1789379985.9398,830.404,1344.0,36.8,3.14,0.00,8.50,2.40,26.3,45.1,4.42,14.10,0.000,78.0,40.0,1,0,0,0,0,0,0,NONE,,RPM:486bd1410c1500e6 TPS:486bd1411108de ADV:486bd1410e9164 MIL:486bd1410100000000c6
1789379986.2084,830.672,1342.0,-7.4,3.14,0.00,8.50,2.40,26.3,45.1,4.42,14.10,0.000,78.0,40.0,1,0,0,0,0,0,0,NONE,,RPM:486bd1410c14f8dd TPS:486bd1411108de ADV:486bd1410e9164 MIL:486bd1410100000000c6
1789379986.7236,831.187,1357.0,29.1,3.14,0.00,8.50,2.40,26.3,45.1,4.42,14.10,0.000,78.0,40.0,1,0,0,0,0,0,0,NONE,,RPM:486bd1410c15341a TPS:486bd1411108de ADV:486bd1410e9164 MIL:486bd1410100000000c6
1789379986.9911,831.455,1317.0,-149.5,3.53,1.47,8.50,2.40,26.3,45.3,4.39,14.10,0.000,79.0,40.0,1,0,0,0,0,0,0,NONE,,RPM:486bd1410c149479 TPS:486bd1411109df ADV:486bd1410e9164 MIL:486bd1410100000000c6
1789379987.2642,831.728,1317.0,0.0,3.14,-1.44,8.50,2.40,26.3,45.1,4.39,14.10,0.000,79.0,40.0,1,0,0,0,0,0,0,NONE,,RPM:486bd1410c149479 TPS:486bd1411108de ADV:486bd1410e9164 MIL:486bd1410100000000c6
1789379987.5835,832.047,1332.0,47.0,3.14,0.00,8.50,2.40,23.5,45.1,4.14,14.10,0.000,79.0,40.0,1,0,0,0,0,0,0,NONE,,RPM:486bd1410c14d0b5 TPS:486bd1411108de ADV:486bd1410e9164 MIL:486bd1410100000000c6
1789379987.8711,832.335,1368.0,125.2,3.14,0.00,8.50,2.40,23.5,45.1,4.14,14.10,0.000,79.0,40.0,1,0,0,0,0,0,0,NONE,,RPM:486bd1410c156046 TPS:486bd1411108de ADV:486bd1410e9164 MIL:486bd1410100000000c6
1789379988.1752,832.639,1364.0,-13.2,3.14,0.00,8.50,2.40,23.5,45.1,4.14,14.10,0.000,79.0,40.0,1,0,0,0,0,0,0,NONE,,RPM:486bd1410c155036 TPS:486bd1411108de ADV:486bd1410e9164 MIL:486bd1410100000000c6
1789379988.6377,833.102,1356.0,-17.3,3.14,0.00,8.50,2.40,23.5,45.1,4.14,14.10,0.000,79.0,40.0,1,0,0,0,0,0,0,NONE,,RPM:486bd1410c153016 TPS:486bd1411108de ADV:486bd1410e9164 MIL:486bd1410100000000c6
1789379988.9105,833.374,1342.0,-51.3,3.14,0.00,8.50,2.40,23.5,45.1,4.14,14.10,0.000,79.0,41.0,1,0,0,0,0,0,0,NONE,,RPM:486bd1410c14f8dd TPS:486bd1411108de ADV:486bd1410e9164 MIL:486bd1410100000000c6
1789379989.1818,833.646,1368.0,95.8,3.14,0.00,8.50,2.40,23.5,45.1,4.14,14.10,0.000,79.0,41.0,1,0,0,0,0,0,0,NONE,,RPM:486bd1410c156046 TPS:486bd1411108de ADV:486bd1410e9164 MIL:486bd1410100000000c6
1789379989.4564,833.920,1366.0,-7.3,3.14,0.00,8.00,2.40,23.5,45.1,4.14,14.10,0.000,79.0,41.0,1,0,0,0,0,0,0,NONE,,RPM:486bd1410c15583e TPS:486bd1411108de ADV:486bd1410e9063 MIL:486bd1410100000000c6
1789379989.9298,834.394,1375.0,19.0,3.14,0.00,8.50,2.40,23.5,45.1,4.14,14.10,0.000,79.0,41.0,1,0,0,0,0,0,0,NONE,,RPM:486bd1410c157c62 TPS:486bd1411108de ADV:486bd1410e9164 MIL:486bd1410100000000c6
1789379990.2041,834.668,1346.0,-105.7,3.14,0.00,8.50,2.40,23.5,45.1,4.14,14.10,0.000,79.0,41.0,1,0,0,0,0,0,0,NONE,,RPM:486bd1410c1508ee TPS:486bd1411108de ADV:486bd1410e9164 MIL:486bd1410100000000c6
1789379990.6555,835.119,1352.0,13.3,3.14,0.00,8.50,2.40,23.5,45.1,4.14,14.10,0.000,79.0,41.0,1,0,0,0,0,0,0,NONE,,RPM:486bd1410c152006 TPS:486bd1411108de ADV:486bd1410e9164 MIL:486bd1410100000000c6
1789379990.9522,835.416,1375.0,77.5,3.14,0.00,8.50,2.40,23.5,45.1,4.14,14.10,0.000,79.0,41.0,1,0,0,0,0,0,0,NONE,,RPM:486bd1410c157c62 TPS:486bd1411108de ADV:486bd1410e9164 MIL:486bd1410100000000c6
1789379991.2273,835.691,1357.0,-65.4,3.14,0.00,8.50,2.40,23.5,45.1,4.14,14.10,0.000,79.0,41.0,1,0,0,0,0,0,0,NONE,,RPM:486bd1410c15341a TPS:486bd1411108de ADV:486bd1410e9164 MIL:486bd1410100000000c6
1789379991.5306,835.994,1351.0,-19.8,3.14,0.00,8.50,2.40,23.1,45.1,4.11,14.10,0.000,79.0,41.0,1,0,0,0,0,0,0,NONE,,RPM:486bd1410c151c02 TPS:486bd1411108de ADV:486bd1410e9164 MIL:486bd1410100000000c6
1789379991.8190,836.283,1325.0,-90.1,3.14,0.00,8.00,2.40,23.1,45.1,4.11,14.10,0.000,79.0,41.0,1,0,0,0,0,0,0,NONE,,RPM:486bd1410c14b499 TPS:486bd1411108de ADV:486bd1410e9063 MIL:486bd1410100000000c6
1789379992.1303,836.594,1381.0,179.9,3.14,0.00,8.50,2.40,23.1,45.1,4.11,14.10,0.000,79.0,41.0,1,0,0,0,0,0,0,NONE,,RPM:486bd1410c15947a TPS:486bd1411108de ADV:486bd1410e9164 MIL:486bd1410100000000c6
1789379992.5790,837.043,1392.0,24.5,3.14,0.00,8.00,2.40,23.1,45.1,4.11,14.10,0.000,79.0,41.0,1,0,0,0,0,0,0,NONE,,RPM:486bd1410c15c0a6 TPS:486bd1411108de ADV:486bd1410e9063 MIL:486bd1410100000000c6
1789379992.8557,837.320,1374.0,-65.1,3.14,0.00,8.00,2.40,23.1,45.1,4.11,14.10,0.000,79.0,43.0,1,0,0,0,0,0,0,NONE,,RPM:486bd1410c15785e TPS:486bd1411108de ADV:486bd1410e9063 MIL:486bd1410100000000c6
1789379993.1436,837.607,1327.0,-163.3,3.14,0.00,8.50,2.40,23.1,45.1,4.11,14.10,0.000,79.0,43.0,1,0,0,0,0,0,0,NONE,,RPM:486bd1410c14bca1 TPS:486bd1411108de ADV:486bd1410e9164 MIL:486bd1410100000000c6
1789379993.4642,837.928,1377.0,155.9,3.14,0.00,8.50,2.40,23.1,45.1,4.11,14.10,0.000,79.0,43.0,1,0,0,0,0,0,0,NONE,,RPM:486bd1410c15846a TPS:486bd1411108de ADV:486bd1410e9164 MIL:486bd1410100000000c6
1789379993.9296,838.393,1325.0,-111.7,3.14,0.00,9.00,2.40,23.1,45.1,4.11,14.10,0.000,79.0,43.0,1,0,0,0,0,0,0,NONE,,RPM:486bd1410c14b499 TPS:486bd1411108de ADV:486bd1410e9265 MIL:486bd1410100000000c6
1789379994.1993,838.663,1338.0,48.2,3.14,0.00,8.50,2.40,23.1,45.1,4.11,14.10,0.000,79.0,43.0,1,0,0,0,0,0,0,NONE,,RPM:486bd1410c14e8cd TPS:486bd1411108de ADV:486bd1410e9164 MIL:486bd1410100000000c6
1789379994.6396,839.103,1340.0,4.5,3.14,0.00,8.50,2.40,23.1,45.1,4.11,14.10,0.000,79.0,43.0,1,0,0,0,0,0,0,NONE,,RPM:486bd1410c14f0d5 TPS:486bd1411108de ADV:486bd1410e9164 MIL:486bd1410100000000c6
1789379994.9200,839.384,1354.0,49.9,3.14,0.00,8.50,2.40,23.1,45.1,4.08,14.10,0.000,80.0,43.0,1,0,0,0,0,0,0,NONE,,RPM:486bd1410c15280e TPS:486bd1411108de ADV:486bd1410e9164 MIL:486bd1410100000000c6
1789379995.2270,839.691,1310.0,-143.3,3.14,0.00,8.00,2.40,23.1,45.1,4.08,14.10,0.000,80.0,43.0,1,0,0,0,0,0,0,NONE,,RPM:486bd1410c14785d TPS:486bd1411108de ADV:486bd1410e9063 MIL:486bd1410100000000c6
1789379995.4951,839.959,1320.0,37.3,3.14,0.00,8.50,2.40,22.7,45.1,4.05,14.10,0.000,80.0,43.0,1,0,0,0,0,0,0,NONE,,RPM:486bd1410c14a085 TPS:486bd1411108de ADV:486bd1410e9164 MIL:486bd1410100000000c6
1789379995.8142,840.278,1334.0,43.9,3.14,0.00,8.50,2.40,22.7,45.1,4.05,14.10,0.000,80.0,43.0,1,0,0,0,0,0,0,NONE,,RPM:486bd1410c14d8bd TPS:486bd1411108de ADV:486bd1410e9164 MIL:486bd1410100000000c6
1789379996.0914,840.555,1331.0,-10.8,3.14,0.00,8.50,2.40,22.7,45.1,4.05,14.10,0.000,80.0,43.0,1,0,0,0,0,0,0,NONE,,RPM:486bd1410c14ccb1 TPS:486bd1411108de ADV:486bd1410e9164 MIL:486bd1410100000000c6
1789379996.5537,841.018,1363.0,69.2,3.14,0.00,8.50,2.40,22.7,45.1,4.05,14.10,0.000,80.0,43.0,1,0,0,0,0,0,0,NONE,,RPM:486bd1410c154c32 TPS:486bd1411108de ADV:486bd1410e9164 MIL:486bd1410100000000c6
1789379996.8246,841.288,1336.0,-99.7,3.14,0.00,8.50,2.40,22.7,45.1,4.05,14.10,0.000,80.0,45.0,1,0,0,0,0,0,0,NONE,,RPM:486bd1410c14e0c5 TPS:486bd1411108de ADV:486bd1410e9164 MIL:486bd1410100000000c6
1789379997.1581,841.622,1332.0,-12.0,3.14,0.00,8.00,2.40,22.7,45.1,4.05,14.10,0.000,80.0,45.0,1,0,0,0,0,0,0,NONE,,RPM:486bd1410c14d0b5 TPS:486bd1411108de ADV:486bd1410e9063 MIL:486bd1410100000000c6
1789379997.4703,841.934,1347.0,48.1,3.14,0.00,8.50,2.40,22.7,45.1,4.05,14.10,0.000,80.0,45.0,1,0,0,0,0,0,0,NONE,,RPM:486bd1410c150cf2 TPS:486bd1411108de ADV:486bd1410e9164 MIL:486bd1410100000000c6
1789379997.9409,842.405,1343.0,-8.5,3.14,0.00,8.50,2.40,22.7,45.1,4.05,14.10,0.000,80.0,45.0,1,0,0,0,0,0,0,NONE,,RPM:486bd1410c14fce1 TPS:486bd1411108de ADV:486bd1410e9164 MIL:486bd1410100000000c6
1789379998.2493,842.713,1353.0,32.4,3.14,0.00,8.50,2.40,22.7,45.1,4.05,14.10,0.000,80.0,45.0,1,0,0,0,0,0,0,NONE,,RPM:486bd1410c15240a TPS:486bd1411108de ADV:486bd1410e9164 MIL:486bd1410100000000c6
1789379998.7318,843.196,1339.0,-29.0,3.14,0.00,8.50,2.40,22.7,45.1,4.05,14.10,0.000,80.0,45.0,1,0,0,0,0,0,0,NONE,,RPM:486bd1410c14ecd1 TPS:486bd1411108de ADV:486bd1410e9164 MIL:486bd1410100000000c6
1789379999.0273,843.491,1331.0,-27.1,3.14,0.00,8.50,2.40,22.7,45.1,4.05,14.10,0.000,80.0,45.0,1,0,0,0,0,0,0,NONE,,RPM:486bd1410c14ccb1 TPS:486bd1411108de ADV:486bd1410e9164 MIL:486bd1410100000000c6
1789379999.2982,843.762,1363.0,118.1,3.14,0.00,8.50,2.40,22.7,45.1,4.05,14.10,0.000,80.0,45.0,1,0,0,0,0,0,0,NONE,,RPM:486bd1410c154c32 TPS:486bd1411108de ADV:486bd1410e9164 MIL:486bd1410100000000c6
1789379999.5877,844.052,1326.0,-127.8,3.14,0.00,8.50,2.40,22.7,45.1,4.05,14.10,0.000,80.0,45.0,1,0,0,0,0,0,0,NONE,,RPM:486bd1410c14b89d TPS:486bd1411108de ADV:486bd1410e9164 MIL:486bd1410100000000c6
1789379999.8725,844.336,1333.0,24.6,3.14,0.00,8.50,2.40,22.7,45.1,4.05,14.10,0.000,80.0,45.0,1,0,0,0,0,0,0,NONE,,RPM:486bd1410c14d4b9 TPS:486bd1411108de ADV:486bd1410e9164 MIL:486bd1410100000000c6
1789380000.2037,844.668,1382.0,147.9,3.14,0.00,8.50,2.40,22.7,45.1,4.05,14.10,0.000,80.0,45.0,1,0,0,0,0,0,0,NONE,,RPM:486bd1410c15987e TPS:486bd1411108de ADV:486bd1410e9164 MIL:486bd1410100000000c6
1789380000.6852,845.149,1318.0,-132.9,3.14,0.00,8.50,2.40,22.7,45.1,4.05,14.10,0.000,80.0,45.0,1,0,0,0,0,0,0,NONE,,RPM:486bd1410c14987d TPS:486bd1411108de ADV:486bd1410e9164 MIL:486bd1410100000000c6
1789380000.9766,845.441,1357.0,133.8,3.14,0.00,8.50,2.40,22.7,45.1,4.05,14.10,0.000,80.0,46.0,1,0,0,0,0,0,0,NONE,,RPM:486bd1410c15341a TPS:486bd1411108de ADV:486bd1410e9164 MIL:486bd1410100000000c6
1789380001.2855,845.749,1341.0,-51.8,3.14,0.00,9.00,2.40,22.7,45.1,4.05,14.10,0.000,80.0,46.0,1,0,0,0,0,0,0,NONE,,RPM:486bd1410c14f4d9 TPS:486bd1411108de ADV:486bd1410e9265 MIL:486bd1410100000000c6
1789380001.5835,846.047,1351.0,33.5,3.14,0.00,9.00,2.40,22.7,45.1,4.05,14.10,0.000,80.0,46.0,1,0,0,0,0,0,0,NONE,,RPM:486bd1410c151c02 TPS:486bd1411108de ADV:486bd1410e9265 MIL:486bd1410100000000c6
1789380002.0195,846.483,1332.0,-43.6,3.14,0.00,9.00,2.40,22.7,45.1,4.05,14.10,0.000,80.0,46.0,1,0,0,0,0,0,0,NONE,,RPM:486bd1410c14d0b5 TPS:486bd1411108de ADV:486bd1410e9265 MIL:486bd1410100000000c6
1789380002.2994,846.763,1345.0,46.4,3.14,0.00,9.00,2.40,22.7,45.1,4.05,14.10,0.000,80.0,46.0,1,0,0,0,0,0,0,NONE,,RPM:486bd1410c1504ea TPS:486bd1411108de ADV:486bd1410e9265 MIL:486bd1410100000000c6
1789380002.7501,847.214,1334.0,-24.4,3.14,0.00,8.50,2.40,22.7,45.1,4.05,14.10,0.000,80.0,46.0,1,0,0,0,0,0,0,NONE,,RPM:486bd1410c14d8bd TPS:486bd1411108de ADV:486bd1410e9164 MIL:486bd1410100000000c6
1789380003.0878,847.552,1308.0,-77.0,3.14,0.00,8.50,2.40,22.7,45.1,4.02,14.10,0.000,81.0,46.0,1,0,0,0,0,0,0,NONE,,RPM:486bd1410c147055 TPS:486bd1411108de ADV:486bd1410e9164 MIL:486bd1410100000000c6
1789380003.3753,847.839,1381.0,253.9,3.14,0.00,8.50,2.40,22.7,45.1,4.02,14.10,0.000,81.0,46.0,1,0,0,0,0,0,0,NONE,,RPM:486bd1410c15947a TPS:486bd1411108de ADV:486bd1410e9164 MIL:486bd1410100000000c6
1789380003.6634,848.127,1315.0,-229.0,3.14,0.00,8.50,2.40,23.1,45.1,4.06,14.10,0.000,81.0,46.0,1,0,0,0,0,0,0,NONE,,RPM:486bd1410c148c71 TPS:486bd1411108de ADV:486bd1410e9164 MIL:486bd1410100000000c6
1789380003.9346,848.399,1366.0,188.0,3.14,0.00,8.50,2.40,23.1,45.1,4.06,14.10,0.000,81.0,46.0,1,0,0,0,0,0,0,NONE,,RPM:486bd1410c15583e TPS:486bd1411108de ADV:486bd1410e9164 MIL:486bd1410100000000c6
1789380004.2212,848.685,1376.0,34.9,3.14,0.00,8.50,2.40,23.1,45.1,4.06,14.10,0.000,81.0,46.0,1,0,0,0,0,0,0,NONE,,RPM:486bd1410c158066 TPS:486bd1411108de ADV:486bd1410e9164 MIL:486bd1410100000000c6
1789380004.7036,849.167,1376.0,0.0,3.14,0.00,8.50,2.40,23.1,45.1,4.06,14.10,0.000,81.0,46.0,1,0,0,0,0,0,0,NONE,,RPM:486bd1410c158066 TPS:486bd1411108de ADV:486bd1410e9164 MIL:486bd1410100000000c6
1789380004.9865,849.450,1327.0,-173.2,3.14,0.00,8.50,2.40,23.1,45.1,4.06,14.10,0.000,81.0,47.0,1,0,0,0,0,0,0,NONE,,RPM:486bd1410c14bca1 TPS:486bd1411108de ADV:486bd1410e9164 MIL:486bd1410100000000c6
1789380005.2852,849.749,1341.0,46.9,3.14,0.00,9.00,2.40,23.1,45.1,4.06,14.10,0.000,81.0,47.0,1,0,0,0,0,0,0,NONE,,RPM:486bd1410c14f4d9 TPS:486bd1411108de ADV:486bd1410e9265 MIL:486bd1410100000000c6
1789380005.5852,850.049,1349.0,26.7,3.14,0.00,8.50,2.40,23.1,45.1,4.06,14.10,0.000,81.0,47.0,1,0,0,0,0,0,0,NONE,,RPM:486bd1410c1514fa TPS:486bd1411108de ADV:486bd1410e9164 MIL:486bd1410100000000c6
1789380006.0226,850.486,1353.0,9.1,3.14,0.00,8.50,2.40,23.1,45.1,4.06,14.10,0.000,81.0,47.0,1,0,0,0,0,0,0,NONE,,RPM:486bd1410c15240a TPS:486bd1411108de ADV:486bd1410e9164 MIL:486bd1410100000000c6
1789380006.2934,850.757,1357.0,14.8,3.14,0.00,8.50,2.40,23.1,45.1,4.06,14.10,0.000,81.0,47.0,1,0,0,0,0,0,0,NONE,,RPM:486bd1410c15341a TPS:486bd1411108de ADV:486bd1410e9164 MIL:486bd1410100000000c6
1789380006.7395,851.203,1338.0,-42.6,3.14,0.00,8.50,2.40,23.1,45.1,4.06,14.10,0.000,81.0,47.0,1,0,0,0,0,0,0,NONE,,RPM:486bd1410c14e8cd TPS:486bd1411108de ADV:486bd1410e9164 MIL:486bd1410100000000c6
1789380007.0820,851.546,1357.0,55.5,3.14,0.00,8.50,2.40,23.1,45.1,4.06,14.10,0.000,81.0,47.0,1,0,0,0,0,0,0,NONE,,RPM:486bd1410c15341a TPS:486bd1411108de ADV:486bd1410e9164 MIL:486bd1410100000000c6
1789380007.3687,851.833,1344.0,-45.3,3.14,0.00,8.50,2.40,23.1,45.1,4.06,14.10,0.000,81.0,47.0,1,0,0,0,0,0,0,NONE,,RPM:486bd1410c1500e6 TPS:486bd1411108de ADV:486bd1410e9164 MIL:486bd1410100000000c6
1789380007.6408,852.105,1325.0,-69.8,3.14,0.00,8.50,2.40,22.4,45.1,3.99,14.10,0.000,81.0,47.0,1,0,0,0,0,0,0,NONE,,RPM:486bd1410c14b499 TPS:486bd1411108de ADV:486bd1410e9164 MIL:486bd1410100000000c6
1789380007.9133,852.377,1341.0,58.7,3.14,0.00,8.50,2.40,22.4,45.1,3.99,14.10,0.000,81.0,47.0,1,0,0,0,0,0,0,NONE,,RPM:486bd1410c14f4d9 TPS:486bd1411108de ADV:486bd1410e9164 MIL:486bd1410100000000c6
1789380008.1851,852.649,1325.0,-58.9,3.14,0.00,8.50,2.40,22.4,45.1,3.99,14.10,0.000,81.0,47.0,1,0,0,0,0,0,0,NONE,,RPM:486bd1410c14b499 TPS:486bd1411108de ADV:486bd1410e9164 MIL:486bd1410100000000c6
1789380008.6263,853.090,1355.0,68.0,3.14,0.00,8.50,2.40,22.4,45.1,3.99,14.10,0.000,81.0,47.0,1,0,0,0,0,0,0,NONE,,RPM:486bd1410c152c12 TPS:486bd1411108de ADV:486bd1410e9164 MIL:486bd1410100000000c6
1789380008.9417,853.406,1335.0,-63.4,3.14,0.00,9.00,2.40,22.4,45.1,3.99,14.10,0.000,81.0,48.0,1,0,0,0,0,0,0,NONE,,RPM:486bd1410c14dcc1 TPS:486bd1411108de ADV:486bd1410e9265 MIL:486bd1410100000000c6
1789380009.2083,853.672,1336.0,3.8,3.14,0.00,8.50,2.40,22.4,45.1,3.99,14.10,0.000,81.0,48.0,1,0,0,0,0,0,0,NONE,,RPM:486bd1410c14e0c5 TPS:486bd1411108de ADV:486bd1410e9164 MIL:486bd1410100000000c6
1789380009.5061,853.970,1349.0,43.6,3.14,0.00,8.50,2.40,22.4,45.1,3.99,14.10,0.000,81.0,48.0,1,0,0,0,0,0,0,NONE,,RPM:486bd1410c1514fa TPS:486bd1411108de ADV:486bd1410e9164 MIL:486bd1410100000000c6
1789380009.9605,854.424,1373.0,52.8,3.14,0.00,8.50,2.40,22.4,45.1,3.99,14.10,0.000,81.0,48.0,1,0,0,0,0,0,0,NONE,,RPM:486bd1410c15745a TPS:486bd1411108de ADV:486bd1410e9164 MIL:486bd1410100000000c6
1789380010.2633,854.727,1342.0,-102.4,3.14,0.00,8.50,2.40,22.4,45.1,3.99,14.10,0.000,81.0,48.0,1,0,0,0,0,0,0,NONE,,RPM:486bd1410c14f8dd TPS:486bd1411108de ADV:486bd1410e9164 MIL:486bd1410100000000c6
1789380010.7061,855.170,1362.0,45.2,3.14,0.00,8.50,2.40,22.4,45.1,3.99,14.10,0.000,81.0,48.0,1,0,0,0,0,0,0,NONE,,RPM:486bd1410c15482e TPS:486bd1411108de ADV:486bd1410e9164 MIL:486bd1410100000000c6
1789380010.9823,855.446,1324.0,-137.6,3.14,0.00,8.00,2.40,22.4,45.1,3.96,14.10,0.000,82.0,48.0,1,0,0,0,0,0,0,NONE,,RPM:486bd1410c14b095 TPS:486bd1411108de ADV:486bd1410e9063 MIL:486bd1410100000000c6
1789380011.2703,855.734,1333.0,31.3,3.14,0.00,8.50,2.40,22.4,45.1,3.96,14.10,0.000,82.0,48.0,1,0,0,0,0,0,0,NONE,,RPM:486bd1410c14d4b9 TPS:486bd1411108de ADV:486bd1410e9164 MIL:486bd1410100000000c6
1789380011.5597,856.024,1333.0,0.0,3.14,0.00,8.50,2.40,22.4,45.1,3.96,14.10,0.000,82.0,48.0,1,0,0,0,0,0,0,NONE,,RPM:486bd1410c14d4b9 TPS:486bd1411108de ADV:486bd1410e9164 MIL:486bd1410100000000c6
1789380011.8334,856.297,1326.0,-25.6,3.14,0.00,8.50,2.40,22.4,45.1,3.96,14.10,0.000,82.0,48.0,1,0,0,0,0,0,0,NONE,,RPM:486bd1410c14b89d TPS:486bd1411108de ADV:486bd1410e9164 MIL:486bd1410100000000c6
1789380012.1015,856.565,1367.0,152.9,3.14,0.00,9.00,2.40,22.4,45.1,3.96,14.10,0.000,82.0,48.0,1,0,0,0,0,0,0,NONE,,RPM:486bd1410c155c42 TPS:486bd1411108de ADV:486bd1410e9265 MIL:486bd1410100000000c6
1789380012.5788,857.043,1364.0,-6.3,3.14,0.00,8.50,2.40,22.4,45.1,3.96,14.10,0.000,82.0,48.0,1,0,0,0,0,0,0,NONE,,RPM:486bd1410c155036 TPS:486bd1411108de ADV:486bd1410e9164 MIL:486bd1410100000000c6
1789380012.8538,857.318,1324.0,-145.5,3.14,0.00,8.50,2.40,22.4,45.1,3.96,14.10,0.000,82.0,48.0,1,0,0,0,0,0,0,NONE,,RPM:486bd1410c14b095 TPS:486bd1411108de ADV:486bd1410e9164 MIL:486bd1410100000000c6
1789380013.1409,857.605,1363.0,135.8,3.14,0.00,8.50,2.40,22.4,45.1,3.96,14.10,0.000,82.0,48.0,1,0,0,0,0,0,0,NONE,,RPM:486bd1410c154c32 TPS:486bd1411108de ADV:486bd1410e9164 MIL:486bd1410100000000c6
1789380013.4273,857.891,1350.0,-45.4,3.14,0.00,9.00,2.40,22.4,45.1,3.96,14.10,0.000,82.0,48.0,1,0,0,0,0,0,0,NONE,,RPM:486bd1410c1518fe TPS:486bd1411108de ADV:486bd1410e9265 MIL:486bd1410100000000c6
1789380013.8783,858.342,1360.0,22.2,3.14,0.00,8.50,2.40,22.4,45.1,3.96,14.10,0.000,82.0,48.0,1,0,0,0,0,0,0,NONE,,RPM:486bd1410c154026 TPS:486bd1411108de ADV:486bd1410e9164 MIL:486bd1410100000000c6
1789380014.2219,858.686,1369.0,26.2,3.14,0.00,8.50,2.40,22.4,45.1,3.96,14.10,0.000,82.0,48.0,1,0,0,0,0,0,0,NONE,,RPM:486bd1410c15644a TPS:486bd1411108de ADV:486bd1410e9164 MIL:486bd1410100000000c6
1789380014.6664,859.130,1331.0,-85.5,3.14,0.00,8.50,2.40,22.4,45.1,3.96,14.10,0.000,82.0,48.0,1,0,0,0,0,0,0,NONE,,RPM:486bd1410c14ccb1 TPS:486bd1411108de ADV:486bd1410e9164 MIL:486bd1410100000000c6
1789380014.9323,859.396,1316.0,-56.4,3.14,0.00,8.50,2.40,22.4,45.1,3.94,14.10,0.000,83.0,48.0,1,0,0,0,0,0,0,NONE,,RPM:486bd1410c149075 TPS:486bd1411108de ADV:486bd1410e9164 MIL:486bd1410100000000c6
1789380015.2056,859.669,1319.0,11.0,3.14,0.00,8.50,2.40,22.4,45.1,3.94,14.10,0.000,83.0,48.0,1,0,0,0,0,0,0,NONE,,RPM:486bd1410c149c81 TPS:486bd1411108de ADV:486bd1410e9164 MIL:486bd1410100000000c6
1789380015.4759,859.940,1333.0,51.8,3.14,0.00,8.00,2.40,22.4,45.1,3.94,14.10,0.000,83.0,48.0,1,0,0,0,0,0,0,NONE,,RPM:486bd1410c14d4b9 TPS:486bd1411108de ADV:486bd1410e9063 MIL:486bd1410100000000c6
1789380015.7760,860.240,1362.0,96.6,3.14,0.00,10.00,2.40,22.4,45.1,3.94,14.10,0.000,83.0,48.0,1,0,0,0,0,0,0,NONE,,RPM:486bd1410c15482e TPS:486bd1411108de ADV:486bd1410e9467 MIL:486bd1410100000000c6
1789380016.0543,860.518,1410.0,172.5,3.14,0.00,8.50,2.40,22.4,45.1,3.94,14.10,0.000,83.0,48.0,1,0,0,0,0,0,0,NONE,,RPM:486bd1410c1608ef TPS:486bd1411108de ADV:486bd1410e9164 MIL:486bd1410100000000c6
1789380016.5115,860.975,1361.0,-107.2,3.14,0.00,8.50,2.40,22.4,45.1,3.94,14.10,0.000,83.0,48.0,1,0,0,0,0,0,0,NONE,,RPM:486bd1410c15442a TPS:486bd1411108de ADV:486bd1410e9164 MIL:486bd1410100000000c6
1789380016.8056,861.269,1321.0,-136.0,3.14,0.00,8.50,2.40,22.4,45.1,3.94,14.10,0.000,83.0,48.0,1,0,0,0,0,0,0,NONE,,RPM:486bd1410c14a489 TPS:486bd1411108de ADV:486bd1410e9164 MIL:486bd1410100000000c6
1789380017.1071,861.571,1327.0,19.9,3.14,0.00,8.50,2.40,22.4,45.1,3.94,14.10,0.000,83.0,48.0,1,0,0,0,0,0,0,NONE,,RPM:486bd1410c14bca1 TPS:486bd1411108de ADV:486bd1410e9164 MIL:486bd1410100000000c6
1789380017.3975,861.861,1317.0,-34.4,3.14,0.00,8.50,2.40,22.4,45.1,3.94,14.10,0.000,83.0,48.0,1,0,0,0,0,0,0,NONE,,RPM:486bd1410c149479 TPS:486bd1411108de ADV:486bd1410e9164 MIL:486bd1410100000000c6
1789380017.8646,862.328,1339.0,47.1,3.14,0.00,10.00,2.40,22.4,45.1,3.94,14.10,0.000,83.0,48.0,1,0,0,0,0,0,0,NONE,,RPM:486bd1410c14ecd1 TPS:486bd1411108de ADV:486bd1410e9467 MIL:486bd1410100000000c6
1789380018.1577,862.622,1341.0,6.8,3.14,0.00,8.00,2.40,22.4,45.1,3.94,14.10,0.000,83.0,48.0,1,0,0,0,0,0,0,NONE,,RPM:486bd1410c14f4d9 TPS:486bd1411108de ADV:486bd1410e9063 MIL:486bd1410100000000c6
1789380018.6137,863.078,1345.0,8.8,3.14,0.00,8.50,2.40,22.4,45.1,3.94,14.10,0.000,83.0,48.0,1,0,0,0,0,0,0,NONE,,RPM:486bd1410c1504ea TPS:486bd1411108de ADV:486bd1410e9164 MIL:486bd1410100000000c6
1789380018.9286,863.392,1349.0,12.7,3.14,0.00,8.50,2.40,22.4,45.1,3.92,14.10,0.000,84.0,48.0,1,0,0,0,0,0,0,NONE,,RPM:486bd1410c1514fa TPS:486bd1411108de ADV:486bd1410e9164 MIL:486bd1410100000000c6
1789380019.2160,863.680,1290.0,-205.3,3.14,0.00,8.50,2.40,22.4,45.1,3.92,14.10,0.000,84.0,48.0,1,0,0,0,0,0,0,NONE,,RPM:486bd1410c14280d TPS:486bd1411108de ADV:486bd1410e9164 MIL:486bd1410100000000c6
1789380019.4889,863.953,1347.0,208.8,3.14,0.00,8.50,2.40,22.7,45.1,3.95,14.10,0.000,84.0,48.0,1,0,0,0,0,0,0,NONE,,RPM:486bd1410c150cf2 TPS:486bd1411108de ADV:486bd1410e9164 MIL:486bd1410100000000c6
1789380019.7917,864.256,1312.0,-115.6,3.14,0.00,8.00,2.40,22.7,45.1,3.95,14.10,0.000,84.0,48.0,1,0,0,0,0,0,0,NONE,,RPM:486bd1410c148065 TPS:486bd1411108de ADV:486bd1410e9063 MIL:486bd1410100000000c6
1789380020.0628,864.527,1375.0,232.4,3.14,0.00,8.50,2.40,22.7,45.1,3.95,14.10,0.000,84.0,48.0,1,0,0,0,0,0,0,NONE,,RPM:486bd1410c157c62 TPS:486bd1411108de ADV:486bd1410e9164 MIL:486bd1410100000000c6
1789380020.5649,865.029,1360.0,-29.9,3.14,0.00,8.50,2.40,22.7,45.1,3.95,14.10,0.000,84.0,48.0,1,0,0,0,0,0,0,NONE,,RPM:486bd1410c154026 TPS:486bd1411108de ADV:486bd1410e9164 MIL:486bd1410100000000c6
1789380020.8349,865.299,1332.0,-103.7,3.14,0.00,8.50,2.40,22.7,45.1,3.95,14.10,0.000,84.0,48.0,1,0,0,0,0,0,0,NONE,,RPM:486bd1410c14d0b5 TPS:486bd1411108de ADV:486bd1410e9164 MIL:486bd1410100000000c6
1789380021.1147,865.579,1351.0,67.9,3.14,0.00,9.00,2.40,22.7,45.1,3.95,14.10,0.000,84.0,48.0,1,0,0,0,0,0,0,NONE,,RPM:486bd1410c151c02 TPS:486bd1411108de ADV:486bd1410e9265 MIL:486bd1410100000000c6
1789380021.3900,865.854,1361.0,36.3,3.14,0.00,8.50,2.40,22.7,45.1,3.95,14.10,0.000,84.0,48.0,1,0,0,0,0,0,0,NONE,,RPM:486bd1410c15442a TPS:486bd1411108de ADV:486bd1410e9164 MIL:486bd1410100000000c6
1789380021.8461,866.310,1339.0,-48.2,3.14,0.00,8.50,2.40,22.7,45.1,3.95,14.10,0.000,84.0,48.0,1,0,0,0,0,0,0,NONE,,RPM:486bd1410c14ecd1 TPS:486bd1411108de ADV:486bd1410e9164 MIL:486bd1410100000000c6
1789380022.1304,866.594,1356.0,59.8,3.14,0.00,8.50,2.40,22.7,45.1,3.95,14.10,0.000,84.0,48.0,1,0,0,0,0,0,0,NONE,,RPM:486bd1410c153016 TPS:486bd1411108de ADV:486bd1410e9164 MIL:486bd1410100000000c6
1789380022.6097,867.074,1334.0,-45.9,3.14,0.00,8.50,2.40,22.7,45.1,3.95,14.10,0.000,84.0,48.0,1,0,0,0,0,0,0,NONE,,RPM:486bd1410c14d8bd TPS:486bd1411108de ADV:486bd1410e9164 MIL:486bd1410100000000c6
1789380022.8757,867.340,1356.0,82.7,3.14,0.00,9.00,2.40,22.7,45.1,3.93,14.10,0.000,85.0,48.0,1,0,0,0,0,0,0,NONE,,RPM:486bd1410c153016 TPS:486bd1411108de ADV:486bd1410e9265 MIL:486bd1410100000000c6
1789380023.1804,867.644,1345.0,-36.1,3.14,0.00,8.50,2.40,22.7,45.1,3.93,14.10,0.000,85.0,48.0,1,0,0,0,0,0,0,NONE,,RPM:486bd1410c1504ea TPS:486bd1411108de ADV:486bd1410e9164 MIL:486bd1410100000000c6
1789380023.4514,867.915,1348.0,11.1,3.14,0.00,8.50,2.40,22.4,45.1,3.89,14.10,0.000,85.0,48.0,1,0,0,0,0,0,0,NONE,,RPM:486bd1410c1510f6 TPS:486bd1411108de ADV:486bd1410e9164 MIL:486bd1410100000000c6
1789380023.7240,868.188,1328.0,-73.4,3.14,0.00,9.00,2.40,22.4,45.1,3.89,14.10,0.000,85.0,48.0,1,0,0,0,0,0,0,NONE,,RPM:486bd1410c14c0a5 TPS:486bd1411108de ADV:486bd1410e9265 MIL:486bd1410100000000c6
1789380023.9952,868.459,1309.0,-70.0,3.14,0.00,8.50,2.40,22.4,45.1,3.89,14.10,0.000,85.0,48.0,1,0,0,0,0,0,0,NONE,,RPM:486bd1410c147459 TPS:486bd1411108de ADV:486bd1410e9164 MIL:486bd1410100000000c6
1789380024.4650,868.929,1298.0,-23.4,3.14,0.00,8.50,2.40,22.4,45.1,3.89,14.10,0.000,85.0,48.0,1,0,0,0,0,0,0,NONE,,RPM:486bd1410c14482d TPS:486bd1411108de ADV:486bd1410e9164 MIL:486bd1410100000000c6
1789380024.7343,869.198,1325.0,100.3,3.14,0.00,9.00,2.40,22.4,45.1,3.89,14.10,0.000,85.0,48.0,1,0,0,0,0,0,0,NONE,,RPM:486bd1410c14b499 TPS:486bd1411108de ADV:486bd1410e9265 MIL:486bd1410100000000c6
1789380025.0034,869.467,1306.0,-70.6,3.14,0.00,8.50,2.40,22.4,45.1,3.89,14.10,0.000,85.0,48.0,1,0,0,0,0,0,0,NONE,,RPM:486bd1410c14684d TPS:486bd1411108de ADV:486bd1410e9164 MIL:486bd1410100000000c6
1789380025.2733,869.737,1330.0,88.9,3.14,0.00,8.50,2.40,22.4,45.1,3.89,14.10,0.000,85.0,48.0,1,0,0,0,0,0,0,NONE,,RPM:486bd1410c14c8ad TPS:486bd1411108de ADV:486bd1410e9164 MIL:486bd1410100000000c6
1789380025.7185,870.182,1351.0,47.2,3.14,0.00,8.50,2.40,22.4,45.1,3.89,14.10,0.000,85.0,48.0,1,0,0,0,0,0,0,NONE,,RPM:486bd1410c151c02 TPS:486bd1411108de ADV:486bd1410e9164 MIL:486bd1410100000000c6
1789380026.0083,870.472,1361.0,34.5,3.14,0.00,8.50,2.40,22.4,45.1,3.89,14.10,0.000,85.0,48.0,1,0,0,0,0,0,0,NONE,,RPM:486bd1410c15442a TPS:486bd1411108de ADV:486bd1410e9164 MIL:486bd1410100000000c6
1789380026.4317,870.896,1347.0,-33.1,3.14,0.00,8.00,2.40,22.4,45.1,3.89,14.10,0.000,85.0,48.0,1,0,0,0,0,0,0,NONE,,RPM:486bd1410c150cf2 TPS:486bd1411108de ADV:486bd1410e9063 MIL:486bd1410100000000c6
1789380026.7134,871.177,1383.0,127.8,3.14,0.00,8.50,2.40,22.4,45.1,3.89,14.10,0.000,85.0,48.0,1,0,0,0,0,0,0,NONE,,RPM:486bd1410c159c82 TPS:486bd1411108de ADV:486bd1410e9164 MIL:486bd1410100000000c6
1789380027.0094,871.473,1353.0,-101.4,3.14,0.00,8.50,2.40,22.4,45.1,3.89,14.10,0.000,85.0,48.0,1,0,0,0,0,0,0,NONE,,RPM:486bd1410c15240a TPS:486bd1411108de ADV:486bd1410e9164 MIL:486bd1410100000000c6
1789380027.2850,871.749,1344.0,-32.7,3.14,0.00,8.50,2.40,22.7,45.1,3.93,14.10,0.000,85.0,48.0,1,0,0,0,0,0,0,NONE,,RPM:486bd1410c1500e6 TPS:486bd1411108de ADV:486bd1410e9164 MIL:486bd1410100000000c6
1789380027.5730,872.037,1323.0,-72.9,3.14,0.00,8.50,2.40,22.7,45.1,3.93,14.10,0.000,85.0,48.0,1,0,0,0,0,0,0,NONE,,RPM:486bd1410c14ac91 TPS:486bd1411108de ADV:486bd1410e9164 MIL:486bd1410100000000c6
1789380027.8452,872.309,1336.0,47.7,3.14,0.00,8.50,2.40,22.7,45.1,3.93,14.10,0.000,85.0,48.0,1,0,0,0,0,0,0,NONE,,RPM:486bd1410c14e0c5 TPS:486bd1411108de ADV:486bd1410e9164 MIL:486bd1410100000000c6
1789380028.2693,872.733,1365.0,68.4,3.14,0.00,8.50,2.40,22.7,45.1,3.93,14.10,0.000,85.0,48.0,1,0,0,0,0,0,0,NONE,,RPM:486bd1410c15543a TPS:486bd1411108de ADV:486bd1410e9164 MIL:486bd1410100000000c6
1789380028.5648,873.029,1321.0,-148.9,3.14,0.00,8.50,2.40,22.7,45.1,3.93,14.10,0.000,85.0,48.0,1,0,0,0,0,0,0,NONE,,RPM:486bd1410c14a489 TPS:486bd1411108de ADV:486bd1410e9164 MIL:486bd1410100000000c6
1789380028.8675,873.331,1327.0,19.8,3.14,0.00,8.50,2.40,22.7,45.1,3.93,14.10,0.000,85.0,48.0,1,0,0,0,0,0,0,NONE,,RPM:486bd1410c14bca1 TPS:486bd1411108de ADV:486bd1410e9164 MIL:486bd1410100000000c6
1789380029.1718,873.636,1342.0,49.3,3.14,0.00,8.50,2.40,22.7,45.1,3.93,14.10,0.000,85.0,48.0,1,0,0,0,0,0,0,NONE,,RPM:486bd1410c14f8dd TPS:486bd1411108de ADV:486bd1410e9164 MIL:486bd1410100000000c6
1789380029.6310,874.095,1326.0,-34.8,3.14,0.00,8.50,2.40,22.7,45.1,3.93,14.10,0.000,85.0,48.0,1,0,0,0,0,0,0,NONE,,RPM:486bd1410c14b89d TPS:486bd1411108de ADV:486bd1410e9164 MIL:486bd1410100000000c6
1789380029.9073,874.371,1327.0,3.6,3.14,0.00,8.50,2.40,22.7,45.1,3.93,14.10,0.000,85.0,48.0,1,0,0,0,0,0,0,NONE,,RPM:486bd1410c14bca1 TPS:486bd1411108de ADV:486bd1410e9164 MIL:486bd1410100000000c6
1789380030.3324,874.796,1348.0,49.4,3.14,0.00,9.00,2.40,22.7,45.1,3.93,14.10,0.000,85.0,48.0,1,0,0,0,0,0,0,NONE,,RPM:486bd1410c1510f6 TPS:486bd1411108de ADV:486bd1410e9265 MIL:486bd1410100000000c6
1789380030.6080,875.072,1335.0,-47.2,3.14,0.00,8.50,2.40,22.7,45.1,3.91,14.10,0.000,86.0,48.0,1,0,0,0,0,0,0,NONE,,RPM:486bd1410c14dcc1 TPS:486bd1411108de ADV:486bd1410e9164 MIL:486bd1410100000000c6
1789380030.8835,875.347,1356.0,76.2,3.53,1.42,8.00,2.40,22.7,45.3,3.91,14.10,0.000,86.0,48.0,1,0,0,0,0,0,0,NONE,,RPM:486bd1410c153016 TPS:486bd1411109df ADV:486bd1410e9063 MIL:486bd1410100000000c6
1789380031.1545,875.618,1370.0,51.7,3.14,-1.45,8.50,2.40,23.1,45.1,3.94,14.10,0.000,86.0,48.0,1,0,0,0,0,0,0,NONE,,RPM:486bd1410c15684e TPS:486bd1411108de ADV:486bd1410e9164 MIL:486bd1410100000000c6
1789380031.4442,875.908,1310.0,-207.1,3.14,0.00,8.50,2.40,23.1,45.1,3.94,14.10,0.000,86.0,48.0,1,0,0,0,0,0,0,NONE,,RPM:486bd1410c14785d TPS:486bd1411108de ADV:486bd1410e9164 MIL:486bd1410100000000c6
1789380031.7176,876.181,1316.0,21.9,3.14,0.00,8.50,2.40,23.1,45.1,3.94,14.10,0.000,86.0,48.0,1,0,0,0,0,0,0,NONE,,RPM:486bd1410c149075 TPS:486bd1411108de ADV:486bd1410e9164 MIL:486bd1410100000000c6
1789380032.1416,876.605,1332.0,37.7,3.14,0.00,8.50,2.40,23.1,45.1,3.94,14.10,0.000,86.0,48.0,1,0,0,0,0,0,0,NONE,,RPM:486bd1410c14d0b5 TPS:486bd1411108de ADV:486bd1410e9164 MIL:486bd1410100000000c6
1789380032.4501,876.914,1346.0,45.4,3.14,0.00,9.00,2.40,23.1,45.1,3.94,14.10,0.000,86.0,48.0,1,0,0,0,0,0,0,NONE,,RPM:486bd1410c1508ee TPS:486bd1411108de ADV:486bd1410e9265 MIL:486bd1410100000000c6
1789380032.7220,877.186,1330.0,-58.9,3.14,0.00,8.50,2.40,23.1,45.1,3.94,14.10,0.000,86.0,48.0,1,0,0,0,0,0,0,NONE,,RPM:486bd1410c14c8ad TPS:486bd1411108de ADV:486bd1410e9164 MIL:486bd1410100000000c6
1789380033.0066,877.470,1309.0,-73.8,3.14,0.00,8.50,2.40,23.1,45.1,3.94,14.10,0.000,86.0,48.0,1,0,0,0,0,0,0,NONE,,RPM:486bd1410c147459 TPS:486bd1411108de ADV:486bd1410e9164 MIL:486bd1410100000000c6
1789380033.4752,877.939,1367.0,123.8,3.14,0.00,9.00,2.40,23.1,45.1,3.94,14.10,0.000,86.0,48.0,1,0,0,0,0,0,0,NONE,,RPM:486bd1410c155c42 TPS:486bd1411108de ADV:486bd1410e9265 MIL:486bd1410100000000c6
1789380033.7560,878.220,1314.0,-188.8,3.14,0.00,8.50,2.40,23.1,45.1,3.94,14.10,0.000,86.0,48.0,1,0,0,0,0,0,0,NONE,,RPM:486bd1410c14886d TPS:486bd1411108de ADV:486bd1410e9164 MIL:486bd1410100000000c6
1789380034.1905,878.654,1329.0,34.5,3.14,0.00,10.00,2.40,23.1,45.1,3.94,14.10,0.000,86.0,48.0,1,0,0,0,0,0,0,NONE,,RPM:486bd1410c14c4a9 TPS:486bd1411108de ADV:486bd1410e9467 MIL:486bd1410100000000c6
1789380034.4962,878.960,1333.0,13.1,3.14,0.00,8.00,2.40,23.1,45.1,3.94,14.10,0.000,86.0,48.0,1,0,0,0,0,0,0,NONE,,RPM:486bd1410c14d4b9 TPS:486bd1411108de ADV:486bd1410e9063 MIL:486bd1410100000000c6
1789380034.7835,879.247,1471.0,480.4,3.53,1.37,10.00,2.40,23.1,45.3,3.94,14.10,0.000,86.0,48.0,1,0,0,0,0,0,0,NONE,,RPM:486bd1410c16fce3 TPS:486bd1411109df ADV:486bd1410e9467 MIL:486bd1410100000000c6
1789380035.0543,879.518,1681.0,775.5,7.45,14.48,1.50,2.40,35.7,47.6,5.07,14.10,0.000,86.0,48.0,1,0,0,0,0,0,0,NONE,,RPM:486bd1410c1a442f TPS:486bd1411113e9 ADV:486bd1410e8356 MIL:486bd1410100000000c6
1789380035.3422,879.806,1899.0,757.1,7.45,0.00,3.50,2.40,35.7,47.6,5.07,14.10,0.000,86.0,48.0,1,0,0,0,0,0,0,NONE,,RPM:486bd1410c1dac9a TPS:486bd1411113e9 ADV:486bd1410e875a MIL:486bd1410100000000c6
1789380035.6136,880.077,2057.0,582.2,7.45,0.00,1.00,2.40,35.7,47.6,5.07,14.10,0.000,86.0,48.0,1,0,0,0,0,0,0,NONE,,RPM:486bd1410c202415 TPS:486bd1411113e9 ADV:486bd1410e8255 MIL:486bd1410100000000c6
1789380036.0689,880.533,1810.0,-542.5,7.45,0.00,4.00,2.40,35.7,47.6,5.07,14.10,0.000,86.0,48.0,1,0,0,0,0,0,0,NONE,,RPM:486bd1410c1c4835 TPS:486bd1411113e9 ADV:486bd1410e885b MIL:486bd1410100000000c6
1789380036.4030,880.867,1760.0,-149.7,7.84,1.17,3.50,2.40,35.7,47.8,5.07,14.10,0.000,86.0,50.0,1,0,0,0,0,0,0,NONE,,RPM:486bd1410c1b806c TPS:486bd1411114ea ADV:486bd1410e875a MIL:486bd1410100000000c6
1789380036.6837,881.148,1786.0,92.6,7.84,0.00,3.00,2.40,35.7,47.8,5.07,14.10,0.000,86.0,50.0,1,0,0,0,0,0,0,NONE,,RPM:486bd1410c1be8d4 TPS:486bd1411114ea ADV:486bd1410e8659 MIL:486bd1410100000000c6
1789380036.9614,881.425,1864.0,280.8,7.84,0.00,3.00,2.40,35.7,47.8,5.07,14.10,0.000,86.0,50.0,1,0,0,0,0,0,0,NONE,,RPM:486bd1410c1d200e TPS:486bd1411114ea ADV:486bd1410e8659 MIL:486bd1410100000000c6
1789380037.3989,881.863,1895.0,70.9,7.84,0.00,3.50,2.40,35.7,47.8,5.07,14.10,0.000,86.0,50.0,1,0,0,0,0,0,0,NONE,,RPM:486bd1410c1d9c8a TPS:486bd1411114ea ADV:486bd1410e875a MIL:486bd1410100000000c6
1789380037.6750,882.139,1843.0,-188.3,7.45,-1.42,4.00,2.40,35.7,47.6,5.07,14.10,0.000,86.0,50.0,1,0,0,0,0,0,0,NONE,,RPM:486bd1410c1cccb9 TPS:486bd1411113e9 ADV:486bd1410e885b MIL:486bd1410100000000c6
1789380038.1127,882.577,2067.0,511.7,7.06,-0.90,26.50,2.40,35.7,47.4,5.07,14.10,0.000,86.0,50.0,1,0,0,0,0,0,0,NONE,,RPM:486bd1410c204c3d TPS:486bd1411112e8 ADV:486bd1410eb588 MIL:486bd1410100000000c6
1789380038.3886,882.852,2008.0,-213.9,3.14,-14.21,17.50,2.40,35.7,45.1,5.05,14.10,0.000,87.0,50.0,1,0,0,0,0,0,0,NONE,,RPM:486bd1410c1f6050 TPS:486bd1411108de ADV:486bd1410ea376 MIL:486bd1410100000000c6
1789380038.6794,883.143,1427.0,-1998.2,3.14,0.00,10.50,2.40,35.7,45.1,5.05,14.10,0.000,87.0,50.0,1,0,0,0,0,0,0,NONE,,RPM:486bd1410c164c33 TPS:486bd1411108de ADV:486bd1410e9568 MIL:486bd1410100000000c6
1789380038.9665,883.430,1291.0,-473.7,3.14,0.00,10.00,2.40,23.1,45.1,3.92,14.10,0.000,87.0,50.0,1,0,0,0,0,0,0,NONE,,RPM:486bd1410c142c11 TPS:486bd1411108de ADV:486bd1410e9467 MIL:486bd1410100000000c6
1789380039.2661,883.730,1320.0,96.8,3.14,0.00,10.00,2.40,23.1,45.1,3.92,14.10,0.000,87.0,50.0,1,0,0,0,0,0,0,NONE,,RPM:486bd1410c14a085 TPS:486bd1411108de ADV:486bd1410e9467 MIL:486bd1410100000000c6
1789380039.5504,884.014,1271.0,-172.4,3.14,0.00,10.50,2.40,23.1,45.1,3.92,14.10,0.000,87.0,50.0,1,0,0,0,0,0,0,NONE,,RPM:486bd1410c13dcc0 TPS:486bd1411108de ADV:486bd1410e9568 MIL:486bd1410100000000c6
1789380039.9884,884.452,1302.0,70.8,3.14,0.00,10.00,2.40,23.1,45.1,3.92,14.10,0.000,87.0,50.0,1,0,0,0,0,0,0,NONE,,RPM:486bd1410c14583d TPS:486bd1411108de ADV:486bd1410e9467 MIL:486bd1410100000000c6
1789380040.2947,884.759,1322.0,65.3,3.14,0.00,10.00,2.40,23.1,45.1,3.92,14.10,0.000,87.0,48.0,1,0,0,0,0,0,0,NONE,,RPM:486bd1410c14a88d TPS:486bd1411108de ADV:486bd1410e9467 MIL:486bd1410100000000c6
1789380040.5896,885.053,1325.0,10.2,3.14,0.00,10.00,2.40,23.1,45.1,3.92,14.10,0.000,87.0,48.0,1,0,0,0,0,0,0,NONE,,RPM:486bd1410c14b499 TPS:486bd1411108de ADV:486bd1410e9467 MIL:486bd1410100000000c6
1789380040.8771,885.341,1345.0,69.6,3.14,0.00,10.00,2.40,23.1,45.1,3.92,14.10,0.000,87.0,48.0,1,0,0,0,0,0,0,NONE,,RPM:486bd1410c1504ea TPS:486bd1411108de ADV:486bd1410e9467 MIL:486bd1410100000000c6
1789380041.3581,885.822,1304.0,-85.2,3.53,0.82,8.50,2.40,23.1,45.3,3.92,14.10,0.000,87.0,48.0,1,0,0,0,0,0,0,NONE,,RPM:486bd1410c146045 TPS:486bd1411109df ADV:486bd1410e9164 MIL:486bd1410100000000c6
1789380041.6565,886.120,1328.0,80.4,3.92,1.31,11.00,2.40,23.1,45.6,3.92,14.10,0.000,87.0,48.0,1,0,0,0,0,0,0,NONE,,RPM:486bd1410c14c0a5 TPS:486bd141110ae0 ADV:486bd1410e9669 MIL:486bd1410100000000c6
1789380042.1327,886.597,1942.0,1289.3,7.45,7.41,8.00,2.40,23.1,47.6,3.92,14.10,0.000,87.0,48.0,1,0,0,0,0,0,0,NONE,,RPM:486bd1410c1e5847 TPS:486bd1411113e9 ADV:486bd1410e9063 MIL:486bd1410100000000c6
1789380042.4150,886.879,2346.0,1431.6,7.45,0.00,14.00,2.40,23.1,47.6,3.90,14.10,0.000,88.0,48.0,1,0,0,0,0,0,0,NONE,,RPM:486bd1410c24a89d TPS:486bd1411113e9 ADV:486bd1410e9c6f MIL:486bd1410100000000c6
1789380042.6858,887.150,2441.0,350.8,7.06,-1.45,13.50,2.40,23.1,47.4,3.90,14.10,0.000,88.0,48.0,1,0,0,0,0,0,0,NONE,,RPM:486bd1410c26241b TPS:486bd1411112e8 ADV:486bd1410e9b6e MIL:486bd1410100000000c6
1789380042.9521,887.416,2332.0,-409.3,6.67,-1.47,13.00,2.40,30.2,47.2,4.54,14.10,0.000,88.0,48.0,1,0,0,0,0,0,0,NONE,,RPM:486bd1410c247065 TPS:486bd1411111e7 ADV:486bd1410e9a6d MIL:486bd1410100000000c6
1789380043.2343,887.698,2221.0,-393.3,6.27,-1.39,25.00,2.40,30.2,46.9,4.54,14.10,0.000,88.0,48.0,1,0,0,0,0,0,0,NONE,,RPM:486bd1410c22b4a7 TPS:486bd1411110e6 ADV:486bd1410eb285 MIL:486bd1410100000000c6
1789380043.5086,887.972,1847.0,-1363.6,3.14,-11.44,10.00,2.40,30.2,45.1,4.54,14.10,0.000,88.0,48.0,1,0,0,0,0,0,0,NONE,,RPM:486bd1410c1cdcc9 TPS:486bd1411108de ADV:486bd1410e9467 MIL:486bd1410100000000c6
1789380043.9394,888.403,1236.0,-1418.2,3.14,0.00,10.00,2.40,30.2,45.1,4.54,14.10,0.000,88.0,48.0,1,0,0,0,0,0,0,NONE,,RPM:486bd1410c135034 TPS:486bd1411108de ADV:486bd1410e9467 MIL:486bd1410100000000c6
1789380044.2454,888.709,1264.0,91.5,3.14,0.00,10.50,2.40,30.2,45.1,4.54,14.10,0.000,88.0,46.0,1,0,0,0,0,0,0,NONE,,RPM:486bd1410c13c0a4 TPS:486bd1411108de ADV:486bd1410e9568 MIL:486bd1410100000000c6
1789380044.5497,889.014,1290.0,85.4,3.14,0.00,10.50,2.40,30.2,45.1,4.54,14.10,0.000,88.0,46.0,1,0,0,0,0,0,0,NONE,,RPM:486bd1410c14280d TPS:486bd1411108de ADV:486bd1410e9568 MIL:486bd1410100000000c6
1789380044.8367,889.301,1310.0,69.7,3.14,0.00,10.50,2.40,30.2,45.1,4.54,14.10,0.000,88.0,46.0,1,0,0,0,0,0,0,NONE,,RPM:486bd1410c14785d TPS:486bd1411108de ADV:486bd1410e9568 MIL:486bd1410100000000c6
1789380045.2723,889.736,1333.0,52.8,3.14,0.00,10.00,2.40,30.2,45.1,4.54,14.10,0.000,88.0,46.0,1,0,0,0,0,0,0,NONE,,RPM:486bd1410c14d4b9 TPS:486bd1411108de ADV:486bd1410e9467 MIL:486bd1410100000000c6
1789380045.6166,890.080,1259.0,-214.9,3.14,0.00,9.00,2.40,30.2,45.1,4.54,14.10,0.000,88.0,46.0,1,0,0,0,0,0,0,NONE,,RPM:486bd1410c13ac90 TPS:486bd1411108de ADV:486bd1410e9265 MIL:486bd1410100000000c6
1789380046.0621,890.526,1256.0,-6.7,3.14,0.00,10.00,2.40,30.2,45.1,4.54,14.10,0.000,88.0,46.0,1,0,0,0,0,0,0,NONE,,RPM:486bd1410c13a084 TPS:486bd1411108de ADV:486bd1410e9467 MIL:486bd1410100000000c6
1789380046.3435,890.807,1417.0,572.2,3.14,0.00,10.50,2.40,30.2,45.1,4.52,14.10,0.000,89.0,46.0,1,0,0,0,0,0,0,NONE,,RPM:486bd1410c16240b TPS:486bd1411108de ADV:486bd1410e9568 MIL:486bd1410100000000c6
1789380046.6183,891.082,1355.0,-225.6,3.14,0.00,9.00,2.40,30.2,45.1,4.52,14.10,0.000,89.0,46.0,1,0,0,0,0,0,0,NONE,,RPM:486bd1410c152c12 TPS:486bd1411108de ADV:486bd1410e9265 MIL:486bd1410100000000c6
1789380046.8977,891.362,1308.0,-168.2,3.14,0.00,10.00,2.40,22.4,45.1,3.81,14.10,0.000,89.0,46.0,1,0,0,0,0,0,0,NONE,,RPM:486bd1410c147055 TPS:486bd1411108de ADV:486bd1410e9467 MIL:486bd1410100000000c6
1789380047.1736,891.638,1330.0,79.7,3.14,0.00,10.00,2.40,22.4,45.1,3.81,14.10,0.000,89.0,46.0,1,0,0,0,0,0,0,NONE,,RPM:486bd1410c14c8ad TPS:486bd1411108de ADV:486bd1410e9467 MIL:486bd1410100000000c6
1789380047.4633,891.927,1321.0,-31.1,3.14,0.00,10.00,2.40,22.4,45.1,3.81,14.10,0.000,89.0,46.0,1,0,0,0,0,0,0,NONE,,RPM:486bd1410c14a489 TPS:486bd1411108de ADV:486bd1410e9467 MIL:486bd1410100000000c6
1789380047.8861,892.350,1328.0,16.6,3.14,0.00,10.00,2.40,22.4,45.1,3.81,14.10,0.000,89.0,46.0,1,0,0,0,0,0,0,NONE,,RPM:486bd1410c14c0a5 TPS:486bd1411108de ADV:486bd1410e9467 MIL:486bd1410100000000c6
1789380048.1774,892.641,1339.0,37.8,3.14,0.00,10.00,2.40,22.4,45.1,3.81,14.10,0.000,89.0,48.0,1,0,0,0,0,0,0,NONE,,RPM:486bd1410c14ecd1 TPS:486bd1411108de ADV:486bd1410e9467 MIL:486bd1410100000000c6
1789380048.4971,892.961,1330.0,-28.2,3.14,0.00,10.00,2.40,22.4,45.1,3.81,14.10,0.000,89.0,48.0,1,0,0,0,0,0,0,NONE,,RPM:486bd1410c14c8ad TPS:486bd1411108de ADV:486bd1410e9467 MIL:486bd1410100000000c6
1789380048.8008,893.265,1311.0,-62.6,3.14,0.00,10.00,2.40,22.4,45.1,3.81,14.10,0.000,89.0,48.0,1,0,0,0,0,0,0,NONE,,RPM:486bd1410c147c61 TPS:486bd1411108de ADV:486bd1410e9467 MIL:486bd1410100000000c6
1789380049.2736,893.737,1345.0,71.9,3.14,0.00,10.00,2.40,22.4,45.1,3.81,14.10,0.000,89.0,48.0,1,0,0,0,0,0,0,NONE,,RPM:486bd1410c1504ea TPS:486bd1411108de ADV:486bd1410e9467 MIL:486bd1410100000000c6
1789380049.5736,894.038,1319.0,-86.6,3.14,0.00,10.00,2.40,22.4,45.1,3.81,14.10,0.000,89.0,48.0,1,0,0,0,0,0,0,NONE,,RPM:486bd1410c149c81 TPS:486bd1411108de ADV:486bd1410e9467 MIL:486bd1410100000000c6
1789380050.0066,894.470,1310.0,-20.8,4.71,3.62,8.50,2.40,22.4,46.0,3.81,14.10,0.000,89.0,48.0,1,0,0,0,0,0,0,NONE,,RPM:486bd1410c14785d TPS:486bd141110ce2 ADV:486bd1410e9164 MIL:486bd1410100000000c6
1789380050.3344,894.798,1633.0,985.4,5.49,2.39,8.50,2.40,22.4,46.5,3.81,14.10,0.000,89.0,48.0,1,0,0,0,0,0,0,NONE,,RPM:486bd1410c19846e TPS:486bd141110ee4 ADV:486bd1410e9164 MIL:486bd1410100000000c6
1789380050.6227,895.087,1995.0,1255.8,5.88,1.36,7.50,2.40,22.4,46.7,3.81,14.10,0.000,89.0,48.0,1,0,0,0,0,0,0,NONE,,RPM:486bd1410c1f2c1c TPS:486bd141110fe5 ADV:486bd1410e8f62 MIL:486bd1410100000000c6
1789380050.9082,895.372,1823.0,-602.3,5.49,-1.37,9.00,2.40,29.8,46.5,4.48,14.10,0.000,89.0,48.0,1,0,0,0,0,0,0,NONE,,RPM:486bd1410c1c7c69 TPS:486bd141110ee4 ADV:486bd1410e9265 MIL:486bd1410100000000c6
1789380051.1823,895.646,1765.0,-211.7,5.49,0.00,11.00,2.40,29.8,46.5,4.48,14.10,0.000,89.0,48.0,1,0,0,0,0,0,0,NONE,,RPM:486bd1410c1b9480 TPS:486bd141110ee4 ADV:486bd1410e9669 MIL:486bd1410100000000c6
1789380051.4547,895.919,1865.0,367.1,3.53,-7.20,19.00,2.40,29.8,45.3,4.48,14.10,0.000,89.0,48.0,1,0,0,0,0,0,0,NONE,,RPM:486bd1410c1d2412 TPS:486bd1411109df ADV:486bd1410ea679 MIL:486bd1410100000000c6
1789380051.9028,896.367,1249.0,-1374.7,3.14,-0.88,11.50,2.40,29.8,45.1,4.48,14.10,0.000,89.0,48.0,1,0,0,0,0,0,0,NONE,,RPM:486bd1410c138468 TPS:486bd1411108de ADV:486bd1410e976a MIL:486bd1410100000000c6
1789380052.1731,896.637,1320.0,262.6,3.53,1.45,11.50,2.40,29.8,45.3,4.48,14.10,0.000,89.0,48.0,1,0,0,0,0,0,0,NONE,,RPM:486bd1410c14a085 TPS:486bd1411109df ADV:486bd1410e976a MIL:486bd1410100000000c6
1789380052.4445,896.908,1408.0,324.2,3.92,1.44,12.50,2.40,29.8,45.6,4.48,14.10,0.000,89.0,48.0,1,0,0,0,0,0,0,NONE,,RPM:486bd1410c1600e7 TPS:486bd141110ae0 ADV:486bd1410e996c MIL:486bd1410100000000c6
1789380052.7485,897.212,1435.0,88.8,3.92,0.00,13.50,2.40,29.8,45.6,4.48,14.10,0.000,89.0,48.0,1,0,0,0,0,0,0,NONE,,RPM:486bd1410c166c53 TPS:486bd141110ae0 ADV:486bd1410e9b6e MIL:486bd1410100000000c6
1789380053.1794,897.643,1576.0,327.2,4.31,0.91,13.00,2.40,29.8,45.8,4.48,14.10,0.000,89.0,48.0,1,0,0,0,0,0,0,NONE,,RPM:486bd1410c18a089 TPS:486bd141110be1 ADV:486bd1410e9a6d MIL:486bd1410100000000c6
1789380053.4506,897.914,1604.0,103.2,4.31,0.00,13.50,2.40,29.8,45.8,4.48,14.10,0.000,89.0,48.0,1,0,0,0,0,0,0,NONE,,RPM:486bd1410c1910fa TPS:486bd141110be1 ADV:486bd1410e9b6e MIL:486bd1410100000000c6
1789380053.8795,898.343,1629.0,58.3,5.88,3.66,10.50,2.40,29.8,46.7,4.48,14.10,0.000,89.0,48.0,1,0,0,0,0,0,0,NONE,,RPM:486bd1410c19745e TPS:486bd141110fe5 ADV:486bd1410e9568 MIL:486bd1410100000000c6
1789380054.2137,898.678,1754.0,374.1,8.24,7.04,2.50,2.40,29.8,48.1,4.46,14.10,0.000,90.0,48.0,1,0,0,0,0,0,0,NONE,,RPM:486bd1410c1b6854 TPS:486bd1411115eb ADV:486bd1410e8558 MIL:486bd1410100000000c6
1789380054.4900,898.954,1943.0,683.8,9.80,5.68,1.50,2.40,29.8,49.0,4.46,14.10,0.000,90.0,48.0,1,0,0,0,0,0,0,NONE,,RPM:486bd1410c1e5c4b TPS:486bd1411119ef ADV:486bd1410e8356 MIL:486bd1410100000000c6
1789380054.7681,899.232,2196.0,910.0,11.76,7.05,9.00,2.40,37.6,50.1,5.17,14.10,0.000,90.0,48.0,1,0,0,0,0,0,0,NONE,,RPM:486bd1410c225043 TPS:486bd141111ef4 ADV:486bd1410e9265 MIL:486bd1410100000000c6
1789380055.0583,899.522,2509.0,1078.3,13.33,5.40,15.50,2.40,37.6,51.0,5.17,14.10,0.000,90.0,48.0,1,0,0,0,0,0,0,NONE,,RPM:486bd1410c27342c TPS:486bd1411122f8 ADV:486bd1410e9f72 MIL:486bd1410100000000c6
1789380055.3252,899.789,2983.0,1776.1,15.69,8.82,16.50,2.40,37.6,52.4,5.17,14.10,0.000,90.0,48.0,1,0,0,0,0,0,0,NONE,,RPM:486bd1410c2e9c9b TPS:486bd1411128fe ADV:486bd1410ea174 MIL:486bd1410100000000c6
1789380055.7483,900.212,3149.0,392.3,4.31,-26.88,48.00,2.40,37.6,45.8,5.17,14.10,0.000,90.0,48.0,1,0,0,0,0,0,0,NONE,,RPM:486bd1410c313436 TPS:486bd141110be1 ADV:486bd1410ee0b3 MIL:486bd1410100000000c6
1789380056.0573,900.521,2668.0,-1556.7,11.37,22.85,18.00,2.40,37.6,49.9,5.17,14.10,0.000,90.0,46.0,1,0,0,0,0,0,0,NONE,,RPM:486bd1410c29b0aa TPS:486bd141111df3 ADV:486bd1410ea477 MIL:486bd1410100000000c6
1789380056.3606,900.825,2703.0,115.4,16.86,18.10,16.50,2.40,37.6,53.1,5.17,14.10,0.000,90.0,46.0,1,0,0,0,0,0,0,NONE,,RPM:486bd1410c2a3c37 TPS:486bd141112b01 ADV:486bd1410ea174 MIL:486bd1410100000000c6
1789380056.6454,901.109,2970.0,937.6,12.16,-16.53,21.50,2.40,37.6,50.4,5.17,14.10,0.000,90.0,46.0,1,0,0,0,0,0,0,NONE,,RPM:486bd1410c2e6867 TPS:486bd141111ff5 ADV:486bd1410eab7e MIL:486bd1410100000000c6
1789380057.0970,901.561,3279.0,684.2,10.59,-3.47,24.00,2.40,37.6,49.4,5.17,14.10,0.000,90.0,46.0,1,0,0,0,0,0,0,NONE,,RPM:486bd1410c333c40 TPS:486bd141111bf1 ADV:486bd1410eb083 MIL:486bd1410100000000c6
1789380057.3810,901.845,3461.0,640.8,9.02,-5.52,28.50,2.40,37.6,48.5,5.17,14.10,0.000,90.0,46.0,1,0,0,0,0,0,0,NONE,,RPM:486bd1410c36141b TPS:486bd1411117ed ADV:486bd1410eb98c MIL:486bd1410100000000c6
1789380057.8863,902.350,3793.0,657.1,9.02,0.00,31.00,2.40,37.6,48.5,5.17,14.10,0.000,90.0,46.0,1,0,0,0,0,0,0,NONE,,RPM:486bd1410c3b4450 TPS:486bd1411117ed ADV:486bd1410ebe91 MIL:486bd1410100000000c6
1789380058.1985,902.662,3990.0,631.0,11.76,8.79,31.50,2.40,37.6,50.1,5.15,14.10,0.000,91.0,46.0,1,0,0,0,0,0,0,NONE,,RPM:486bd1410c3e5867 TPS:486bd141111ef4 ADV:486bd1410ebf92 MIL:486bd1410100000000c6
1789380058.4790,902.943,4285.0,1051.7,17.65,20.97,36.50,2.40,37.6,53.5,5.15,14.10,0.000,91.0,46.0,1,0,0,0,0,0,0,NONE,,RPM:486bd1410c42f407 TPS:486bd141112d03 ADV:486bd1410ec99c MIL:486bd1410100000000c6
1789380058.7594,903.223,4285.0,0.0,14.12,-12.59,35.50,2.40,24.3,51.5,3.95,14.10,0.000,91.0,46.0,1,0,0,0,0,0,0,NONE,,RPM: TPS:486bd1411124fa ADV:486bd1410ec79a MIL:486bd1410100000000c6
1789380059.0562,903.520,4639.0,1192.6,8.24,-19.82,60.00,2.40,24.3,48.1,3.95,14.10,0.000,91.0,46.0,1,0,0,0,0,0,0,NONE,,RPM:486bd1410c487c95 TPS:486bd1411115eb ADV:486bd1410ef8cb MIL:486bd1410100000000c6
1789380059.3419,903.806,4517.0,-427.0,5.49,-9.61,60.00,2.40,24.3,46.5,3.95,14.10,0.000,91.0,46.0,1,0,0,0,0,0,0,NONE,,RPM:486bd1410c4694ab TPS:486bd141110ee4 ADV:486bd1410ef8cb MIL:486bd1410100000000c6
1789380059.9002,904.364,4571.0,96.7,4.31,-2.11,60.00,2.40,24.3,45.8,3.95,14.10,0.000,91.0,46.0,1,0,0,0,0,0,0,NONE,,RPM:486bd1410c476c84 TPS:486bd141110be1 ADV:486bd1410ef8cb MIL:486bd1410100000000c6
1789380060.2144,904.678,4428.0,-455.2,4.31,0.00,30.41,2.40,24.3,45.8,3.95,14.10,0.000,91.0,45.0,1,0,0,0,0,0,0,NONE,,RPM:486bd1410c453046 TPS:486bd141110be1 ADV: MIL:486bd1410100000000c6
1789380060.6763,905.140,4291.0,-296.6,5.88,3.40,60.00,2.40,24.3,46.7,3.95,14.10,0.000,91.0,45.0,1,0,0,0,0,0,0,NONE,,RPM:486bd1410c430c20 TPS:486bd141110fe5 ADV:486bd1410ef8cb MIL:486bd1410100000000c6
1789380060.9633,905.427,4291.0,0.0,13.33,25.96,25.00,2.40,24.3,51.0,3.95,14.10,0.000,91.0,45.0,1,0,0,0,0,0,0,NONE,,RPM: TPS:486bd1411122f8 ADV:486bd1410eb285 MIL:486bd1410100000000c6
1789380061.5927,906.057,4751.0,731.0,32.94,31.16,27.50,2.40,24.3,62.4,3.95,14.10,0.000,91.0,45.0,1,0,0,0,0,0,0,NONE,,RPM:486bd1410c4a3c57 TPS:486bd14111542a ADV:486bd1410eb78a MIL:486bd1410100000000c6
1789380061.8614,906.325,4445.0,-1138.8,3.53,-109.46,60.00,2.40,24.3,45.3,3.95,14.10,0.000,91.0,45.0,1,0,0,0,0,0,0,NONE,,RPM:486bd1410c45748a TPS:486bd1411109df ADV:486bd1410ef8cb MIL:486bd1410100000000c6
1789380062.3148,906.779,4445.0,0.0,9.02,12.11,58.00,2.40,24.3,48.5,3.95,14.10,0.000,91.0,45.0,1,0,0,0,0,0,0,NONE,,RPM: TPS:486bd1411117ed ADV:486bd1410ef4c7 MIL:
1789380062.8892,907.353,4700.0,444.0,11.76,4.78,28.50,2.40,24.3,50.1,3.95,14.10,0.000,91.0,45.0,1,0,0,0,0,0,0,NONE,,RPM:486bd1410c49708a TPS:486bd141111ef4 ADV:486bd1410eb98c MIL:
1789380063.1701,907.634,4881.0,644.3,20.39,30.71,31.50,2.40,24.3,55.1,3.95,14.10,0.000,91.0,45.0,1,0,0,0,0,0,0,NONE,,RPM:486bd1410c4c4461 TPS:486bd14111340a ADV:486bd1410ebf92 MIL:486bd1410100000000c6
1789380063.4409,907.905,5062.0,668.5,13.73,-24.62,33.00,2.40,33.7,51.3,4.79,14.10,0.000,91.0,45.0,1,0,0,0,0,0,0,NONE,,RPM:486bd1410c4f1838 TPS:486bd1411123f9 ADV:486bd1410ec295 MIL:486bd1410100000000c6
1789380063.7133,908.177,5341.0,1023.9,27.45,50.37,35.50,2.40,33.7,59.2,4.79,14.10,0.000,91.0,45.0,1,0,0,0,0,0,0,NONE,,RPM:486bd1410c537498 TPS:486bd14111461c ADV:486bd1410ec79a MIL:486bd1410100000000c6
1789380063.9989,908.463,5042.0,-1047.1,3.53,-83.77,60.00,2.40,33.7,45.3,4.79,14.10,0.000,91.0,45.0,1,0,0,0,0,0,0,NONE,,RPM:486bd1410c4ec8e7 TPS:486bd1411109df ADV:486bd1410ef8cb MIL:486bd1410100000000c6
1789380064.4656,908.929,5067.0,53.6,3.53,0.00,60.00,2.40,33.7,45.3,4.79,14.10,0.000,91.0,45.0,1,0,0,0,0,0,0,NONE,,RPM:486bd1410c4f2c4c TPS:486bd1411109df ADV:486bd1410ef8cb MIL:486bd1410100000000c6
1789380064.7474,909.211,4897.0,-603.2,3.53,0.00,60.00,2.40,33.7,45.3,4.79,14.10,0.000,91.0,43.0,1,0,0,0,0,0,0,NONE,,RPM:486bd1410c4c84a1 TPS:486bd1411109df ADV:486bd1410ef8cb MIL:486bd1410100000000c6
1789380065.0314,909.495,4625.0,-957.8,3.53,0.00,60.00,2.40,33.7,45.3,4.79,14.10,0.000,91.0,43.0,1,0,0,0,0,0,0,NONE,,RPM:486bd1410c48445d TPS:486bd1411109df ADV:486bd1410ef8cb MIL:486bd1410100000000c6
1789380065.3175,909.781,4420.0,-716.6,3.53,0.00,60.00,2.40,33.7,45.3,4.79,14.10,0.000,91.0,43.0,1,0,0,0,0,0,0,NONE,,RPM:486bd1410c451026 TPS:486bd1411109df ADV:486bd1410ef8cb MIL:486bd1410100000000c6
1789380065.7428,910.207,4177.0,-571.3,3.53,0.00,60.00,2.40,33.7,45.3,4.79,14.10,0.000,91.0,43.0,1,0,0,0,0,0,0,NONE,,RPM:486bd1410c414456 TPS:486bd1411109df ADV:486bd1410ef8cb MIL:486bd1410100000000c6
1789380066.0138,910.478,4061.0,-428.0,3.92,1.45,60.00,2.40,33.7,45.6,4.79,14.10,0.000,91.0,43.0,1,0,0,0,0,0,0,NONE,,RPM:486bd1410c3f7484 TPS:486bd141110ae0 ADV:486bd1410ef8cb MIL:486bd1410100000000c6
1789380066.4505,910.914,4184.0,281.7,3.92,0.00,25.50,2.40,33.7,45.6,4.79,14.10,0.000,91.0,43.0,1,0,0,0,0,0,0,NONE,,RPM:486bd1410c416072 TPS: ADV:486bd1410eb386 MIL:486bd1410100000000c6
1789380066.8929,911.357,4412.0,515.4,13.33,21.28,28.50,2.40,33.7,51.0,4.81,14.10,0.000,90.0,43.0,1,0,0,0,0,0,0,NONE,,RPM:486bd1410c44f005 TPS:486bd1411122f8 ADV:486bd1410eb98c MIL:486bd1410100000000c6
1789380067.1648,911.629,4474.0,228.1,12.94,-1.44,33.50,2.40,33.7,50.8,4.81,14.10,0.000,90.0,43.0,1,0,0,0,0,0,0,NONE,,RPM:486bd1410c45e8fe TPS:486bd1411121f7 ADV:486bd1410ec396 MIL:486bd1410100000000c6
1789380067.4364,911.900,4618.0,530.2,12.94,0.00,38.00,2.40,21.3,50.8,3.69,14.10,0.000,90.0,43.0,1,0,0,0,0,0,0,NONE,,RPM:486bd1410c482841 TPS:486bd1411121f7 ADV:486bd1410ecc9f MIL:486bd1410100000000c6
1789380068.5095,912.973,5142.0,488.3,11.76,-1.10,45.50,2.40,21.4,50.1,3.71,14.10,0.000,90.0,43.0,1,0,0,0,0,0,0,NONE,,RPM:486bd1410c505879 TPS:486bd141111ef4 ADV:486bd1410edbae MIL:486bd1410100000000c6
1789380068.7809,913.245,5286.0,530.5,11.76,0.00,46.50,2.40,21.7,50.1,3.73,14.10,0.000,90.0,43.0,1,0,0,0,0,0,0,NONE,,RPM:486bd1410c5298bb TPS:486bd141111ef4 ADV:486bd1410eddb0 MIL:486bd1410100000000c6
1789380069.2394,913.703,5492.0,449.3,11.76,0.00,48.00,2.40,22.2,50.1,3.78,14.10,0.000,90.0,43.0,1,0,0,0,0,0,0,NONE,,RPM:486bd1410c55d0f6 TPS:486bd141111ef4 ADV:486bd1410ee0b3 MIL:486bd1410100000000c6
1789380069.5301,913.994,5653.0,553.8,29.41,60.70,45.00,2.40,37.6,60.4,5.16,14.10,0.000,90.0,43.0,1,0,0,0,0,0,0,NONE,,RPM:486bd1410c58547d TPS:486bd141114b21 ADV:486bd1410edaad MIL:486bd1410100000000c6
1789380069.8025,914.266,5935.0,1035.3,17.25,-44.63,43.50,2.40,27.9,53.3,4.28,14.10,0.000,90.0,43.0,1,0,0,0,0,0,0,NONE,,RPM:486bd1410c5cbce9 TPS:486bd141112c02 ADV:486bd1410ed7aa MIL:486bd1410100000000c6
1789380070.0902,914.554,5999.0,222.5,17.25,0.00,60.00,2.40,28.0,53.3,4.30,14.10,0.000,90.0,43.0,1,0,0,0,0,0,0,NONE,,RPM:486bd1410c5dbcea TPS:486bd141112c02 ADV:486bd1410ef8cb MIL:486bd1410100000000c6
1789380070.6003,915.064,5785.0,-419.5,3.53,-26.91,60.00,2.40,15.9,45.3,3.20,14.10,0.000,90.0,43.0,1,0,0,0,0,0,0,NONE,,RPM:486bd1410c5a648f TPS:486bd1411109df ADV:486bd1410ef8cb MIL:486bd1410100000000c6
1789380070.8789,915.343,5446.0,-1216.7,3.53,0.00,60.00,2.40,15.1,45.3,3.14,14.10,0.000,90.0,43.0,1,0,0,0,0,0,0,NONE,,RPM:486bd1410c55183e TPS:486bd1411109df ADV:486bd1410ef8cb MIL:486bd1410100000000c6
1789380071.3724,915.836,5139.0,-622.1,3.53,0.00,60.00,2.40,14.4,45.3,3.08,14.10,0.000,90.0,43.0,1,0,0,0,0,0,0,NONE,,RPM:486bd1410c504c6d TPS:486bd1411109df ADV:486bd1410ef8cb MIL:486bd1410100000000c6
1789380071.6417,916.106,4941.0,-735.3,3.53,0.00,60.00,2.40,14.0,45.3,3.06,14.10,0.000,89.0,43.0,1,0,0,0,0,0,0,NONE,,RPM:486bd1410c4d3452 TPS:486bd1411109df ADV:486bd1410ef8cb MIL:486bd1410100000000c6
1789380071.9093,916.373,4686.0,-952.7,3.53,0.00,60.00,2.40,13.4,45.3,3.00,14.10,0.000,89.0,43.0,1,0,0,0,0,0,0,NONE,,RPM:486bd1410c493852 TPS:486bd1411109df ADV:486bd1410ef8cb MIL:486bd1410100000000c6
1789380072.2203,916.684,4418.0,-861.7,3.53,0.00,60.00,2.40,9.4,45.3,2.64,14.10,0.000,89.0,43.0,1,0,0,0,0,0,0,NONE,,RPM:486bd1410c45081e TPS:486bd1411109df ADV:486bd1410ef8cb MIL:486bd1410100000000c6
1789380072.4864,916.950,4125.0,-1101.3,3.53,0.00,60.00,2.40,9.4,45.3,2.64,14.10,0.000,89.0,43.0,1,0,0,0,0,0,0,NONE,,RPM:486bd1410c407485 TPS:486bd1411109df ADV:486bd1410ef8cb MIL:486bd1410100000000c6
1789380072.7741,917.238,3859.0,-924.3,3.53,0.00,56.50,2.40,9.4,45.3,2.64,14.10,0.000,89.0,43.0,1,0,0,0,0,0,0,NONE,,RPM:486bd1410c3c4c59 TPS:486bd1411109df ADV:486bd1410ef1c4 MIL:486bd1410100000000c6
1789380073.2002,917.664,3388.0,-1105.5,3.53,0.00,51.50,2.40,9.4,45.3,2.64,14.10,0.000,89.0,43.0,1,0,0,0,0,0,0,NONE,,RPM:486bd1410c34f0f5 TPS:486bd1411109df ADV:486bd1410ee7ba MIL:486bd1410100000000c6
1789380073.5368,918.001,3126.0,-778.3,3.53,0.00,47.50,2.40,9.4,45.3,2.64,14.10,0.000,89.0,43.0,1,0,0,0,0,0,0,NONE,,RPM:486bd1410c30d8d9 TPS:486bd1411109df ADV:486bd1410edfb2 MIL:486bd1410100000000c6
1789380073.8164,918.280,2896.0,-822.6,3.53,0.00,36.50,2.40,9.4,45.3,2.64,14.10,0.000,89.0,43.0,1,0,0,0,0,0,0,NONE,,RPM:486bd1410c2d403e TPS:486bd1411109df ADV:486bd1410ec99c MIL:486bd1410100000000c6
1789380074.0844,918.548,2667.0,-854.7,3.53,0.00,22.50,2.40,9.4,45.3,2.64,14.10,0.000,89.0,43.0,1,0,0,0,0,0,0,NONE,,RPM:486bd1410c29aca6 TPS:486bd1411109df ADV:486bd1410ead80 MIL:486bd1410100000000c6
1789380074.5194,918.983,1582.0,-2493.9,3.14,-0.90,8.00,2.40,9.4,45.1,2.64,14.10,0.000,89.0,43.0,1,0,0,0,0,0,0,NONE,,RPM:486bd1410c18b8a1 TPS:486bd1411108de ADV:486bd1410e9063 MIL:486bd1410100000000c6
1789380074.8044,919.268,2307.0,2544.5,3.14,0.00,8.50,2.40,9.4,45.1,2.64,14.10,0.000,89.0,43.0,1,0,0,0,0,0,0,NONE,,RPM:486bd1410c240c01 TPS:486bd1411108de ADV:486bd1410e9164 MIL:486bd1410100000000c6
1789380075.2537,919.718,2530.0,496.3,3.14,0.00,8.00,2.40,9.4,45.1,2.64,14.10,0.000,89.0,43.0,1,0,0,0,0,0,0,NONE,,RPM:486bd1410c278880 TPS:486bd1411108de ADV:486bd1410e9063 MIL:486bd1410100000000c6
1789380075.5314,919.995,2366.0,-590.5,3.14,0.00,8.00,2.40,9.4,45.1,2.67,14.10,0.000,88.0,43.0,1,0,0,0,0,0,0,NONE,,RPM:486bd1410c24f8ed TPS:486bd1411108de ADV:486bd1410e9063 MIL:486bd1410100000000c6
1789380075.8168,920.281,2258.0,-378.5,3.14,0.00,8.00,2.40,9.4,45.1,2.67,14.10,0.000,88.0,43.0,1,0,0,0,0,0,0,NONE,,RPM:486bd1410c23483c TPS:486bd1411108de ADV:486bd1410e9063 MIL:486bd1410100000000c6
1789380076.0822,920.546,2038.0,-828.7,3.14,0.00,8.00,2.40,18.0,45.1,3.44,14.10,0.000,88.0,43.0,1,0,0,0,0,0,0,NONE,,RPM:486bd1410c1fd8c8 TPS:486bd1411108de ADV:486bd1410e9063 MIL:486bd1410100000000c6
1789380076.3532,920.817,1833.0,-756.6,3.14,0.00,8.00,2.40,18.0,45.1,3.44,14.10,0.000,88.0,43.0,1,0,0,0,0,0,0,NONE,,RPM:486bd1410c1ca491 TPS:486bd1411108de ADV:486bd1410e9063 MIL:486bd1410100000000c6
1789380076.6415,921.105,1641.0,-666.0,3.14,0.00,8.00,2.40,18.0,45.1,3.44,14.10,0.000,88.0,43.0,1,0,0,0,0,0,0,NONE,,RPM:486bd1410c19a48e TPS:486bd1411108de ADV:486bd1410e9063 MIL:486bd1410100000000c6
1789380077.5196,921.983,1199.0,-503.4,3.14,0.00,11.00,2.40,18.0,45.1,3.44,14.10,0.000,88.0,43.0,1,0,0,0,0,0,0,NONE,,RPM:486bd1410c12bc9f TPS:486bd1411108de ADV:486bd1410e9669 MIL:486bd1410100000000c6
1789380077.8228,922.287,1261.0,204.5,3.14,0.00,11.50,2.40,18.0,45.1,3.44,14.10,0.000,88.0,43.0,1,0,0,0,0,0,0,NONE,,RPM:486bd1410c13b498 TPS:486bd1411108de ADV:486bd1410e976a MIL:486bd1410100000000c6
1789380078.0969,922.561,1252.0,-32.8,3.14,0.00,11.00,2.40,18.0,45.1,3.44,14.10,0.000,88.0,43.0,1,0,0,0,0,0,0,NONE,,RPM:486bd1410c139074 TPS:486bd1411108de ADV:486bd1410e9669 MIL:486bd1410100000000c6
1789380078.3687,922.833,1281.0,106.7,3.14,0.00,11.00,2.40,18.0,45.1,3.44,14.10,0.000,88.0,43.0,1,0,0,0,0,0,0,NONE,,RPM:486bd1410c1404e9 TPS:486bd1411108de ADV:486bd1410e9669 MIL:486bd1410100000000c6
1789380078.8382,923.302,1358.0,164.0,3.14,0.00,10.00,2.40,18.0,45.1,3.44,14.10,0.000,88.0,43.0,1,0,0,0,0,0,0,NONE,,RPM:486bd1410c15381e TPS:486bd1411108de ADV:486bd1410e9467 MIL:486bd1410100000000c6
1789380079.2315,923.695,1366.0,20.3,3.14,0.00,10.00,2.40,18.0,45.1,3.44,14.10,0.000,88.0,43.0,1,0,0,0,0,0,0,NONE,,RPM:486bd1410c15583e TPS:486bd1411108de ADV:486bd1410e9467 MIL:486bd1410100000000c6
1789380079.6675,924.131,1310.0,-128.4,4.71,3.60,9.00,2.40,18.0,46.0,3.44,14.10,0.000,88.0,43.0,1,0,0,0,0,0,0,NONE,,RPM:486bd1410c14785d TPS:486bd141110ce2 ADV:486bd1410e9265 MIL:486bd1410100000000c6
1789380079.9516,924.416,1441.0,461.1,6.27,5.52,8.50,2.40,18.0,46.9,3.44,14.10,0.000,88.0,43.0,1,0,0,0,0,0,0,NONE,,RPM:486bd1410c16846b TPS:486bd1411110e6 ADV:486bd1410e9164 MIL:486bd1410100000000c6
1789380080.2543,924.718,1563.0,403.1,6.67,1.30,6.50,2.40,18.0,47.2,3.44,14.10,0.000,88.0,43.0,1,0,0,0,0,0,0,NONE,,RPM:486bd1410c186c55 TPS:486bd1411111e7 ADV:486bd1410e8d60 MIL:486bd1410100000000c6
1789380080.5424,925.006,1725.0,562.4,7.84,4.08,3.00,2.40,39.2,47.8,5.35,14.10,0.000,88.0,43.0,1,0,0,0,0,0,0,NONE,,RPM:486bd1410c1af4df TPS:486bd1411114ea ADV:486bd1410e8659 MIL:486bd1410100000000c6
1789380080.8304,925.294,1953.0,791.6,10.59,9.53,1.00,2.40,39.2,49.4,5.35,14.10,0.000,88.0,43.0,1,0,0,0,0,0,0,NONE,,RPM:486bd1410c1e8473 TPS:486bd141111bf1 ADV:486bd1410e8255 MIL:486bd1410100000000c6
1789380081.1177,925.582,2191.0,828.5,13.73,10.92,10.50,2.40,39.2,51.3,5.35,14.10,0.000,88.0,43.0,1,0,0,0,0,0,0,NONE,,RPM:486bd1410c223c2f TPS:486bd1411123f9 ADV:486bd1410e9568 MIL:486bd1410100000000c6
1789380081.5751,926.039,2850.0,1440.7,18.82,11.15,15.00,2.40,39.2,54.2,5.35,14.10,0.000,88.0,43.0,1,0,0,0,0,0,0,NONE,,RPM:486bd1410c2c8885 TPS:486bd141113006 ADV:486bd1410e9e71 MIL:486bd1410100000000c6
1789380081.8941,926.358,3437.0,1839.8,21.18,7.37,20.00,2.40,39.2,55.6,5.35,14.10,0.000,88.0,43.0,1,0,0,0,0,0,0,NONE,,RPM:486bd1410c35b4ba TPS:486bd14111360c ADV:486bd1410ea87b MIL:486bd1410100000000c6
1789380082.1570,926.621,3954.0,1967.0,3.53,-67.14,60.00,2.40,39.2,45.3,5.35,14.10,0.000,88.0,43.0,1,0,0,0,0,0,0,NONE,,RPM:486bd1410c3dc8d6 TPS:486bd1411109df ADV:486bd1410ef8cb MIL:486bd1410100000000c6
1789380082.4586,926.922,2880.0,-3560.1,20.78,57.20,14.00,2.40,39.2,55.4,5.35,14.10,0.000,88.0,43.0,1,0,0,0,0,0,0,NONE,,RPM:486bd1410c2d00fe TPS:486bd14111350b ADV:486bd1410e9c6f MIL:486bd1410100000000c6
1789380082.8936,927.357,3146.0,611.6,21.96,2.71,16.00,2.40,39.2,56.0,5.35,14.10,0.000,88.0,43.0,1,0,0,0,0,0,0,NONE,,RPM:486bd1410c31282a TPS:486bd14111380e ADV:486bd1410ea073 MIL:486bd1410100000000c6
1789380083.1612,927.625,3459.0,1169.5,25.49,13.19,16.00,2.40,39.2,58.1,5.35,14.10,0.000,88.0,43.0,1,0,0,0,0,0,0,NONE,,RPM:486bd1410c360c13 TPS:486bd141114117 ADV:486bd1410ea073 MIL:486bd1410100000000c6
1789380083.6051,928.069,4059.0,1351.5,26.27,1.77,21.50,2.40,39.2,58.5,5.35,14.10,0.000,88.0,43.0,1,0,0,0,0,0,0,NONE,,RPM:486bd1410c3f6c7c TPS:486bd141114319 ADV:486bd1410eab7e MIL:486bd1410100000000c6
1789380083.9030,928.367,4395.0,1127.8,17.25,-30.28,30.00,2.40,39.2,53.3,5.37,14.10,0.000,87.0,43.0,1,0,0,0,0,0,0,NONE,,RPM:486bd1410c44acc1 TPS:486bd141112c02 ADV:486bd1410ebc8f MIL:486bd1410100000000c6
1789380084.1691,928.633,4483.0,330.7,7.45,-36.84,53.50,2.40,39.2,47.6,5.37,14.10,0.000,87.0,43.0,1,0,0,0,0,0,0,NONE,,RPM:486bd1410c460c23 TPS:486bd1411113e9 ADV:486bd1410eebbe MIL:486bd1410100000000c6
1789380084.4403,928.904,4527.0,162.3,12.94,20.25,33.50,2.40,36.5,50.8,5.12,14.10,0.000,87.0,43.0,1,0,0,0,0,0,0,NONE,,RPM:486bd1410c46bcd3 TPS:486bd1411121f7 ADV:486bd1410ec396 MIL:486bd1410100000000c6
1789380084.7442,929.208,4750.0,733.8,21.18,27.10,36.00,2.40,36.5,55.6,5.12,14.10,0.000,87.0,43.0,1,0,0,0,0,0,0,NONE,,RPM:486bd1410c4a3853 TPS:486bd14111360c ADV:486bd1410ec89b MIL:486bd1410100000000c6
1789380085.0244,929.488,5019.0,959.8,24.31,11.19,33.50,2.40,36.5,57.4,5.12,14.10,0.000,87.0,43.0,1,0,0,0,0,0,0,NONE,,RPM:486bd1410c4e6c8b TPS:486bd141113e14 ADV:486bd1410ec396 MIL:486bd1410100000000c6
1789380085.4568,929.921,5303.0,656.8,22.75,-3.63,34.00,2.40,36.5,56.5,5.12,14.10,0.000,87.0,43.0,1,0,0,0,0,0,0,NONE,,RPM:486bd1410c52dcff TPS:486bd141113a10 ADV:486bd1410ec497 MIL:486bd1410100000000c6
1789380085.7367,930.201,5267.0,-128.6,3.53,-68.65,60.00,2.40,36.5,45.3,5.12,14.10,0.000,87.0,43.0,1,0,0,0,0,0,0,NONE,,RPM:486bd1410c524c6f TPS:486bd1411109df ADV:486bd1410ef8cb MIL:486bd1410100000000c6
1789380086.0552,930.519,5093.0,-546.3,3.53,0.00,60.00,2.40,36.5,45.3,5.12,14.10,0.000,87.0,43.0,1,0,0,0,0,0,0,NONE,,RPM:486bd1410c4f94b4 TPS:486bd1411109df ADV:486bd1410ef8cb MIL:486bd1410100000000c6
1789380086.4337,930.898,4847.0,-649.9,3.53,0.00,60.00,2.40,36.5,45.3,5.12,14.10,0.000,87.0,43.0,1,0,0,0,0,0,0,NONE,,RPM:486bd1410c4bbcd8 TPS:486bd1411109df ADV:486bd1410ef8cb MIL:486bd1410100000000c6
1789380086.8803,931.344,4635.0,-474.7,6.27,6.15,60.00,2.40,36.5,46.9,5.12,14.10,0.000,87.0,43.0,1,0,0,0,0,0,0,NONE,,RPM:486bd1410c486c85 TPS:486bd1411110e6 ADV:486bd1410ef8cb MIL:486bd1410100000000c6
1789380087.2064,931.670,4586.0,-150.3,7.06,2.41,55.50,2.40,36.5,47.4,5.12,14.10,0.000,87.0,43.0,1,0,0,0,0,0,0,NONE,,RPM:486bd1410c47a8c0 TPS:486bd1411112e8 ADV:486bd1410eefc2 MIL:486bd1410100000000c6
1789380087.6978,932.162,4401.0,-376.5,7.45,0.80,56.00,2.40,36.5,47.6,5.12,14.10,0.000,87.0,43.0,1,0,0,0,0,0,0,NONE,,RPM:486bd1410c44c4d9 TPS:486bd1411113e9 ADV:486bd1410ef0c3 MIL:486bd1410100000000c6
1789380087.9982,932.462,4425.0,79.9,8.24,2.61,54.00,2.40,36.5,48.1,5.12,14.10,0.000,87.0,43.0,1,0,0,0,0,0,0,NONE,,RPM:486bd1410c45243a TPS:486bd1411115eb ADV:486bd1410eecbf MIL:486bd1410100000000c6
1789380088.2885,932.752,4294.0,-451.2,9.02,2.70,44.00,2.40,36.5,48.5,5.12,14.10,0.000,87.0,43.0,1,0,0,0,0,0,0,NONE,,RPM:486bd1410c43182c TPS:486bd1411117ed ADV:486bd1410ed8ab MIL:486bd1410100000000c6
1789380088.5755,933.039,4296.0,7.0,9.02,0.00,44.00,2.40,22.4,48.5,3.85,14.10,0.000,87.0,43.0,1,0,0,0,0,0,0,NONE,,RPM:486bd1410c432034 TPS:486bd1411117ed ADV:486bd1410ed8ab MIL:486bd1410100000000c6
1789380088.8617,933.326,4342.0,160.8,9.41,1.37,41.00,2.40,22.4,48.8,3.85,14.10,0.000,87.0,43.0,1,0,0,0,0,0,0,NONE,,RPM:486bd1410c43d8ec TPS:486bd1411118ee ADV:486bd1410ed2a5 MIL:486bd1410100000000c6
1789380089.1497,933.614,4357.0,52.1,9.80,1.36,44.00,2.40,22.4,49.0,3.85,14.10,0.000,87.0,43.0,1,0,0,0,0,0,0,NONE,,RPM:486bd1410c441429 TPS:486bd1411119ef ADV:486bd1410ed8ab MIL:486bd1410100000000c6
1789380089.5853,934.049,4347.0,-23.0,3.53,-14.40,60.00,2.40,22.4,45.3,3.85,14.10,0.000,87.0,43.0,1,0,0,0,0,0,0,NONE,,RPM:486bd1410c43ec00 TPS:486bd1411109df ADV:486bd1410ef8cb MIL:486bd1410100000000c6
1789380089.9246,934.388,4120.0,-669.1,3.53,0.00,60.00,2.40,22.4,45.3,3.85,14.10,0.000,87.0,42.0,1,0,0,0,0,0,0,NONE,,RPM:486bd1410c406071 TPS:486bd1411109df ADV:486bd1410ef8cb MIL:486bd1410100000000c6
1789380090.2126,934.676,3935.0,-642.4,3.53,0.00,60.00,2.40,22.4,45.3,3.85,14.10,0.000,87.0,42.0,1,0,0,0,0,0,0,NONE,,RPM:486bd1410c3d7c8a TPS:486bd1411109df ADV:486bd1410ef8cb MIL:486bd1410100000000c6
1789380090.5349,934.999,3872.0,-195.5,4.31,2.43,60.00,2.40,22.4,45.8,3.85,14.10,0.000,87.0,42.0,1,0,0,0,0,0,0,NONE,,RPM:486bd1410c3c808d TPS:486bd141110be1 ADV:486bd1410ef8cb MIL:486bd1410100000000c6
1789380090.9972,935.461,3795.0,-166.5,9.41,11.03,17.50,2.40,22.4,48.8,3.85,14.10,0.000,87.0,42.0,1,0,0,0,0,0,0,NONE,,RPM:486bd1410c3b4c58 TPS:486bd1411118ee ADV:486bd1410ea376 MIL:486bd1410100000000c6
1789380091.2816,935.745,3799.0,14.1,10.20,2.76,20.00,2.40,22.4,49.2,3.85,14.10,0.000,87.0,42.0,1,0,0,0,0,0,0,NONE,,RPM:486bd1410c3b5c68 TPS:486bd141111af0 ADV:486bd1410ea87b MIL:486bd1410100000000c6
1789380091.7190,936.183,3917.0,269.8,10.20,0.00,25.50,2.40,22.4,49.2,3.85,14.10,0.000,87.0,42.0,1,0,0,0,0,0,0,NONE,,RPM:486bd1410c3d3442 TPS:486bd141111af0 ADV:486bd1410eb386 MIL:486bd1410100000000c6
1789380092.0012,936.465,4029.0,396.9,10.20,0.00,29.00,2.40,22.4,49.2,3.85,14.10,0.000,87.0,42.0,1,0,0,0,0,0,0,NONE,,RPM:486bd1410c3ef403 TPS:486bd141111af0 ADV:486bd1410eba8d MIL:486bd1410100000000c6
1789380092.2740,936.738,4094.0,238.2,10.59,1.44,33.00,2.40,22.4,49.4,3.85,14.10,0.000,87.0,42.0,1,0,0,0,0,0,0,NONE,,RPM:486bd1410c3ff808 TPS:486bd141111bf1 ADV:486bd1410ec295 MIL:486bd1410100000000c6
1789380092.5497,937.014,4151.0,206.8,10.59,0.00,35.00,2.40,32.9,49.4,4.80,14.10,0.000,87.0,42.0,1,0,0,0,0,0,0,NONE,,RPM:486bd1410c40dced TPS:486bd141111bf1 ADV:486bd1410ec699 MIL:486bd1410100000000c6
1789380092.8370,937.301,4284.0,462.9,11.76,4.09,36.50,2.40,32.9,50.1,4.80,14.10,0.000,87.0,42.0,1,0,0,0,0,0,0,NONE,,RPM:486bd1410c42f003 TPS:486bd141111ef4 ADV:486bd1410ec99c MIL:486bd1410100000000c6
1789380093.1158,937.580,4389.0,376.7,12.94,4.22,36.50,2.40,32.9,50.8,4.80,14.10,0.000,87.0,42.0,1,0,0,0,0,0,0,NONE,,RPM:486bd1410c4494a9 TPS:486bd1411121f7 ADV:486bd1410ec99c MIL:486bd1410100000000c6
1789380093.6534,938.117,4626.0,440.8,12.94,0.00,38.50,2.40,32.9,50.8,4.80,14.10,0.000,87.0,42.0,1,0,0,0,0,0,0,NONE,,RPM:486bd1410c484861 TPS:486bd1411121f7 ADV:486bd1410ecda0 MIL:
1789380093.9848,938.449,4771.0,437.6,13.33,1.18,39.00,2.40,32.9,51.0,4.80,14.10,0.000,87.0,41.0,1,0,0,0,0,0,0,NONE,,RPM:486bd1410c4a8ca7 TPS:486bd1411122f8 ADV:486bd1410ecea1 MIL:
1789380094.2761,938.740,4961.0,652.2,13.33,0.00,35.23,2.40,32.9,51.0,4.80,14.10,0.000,87.0,41.0,1,0,0,0,0,0,0,NONE,,RPM:486bd1410c4d84a2 TPS:486bd1411122f8 ADV: MIL:486bd1410100000000c6
1789380094.7362,939.200,5136.0,380.4,14.51,2.56,38.50,2.40,32.9,51.7,4.80,14.10,0.000,87.0,41.0,1,0,0,0,0,0,0,NONE,,RPM:486bd1410c504061 TPS:486bd1411125fb ADV:486bd1410ecda0 MIL:486bd1410100000000c6
1789380095.1862,939.650,5136.0,0.0,20.78,13.94,39.00,2.40,32.9,55.4,4.80,14.10,0.000,87.0,41.0,1,0,0,0,0,0,0,NONE,,RPM: TPS:486bd14111350b ADV:486bd1410ecea1 MIL:486bd1410100000000c6
1789380095.6477,940.112,5590.0,983.8,33.33,27.19,32.50,2.40,32.9,62.6,4.80,14.10,0.000,87.0,41.0,1,0,0,0,0,0,0,NONE,,RPM:486bd1410c575880 TPS:486bd14111552b ADV:486bd1410ec194 MIL:486bd1410100000000c6
1789380096.1164,940.580,5966.0,802.2,35.69,5.02,28.50,2.40,32.9,64.0,4.80,14.10,0.000,87.0,41.0,1,0,0,0,0,0,0,NONE,,RPM:486bd1410c5d3866 TPS:486bd141115b31 ADV:486bd1410eb98c MIL:486bd1410100000000c6
1789380096.3874,940.851,6109.0,527.7,3.53,-118.66,60.00,2.40,32.9,45.3,4.80,14.10,0.000,87.0,41.0,1,0,0,0,0,0,0,NONE,,RPM:486bd1410c5f74a4 TPS:486bd1411109df ADV:486bd1410ef8cb MIL:486bd1410100000000c6
1789380096.6511,941.115,5886.0,-845.8,11.37,29.75,36.00,2.40,32.9,49.9,4.80,14.10,0.000,87.0,41.0,1,0,0,0,0,0,0,NONE,,RPM:486bd1410c5bf824 TPS:486bd141111df3 ADV: MIL:486bd1410100000000c6
1789380097.1211,941.585,6026.0,297.8,10.98,-0.83,60.00,2.40,9.4,49.7,2.69,14.10,0.000,87.0,41.0,1,0,0,0,0,0,0,NONE,,RPM:486bd1410c5e2857 TPS:486bd141111cf2 ADV:486bd1410ef8cb MIL:486bd1410100000000c6
1789380097.3891,941.853,5595.0,-1608.1,3.53,-27.80,60.00,2.40,9.4,45.3,2.69,14.10,0.000,87.0,41.0,1,0,0,0,0,0,0,NONE,,RPM:486bd1410c576c94 TPS:486bd1411109df ADV:486bd1410ef8cb MIL:486bd1410100000000c6
1789380097.6767,942.141,5608.0,45.2,3.53,0.00,60.00,2.40,9.4,45.3,2.69,14.10,0.000,87.0,41.0,1,0,0,0,0,0,0,NONE,,RPM:486bd1410c57a0c8 TPS:486bd1411109df ADV:486bd1410ef8cb MIL:486bd1410100000000c6
1789380098.1278,942.592,5226.0,-847.0,3.53,0.00,35.91,2.40,9.4,45.3,2.69,14.10,0.000,87.0,41.0,1,0,0,0,0,0,0,NONE,,RPM:486bd1410c51a8ca TPS: ADV: MIL:486bd1410100000000c6
1789380098.4550,942.919,4854.0,-1136.9,3.53,0.00,60.00,2.40,9.4,45.3,2.69,14.10,0.000,87.0,41.0,1,0,0,0,0,0,0,NONE,,RPM:486bd1410c4bd8f4 TPS:486bd1411109df ADV:486bd1410ef8cb MIL:486bd1410100000000c6
1789380098.7250,943.189,4642.0,-785.2,3.53,0.00,60.00,2.40,9.4,45.3,2.69,14.10,0.000,87.0,41.0,1,0,0,0,0,0,0,NONE,,RPM:486bd1410c4888a1 TPS:486bd1411109df ADV:486bd1410ef8cb MIL:
1789380099.0722,943.536,4175.0,-1345.1,3.53,0.00,60.00,2.40,9.4,45.3,2.69,14.10,0.000,87.0,41.0,1,0,0,0,0,0,0,NONE,,RPM:486bd1410c413c4e TPS:486bd1411109df ADV:486bd1410ef8cb MIL:
1789380099.5454,944.009,3717.0,-967.9,3.53,0.00,54.00,2.40,9.4,45.3,2.69,14.10,0.000,87.0,41.0,1,0,0,0,0,0,0,NONE,,RPM:486bd1410c3a141f TPS:486bd1411109df ADV:486bd1410eecbf MIL:486bd1410100000000c6
1789380099.8239,944.288,3283.0,-1558.4,3.53,0.00,51.00,2.40,9.4,45.3,2.69,14.10,0.000,87.0,41.0,1,0,0,0,0,0,0,NONE,,RPM:486bd1410c334c50 TPS:486bd1411109df ADV:486bd1410ee6b9 MIL:486bd1410100000000c6
1789380100.2889,944.753,2964.0,-686.0,3.53,0.00,39.00,2.40,9.4,45.3,2.69,14.10,0.000,87.0,41.0,1,0,0,0,0,0,0,NONE,,RPM:486bd1410c2e504f TPS:486bd1411109df ADV:486bd1410ecea1 MIL:486bd1410100000000c6
1789380100.5835,945.047,2705.0,-879.3,3.53,0.00,28.50,2.40,9.4,45.3,2.71,14.10,0.000,86.0,41.0,1,0,0,0,0,0,0,NONE,,RPM:486bd1410c2a443f TPS:486bd1411109df ADV:486bd1410eb98c MIL:486bd1410100000000c6
1789380100.8624,945.326,2500.0,-735.0,3.53,0.00,21.00,2.40,9.4,45.3,2.71,14.10,0.000,86.0,41.0,1,0,0,0,0,0,0,NONE,,RPM:486bd1410c271008 TPS:486bd1411109df ADV:486bd1410eaa7d MIL:486bd1410100000000c6
1789380101.1492,945.613,2309.0,-665.8,3.53,0.00,18.00,2.40,10.2,45.3,2.78,14.10,0.000,86.0,41.0,1,0,0,0,0,0,0,NONE,,RPM:486bd1410c241409 TPS:486bd1411109df ADV:486bd1410ea477 MIL:486bd1410100000000c6
1789380101.4542,945.918,2071.0,-780.5,3.53,0.00,13.00,2.40,10.2,45.3,2.78,14.10,0.000,86.0,41.0,1,0,0,0,0,0,0,NONE,,RPM:486bd1410c205c4d TPS:486bd1411109df ADV:486bd1410e9a6d MIL:486bd1410100000000c6
1789380101.7552,946.219,1850.0,-734.1,3.53,0.00,10.50,2.40,10.2,45.3,2.78,14.10,0.000,86.0,41.0,1,0,0,0,0,0,0,NONE,,RPM:486bd1410c1ce8d5 TPS:486bd1411109df ADV:486bd1410e9568 MIL:486bd1410100000000c6
1789380102.2157,946.680,1516.0,-725.3,3.53,0.00,10.50,2.40,10.2,45.3,2.78,14.10,0.000,86.0,41.0,1,0,0,0,0,0,0,NONE,,RPM:486bd1410c17b098 TPS:486bd1411109df ADV:486bd1410e9568 MIL:486bd1410100000000c6
1789380102.4766,946.941,971.0,-2088.9,3.14,-1.50,18.00,2.66,10.2,45.1,2.78,12.80,-4.983,86.0,42.0,1,0,0,0,0,0,0,NONE,,RPM:486bd1410c0f2c0c TPS:486bd1411108de ADV:486bd1410ea477 MIL:486bd1410100000000c6
1789380102.7534,947.217,742.0,-827.5,3.14,0.00,18.00,2.66,10.2,45.1,2.78,12.80,0.000,86.0,42.0,1,0,0,0,0,0,0,NONE,,RPM:486bd1410c0b9874 TPS:486bd1411108de ADV:486bd1410ea477 MIL:486bd1410100000000c6
1789380103.0292,947.493,742.0,0.0,3.14,0.00,18.00,2.66,10.2,45.1,2.78,12.80,0.000,86.0,42.0,1,0,0,0,0,0,0,NONE,,RPM:486bd1410c0b9874 TPS:486bd1411108de ADV:486bd1410ea477 MIL:486bd1410100000000c6
1789380103.4897,947.954,0.0,-1611.1,3.14,0.00,18.00,2.73,10.2,45.1,2.78,12.50,-0.651,86.0,42.0,1,0,0,0,0,0,0,NONE,,RPM:486bd1410c0000d1 TPS:486bd1411108de ADV:486bd1410ea477 MIL:486bd1410100000000c6
1789380103.7884,948.252,0.0,0.0,3.14,0.00,18.00,2.73,10.2,45.1,2.78,12.50,0.000,86.0,42.0,1,0,0,0,0,0,0,NONE,,RPM:486bd1410c0000d1 TPS:486bd1411108de ADV:486bd1410ea477 MIL:486bd1410100000000c6
1789380104.2159,948.680,0.0,0.0,3.14,0.00,18.00,2.73,10.2,45.1,2.78,12.50,0.000,86.0,42.0,1,0,0,0,0,0,0,NONE,,RPM:486bd1410c0000d1 TPS:486bd1411108de ADV:486bd1410ea477 MIL:486bd1410100000000c6
1789380104.4911,948.955,0.0,0.0,3.14,0.00,18.00,2.73,10.2,45.1,2.78,12.50,0.000,86.0,42.0,1,0,0,0,0,0,0,NONE,,RPM:486bd1410c0000d1 TPS:486bd1411108de ADV:486bd1410ea477 MIL:486bd1410100000000c6
1789380104.7791,949.243,0.0,0.0,3.14,0.00,18.00,2.73,10.2,45.1,2.78,12.50,0.000,86.0,42.0,1,0,0,0,0,0,0,NONE,,RPM:486bd1410c0000d1 TPS:486bd1411108de ADV:486bd1410ea477 MIL:486bd1410100000000c6
1789380105.0664,949.530,0.0,0.0,3.14,0.00,18.00,2.73,26.7,45.1,4.26,12.50,0.000,86.0,42.0,1,0,0,0,0,0,0,NONE,,RPM:486bd1410c0000d1 TPS:486bd1411108de ADV:486bd1410ea477 MIL:486bd1410100000000c6
1789380105.3532,949.817,0.0,0.0,3.14,0.00,18.00,2.73,26.7,45.1,4.26,12.50,0.000,86.0,42.0,1,0,0,0,0,0,0,NONE,,RPM:486bd1410c0000d1 TPS:486bd1411108de ADV:486bd1410ea477 MIL:486bd1410100000000c6
1789380105.6257,950.090,0.0,0.0,3.14,0.00,0.00,2.73,26.7,45.1,4.26,12.50,0.000,86.0,42.0,1,0,0,0,0,0,0,NONE,,RPM:486bd1410c0000d1 TPS:486bd1411108de ADV:486bd1410e8053 MIL:486bd1410100000000c6
1789380106.0958,950.560,0.0,0.0,3.14,0.00,0.00,2.73,26.7,45.1,4.26,12.50,0.000,86.0,42.0,1,0,0,0,0,0,0,NONE,,RPM:486bd1410c0000d1 TPS:486bd1411108de ADV:486bd1410e8053 MIL:486bd1410100000000c6
1789380106.3883,950.852,1773.0,6060.4,3.14,0.00,8.50,2.40,26.7,45.1,4.26,14.10,5.469,86.0,43.0,1,0,0,0,0,0,0,NONE,,RPM:486bd1410c1bb4a0 TPS:486bd1411108de ADV:486bd1410e9164 MIL:486bd1410100000000c6
1789380106.7132,951.177,1693.0,-246.2,3.14,0.00,8.50,2.40,26.7,45.1,4.26,14.10,0.000,86.0,43.0,1,0,0,0,0,0,0,NONE,,RPM:486bd1410c1a745f TPS:486bd1411108de ADV:486bd1410e9164 MIL:486bd1410100000000c6
1789380107.0004,951.464,1674.0,-66.2,3.14,0.00,8.50,2.40,26.7,45.1,4.26,14.10,0.000,86.0,43.0,1,0,0,0,0,0,0,NONE,,RPM:486bd1410c1a2813 TPS:486bd1411108de ADV:486bd1410e9164 MIL:486bd1410100000000c6
1789380107.4778,951.942,1672.0,-4.2,11.76,18.07,-4.50,2.40,26.7,50.1,4.26,14.10,0.000,86.0,43.0,1,0,0,0,0,0,0,NONE,,RPM:486bd1410c1a200b TPS:486bd141111ef4 ADV:486bd1410e774a MIL:486bd1410100000000c6
1789380107.7501,952.214,2507.0,3067.2,11.37,-1.44,11.00,2.40,26.7,49.9,4.26,14.10,0.000,86.0,43.0,1,0,0,0,0,0,0,NONE,,RPM:486bd1410c272c24 TPS:486bd141111df3 ADV:486bd1410e9669 MIL:486bd1410100000000c6
1789380108.2090,952.673,2709.0,440.1,10.98,-0.85,13.00,2.40,26.7,49.7,4.26,14.10,0.000,86.0,43.0,1,0,0,0,0,0,0,NONE,,RPM:486bd1410c2a544f TPS:486bd141111cf2 ADV:486bd1410e9a6d MIL:486bd1410100000000c6
1789380108.4976,952.961,2449.0,-901.2,10.98,0.00,13.00,2.40,26.7,49.7,4.26,14.10,0.000,86.0,43.0,1,0,0,0,0,0,0,NONE,,RPM:486bd1410c26443b TPS:486bd141111cf2 ADV:486bd1410e9a6d MIL:486bd1410100000000c6
1789380108.8106,953.274,2587.0,440.9,10.59,-1.25,18.50,2.40,26.7,49.4,4.26,14.10,0.000,86.0,43.0,1,0,0,0,0,0,0,NONE,,RPM:486bd1410c286c65 TPS:486bd141111bf1 ADV:486bd1410ea578 MIL:486bd1410100000000c6
1789380109.0856,953.550,2879.0,1061.7,10.20,-1.43,21.50,2.40,32.2,49.2,4.75,14.10,0.000,86.0,43.0,1,0,0,0,0,0,0,NONE,,RPM:486bd1410c2cfcf9 TPS:486bd141111af0 ADV:486bd1410eab7e MIL:486bd1410100000000c6
1789380109.3818,953.846,3269.0,1316.8,3.53,-22.51,60.00,2.40,32.2,45.3,4.75,14.10,0.000,86.0,43.0,1,0,0,0,0,0,0,NONE,,RPM:486bd1410c331418 TPS:486bd1411109df ADV:486bd1410ef8cb MIL:486bd1410100000000c6
1789380109.6851,954.149,3263.0,-19.8,3.53,0.00,60.00,2.40,32.2,45.3,4.75,14.10,0.000,86.0,43.0,1,0,0,0,0,0,0,NONE,,RPM:486bd1410c32fcff TPS:486bd1411109df ADV:486bd1410ef8cb MIL:486bd1410100000000c6
1789380110.1579,954.622,3207.0,-118.4,3.53,0.00,55.50,2.40,32.2,45.3,4.75,14.10,0.000,86.0,43.0,1,0,0,0,0,0,0,NONE,,RPM:486bd1410c321c1f TPS:486bd1411109df ADV:486bd1410eefc2 MIL:486bd1410100000000c6
1789380110.4370,954.901,3107.0,-358.4,3.53,0.00,52.50,2.40,32.2,45.3,4.75,14.10,0.000,86.0,43.0,1,0,0,0,0,0,0,NONE,,RPM:486bd1410c308c8d TPS:486bd1411109df ADV:486bd1410ee9bc MIL:486bd1410100000000c6
1789380110.7399,955.204,3039.0,-224.5,3.53,0.00,46.00,2.40,32.2,45.3,4.75,14.10,0.000,86.0,43.0,1,0,0,0,0,0,0,NONE,,RPM:486bd1410c2f7c7c TPS:486bd1411109df ADV:486bd1410edcaf MIL:486bd1410100000000c6
1789380111.0119,955.476,2911.0,-470.6,3.53,0.00,41.50,2.40,32.2,45.3,4.75,14.10,0.000,86.0,43.0,1,0,0,0,0,0,0,NONE,,RPM:486bd1410c2d7c7a TPS:486bd1411109df ADV:486bd1410ed3a6 MIL:486bd1410100000000c6
1789380111.4928,955.957,2703.0,-432.6,3.53,0.00,31.00,2.40,32.2,45.3,4.75,14.10,0.000,86.0,43.0,1,0,0,0,0,0,0,NONE,,RPM:486bd1410c2a3c37 TPS:486bd1411109df ADV:486bd1410ebe91 MIL:486bd1410100000000c6
1789380111.7670,956.231,2628.0,-273.5,3.53,0.00,27.50,2.40,32.2,45.3,4.75,14.10,0.000,86.0,43.0,1,0,0,0,0,0,0,NONE,,RPM:486bd1410c29100a TPS:486bd1411109df ADV:486bd1410eb78a MIL:486bd1410100000000c6
1789380112.1910,956.655,2491.0,-323.1,3.53,0.00,24.00,2.40,32.2,45.3,4.75,14.10,0.000,86.0,43.0,1,0,0,0,0,0,0,NONE,,RPM:486bd1410c26ece3 TPS:486bd1411109df ADV:486bd1410eb083 MIL:486bd1410100000000c6
1789380112.4979,956.962,2436.0,-179.2,3.53,0.00,23.50,2.40,32.2,45.3,4.75,14.10,0.000,86.0,43.0,1,0,0,0,0,0,0,NONE,,RPM:486bd1410c261007 TPS:486bd1411109df ADV:486bd1410eaf82 MIL:486bd1410100000000c6
1789380112.7822,957.246,2392.0,-154.8,3.53,0.00,22.50,2.40,32.2,45.3,4.75,14.10,0.000,86.0,43.0,1,0,0,0,0,0,0,NONE,,RPM:486bd1410c256056 TPS:486bd1411109df ADV:486bd1410ead80 MIL:486bd1410100000000c6
1789380113.0886,957.553,2318.0,-241.5,3.53,0.00,20.50,2.40,16.5,45.3,3.34,14.10,0.000,86.0,43.0,1,0,0,0,0,0,0,NONE,,RPM:486bd1410c24382d TPS:486bd1411109df ADV:486bd1410ea97c MIL:486bd1410100000000c6
1789380113.3607,957.825,2278.0,-147.0,3.53,0.00,20.00,2.40,16.5,45.3,3.34,14.10,0.000,86.0,43.0,1,0,0,0,0,0,0,NONE,,RPM:486bd1410c23988c TPS:486bd1411109df ADV:486bd1410ea87b MIL:486bd1410100000000c6
1789380113.6329,958.097,2206.0,-264.5,3.53,0.00,18.50,2.40,16.5,45.3,3.34,14.10,0.000,86.0,43.0,1,0,0,0,0,0,0,NONE,,RPM:486bd1410c22786b TPS:486bd1411109df ADV:486bd1410ea578 MIL:486bd1410100000000c6
1789380114.0935,958.557,2096.0,-238.8,3.53,0.00,16.50,2.40,16.5,45.3,3.34,14.10,0.000,86.0,43.0,1,0,0,0,0,0,0,NONE,,RPM:486bd1410c20c0b1 TPS:486bd1411109df ADV:486bd1410ea174 MIL:486bd1410100000000c6
1789380114.3693,958.833,1727.0,-1338.2,3.53,0.00,10.00,2.40,16.5,45.3,3.34,14.10,0.000,86.0,43.0,1,0,0,0,0,0,0,NONE,,RPM:486bd1410c1afce7 TPS:486bd1411109df ADV:486bd1410e9467 MIL:486bd1410100000000c6
1789380114.6559,959.120,1210.0,-1803.5,3.14,-1.37,11.50,2.40,16.5,45.1,3.34,14.10,0.000,86.0,43.0,1,0,0,0,0,0,0,NONE,,RPM:486bd1410c12e8cb TPS:486bd1411108de ADV:486bd1410e976a MIL:486bd1410100000000c6
1789380114.9641,959.428,1364.0,499.6,3.14,0.00,11.00,2.40,16.5,45.1,3.34,14.10,0.000,86.0,43.0,1,0,0,0,0,0,0,NONE,,RPM:486bd1410c155036 TPS:486bd1411108de ADV:486bd1410e9669 MIL:486bd1410100000000c6
1789380115.4222,959.886,1325.0,-85.1,3.14,0.00,11.50,2.40,16.5,45.1,3.34,14.10,0.000,86.0,43.0,1,0,0,0,0,0,0,NONE,,RPM:486bd1410c14b499 TPS:486bd1411108de ADV:486bd1410e976a MIL:486bd1410100000000c6
1789380115.7110,960.175,1355.0,103.9,3.14,0.00,10.50,2.40,16.5,45.1,3.34,14.10,0.000,86.0,43.0,1,0,0,0,0,0,0,NONE,,RPM:486bd1410c152c12 TPS:486bd1411108de ADV:486bd1410e9568 MIL:486bd1410100000000c6
1789380116.1787,960.643,1313.0,-89.8,3.14,0.00,10.50,2.40,16.5,45.1,3.34,14.10,0.000,86.0,43.0,1,0,0,0,0,0,0,NONE,,RPM:486bd1410c148469 TPS:486bd1411108de ADV:486bd1410e9568 MIL:486bd1410100000000c6
1789380116.4537,960.918,1321.0,29.1,3.53,1.43,10.00,2.40,16.5,45.3,3.34,14.10,0.000,86.0,43.0,1,0,0,0,0,0,0,NONE,,RPM:486bd1410c14a489 TPS:486bd1411109df ADV:486bd1410e9467 MIL:486bd1410100000000c6
1789380116.7494,961.213,1364.0,145.4,5.10,5.30,9.00,2.40,16.5,46.3,3.34,14.10,0.000,86.0,43.0,1,0,0,0,0,0,0,NONE,,RPM:486bd1410c155036 TPS:486bd141110de3 ADV:486bd1410e9265 MIL:486bd1410100000000c6
1789380117.0205,961.484,1587.0,822.6,5.88,2.89,8.00,2.40,31.0,46.7,4.65,14.10,0.000,86.0,43.0,1,0,0,0,0,0,0,NONE,,RPM:486bd1410c18ccb5 TPS:486bd141110fe5 ADV:486bd1410e9063 MIL:486bd1410100000000c6
1789380117.2933,961.757,1728.0,516.9,5.88,0.00,8.50,2.40,31.0,46.7,4.65,14.10,0.000,86.0,43.0,1,0,0,0,0,0,0,NONE,,RPM:486bd1410c1b00ec TPS:486bd141110fe5 ADV:486bd1410e9164 MIL:486bd1410100000000c6
1789380117.5639,962.028,1692.0,-133.0,5.88,0.00,9.00,2.40,31.0,46.7,4.65,14.10,0.000,86.0,43.0,1,0,0,0,0,0,0,NONE,,RPM:486bd1410c1a705b TPS:486bd141110fe5 ADV:486bd1410e9265 MIL:486bd1410100000000c6
1789380118.0249,962.489,1768.0,164.9,9.41,7.66,3.00,2.40,31.0,48.8,4.65,14.10,0.000,86.0,43.0,1,0,0,0,0,0,0,NONE,,RPM:486bd1410c1ba08c TPS:486bd1411118ee ADV:486bd1410e8659 MIL:486bd1410100000000c6
1789380118.2997,962.764,1847.0,287.5,9.41,0.00,1.00,2.40,31.0,48.8,4.65,14.10,0.000,86.0,43.0,1,0,0,0,0,0,0,NONE,,RPM:486bd1410c1cdcc9 TPS:486bd1411118ee ADV:486bd1410e8255 MIL:486bd1410100000000c6
1789380118.5752,963.039,1985.0,501.0,9.41,0.00,2.50,2.40,31.0,48.8,4.65,14.10,0.000,86.0,43.0,1,0,0,0,0,0,0,NONE,,RPM:486bd1410c1f04f4 TPS:486bd1411118ee ADV:486bd1410e8558 MIL:486bd1410100000000c6
1789380118.8433,963.307,2186.0,749.6,9.80,1.46,8.50,2.40,31.0,49.0,4.65,14.10,0.000,86.0,43.0,1,0,0,0,0,0,0,NONE,,RPM:486bd1410c22281b TPS:486bd1411119ef ADV:486bd1410e9164 MIL:486bd1410100000000c6
1789380119.2832,963.747,2458.0,618.3,10.59,1.78,16.50,2.40,31.0,49.4,4.65,14.10,0.000,86.0,43.0,1,0,0,0,0,0,0,NONE,,RPM:486bd1410c26685f TPS:486bd141111bf1 ADV:486bd1410ea174 MIL:486bd1410100000000c6
1789380119.5863,964.050,2624.0,547.7,11.37,2.59,19.00,2.40,31.0,49.9,4.65,14.10,0.000,86.0,43.0,1,0,0,0,0,0,0,NONE,,RPM:486bd1410c2900fa TPS:486bd141111df3 ADV:486bd1410ea679 MIL:486bd1410100000000c6
1789380120.0043,964.468,2856.0,555.1,11.37,0.00,21.50,2.40,31.0,49.9,4.65,14.10,0.000,86.0,43.0,1,0,0,0,0,0,0,NONE,,RPM:486bd1410c2ca09d TPS:486bd141111df3 ADV:486bd1410eab7e MIL:486bd1410100000000c6
1789380120.2974,964.761,2912.0,191.1,11.37,0.00,22.50,2.40,31.0,49.9,4.65,14.10,0.000,86.0,43.0,1,0,0,0,0,0,0,NONE,,RPM:486bd1410c2d807e TPS:486bd141111df3 ADV:486bd1410ead80 MIL:486bd1410100000000c6
1789380120.5684,965.032,3043.0,483.4,11.76,1.45,22.50,2.40,31.0,50.1,4.65,14.10,0.000,86.0,43.0,1,0,0,0,0,0,0,NONE,,RPM:486bd1410c2f8c8c TPS:486bd141111ef4 ADV:486bd1410ead80 MIL:486bd1410100000000c6
1789380120.8387,965.303,3151.0,399.6,11.37,-1.45,23.50,2.40,34.5,49.9,4.97,14.10,0.000,86.0,43.0,1,0,0,0,0,0,0,NONE,,RPM:486bd1410c313c3e TPS:486bd141111df3 ADV:486bd1410eaf82 MIL:486bd1410100000000c6
1789380121.1177,965.582,3316.0,591.3,10.20,-4.22,25.00,2.40,34.5,49.2,4.97,14.10,0.000,86.0,43.0,1,0,0,0,0,0,0,NONE,,RPM:486bd1410c33d0d4 TPS:486bd141111af0 ADV:486bd1410eb285 MIL:486bd1410100000000c6
1789380121.4369,965.901,3449.0,416.7,7.84,-7.37,33.00,2.40,34.5,47.8,4.97,14.10,0.000,86.0,43.0,1,0,0,0,0,0,0,NONE,,RPM:486bd1410c35e4ea TPS:486bd1411114ea ADV:486bd1410ec295 MIL:486bd1410100000000c6
1789380121.8638,966.328,3463.0,32.8,7.45,-0.92,33.00,2.40,34.5,47.6,4.97,14.10,0.000,86.0,43.0,1,0,0,0,0,0,0,NONE,,RPM:486bd1410c361c23 TPS:486bd1411113e9 ADV:486bd1410ec295 MIL:486bd1410100000000c6
1789380122.1823,966.646,3392.0,-222.9,7.45,0.00,32.50,2.40,34.5,47.6,4.97,14.10,0.000,86.0,43.0,1,0,0,0,0,0,0,NONE,,RPM:486bd1410c350006 TPS:486bd1411113e9 ADV:486bd1410ec194 MIL:486bd1410100000000c6
1789380122.4536,966.917,3320.0,-265.3,7.45,0.00,33.50,2.40,34.5,47.6,4.97,14.10,0.000,86.0,43.0,1,0,0,0,0,0,0,NONE,,RPM:486bd1410c33e0e4 TPS:486bd1411113e9 ADV:486bd1410ec396 MIL:486bd1410100000000c6
1789380122.7596,967.224,3191.0,-421.5,7.06,-1.28,33.50,2.40,34.5,47.4,4.97,14.10,0.000,86.0,43.0,1,0,0,0,0,0,0,NONE,,RPM:486bd1410c31dcde TPS:486bd1411112e8 ADV:486bd1410ec396 MIL:486bd1410100000000c6
1789380123.1813,967.645,2866.0,-770.7,3.53,-8.37,30.00,2.40,34.5,45.3,4.97,14.10,0.000,86.0,43.0,1,0,0,0,0,0,0,NONE,,RPM:486bd1410c2cc8c5 TPS:486bd1411109df ADV:486bd1410ebc8f MIL:486bd1410100000000c6
1789380123.4776,967.941,2218.0,-2186.9,3.92,1.32,23.50,2.40,34.5,45.6,4.97,14.10,0.000,86.0,43.0,1,0,0,0,0,0,0,NONE,,RPM:486bd1410c22a89b TPS:486bd141110ae0 ADV:486bd1410eaf82 MIL:486bd1410100000000c6
1789380123.9237,968.388,2089.0,-289.2,6.27,5.28,10.50,2.40,34.5,46.9,4.97,14.10,0.000,86.0,43.0,1,0,0,0,0,0,0,NONE,,RPM:486bd1410c20a495 TPS:486bd1411110e6 ADV:486bd1410e9568 MIL:486bd1410100000000c6
1789380124.2272,968.691,2196.0,352.5,7.06,2.58,8.50,2.40,34.5,47.4,4.94,14.10,0.000,87.0,43.0,1,0,0,0,0,0,0,NONE,,RPM:486bd1410c225043 TPS:486bd1411112e8 ADV:486bd1410e9164 MIL:486bd1410100000000c6
1789380124.5012,968.965,2109.0,-317.5,8.24,4.29,4.00,2.40,34.5,48.1,4.94,14.10,0.000,87.0,43.0,1,0,0,0,0,0,0,NONE,,RPM:486bd1410c20f4e5 TPS:486bd1411115eb ADV:486bd1410e885b MIL:486bd1410100000000c6
1789380124.7730,969.237,2058.0,-187.6,9.02,2.89,4.00,2.40,37.6,48.5,5.23,14.10,0.000,87.0,43.0,1,0,0,0,0,0,0,NONE,,RPM:486bd1410c202819 TPS:486bd1411117ed ADV:486bd1410e885b MIL:486bd1410100000000c6
1789380125.0454,969.509,2108.0,183.6,9.02,0.00,6.00,2.40,37.6,48.5,5.23,14.10,0.000,87.0,43.0,1,0,0,0,0,0,0,NONE,,RPM:486bd1410c20f0e1 TPS:486bd1411117ed ADV:486bd1410e8c5f MIL:486bd1410100000000c6
1789380125.3166,969.780,2218.0,405.7,9.41,1.45,10.00,2.40,37.6,48.8,5.23,14.10,0.000,87.0,43.0,1,0,0,0,0,0,0,NONE,,RPM:486bd1410c22a89b TPS:486bd1411118ee ADV:486bd1410e9467 MIL:486bd1410100000000c6
1789380125.8320,970.296,2533.0,611.2,9.80,0.76,18.00,2.40,37.6,49.0,5.23,14.10,0.000,87.0,43.0,1,0,0,0,0,0,0,NONE,,RPM:486bd1410c27948c TPS:486bd1411119ef ADV:486bd1410ea477 MIL:486bd1410100000000c6
1789380126.0985,970.562,2633.0,375.2,9.41,-1.47,20.50,2.40,37.6,48.8,5.23,14.10,0.000,87.0,43.0,1,0,0,0,0,0,0,NONE,,RPM:486bd1410c29241e TPS:486bd1411118ee ADV:486bd1410ea97c MIL:486bd1410100000000c6
1789380126.3875,970.851,2841.0,719.9,9.41,0.00,23.50,2.40,37.6,48.8,5.23,14.10,0.000,87.0,43.0,1,0,0,0,0,0,0,NONE,,RPM:486bd1410c2c6461 TPS:486bd1411118ee ADV:486bd1410eaf82 MIL:486bd1410100000000c6
1789380126.6839,971.148,2949.0,364.3,9.80,1.32,25.00,2.40,37.6,49.0,5.23,14.10,0.000,87.0,43.0,1,0,0,0,0,0,0,NONE,,RPM:486bd1410c2e1413 TPS:486bd1411119ef ADV:486bd1410eb285 MIL:486bd1410100000000c6
1789380127.1381,971.602,3090.0,310.4,3.53,-13.82,50.00,2.40,37.6,45.3,5.23,14.10,0.000,87.0,43.0,1,0,0,0,0,0,0,NONE,,RPM:486bd1410c304849 TPS:486bd1411109df ADV:486bd1410ee4b7 MIL:486bd1410100000000c6
1789380127.4268,971.891,2802.0,-997.7,3.53,0.00,45.50,2.40,37.6,45.3,5.23,14.10,0.000,87.0,43.0,1,0,0,0,0,0,0,NONE,,RPM:486bd1410c2bc8c4 TPS:486bd1411109df ADV:486bd1410edbae MIL:486bd1410100000000c6
1789380127.8618,972.326,2475.0,-751.7,3.53,0.00,28.50,2.40,37.6,45.3,5.23,14.10,0.000,87.0,43.0,1,0,0,0,0,0,0,NONE,,RPM:486bd1410c26aca3 TPS:486bd1411109df ADV:486bd1410eb98c MIL:486bd1410100000000c6
1789380128.1791,972.643,2189.0,-901.2,3.53,0.00,21.50,2.40,37.6,45.3,5.23,14.10,0.000,87.0,43.0,1,0,0,0,0,0,0,NONE,,RPM:486bd1410c223427 TPS:486bd1411109df ADV:486bd1410eab7e MIL:486bd1410100000000c6
1789380128.4585,972.922,2014.0,-626.3,3.92,1.40,20.50,2.40,37.6,45.6,5.23,14.10,0.000,87.0,43.0,1,0,0,0,0,0,0,NONE,,RPM:486bd1410c1f7868 TPS:486bd141110ae0 ADV:486bd1410ea97c MIL:486bd1410100000000c6
1789380128.7372,973.201,1972.0,-150.7,4.31,1.41,17.50,2.40,22.4,45.8,3.85,14.10,0.000,87.0,43.0,1,0,0,0,0,0,0,NONE,,RPM:486bd1410c1ed0bf TPS:486bd141110be1 ADV:486bd1410ea376 MIL:486bd1410100000000c6
1789380129.0415,973.505,1986.0,46.0,4.71,1.29,14.00,2.40,22.4,46.0,3.85,14.10,0.000,87.0,43.0,1,0,0,0,0,0,0,NONE,,RPM:486bd1410c1f08f8 TPS:486bd141110ce2 ADV:486bd1410e9c6f MIL:486bd1410100000000c6
1789380129.3292,973.793,2029.0,149.5,4.71,0.00,18.50,2.40,22.4,46.0,3.85,14.10,0.000,87.0,43.0,1,0,0,0,0,0,0,NONE,,RPM:486bd1410c1fb4a4 TPS:486bd141110ce2 ADV:486bd1410ea578 MIL:486bd1410100000000c6
1789380129.7540,974.218,2195.0,390.8,5.10,0.92,20.00,2.40,22.4,46.3,3.85,14.10,0.000,87.0,43.0,1,0,0,0,0,0,0,NONE,,RPM:486bd1410c224c3f TPS:486bd141110de3 ADV:486bd1410ea87b MIL:486bd1410100000000c6
1789380130.0789,974.543,2336.0,433.9,5.49,1.21,28.50,2.40,22.4,46.5,3.85,14.10,0.000,87.0,43.0,1,0,0,0,0,0,0,NONE,,RPM:486bd1410c248075 TPS:486bd141110ee4 ADV:486bd1410eb98c MIL:486bd1410100000000c6
1789380130.3568,974.821,2464.0,460.6,5.49,0.00,30.00,2.40,22.4,46.5,3.85,14.10,0.000,87.0,43.0,1,0,0,0,0,0,0,NONE,,RPM:486bd1410c268077 TPS:486bd141110ee4 ADV:486bd1410ebc8f MIL:486bd1410100000000c6
1789380130.6354,975.099,2632.0,603.0,5.88,1.41,33.00,2.40,22.4,46.7,3.85,14.10,0.000,87.0,43.0,1,0,0,0,0,0,0,NONE,,RPM:486bd1410c29201a TPS:486bd141110fe5 ADV:486bd1410ec295 MIL:486bd1410100000000c6
1789380131.1045,975.568,2826.0,413.6,6.27,0.84,36.00,2.40,22.4,46.9,3.85,14.10,0.000,87.0,43.0,1,0,0,0,0,0,0,NONE,,RPM:486bd1410c2c2825 TPS:486bd1411110e6 ADV:486bd1410ec89b MIL:486bd1410100000000c6
1789380131.3726,975.837,2944.0,440.0,6.27,0.00,38.00,2.40,22.4,46.9,3.85,14.10,0.000,87.0,43.0,1,0,0,0,0,0,0,NONE,,RPM:486bd1410c2e00ff TPS:486bd1411110e6 ADV:486bd1410ecc9f MIL:486bd1410100000000c6
1789380131.8762,976.340,3225.0,558.0,6.27,0.00,43.00,2.40,22.4,46.9,3.85,14.10,0.000,87.0,43.0,1,0,0,0,0,0,0,NONE,,RPM:486bd1410c326467 TPS:486bd1411110e6 ADV:486bd1410ed6a9 MIL:486bd1410100000000c6
1789380132.1463,976.610,3360.0,499.8,5.88,-1.45,51.00,2.40,22.4,46.7,3.83,14.10,0.000,88.0,43.0,1,0,0,0,0,0,0,NONE,,RPM:486bd1410c348085 TPS:486bd141110fe5 ADV:486bd1410ee6b9 MIL:486bd1410100000000c6
1789380132.4110,976.875,3212.0,-559.2,3.53,-8.89,53.00,2.40,22.4,45.3,3.83,14.10,0.000,88.0,43.0,1,0,0,0,0,0,0,NONE,,RPM:486bd1410c323033 TPS:486bd1411109df ADV:486bd1410eeabd MIL:486bd1410100000000c6
1789380132.6822,977.146,3363.0,556.8,3.53,0.00,51.50,2.40,12.9,45.3,2.98,14.10,0.000,88.0,43.0,1,0,0,0,0,0,0,NONE,,RPM:486bd1410c348c91 TPS:486bd1411109df ADV:486bd1410ee7ba MIL:486bd1410100000000c6
1789380132.9545,977.418,3318.0,-165.2,3.53,0.00,50.50,2.40,12.9,45.3,2.98,14.10,0.000,88.0,43.0,1,0,0,0,0,0,0,NONE,,RPM:486bd1410c33d8dc TPS:486bd1411109df ADV:486bd1410ee5b8 MIL:486bd1410100000000c6
1789380133.2615,977.725,3150.0,-547.3,3.53,0.00,49.00,2.40,12.9,45.3,2.98,14.10,0.000,88.0,43.0,1,0,0,0,0,0,0,NONE,,RPM:486bd1410c31383a TPS:486bd1411109df ADV:486bd1410ee2b5 MIL:486bd1410100000000c6
1789380133.6958,978.160,3007.0,-329.3,3.53,0.00,43.00,2.40,12.9,45.3,2.98,14.10,0.000,88.0,43.0,1,0,0,0,0,0,0,NONE,,RPM:486bd1410c2efcfb TPS:486bd1411109df ADV:486bd1410ed6a9 MIL:486bd1410100000000c6
1789380133.9800,978.444,2782.0,-791.7,3.53,0.00,38.50,2.40,12.9,45.3,2.98,14.10,0.000,88.0,43.0,1,0,0,0,0,0,0,NONE,,RPM:486bd1410c2b7874 TPS:486bd1411109df ADV:486bd1410ecda0 MIL:486bd1410100000000c6
1789380134.2606,978.725,2799.0,60.6,3.53,0.00,34.00,2.40,12.9,45.3,2.98,14.10,0.000,88.0,43.0,1,0,0,0,0,0,0,NONE,,RPM:486bd1410c2bbcb8 TPS:486bd1411109df ADV:486bd1410ec497 MIL:486bd1410100000000c6
1789380134.5754,979.039,2692.0,-339.9,3.53,0.00,31.00,2.40,12.9,45.3,2.98,14.10,0.000,88.0,43.0,1,0,0,0,0,0,0,NONE,,RPM:486bd1410c2a100b TPS:486bd1411109df ADV:486bd1410ebe91 MIL:486bd1410100000000c6
1789380135.0062,979.470,1984.0,-1643.7,3.53,0.00,10.00,2.40,12.9,45.3,2.98,14.10,0.000,88.0,43.0,1,0,0,0,0,0,0,NONE,,RPM:486bd1410c1f00f0 TPS:486bd1411109df ADV:486bd1410e9467 MIL:486bd1410100000000c6
1789380135.3052,979.769,1714.0,-903.0,7.06,11.80,1.50,2.40,12.9,47.4,2.98,14.10,0.000,88.0,43.0,1,0,0,0,0,0,0,NONE,,RPM:486bd1410c1ac8b3 TPS:486bd1411112e8 ADV:486bd1410e8356 MIL:486bd1410100000000c6
1789380135.7766,980.240,2071.0,757.3,9.80,5.82,1.00,2.40,12.9,49.0,2.98,14.10,0.000,88.0,43.0,1,0,0,0,0,0,0,NONE,,RPM:486bd1410c205c4d TPS:486bd1411119ef ADV:486bd1410e8255 MIL:486bd1410100000000c6
1789380136.0505,980.514,2151.0,292.1,11.76,7.16,3.50,2.40,12.9,50.1,2.98,14.10,0.000,88.0,43.0,1,0,0,0,0,0,0,NONE,,RPM:486bd1410c219c8e TPS:486bd141111ef4 ADV:486bd1410e875a MIL:486bd1410100000000c6
1789380136.3259,980.790,2409.0,936.8,15.69,14.24,10.00,2.40,12.9,52.4,2.98,14.10,0.000,88.0,43.0,1,0,0,0,0,0,0,NONE,,RPM:486bd1410c25a49a TPS:486bd1411128fe ADV:486bd1410e9467 MIL:486bd1410100000000c6
1789380136.6002,981.064,2459.0,182.3,16.08,1.43,12.50,2.40,41.2,52.6,5.52,14.10,0.000,88.0,43.0,1,0,0,0,0,0,0,NONE,,RPM:486bd1410c266c63 TPS:486bd1411129ff ADV:486bd1410e996c MIL:486bd1410100000000c6
1789380136.8704,981.334,2584.0,462.6,15.69,-1.45,15.00,2.40,41.2,52.4,5.52,14.10,0.000,88.0,43.0,1,0,0,0,0,0,0,NONE,,RPM:486bd1410c286059 TPS:486bd1411128fe ADV:486bd1410e9e71 MIL:486bd1410100000000c6
1789380137.1433,981.607,2732.0,542.3,14.90,-2.87,16.00,2.40,41.2,51.9,5.52,14.10,0.000,88.0,43.0,1,0,0,0,0,0,0,NONE,,RPM:486bd1410c2ab0ab TPS:486bd1411126fc ADV:486bd1410ea073 MIL:486bd1410100000000c6
1789380137.5899,982.054,2912.0,403.0,11.76,-7.02,22.50,2.40,41.2,50.1,5.52,14.10,0.000,88.0,43.0,1,0,0,0,0,0,0,NONE,,RPM:486bd1410c2d807e TPS:486bd141111ef4 ADV:486bd1410ead80 MIL:486bd1410100000000c6
1789380137.8787,982.343,3005.0,322.1,10.98,-2.72,24.00,2.40,41.2,49.7,5.52,14.10,0.000,88.0,43.0,1,0,0,0,0,0,0,NONE,,RPM:486bd1410c2ef4f3 TPS:486bd141111cf2 ADV:486bd1410eb083 MIL:486bd1410100000000c6
1789380138.1505,982.614,3074.0,253.8,10.98,0.00,24.00,2.40,41.2,49.7,5.52,14.10,0.000,88.0,43.0,1,0,0,0,0,0,0,NONE,,RPM:486bd1410c300809 TPS:486bd141111cf2 ADV:486bd1410eb083 MIL:486bd1410100000000c6
1789380138.4335,982.897,3131.0,201.4,7.84,-11.09,35.00,2.40,41.2,47.8,5.52,14.10,0.000,88.0,43.0,1,0,0,0,0,0,0,NONE,,RPM:486bd1410c30eced TPS:486bd1411114ea ADV:486bd1410ec699 MIL:486bd1410100000000c6
1789380138.9073,983.371,3185.0,114.0,7.45,-0.83,35.00,2.40,41.2,47.6,5.52,14.10,0.000,88.0,43.0,1,0,0,0,0,0,0,NONE,,RPM:486bd1410c31c4c6 TPS:486bd1411113e9 ADV:486bd1410ec699 MIL:486bd1410100000000c6
1789380139.2062,983.670,3207.0,73.6,7.45,0.00,33.50,2.40,41.2,47.6,5.52,14.10,0.000,88.0,43.0,1,0,0,0,0,0,0,NONE,,RPM:486bd1410c321c1f TPS:486bd1411113e9 ADV:486bd1410ec396 MIL:486bd1410100000000c6
1789380139.6505,984.114,2724.0,-1087.3,3.53,-8.83,29.00,2.40,41.2,45.3,5.52,14.10,0.000,88.0,43.0,1,0,0,0,0,0,0,NONE,,RPM:486bd1410c2a908b TPS:486bd1411109df ADV:486bd1410eba8d MIL:486bd1410100000000c6
1789380139.9660,984.430,1978.0,-2364.2,3.53,0.00,15.50,2.40,41.2,45.3,5.50,14.10,0.000,89.0,43.0,1,0,0,0,0,0,0,NONE,,RPM:486bd1410c1ee8d7 TPS:486bd1411109df ADV:486bd1410e9f72 MIL:486bd1410100000000c6
1789380140.2505,984.714,1400.0,-2032.0,3.14,-1.38,13.00,2.40,41.2,45.1,5.50,14.10,0.000,89.0,43.0,1,0,0,0,0,0,0,NONE,,RPM:486bd1410c15e0c6 TPS:486bd1411108de ADV:486bd1410e9a6d MIL:486bd1410100000000c6
1789380140.5298,984.994,1303.0,-347.2,3.14,0.00,10.00,2.40,22.7,45.1,3.84,14.10,0.000,89.0,43.0,1,0,0,0,0,0,0,NONE,,RPM:486bd1410c145c41 TPS:486bd1411108de ADV:486bd1410e9467 MIL:486bd1410100000000c6
1789380140.8484,985.312,1250.0,-166.4,3.14,0.00,10.50,2.40,22.7,45.1,3.84,14.10,0.000,89.0,43.0,1,0,0,0,0,0,0,NONE,,RPM:486bd1410c13886c TPS:486bd1411108de ADV:486bd1410e9568 MIL:486bd1410100000000c6
1789380141.1233,985.587,1295.0,163.7,3.14,0.00,11.00,2.40,22.7,45.1,3.84,14.10,0.000,89.0,43.0,1,0,0,0,0,0,0,NONE,,RPM:486bd1410c143c21 TPS:486bd1411108de ADV:486bd1410e9669 MIL:486bd1410100000000c6
1789380141.5858,986.050,1266.0,-62.7,3.14,0.00,10.50,2.40,22.7,45.1,3.84,14.10,0.000,89.0,43.0,1,0,0,0,0,0,0,NONE,,RPM:486bd1410c13c8ac TPS:486bd1411108de ADV:486bd1410e9568 MIL:486bd1410100000000c6
1789380141.8597,986.324,1357.0,332.3,3.14,0.00,10.50,2.40,22.7,45.1,3.84,14.10,0.000,89.0,43.0,1,0,0,0,0,0,0,NONE,,RPM:486bd1410c15341a TPS:486bd1411108de ADV:486bd1410e9568 MIL:486bd1410100000000c6
1789380142.1395,986.603,1329.0,-100.1,3.14,0.00,10.00,2.40,22.7,45.1,3.84,14.10,0.000,89.0,43.0,1,0,0,0,0,0,0,NONE,,RPM:486bd1410c14c4a9 TPS:486bd1411108de ADV:486bd1410e9467 MIL:486bd1410100000000c6
1789380142.4340,986.898,1306.0,-78.1,3.14,0.00,10.00,2.40,22.7,45.1,3.84,14.10,0.000,89.0,43.0,1,0,0,0,0,0,0,NONE,,RPM:486bd1410c14684d TPS:486bd1411108de ADV:486bd1410e9467 MIL:486bd1410100000000c6
1789380142.9065,987.370,1287.0,-40.2,3.14,0.00,10.00,2.40,22.7,45.1,3.84,14.10,0.000,89.0,43.0,1,0,0,0,0,0,0,NONE,,RPM:486bd1410c141c01 TPS:486bd1411108de ADV:486bd1410e9467 MIL:486bd1410100000000c6
1789380143.2036,987.667,1305.0,60.6,3.14,0.00,10.00,2.40,22.7,45.1,3.84,14.10,0.000,89.0,43.0,1,0,0,0,0,0,0,NONE,,RPM:486bd1410c146449 TPS:486bd1411108de ADV:486bd1410e9467 MIL:486bd1410100000000c6
1789380143.6365,988.100,1353.0,110.9,3.14,0.00,10.50,2.40,22.7,45.1,3.84,14.10,0.000,89.0,43.0,1,0,0,0,0,0,0,NONE,,RPM:486bd1410c15240a TPS:486bd1411108de ADV:486bd1410e9568 MIL:486bd1410100000000c6
1789380143.9046,988.368,1339.0,-52.2,3.14,0.00,10.00,2.40,22.7,45.1,3.84,14.10,0.000,89.0,43.0,1,0,0,0,0,0,0,NONE,,RPM:486bd1410c14ecd1 TPS:486bd1411108de ADV:486bd1410e9467 MIL:486bd1410100000000c6
1789380144.1949,988.659,1296.0,-148.1,3.14,0.00,10.00,2.40,22.7,45.1,3.84,14.10,0.000,89.0,43.0,1,0,0,0,0,0,0,NONE,,RPM:486bd1410c144025 TPS:486bd1411108de ADV:486bd1410e9467 MIL:486bd1410100000000c6
1789380144.4810,988.945,1346.0,174.7,3.14,0.00,10.00,2.40,23.1,45.1,3.88,14.10,0.000,89.0,43.0,1,0,0,0,0,0,0,NONE,,RPM:486bd1410c1508ee TPS:486bd1411108de ADV:486bd1410e9467 MIL:486bd1410100000000c6
1789380144.7682,989.232,1359.0,45.3,3.14,0.00,10.50,2.40,23.1,45.1,3.88,14.10,0.000,89.0,43.0,1,0,0,0,0,0,0,NONE,,RPM:486bd1410c153c22 TPS:486bd1411108de ADV:486bd1410e9568 MIL:486bd1410100000000c6
1789380145.0485,989.512,1332.0,-96.3,3.14,0.00,10.00,2.40,23.1,45.1,3.88,14.10,0.000,89.0,43.0,1,0,0,0,0,0,0,NONE,,RPM:486bd1410c14d0b5 TPS:486bd1411108de ADV:486bd1410e9467 MIL:486bd1410100000000c6
1789380145.4985,989.962,1353.0,46.7,3.14,0.00,10.00,2.40,23.1,45.1,3.88,14.10,0.000,89.0,43.0,1,0,0,0,0,0,0,NONE,,RPM:486bd1410c15240a TPS:486bd1411108de ADV:486bd1410e9467 MIL:486bd1410100000000c6
1789380145.7901,990.254,1358.0,17.1,3.14,0.00,10.00,2.40,23.1,45.1,3.88,14.10,0.000,89.0,43.0,1,0,0,0,0,0,0,NONE,,RPM:486bd1410c15381e TPS:486bd1411108de ADV:486bd1410e9467 MIL:486bd1410100000000c6
1789380146.0629,990.527,1343.0,-55.0,3.14,0.00,10.00,2.40,23.1,45.1,3.88,14.10,0.000,89.0,43.0,1,0,0,0,0,0,0,NONE,,RPM:486bd1410c14fce1 TPS:486bd1411108de ADV:486bd1410e9467 MIL:486bd1410100000000c6
1789380146.3344,990.798,1330.0,-47.9,3.14,0.00,10.00,2.40,23.1,45.1,3.88,14.10,0.000,89.0,43.0,1,0,0,0,0,0,0,NONE,,RPM:486bd1410c14c8ad TPS:486bd1411108de ADV:486bd1410e9467 MIL:486bd1410100000000c6
1789380146.7943,991.258,1289.0,-89.1,3.14,0.00,8.50,2.40,23.1,45.1,3.88,14.10,0.000,89.0,43.0,1,0,0,0,0,0,0,NONE,,RPM:486bd1410c142409 TPS:486bd1411108de ADV:486bd1410e9164 MIL:486bd1410100000000c6
1789380147.0694,991.533,1342.0,192.7,3.14,0.00,8.50,2.40,23.1,45.1,3.88,14.10,0.000,89.0,43.0,1,0,0,0,0,0,0,NONE,,RPM:486bd1410c14f8dd TPS:486bd1411108de ADV:486bd1410e9164 MIL:486bd1410100000000c6
1789380147.5466,992.010,1321.0,-44.0,3.14,0.00,8.50,2.40,23.1,45.1,3.88,14.10,0.000,89.0,43.0,1,0,0,0,0,0,0,NONE,,RPM:486bd1410c14a489 TPS:486bd1411108de ADV:486bd1410e9164 MIL:486bd1410100000000c6
1789380147.8532,992.317,1305.0,-52.2,3.14,0.00,8.50,2.40,23.1,45.1,3.88,14.10,0.000,89.0,43.0,1,0,0,0,0,0,0,NONE,,RPM:486bd1410c146449 TPS:486bd1411108de ADV:486bd1410e9164 MIL:486bd1410100000000c6
1789380148.1292,992.593,1383.0,282.5,3.14,0.00,8.50,2.40,23.1,45.1,3.88,14.10,0.000,89.0,43.0,1,0,0,0,0,0,0,NONE,,RPM:486bd1410c159c82 TPS:486bd1411108de ADV:486bd1410e9164 MIL:486bd1410100000000c6
1789380148.3957,992.860,1325.0,-217.7,3.14,0.00,8.00,2.40,22.4,45.1,3.81,14.10,0.000,89.0,43.0,1,0,0,0,0,0,0,NONE,,RPM:486bd1410c14b499 TPS:486bd1411108de ADV:486bd1410e9063 MIL:486bd1410100000000c6
1789380148.6671,993.131,1299.0,-95.8,3.14,0.00,8.50,2.40,22.4,45.1,3.81,14.10,0.000,89.0,43.0,1,0,0,0,0,0,0,NONE,,RPM:486bd1410c144c31 TPS:486bd1411108de ADV:486bd1410e9164 MIL:486bd1410100000000c6
1789380148.9386,993.402,1367.0,250.5,3.14,0.00,9.00,2.40,22.4,45.1,3.81,14.10,0.000,89.0,43.0,1,0,0,0,0,0,0,NONE,,RPM:486bd1410c155c42 TPS:486bd1411108de ADV:486bd1410e9265 MIL:486bd1410100000000c6
1789380149.3817,993.846,1327.0,-90.3,3.14,0.00,8.00,2.40,22.4,45.1,3.81,14.10,0.000,89.0,43.0,1,0,0,0,0,0,0,NONE,,RPM:486bd1410c14bca1 TPS:486bd1411108de ADV:486bd1410e9063 MIL:486bd1410100000000c6
1789380149.6595,994.123,1354.0,97.2,3.14,0.00,9.00,2.40,22.4,45.1,3.81,14.10,0.000,89.0,45.0,1,0,0,0,0,0,0,NONE,,RPM:486bd1410c15280e TPS:486bd1411108de ADV:486bd1410e9265 MIL:486bd1410100000000c6
1789380149.9710,994.435,1405.0,163.8,3.14,0.00,8.00,2.40,22.4,45.1,3.81,14.10,0.000,89.0,45.0,1,0,0,0,0,0,0,NONE,,RPM:486bd1410c15f4da TPS:486bd1411108de ADV:486bd1410e9063 MIL:486bd1410100000000c6
1789380150.2382,994.702,1294.0,-415.4,3.14,0.00,7.50,2.40,22.4,45.1,3.81,14.10,0.000,89.0,45.0,1,0,0,0,0,0,0,NONE,,RPM:486bd1410c14381d TPS:486bd1411108de ADV:486bd1410e8f62 MIL:486bd1410100000000c6
1789380150.6697,995.134,1292.0,-4.6,3.14,0.00,8.50,2.40,22.4,45.1,3.81,14.10,0.000,89.0,45.0,1,0,0,0,0,0,0,NONE,,RPM:486bd1410c143015 TPS:486bd1411108de ADV:486bd1410e9164 MIL:486bd1410100000000c6
1789380150.9531,995.417,1350.0,204.7,3.14,0.00,10.00,2.40,22.4,45.1,3.81,14.10,0.000,89.0,45.0,1,0,0,0,0,0,0,NONE,,RPM:486bd1410c1518fe TPS:486bd1411108de ADV:486bd1410e9467 MIL:486bd1410100000000c6
1789380151.4098,995.874,1327.0,-50.4,3.14,0.00,8.50,2.40,22.4,45.1,3.81,14.10,0.000,89.0,45.0,1,0,0,0,0,0,0,NONE,,RPM:486bd1410c14bca1 TPS:486bd1411108de ADV:486bd1410e9164 MIL:486bd1410100000000c6
1789380151.6816,996.145,1349.0,80.9,3.14,0.00,8.50,2.40,22.4,45.1,3.79,14.10,0.000,90.0,45.0,1,0,0,0,0,0,0,NONE,,RPM:486bd1410c1514fa TPS:486bd1411108de ADV:486bd1410e9164 MIL:486bd1410100000000c6
1789380151.9602,996.424,1355.0,21.5,3.14,0.00,8.50,2.40,22.4,45.1,3.79,14.10,0.000,90.0,45.0,1,0,0,0,0,0,0,NONE,,RPM:486bd1410c152c12 TPS:486bd1411108de ADV:486bd1410e9164 MIL:486bd1410100000000c6
1789380152.2474,996.711,1293.0,-215.9,3.14,0.00,8.50,2.40,22.4,45.1,3.79,14.10,0.000,90.0,45.0,1,0,0,0,0,0,0,NONE,,RPM:486bd1410c143419 TPS:486bd1411108de ADV:486bd1410e9164 MIL:486bd1410100000000c6
1789380152.5192,996.983,1358.0,239.1,3.14,0.00,8.50,2.40,22.4,45.1,3.79,14.10,0.000,90.0,45.0,1,0,0,0,0,0,0,NONE,,RPM:486bd1410c15381e TPS:486bd1411108de ADV:486bd1410e9164 MIL:486bd1410100000000c6
1789380152.7980,997.262,1327.0,-111.2,3.14,0.00,8.50,2.40,22.4,45.1,3.79,14.10,0.000,90.0,45.0,1,0,0,0,0,0,0,NONE,,RPM:486bd1410c14bca1 TPS:486bd1411108de ADV:486bd1410e9164 MIL:486bd1410100000000c6
1789380153.2534,997.717,1302.0,-54.9,3.14,0.00,8.50,2.40,22.4,45.1,3.79,14.10,0.000,90.0,45.0,1,0,0,0,0,0,0,NONE,,RPM:486bd1410c14583d TPS:486bd1411108de ADV:486bd1410e9164 MIL:486bd1410100000000c6
1789380153.5269,997.991,1360.0,212.1,3.14,0.00,9.00,2.40,22.4,45.1,3.79,14.10,0.000,90.0,45.0,1,0,0,0,0,0,0,NONE,,RPM:486bd1410c154026 TPS:486bd1411108de ADV:486bd1410e9265 MIL:486bd1410100000000c6
1789380153.8137,998.278,1369.0,31.4,3.14,0.00,8.50,2.40,22.4,45.1,3.79,14.10,0.000,90.0,45.0,1,0,0,0,0,0,0,NONE,,RPM:486bd1410c15644a TPS:486bd1411108de ADV:486bd1410e9164 MIL:486bd1410100000000c6
1789380154.0864,998.550,1300.0,-253.1,3.14,0.00,8.50,2.40,22.4,45.1,3.79,14.10,0.000,90.0,45.0,1,0,0,0,0,0,0,NONE,,RPM:486bd1410c145035 TPS:486bd1411108de ADV:486bd1410e9164 MIL:486bd1410100000000c6
1789380154.5607,999.025,1354.0,113.9,3.14,0.00,8.50,2.40,22.4,45.1,3.79,14.10,0.000,90.0,45.0,1,0,0,0,0,0,0,NONE,,RPM:486bd1410c15280e TPS:486bd1411108de ADV:486bd1410e9164 MIL:486bd1410100000000c6
1789380154.8374,999.301,1330.0,-86.7,3.14,0.00,8.50,2.40,22.4,45.1,3.79,14.10,0.000,90.0,45.0,1,0,0,0,0,0,0,NONE,,RPM:486bd1410c14c8ad TPS:486bd1411108de ADV:486bd1410e9164 MIL:486bd1410100000000c6
1789380155.2739,999.738,1376.0,105.4,3.14,0.00,8.00,2.40,22.4,45.1,3.79,14.10,0.000,90.0,45.0,1,0,0,0,0,0,0,NONE,,RPM:486bd1410c158066 TPS:486bd1411108de ADV:486bd1410e9063 MIL:486bd1410100000000c6
1789380155.5553,1000.019,1314.0,-220.3,3.14,0.00,8.50,2.40,22.4,45.1,3.79,14.10,0.000,90.0,45.0,1,0,0,0,0,0,0,NONE,,RPM:486bd1410c14886d TPS:486bd1411108de ADV:486bd1410e9164 MIL:486bd1410100000000c6
1789380155.8367,1000.301,1362.0,170.6,3.14,0.00,8.50,2.40,22.4,45.1,3.79,14.10,0.000,90.0,45.0,1,0,0,0,0,0,0,NONE,,RPM:486bd1410c15482e TPS:486bd1411108de ADV:486bd1410e9164 MIL:486bd1410100000000c6
1789380156.1503,1000.614,1344.0,-57.4,3.14,0.00,8.50,2.40,22.7,45.1,3.82,14.10,0.000,90.0,45.0,1,0,0,0,0,0,0,NONE,,RPM:486bd1410c1500e6 TPS:486bd1411108de ADV:486bd1410e9164 MIL:486bd1410100000000c6
1789380156.4184,1000.882,1298.0,-171.6,3.14,0.00,8.50,2.40,22.7,45.1,3.82,14.10,0.000,90.0,45.0,1,0,0,0,0,0,0,NONE,,RPM:486bd1410c14482d TPS:486bd1411108de ADV:486bd1410e9164 MIL:486bd1410100000000c6
1789380156.6909,1001.155,1326.0,102.8,3.14,0.00,8.50,2.40,22.7,45.1,3.82,14.10,0.000,90.0,45.0,1,0,0,0,0,0,0,NONE,,RPM:486bd1410c14b89d TPS:486bd1411108de ADV:486bd1410e9164 MIL:486bd1410100000000c6
1789380157.1187,1001.583,1337.0,25.7,3.14,0.00,8.50,2.40,22.7,45.1,3.82,14.10,0.000,90.0,45.0,1,0,0,0,0,0,0,NONE,,RPM:486bd1410c14e4c9 TPS:486bd1411108de ADV:486bd1410e9164 MIL:486bd1410100000000c6
1789380157.4312,1001.895,1328.0,-28.8,3.14,0.00,8.50,2.40,22.7,45.1,3.82,14.10,0.000,90.0,45.0,1,0,0,0,0,0,0,NONE,,RPM:486bd1410c14c0a5 TPS:486bd1411108de ADV:486bd1410e9164 MIL:486bd1410100000000c6
1789380157.7400,1002.204,1301.0,-87.4,3.14,0.00,8.50,2.40,22.7,45.1,3.82,14.10,0.000,90.0,45.0,1,0,0,0,0,0,0,NONE,,RPM:486bd1410c145439 TPS:486bd1411108de ADV:486bd1410e9164 MIL:486bd1410100000000c6
1789380158.0175,1002.481,1355.0,194.6,3.14,0.00,9.00,2.40,22.7,45.1,3.82,14.10,0.000,90.0,45.0,1,0,0,0,0,0,0,NONE,,RPM:486bd1410c152c12 TPS:486bd1411108de ADV:486bd1410e9265 MIL:486bd1410100000000c6
1789380158.4894,1002.953,1336.0,-40.3,3.14,0.00,8.50,2.40,22.7,45.1,3.82,14.10,0.000,90.0,45.0,1,0,0,0,0,0,0,NONE,,RPM:486bd1410c14e0c5 TPS:486bd1411108de ADV:486bd1410e9164 MIL:486bd1410100000000c6
1789380158.8155,1003.279,1354.0,55.2,3.14,0.00,8.50,2.40,22.7,45.1,3.82,14.10,0.000,90.0,45.0,1,0,0,0,0,0,0,NONE,,RPM:486bd1410c15280e TPS:486bd1411108de ADV:486bd1410e9164 MIL:486bd1410100000000c6
1789380159.3107,1003.775,1330.0,-48.5,3.14,0.00,8.50,2.40,22.7,45.1,3.82,14.10,0.000,90.0,45.0,1,0,0,0,0,0,0,NONE,,RPM:486bd1410c14c8ad TPS:486bd1411108de ADV:486bd1410e9164 MIL:486bd1410100000000c6
1789380159.6005,1004.064,1331.0,3.5,3.14,0.00,8.50,2.40,22.7,45.1,3.79,14.10,0.000,92.0,45.0,1,0,0,0,0,0,0,NONE,,RPM:486bd1410c14ccb1 TPS:486bd1411108de ADV:486bd1410e9164 MIL:486bd1410100000000c6
1789380159.8709,1004.335,1365.0,125.7,3.14,0.00,8.50,2.40,22.7,45.1,3.79,14.10,0.000,92.0,45.0,1,0,0,0,0,0,0,NONE,,RPM:486bd1410c15543a TPS:486bd1411108de ADV:486bd1410e9164 MIL:486bd1410100000000c6
1789380160.1598,1004.624,1340.0,-86.5,3.14,0.00,8.50,2.40,23.1,45.1,3.82,14.10,0.000,92.0,45.0,1,0,0,0,0,0,0,NONE,,RPM:486bd1410c14f0d5 TPS:486bd1411108de ADV:486bd1410e9164 MIL:486bd1410100000000c6
1789380160.4635,1004.927,1358.0,59.3,3.14,0.00,8.50,2.40,23.1,45.1,3.82,14.10,0.000,92.0,45.0,1,0,0,0,0,0,0,NONE,,RPM:486bd1410c15381e TPS:486bd1411108de ADV:486bd1410e9164 MIL:486bd1410100000000c6
1789380160.7349,1005.199,1345.0,-47.9,3.14,0.00,8.50,2.40,23.1,45.1,3.82,14.10,0.000,92.0,45.0,1,0,0,0,0,0,0,NONE,,RPM:486bd1410c1504ea TPS:486bd1411108de ADV:486bd1410e9164 MIL:486bd1410100000000c6
1789380161.2003,1005.664,1365.0,43.0,3.14,0.00,8.50,2.40,23.1,45.1,3.82,14.10,0.000,92.0,45.0,1,0,0,0,0,0,0,NONE,,RPM:486bd1410c15543a TPS:486bd1411108de ADV:486bd1410e9164 MIL:486bd1410100000000c6
1789380161.4696,1005.934,1336.0,-107.7,3.14,0.00,8.50,2.40,23.1,45.1,3.82,14.10,0.000,92.0,45.0,1,0,0,0,0,0,0,NONE,,RPM:486bd1410c14e0c5 TPS:486bd1411108de ADV:486bd1410e9164 MIL:486bd1410100000000c6
1789380161.7731,1006.237,1324.0,-39.5,3.14,0.00,8.50,2.40,23.1,45.1,3.82,14.10,0.000,92.0,45.0,1,0,0,0,0,0,0,NONE,,RPM:486bd1410c14b095 TPS:486bd1411108de ADV:486bd1410e9164 MIL:486bd1410100000000c6
1789380162.0730,1006.537,1336.0,40.0,3.14,0.00,8.50,2.40,23.1,45.1,3.82,14.10,0.000,92.0,45.0,1,0,0,0,0,0,0,NONE,,RPM:486bd1410c14e0c5 TPS:486bd1411108de ADV:486bd1410e9164 MIL:486bd1410100000000c6
1789380162.5268,1006.991,1376.0,88.1,3.14,0.00,8.50,2.40,23.1,45.1,3.82,14.10,0.000,92.0,45.0,1,0,0,0,0,0,0,NONE,,RPM:486bd1410c158066 TPS:486bd1411108de ADV:486bd1410e9164 MIL:486bd1410100000000c6
1789380162.8278,1007.292,1317.0,-196.0,3.14,0.00,9.00,2.40,23.1,45.1,3.82,14.10,0.000,92.0,45.0,1,0,0,0,0,0,0,NONE,,RPM:486bd1410c149479 TPS:486bd1411108de ADV:486bd1410e9265 MIL:486bd1410100000000c6
1789380163.2893,1007.753,1306.0,-23.8,3.14,0.00,8.50,2.40,23.1,45.1,3.82,14.10,0.000,92.0,45.0,1,0,0,0,0,0,0,NONE,,RPM:486bd1410c14684d TPS:486bd1411108de ADV:486bd1410e9164 MIL:486bd1410100000000c6
1789380163.5627,1008.027,1338.0,117.1,3.14,0.00,9.00,2.40,23.1,45.1,3.80,14.10,0.000,93.0,45.0,1,0,0,0,0,0,0,NONE,,RPM:486bd1410c14e8cd TPS:486bd1411108de ADV:486bd1410e9265 MIL:486bd1410100000000c6
1789380163.8354,1008.299,1327.0,-40.3,3.14,0.00,8.50,2.40,23.1,45.1,3.80,14.10,0.000,93.0,45.0,1,0,0,0,0,0,0,NONE,,RPM:486bd1410c14bca1 TPS:486bd1411108de ADV:486bd1410e9164 MIL:486bd1410100000000c6
1789380164.1229,1008.587,1319.0,-27.8,3.14,0.00,8.50,2.40,22.4,45.1,3.73,14.10,0.000,93.0,45.0,1,0,0,0,0,0,0,NONE,,RPM:486bd1410c149c81 TPS:486bd1411108de ADV:486bd1410e9164 MIL:486bd1410100000000c6
1789380164.4439,1008.908,1338.0,59.2,3.14,0.00,8.50,2.40,22.4,45.1,3.73,14.10,0.000,93.0,45.0,1,0,0,0,0,0,0,NONE,,RPM:486bd1410c14e8cd TPS:486bd1411108de ADV:486bd1410e9164 MIL:486bd1410100000000c6
1789380164.7449,1009.209,1324.0,-46.5,3.14,0.00,8.50,2.40,22.4,45.1,3.73,14.10,0.000,93.0,45.0,1,0,0,0,0,0,0,NONE,,RPM:486bd1410c14b095 TPS:486bd1411108de ADV:486bd1410e9164 MIL:486bd1410100000000c6
1789380165.2051,1009.669,1348.0,52.2,3.14,0.00,8.50,2.40,22.4,45.1,3.73,14.10,0.000,93.0,45.0,1,0,0,0,0,0,0,NONE,,RPM:486bd1410c1510f6 TPS:486bd1411108de ADV:486bd1410e9164 MIL:486bd1410100000000c6
1789380165.4819,1009.946,1323.0,-90.3,3.14,0.00,8.50,2.40,22.4,45.1,3.73,14.10,0.000,93.0,46.0,1,0,0,0,0,0,0,NONE,,RPM:486bd1410c14ac91 TPS:486bd1411108de ADV:486bd1410e9164 MIL:486bd1410100000000c6
1789380165.7540,1010.218,1323.0,0.0,3.14,0.00,8.50,2.40,22.4,45.1,3.73,14.10,0.000,93.0,46.0,1,0,0,0,0,0,0,NONE,,RPM:486bd1410c14ac91 TPS:486bd1411108de ADV:486bd1410e9164 MIL:486bd1410100000000c6
1789380166.0244,1010.488,1345.0,81.4,3.14,0.00,8.50,2.40,22.4,45.1,3.73,14.10,0.000,93.0,46.0,1,0,0,0,0,0,0,NONE,,RPM:486bd1410c1504ea TPS:486bd1411108de ADV:486bd1410e9164 MIL:486bd1410100000000c6
1789380166.4949,1010.959,1363.0,38.3,3.14,0.00,8.50,2.40,22.4,45.1,3.73,14.10,0.000,93.0,46.0,1,0,0,0,0,0,0,NONE,,RPM:486bd1410c154c32 TPS:486bd1411108de ADV:486bd1410e9164 MIL:486bd1410100000000c6
1789380166.7601,1011.224,1366.0,11.3,3.14,0.00,8.50,2.40,22.4,45.1,3.73,14.10,0.000,93.0,46.0,1,0,0,0,0,0,0,NONE,,RPM:486bd1410c15583e TPS:486bd1411108de ADV:486bd1410e9164 MIL:486bd1410100000000c6
1789380167.2698,1011.734,1314.0,-102.0,3.14,0.00,8.50,2.40,22.4,45.1,3.73,14.10,0.000,93.0,46.0,1,0,0,0,0,0,0,NONE,,RPM:486bd1410c14886d TPS:486bd1411108de ADV:486bd1410e9164 MIL:486bd1410100000000c6
1789380167.5686,1012.032,1359.0,150.6,3.14,0.00,8.50,2.40,22.4,45.1,3.73,14.10,0.000,93.0,46.0,1,0,0,0,0,0,0,NONE,,RPM:486bd1410c153c22 TPS:486bd1411108de ADV:486bd1410e9164 MIL:486bd1410100000000c6
1789380167.8398,1012.304,1331.0,-103.2,3.14,0.00,8.00,2.40,22.4,45.1,3.73,14.10,0.000,93.0,46.0,1,0,0,0,0,0,0,NONE,,RPM:486bd1410c14ccb1 TPS:486bd1411108de ADV:486bd1410e9063 MIL:486bd1410100000000c6
1789380168.1219,1012.586,1307.0,-85.1,3.14,0.00,8.50,2.40,22.4,45.1,3.73,14.10,0.000,93.0,46.0,1,0,0,0,0,0,0,NONE,,RPM:486bd1410c146c51 TPS:486bd1411108de ADV:486bd1410e9164 MIL:486bd1410100000000c6
1789380168.4245,1012.888,1389.0,271.0,3.14,0.00,8.50,2.40,22.4,45.1,3.73,14.10,0.000,93.0,46.0,1,0,0,0,0,0,0,NONE,,RPM:486bd1410c15b49a TPS:486bd1411108de ADV:486bd1410e9164 MIL:486bd1410100000000c6
1789380168.6974,1013.161,1300.0,-326.0,3.14,0.00,8.00,2.40,22.4,45.1,3.73,14.10,0.000,93.0,46.0,1,0,0,0,0,0,0,NONE,,RPM:486bd1410c145035 TPS:486bd1411108de ADV:486bd1410e9063 MIL:486bd1410100000000c6
1789380169.1381,1013.602,1307.0,15.9,3.14,0.00,8.50,2.40,22.4,45.1,3.73,14.10,0.000,93.0,46.0,1,0,0,0,0,0,0,NONE,,RPM:486bd1410c146c51 TPS:486bd1411108de ADV:486bd1410e9164 MIL:486bd1410100000000c6
1789380169.4294,1013.893,1334.0,92.7,3.14,0.00,8.50,2.40,22.4,45.1,3.73,14.10,0.000,93.0,46.0,1,0,0,0,0,0,0,NONE,,RPM:486bd1410c14d8bd TPS:486bd1411108de ADV:486bd1410e9164 MIL:486bd1410100000000c6
1789380169.7186,1014.182,1350.0,55.3,3.14,0.00,8.50,2.40,22.4,45.1,3.73,14.10,0.000,93.0,46.0,1,0,0,0,0,0,0,NONE,,RPM:486bd1410c1518fe TPS:486bd1411108de ADV:486bd1410e9164 MIL:486bd1410100000000c6
1789380170.0034,1014.467,1310.0,-140.5,3.14,0.00,8.50,2.40,22.4,45.1,3.73,14.10,0.000,93.0,46.0,1,0,0,0,0,0,0,NONE,,RPM:486bd1410c14785d TPS:486bd1411108de ADV:486bd1410e9164 MIL:486bd1410100000000c6
1789380170.4501,1014.914,1343.0,73.9,3.14,0.00,8.50,2.40,22.4,45.1,3.73,14.10,0.000,93.0,46.0,1,0,0,0,0,0,0,NONE,,RPM:486bd1410c14fce1 TPS:486bd1411108de ADV:486bd1410e9164 MIL:486bd1410100000000c6
1789380170.7547,1015.219,1339.0,-13.1,3.14,0.00,8.50,2.40,22.4,45.1,3.73,14.10,0.000,93.0,46.0,1,0,0,0,0,0,0,NONE,,RPM:486bd1410c14ecd1 TPS:486bd1411108de ADV:486bd1410e9164 MIL:486bd1410100000000c6
1789380171.2019,1015.666,1323.0,-35.8,3.14,0.00,8.50,2.40,22.4,45.1,3.73,14.10,0.000,93.0,46.0,1,0,0,0,0,0,0,NONE,,RPM:486bd1410c14ac91 TPS:486bd1411108de ADV:486bd1410e9164 MIL:486bd1410100000000c6
1789380171.5273,1015.991,1334.0,33.8,3.14,0.00,8.50,2.40,22.4,45.1,3.73,14.10,0.000,93.0,46.0,1,0,0,0,0,0,0,NONE,,RPM:486bd1410c14d8bd TPS:486bd1411108de ADV:486bd1410e9164 MIL:486bd1410100000000c6
1789380171.7938,1016.258,1357.0,86.3,3.14,0.00,8.50,2.40,22.4,45.1,3.73,14.10,0.000,93.0,46.0,1,0,0,0,0,0,0,NONE,,RPM:486bd1410c15341a TPS:486bd1411108de ADV:486bd1410e9164 MIL:486bd1410100000000c6
1789380172.0691,1016.533,1350.0,-25.4,3.14,0.00,8.50,2.40,22.4,45.1,3.73,14.10,0.000,93.0,46.0,1,0,0,0,0,0,0,NONE,,RPM:486bd1410c1518fe TPS:486bd1411108de ADV:486bd1410e9164 MIL:486bd1410100000000c6
