timestamp,elapsed_sec,rpm,drpm_dt,tps_pct,dtps_dt,timing_advance_deg,coil_dwell_ms,engine_load_pct,map_kpa,injection_time_ms,battery_volts,dvolts_dt,coolant_temp_c,air_temp_c,crank_sync,efi_light,coil_1_fault,coil_2_fault,coil_3_fault,coil_4_fault,tip_over,active_dtcs,trigger_event,raw_hex
1789376099.4447,0.000,0.0,0.0,3.14,0.00,-30.00,2.73,0.0,101.3,4.57,12.50,0.000,35.0,22.0,1,0,0,0,0,0,0,NONE,,RPM:486bd1410c0000d1 TPS:486bd1411108de ADV:486bd1410e4417 MIL:486bd1410100000000c6
1789376099.7103,0.266,0.0,0.0,3.14,0.00,-30.00,2.73,0.0,101.3,1.80,12.50,0.000,91.0,22.0,1,0,0,0,0,0,0,NONE,,RPM:486bd1410c0000d1 TPS:486bd1411108de ADV:486bd1410e4417 MIL:486bd1410100000000c6
1789376099.9987,0.554,0.0,0.0,3.14,0.00,-30.00,2.73,0.0,101.3,1.80,12.50,0.000,91.0,22.0,1,0,0,0,0,0,0,NONE,,RPM:486bd1410c0000d1 TPS:486bd1411108de ADV:486bd1410e4417 MIL:486bd1410100000000c6
1789376100.2756,0.831,0.0,0.0,3.14,0.00,-30.00,2.73,0.0,101.3,1.80,12.50,0.000,91.0,22.0,1,0,0,0,0,0,0,NONE,,RPM:486bd1410c0000d1 TPS:486bd1411108de ADV:486bd1410e4417 MIL:486bd1410100000000c6
1789376100.5593,1.115,0.0,0.0,3.14,0.00,-30.00,2.73,0.0,101.3,1.80,12.50,0.000,91.0,22.0,1,0,0,0,0,0,0,NONE,,RPM:486bd1410c0000d1 TPS:486bd1411108de ADV:486bd1410e4417 MIL:486bd1410100000000c6
1789376100.8400,1.395,0.0,0.0,3.14,0.00,-30.00,2.73,0.0,101.3,1.80,12.50,0.000,91.0,22.0,1,0,0,0,0,0,0,NONE,,RPM:486bd1410c0000d1 TPS:486bd1411108de ADV:486bd1410e4417 MIL:486bd1410100000000c6
1789376101.3624,1.918,0.0,0.0,3.14,0.00,-30.00,2.73,0.0,101.3,1.80,12.50,0.000,91.0,22.0,1,0,0,0,0,0,0,NONE,,RPM:486bd1410c0000d1 TPS:486bd1411108de ADV:486bd1410e4417 MIL:486bd1410100000000c6
1789376101.6404,2.196,0.0,0.0,3.14,0.00,-30.00,2.73,0.0,101.3,1.80,12.50,0.000,91.0,51.0,1,0,0,0,0,0,0,NONE,,RPM:486bd1410c0000d1 TPS:486bd1411108de ADV:486bd1410e4417 MIL:486bd1410100000000c6
1789376101.9183,2.474,0.0,0.0,3.14,0.00,-30.00,2.73,0.0,101.3,1.80,12.50,0.000,91.0,51.0,1,0,0,0,0,0,0,NONE,,RPM:486bd1410c0000d1 TPS:486bd1411108de ADV:486bd1410e4417 MIL:486bd1410100000000c6
1789376102.1882,2.744,0.0,0.0,3.14,0.00,-30.00,2.73,0.0,101.3,1.80,12.50,0.000,91.0,51.0,1,0,0,0,0,0,0,NONE,,RPM:486bd1410c0000d1 TPS:486bd1411108de ADV:486bd1410e4417 MIL:486bd1410100000000c6
1789376102.6137,3.169,0.0,0.0,3.14,0.00,-30.00,2.73,0.0,101.3,1.80,12.50,0.000,91.0,51.0,1,0,0,0,0,0,0,NONE,,RPM:486bd1410c0000d1 TPS:486bd1411108de ADV:486bd1410e4417 MIL:486bd1410100000000c6
1789376102.9394,3.495,0.0,0.0,3.14,0.00,-30.00,2.73,0.0,101.3,1.80,12.50,0.000,91.0,51.0,1,0,0,0,0,0,0,NONE,,RPM:486bd1410c0000d1 TPS:486bd1411108de ADV:486bd1410e4417 MIL:486bd1410100000000c6
1789376103.3795,3.935,0.0,0.0,3.14,0.00,-30.00,2.73,0.0,101.3,1.80,12.50,0.000,91.0,51.0,1,0,0,0,0,0,0,NONE,,RPM:486bd1410c0000d1 TPS:486bd1411108de ADV:486bd1410e4417 MIL:486bd1410100000000c6
1789376103.6822,4.238,0.0,0.0,3.14,0.00,-30.00,2.73,0.0,101.3,1.80,12.50,0.000,91.0,51.0,1,0,0,0,0,0,0,NONE,,RPM:486bd1410c0000d1 TPS:486bd1411108de ADV:486bd1410e4417 MIL:486bd1410100000000c6
1789376103.9458,4.501,0.0,0.0,3.14,0.00,-30.00,2.73,0.0,101.3,1.80,12.50,0.000,91.0,51.0,1,0,0,0,0,0,0,NONE,,RPM:486bd1410c0000d1 TPS:486bd1411108de ADV:486bd1410e4417 MIL:486bd1410100000000c6
1789376104.2188,4.774,0.0,0.0,3.14,0.00,-30.00,2.73,0.0,101.3,1.80,12.50,0.000,91.0,51.0,1,0,0,0,0,0,0,NONE,,RPM:486bd1410c0000d1 TPS:486bd1411108de ADV:486bd1410e4417 MIL:486bd1410100000000c6
1789376104.4896,5.045,0.0,0.0,3.14,0.00,-30.00,2.73,0.0,101.3,1.80,12.50,0.000,91.0,51.0,1,0,0,0,0,0,0,NONE,,RPM:486bd1410c0000d1 TPS:486bd1411108de ADV:486bd1410e4417 MIL:486bd1410100000000c6
1789376104.7935,5.349,0.0,0.0,3.14,0.00,-30.00,2.73,0.0,101.3,1.80,12.50,0.000,91.0,51.0,1,0,0,0,0,0,0,NONE,,RPM:486bd1410c0000d1 TPS:486bd1411108de ADV:486bd1410e4417 MIL:486bd1410100000000c6
1789376105.2989,5.854,0.0,0.0,3.14,0.00,0.00,2.73,0.0,101.3,1.80,12.50,0.000,91.0,51.0,1,0,0,0,0,0,0,NONE,,RPM:486bd1410c0000d1 TPS:486bd1411108de ADV:486bd1410e8053 MIL:486bd1410100000000c6
1789376105.5772,6.132,0.0,0.0,3.14,0.00,0.00,2.73,0.0,101.3,1.80,12.50,0.000,91.0,51.0,1,0,0,0,0,0,0,NONE,,RPM:486bd1410c0000d1 TPS:486bd1411108de ADV:486bd1410e8053 MIL:486bd1410100000000c6
1789376105.8818,6.437,0.0,0.0,3.14,0.00,0.00,2.73,0.0,101.3,1.80,12.50,0.000,91.0,51.0,1,0,0,0,0,0,0,NONE,,RPM:486bd1410c0000d1 TPS:486bd1411108de ADV:486bd1410e8053 MIL:486bd1410100000000c6
1789376106.1703,6.726,1347.0,4668.5,3.14,0.00,8.50,2.40,0.0,45.1,1.80,14.10,5.545,91.0,51.0,1,0,0,0,0,0,0,NONE,,RPM:486bd1410c150cf2 TPS:486bd1411108de ADV:486bd1410e9164 MIL:486bd1410100000000c6
1789376106.6294,7.185,1910.0,1226.4,3.14,0.00,8.50,2.40,0.0,45.1,1.80,14.10,0.000,91.0,51.0,1,0,0,0,0,0,0,NONE,,RPM:486bd1410c1dd8c6 TPS:486bd1411108de ADV:486bd1410e9164 MIL:486bd1410100000000c6
1789376106.9046,7.460,1981.0,258.0,3.14,0.00,8.50,2.40,0.0,45.1,1.80,14.10,0.000,91.0,51.0,1,0,0,0,0,0,0,NONE,,RPM:486bd1410c1ef4e3 TPS:486bd1411108de ADV:486bd1410e9164 MIL:486bd1410100000000c6
1789376107.3775,7.933,2069.0,186.1,3.14,0.00,8.50,2.40,0.0,45.1,1.80,14.10,0.000,91.0,51.0,1,0,0,0,0,0,0,NONE,,RPM:486bd1410c205445 TPS:486bd1411108de ADV:486bd1410e9164 MIL:486bd1410100000000c6
1789376107.6892,8.245,1886.0,-587.0,3.14,0.00,8.50,2.40,0.0,45.1,1.80,14.10,0.000,91.0,51.0,1,0,0,0,0,0,0,NONE,,RPM:486bd1410c1d7866 TPS:486bd1411108de ADV:486bd1410e9164 MIL:486bd1410100000000c6
1789376107.9586,8.514,1577.0,-1147.2,3.14,0.00,8.50,2.40,0.0,45.1,1.80,14.10,0.000,91.0,51.0,1,0,0,0,0,0,0,NONE,,RPM:486bd1410c18a48d TPS:486bd1411108de ADV:486bd1410e9164 MIL:486bd1410100000000c6
1789376108.2307,8.786,1453.0,-455.7,3.14,0.00,7.50,2.40,23.1,45.1,3.84,14.10,0.000,91.0,51.0,1,0,0,0,0,0,0,NONE,,RPM:486bd1410c16b49b TPS:486bd1411108de ADV:486bd1410e8f62 MIL:486bd1410100000000c6
1789376108.5352,9.091,1378.0,-246.3,3.14,0.00,8.00,2.40,23.1,45.1,3.84,14.10,0.000,91.0,51.0,1,0,0,0,0,0,0,NONE,,RPM:486bd1410c15886e TPS:486bd1411108de ADV:486bd1410e9063 MIL:486bd1410100000000c6
1789376108.8065,9.362,1397.0,70.0,3.14,0.00,8.00,2.40,23.1,45.1,3.84,14.10,0.000,91.0,51.0,1,0,0,0,0,0,0,NONE,,RPM:486bd1410c15d4ba TPS:486bd1411108de ADV:486bd1410e9063 MIL:486bd1410100000000c6
1789376109.2918,9.847,1411.0,28.9,3.14,0.00,8.00,2.40,23.1,45.1,3.84,14.10,0.000,91.0,51.0,1,0,0,0,0,0,0,NONE,,RPM:486bd1410c160cf3 TPS:486bd1411108de ADV:486bd1410e9063 MIL:486bd1410100000000c6
1789376109.5753,10.131,1333.0,-275.0,3.14,0.00,7.50,2.40,23.1,45.1,3.84,14.10,0.000,91.0,52.0,1,0,0,0,0,0,0,NONE,,RPM:486bd1410c14d4b9 TPS:486bd1411108de ADV:486bd1410e8f62 MIL:486bd1410100000000c6
1789376109.8527,10.408,1413.0,288.5,3.14,0.00,8.00,2.40,23.1,45.1,3.84,14.10,0.000,91.0,52.0,1,0,0,0,0,0,0,NONE,,RPM:486bd1410c1614fb TPS:486bd1411108de ADV:486bd1410e9063 MIL:486bd1410100000000c6
1789376110.1326,10.688,1355.0,-207.2,3.14,0.00,8.00,2.40,23.1,45.1,3.84,14.10,0.000,91.0,52.0,1,0,0,0,0,0,0,NONE,,RPM:486bd1410c152c12 TPS:486bd1411108de ADV:486bd1410e9063 MIL:486bd1410100000000c6
1789376110.5983,11.154,1332.0,-49.4,3.14,0.00,9.00,2.40,23.1,45.1,3.84,14.10,0.000,91.0,52.0,1,0,0,0,0,0,0,NONE,,RPM:486bd1410c14d0b5 TPS:486bd1411108de ADV:486bd1410e9265 MIL:486bd1410100000000c6
1789376110.8719,11.427,1312.0,-73.1,3.14,0.00,7.50,2.40,23.1,45.1,3.84,14.10,0.000,91.0,52.0,1,0,0,0,0,0,0,NONE,,RPM:486bd1410c148065 TPS:486bd1411108de ADV:486bd1410e8f62 MIL:486bd1410100000000c6
1789376111.3002,11.856,1301.0,-25.7,3.14,0.00,8.50,2.40,23.1,45.1,3.84,14.10,0.000,91.0,52.0,1,0,0,0,0,0,0,NONE,,RPM:486bd1410c145439 TPS:486bd1411108de ADV:486bd1410e9164 MIL:486bd1410100000000c6
1789376111.5870,12.142,1390.0,310.3,3.14,0.00,7.50,2.40,23.1,45.1,3.86,14.10,0.000,90.0,52.0,1,0,0,0,0,0,0,NONE,,RPM:486bd1410c15b89e TPS:486bd1411108de ADV:486bd1410e8f62 MIL:486bd1410100000000c6
1789376111.8615,12.417,1315.0,-273.2,3.14,0.00,10.00,2.40,23.1,45.1,3.86,14.10,0.000,90.0,52.0,1,0,0,0,0,0,0,NONE,,RPM:486bd1410c148c71 TPS:486bd1411108de ADV:486bd1410e9467 MIL:486bd1410100000000c6
1789376112.1788,12.734,1411.0,302.6,3.14,0.00,8.00,2.40,21.6,45.1,3.72,14.10,0.000,90.0,52.0,1,0,0,0,0,0,0,NONE,,RPM:486bd1410c160cf3 TPS:486bd1411108de ADV:486bd1410e9063 MIL:486bd1410100000000c6
1789376112.4595,13.015,1294.0,-416.8,3.14,0.00,9.00,2.40,21.6,45.1,3.72,14.10,0.000,90.0,52.0,1,0,0,0,0,0,0,NONE,,RPM:486bd1410c14381d TPS:486bd1411108de ADV:486bd1410e9265 MIL:486bd1410100000000c6
1789376112.7246,13.280,1342.0,181.0,3.14,0.00,8.00,2.40,21.6,45.1,3.72,14.10,0.000,90.0,52.0,1,0,0,0,0,0,0,NONE,,RPM:486bd1410c14f8dd TPS:486bd1411108de ADV:486bd1410e9063 MIL:486bd1410100000000c6
1789376113.1561,13.711,1323.0,-44.0,3.14,0.00,8.50,2.40,21.6,45.1,3.72,14.10,0.000,90.0,52.0,1,0,0,0,0,0,0,NONE,,RPM:486bd1410c14ac91 TPS:486bd1411108de ADV:486bd1410e9164 MIL:486bd1410100000000c6
1789376113.4615,14.017,1376.0,173.5,3.14,0.00,8.50,2.40,21.6,45.1,3.72,14.10,0.000,90.0,52.0,1,0,0,0,0,0,0,NONE,,RPM:486bd1410c158066 TPS:486bd1411108de ADV:486bd1410e9164 MIL:486bd1410100000000c6
1789376113.7319,14.287,1290.0,-318.1,3.14,0.00,8.50,2.40,21.6,45.1,3.72,14.10,0.000,90.0,52.0,1,0,0,0,0,0,0,NONE,,RPM:486bd1410c14280d TPS:486bd1411108de ADV:486bd1410e9164 MIL:486bd1410100000000c6
1789376114.0034,14.559,1407.0,431.0,3.14,0.00,8.50,2.40,21.6,45.1,3.72,14.10,0.000,90.0,52.0,1,0,0,0,0,0,0,NONE,,RPM:486bd1410c15fce2 TPS:486bd1411108de ADV:486bd1410e9164 MIL:486bd1410100000000c6
1789376114.5109,15.066,1367.0,-78.8,3.14,0.00,6.50,2.40,21.6,45.1,3.72,14.10,0.000,90.0,52.0,1,0,0,0,0,0,0,NONE,,RPM:486bd1410c155c42 TPS:486bd1411108de ADV:486bd1410e8d60 MIL:486bd1410100000000c6
1789376114.7874,15.343,1320.0,-170.0,3.14,0.00,10.50,2.40,21.6,45.1,3.72,14.10,0.000,90.0,52.0,1,0,0,0,0,0,0,NONE,,RPM:486bd1410c14a085 TPS:486bd1411108de ADV:486bd1410e9568 MIL:486bd1410100000000c6
1789376115.2825,15.838,1426.0,214.1,3.14,0.00,8.00,2.40,21.6,45.1,3.72,14.10,0.000,90.0,52.0,1,0,0,0,0,0,0,NONE,,RPM:486bd1410c16482f TPS:486bd1411108de ADV:486bd1410e9063 MIL:486bd1410100000000c6
1789376115.5544,16.110,1274.0,-559.0,3.14,0.00,9.00,2.40,21.6,45.1,3.72,14.10,0.000,90.0,52.0,1,0,0,0,0,0,0,NONE,,RPM:486bd1410c13e8cc TPS:486bd1411108de ADV:486bd1410e9265 MIL:486bd1410100000000c6
1789376115.8260,16.381,1389.0,423.4,3.14,0.00,7.50,2.40,21.6,45.1,3.72,14.10,0.000,90.0,52.0,1,0,0,0,0,0,0,NONE,,RPM:486bd1410c15b49a TPS:486bd1411108de ADV:486bd1410e8f62 MIL:486bd1410100000000c6
1789376116.1458,16.701,1277.0,-350.2,3.14,0.00,10.00,2.40,23.5,45.1,3.90,14.10,0.000,90.0,52.0,1,0,0,0,0,0,0,NONE,,RPM:486bd1410c13f4d8 TPS:486bd1411108de ADV:486bd1410e9467 MIL:486bd1410100000000c6
1789376116.4306,16.986,1361.0,295.0,3.14,0.00,7.50,2.40,23.5,45.1,3.90,14.10,0.000,90.0,52.0,1,0,0,0,0,0,0,NONE,,RPM:486bd1410c15442a TPS:486bd1411108de ADV:486bd1410e8f62 MIL:486bd1410100000000c6
1789376116.7213,17.277,1312.0,-168.5,3.14,0.00,10.50,2.40,23.5,45.1,3.90,14.10,0.000,90.0,52.0,1,0,0,0,0,0,0,NONE,,RPM:486bd1410c148065 TPS:486bd1411108de ADV:486bd1410e9568 MIL:486bd1410100000000c6
1789376117.1737,17.729,1426.0,252.0,3.14,0.00,8.00,2.40,23.5,45.1,3.90,14.10,0.000,90.0,52.0,1,0,0,0,0,0,0,NONE,,RPM:486bd1410c16482f TPS:486bd1411108de ADV:486bd1410e9063 MIL:486bd1410100000000c6
1789376117.4405,17.996,1244.0,-682.1,3.14,0.00,9.00,2.40,23.5,45.1,3.90,14.10,0.000,90.0,52.0,1,0,0,0,0,0,0,NONE,,RPM:486bd1410c137054 TPS:486bd1411108de ADV:486bd1410e9265 MIL:486bd1410100000000c6
1789376117.7129,18.268,1410.0,609.4,3.14,0.00,8.00,2.40,23.5,45.1,3.90,14.10,0.000,90.0,52.0,1,0,0,0,0,0,0,NONE,,RPM:486bd1410c1608ef TPS:486bd1411108de ADV:486bd1410e9063 MIL:486bd1410100000000c6
1789376117.9954,18.551,1300.0,-389.4,3.14,0.00,9.00,2.40,23.5,45.1,3.90,14.10,0.000,90.0,52.0,1,0,0,0,0,0,0,NONE,,RPM:486bd1410c145035 TPS:486bd1411108de ADV:486bd1410e9265 MIL:486bd1410100000000c6
1789376118.4479,19.003,1353.0,117.1,3.14,0.00,8.50,2.40,23.5,45.1,3.90,14.10,0.000,90.0,52.0,1,0,0,0,0,0,0,NONE,,RPM:486bd1410c15240a TPS:486bd1411108de ADV:486bd1410e9164 MIL:486bd1410100000000c6
1789376118.7359,19.291,1357.0,13.9,3.14,0.00,8.50,2.40,23.5,45.1,3.90,14.10,0.000,90.0,52.0,1,0,0,0,0,0,0,NONE,,RPM:486bd1410c15341a TPS:486bd1411108de ADV:486bd1410e9164 MIL:486bd1410100000000c6
1789376119.1734,19.729,1336.0,-48.0,3.14,0.00,8.50,2.40,23.5,45.1,3.90,14.10,0.000,90.0,52.0,1,0,0,0,0,0,0,NONE,,RPM:486bd1410c14e0c5 TPS:486bd1411108de ADV:486bd1410e9164 MIL:486bd1410100000000c6
1789376119.4392,19.994,1403.0,252.0,3.14,0.00,9.00,2.40,23.5,45.1,3.90,14.10,0.000,90.0,52.0,1,0,0,0,0,0,0,NONE,,RPM:486bd1410c15ecd2 TPS:486bd1411108de ADV:486bd1410e9265 MIL:486bd1410100000000c6
1789376119.7117,20.267,1308.0,-348.7,3.14,0.00,8.50,2.40,23.5,45.1,3.90,14.10,0.000,90.0,52.0,1,0,0,0,0,0,0,NONE,,RPM:486bd1410c147055 TPS:486bd1411108de ADV:486bd1410e9164 MIL:486bd1410100000000c6
1789376119.9829,20.538,1380.0,265.4,3.14,0.00,8.50,2.40,22.0,45.1,3.75,14.10,0.000,90.0,52.0,1,0,0,0,0,0,0,NONE,,RPM:486bd1410c159076 TPS:486bd1411108de ADV:486bd1410e9164 MIL:486bd1410100000000c6
1789376120.2558,20.811,1317.0,-230.9,3.14,0.00,8.50,2.40,22.0,45.1,3.75,14.10,0.000,90.0,52.0,1,0,0,0,0,0,0,NONE,,RPM:486bd1410c149479 TPS:486bd1411108de ADV:486bd1410e9164 MIL:486bd1410100000000c6
1789376120.5590,21.114,1351.0,112.1,3.14,0.00,8.00,2.40,22.0,45.1,3.75,14.10,0.000,90.0,52.0,1,0,0,0,0,0,0,NONE,,RPM:486bd1410c151c02 TPS:486bd1411108de ADV:486bd1410e9063 MIL:486bd1410100000000c6
1789376121.0415,21.597,1343.0,-16.6,3.14,0.00,8.50,2.40,22.0,45.1,3.75,14.10,0.000,90.0,52.0,1,0,0,0,0,0,0,NONE,,RPM:486bd1410c14fce1 TPS:486bd1411108de ADV:486bd1410e9164 MIL:486bd1410100000000c6
1789376121.3112,21.867,1359.0,59.3,3.14,0.00,8.50,2.40,22.0,45.1,3.75,14.10,0.000,90.0,53.0,1,0,0,0,0,0,0,NONE,,RPM:486bd1410c153c22 TPS:486bd1411108de ADV:486bd1410e9164 MIL:486bd1410100000000c6
1789376121.5824,22.138,1332.0,-99.6,3.14,0.00,9.00,2.40,22.0,45.1,3.75,14.10,0.000,90.0,53.0,1,0,0,0,0,0,0,NONE,,RPM:486bd1410c14d0b5 TPS:486bd1411108de ADV:486bd1410e9265 MIL:486bd1410100000000c6
1789376121.8545,22.410,1319.0,-47.8,3.14,0.00,8.50,2.40,22.0,45.1,3.75,14.10,0.000,90.0,53.0,1,0,0,0,0,0,0,NONE,,RPM:486bd1410c149c81 TPS:486bd1411108de ADV:486bd1410e9164 MIL:486bd1410100000000c6
1789376122.3521,22.907,1327.0,16.1,3.14,0.00,10.00,2.40,22.0,45.1,3.75,14.10,0.000,90.0,53.0,1,0,0,0,0,0,0,NONE,,RPM:486bd1410c14bca1 TPS:486bd1411108de ADV:486bd1410e9467 MIL:486bd1410100000000c6
1789376122.6220,23.177,1326.0,-3.7,3.14,0.00,8.00,2.40,22.0,45.1,3.75,14.10,0.000,90.0,53.0,1,0,0,0,0,0,0,NONE,,RPM:486bd1410c14b89d TPS:486bd1411108de ADV:486bd1410e9063 MIL:486bd1410100000000c6
1789376123.1315,23.687,1300.0,-51.0,3.14,0.00,8.50,2.40,22.0,45.1,3.75,14.10,0.000,90.0,53.0,1,0,0,0,0,0,0,NONE,,RPM:486bd1410c145035 TPS:486bd1411108de ADV:486bd1410e9164 MIL:486bd1410100000000c6
1789376123.4051,23.960,1372.0,263.2,3.14,0.00,8.00,2.40,22.0,45.1,3.75,14.10,0.000,90.0,53.0,1,0,0,0,0,0,0,NONE,,RPM:486bd1410c157056 TPS:486bd1411108de ADV:486bd1410e9063 MIL:486bd1410100000000c6
1789376123.6758,24.231,1274.0,-362.0,3.14,0.00,10.00,2.40,22.0,45.1,3.75,14.10,0.000,90.0,53.0,1,0,0,0,0,0,0,NONE,,RPM:486bd1410c13e8cc TPS:486bd1411108de ADV:486bd1410e9467 MIL:486bd1410100000000c6
1789376123.9958,24.551,1349.0,234.4,3.14,0.00,8.00,2.40,22.4,45.1,3.79,14.10,0.000,90.0,53.0,1,0,0,0,0,0,0,NONE,,RPM:486bd1410c1514fa TPS:486bd1411108de ADV:486bd1410e9063 MIL:486bd1410100000000c6
1789376124.2837,24.839,1326.0,-79.9,3.14,0.00,8.50,2.40,22.4,45.1,3.79,14.10,0.000,90.0,53.0,1,0,0,0,0,0,0,NONE,,RPM:486bd1410c14b89d TPS:486bd1411108de ADV:486bd1410e9164 MIL:486bd1410100000000c6
1789376124.6016,25.157,1308.0,-56.6,3.14,0.00,10.00,2.40,22.4,45.1,3.79,14.10,0.000,90.0,53.0,1,0,0,0,0,0,0,NONE,,RPM:486bd1410c147055 TPS:486bd1411108de ADV:486bd1410e9467 MIL:486bd1410100000000c6
1789376125.0523,25.608,1388.0,177.5,3.14,0.00,8.50,2.40,22.4,45.1,3.79,14.10,0.000,90.0,53.0,1,0,0,0,0,0,0,NONE,,RPM:486bd1410c15b096 TPS:486bd1411108de ADV:486bd1410e9164 MIL:486bd1410100000000c6
1789376125.3380,25.893,1308.0,-280.0,3.14,0.00,9.00,2.40,22.4,45.1,3.79,14.10,0.000,90.0,53.0,1,0,0,0,0,0,0,NONE,,RPM:486bd1410c147055 TPS:486bd1411108de ADV:486bd1410e9265 MIL:486bd1410100000000c6
1789376125.6259,26.181,1438.0,451.6,3.14,0.00,8.50,2.40,22.4,45.1,3.79,14.10,0.000,90.0,53.0,1,0,0,0,0,0,0,NONE,,RPM:486bd1410c16785f TPS:486bd1411108de ADV:486bd1410e9164 MIL:486bd1410100000000c6
1789376125.9233,26.479,1227.0,-709.5,3.14,0.00,8.50,2.40,22.4,45.1,3.79,14.10,0.000,90.0,53.0,1,0,0,0,0,0,0,NONE,,RPM:486bd1410c132c10 TPS:486bd1411108de ADV:486bd1410e9164 MIL:486bd1410100000000c6
1789376126.3782,26.933,1350.0,270.4,3.14,0.00,9.00,2.40,22.4,45.1,3.79,14.10,0.000,90.0,53.0,1,0,0,0,0,0,0,NONE,,RPM:486bd1410c1518fe TPS:486bd1411108de ADV:486bd1410e9265 MIL:486bd1410100000000c6
1789376126.6498,27.205,1315.0,-128.9,3.14,0.00,8.50,2.40,22.4,45.1,3.79,14.10,0.000,90.0,53.0,1,0,0,0,0,0,0,NONE,,RPM:486bd1410c148c71 TPS:486bd1411108de ADV:486bd1410e9164 MIL:486bd1410100000000c6
1789376127.1106,27.666,1319.0,8.7,3.14,0.00,8.50,2.40,22.4,45.1,3.79,14.10,0.000,90.0,53.0,1,0,0,0,0,0,0,NONE,,RPM:486bd1410c149c81 TPS:486bd1411108de ADV:486bd1410e9164 MIL:486bd1410100000000c6
1789376127.4097,27.965,1399.0,267.5,3.14,0.00,8.50,2.40,22.4,45.1,3.77,14.10,0.000,91.0,53.0,1,0,0,0,0,0,0,NONE,,RPM:486bd1410c15dcc2 TPS:486bd1411108de ADV:486bd1410e9164 MIL:486bd1410100000000c6
1789376127.7137,28.269,1311.0,-289.5,3.14,0.00,8.50,2.40,22.4,45.1,3.77,14.10,0.000,91.0,53.0,1,0,0,0,0,0,0,NONE,,RPM:486bd1410c147c61 TPS:486bd1411108de ADV:486bd1410e9164 MIL:486bd1410100000000c6
1789376127.9938,28.549,1336.0,89.2,3.14,0.00,8.00,2.40,22.7,45.1,3.81,14.10,0.000,91.0,53.0,1,0,0,0,0,0,0,NONE,,RPM:486bd1410c14e0c5 TPS:486bd1411108de ADV:486bd1410e9063 MIL:486bd1410100000000c6
1789376128.3289,28.884,1355.0,56.7,3.14,0.00,8.50,2.40,22.7,45.1,3.81,14.10,0.000,91.0,53.0,1,0,0,0,0,0,0,NONE,,RPM:486bd1410c152c12 TPS:486bd1411108de ADV:486bd1410e9164 MIL:486bd1410100000000c6
1789376128.5996,29.155,1341.0,-51.7,3.14,0.00,9.00,2.40,22.7,45.1,3.81,14.10,0.000,91.0,53.0,1,0,0,0,0,0,0,NONE,,RPM:486bd1410c14f4d9 TPS:486bd1411108de ADV:486bd1410e9265 MIL:486bd1410100000000c6
1789376129.0294,29.585,1358.0,39.6,3.14,0.00,8.50,2.40,22.7,45.1,3.81,14.10,0.000,91.0,53.0,1,0,0,0,0,0,0,NONE,,RPM:486bd1410c15381e TPS:486bd1411108de ADV:486bd1410e9164 MIL:486bd1410100000000c6
1789376129.3654,29.921,1339.0,-56.5,3.14,0.00,8.00,2.40,22.7,45.1,3.81,14.10,0.000,91.0,53.0,1,0,0,0,0,0,0,NONE,,RPM:486bd1410c14ecd1 TPS:486bd1411108de ADV:486bd1410e9063 MIL:486bd1410100000000c6
1789376129.6403,30.196,1354.0,54.6,3.14,0.00,8.50,2.40,22.7,45.1,3.81,14.10,0.000,91.0,53.0,1,0,0,0,0,0,0,NONE,,RPM:486bd1410c15280e TPS:486bd1411108de ADV:486bd1410e9164 MIL:486bd1410100000000c6
1789376129.9118,30.467,1279.0,-276.3,3.14,0.00,8.50,2.40,22.7,45.1,3.81,14.10,0.000,91.0,53.0,1,0,0,0,0,0,0,NONE,,RPM:486bd1410c13fce0 TPS:486bd1411108de ADV:486bd1410e9164 MIL:486bd1410100000000c6
1789376130.3751,30.930,1369.0,194.3,3.14,0.00,10.00,2.40,22.7,45.1,3.81,14.10,0.000,91.0,53.0,1,0,0,0,0,0,0,NONE,,RPM:486bd1410c15644a TPS:486bd1411108de ADV:486bd1410e9467 MIL:486bd1410100000000c6
1789376130.6802,31.236,1286.0,-272.0,3.14,0.00,8.00,2.40,22.7,45.1,3.81,14.10,0.000,91.0,53.0,1,0,0,0,0,0,0,NONE,,RPM:486bd1410c1418fd TPS:486bd1411108de ADV:486bd1410e9063 MIL:486bd1410100000000c6
1789376131.1446,31.700,1266.0,-43.1,3.14,0.00,10.00,2.40,22.7,45.1,3.81,14.10,0.000,91.0,53.0,1,0,0,0,0,0,0,NONE,,RPM:486bd1410c13c8ac TPS:486bd1411108de ADV:486bd1410e9467 MIL:486bd1410100000000c6
1789376131.4319,31.987,1367.0,351.5,3.14,0.00,8.00,2.40,22.7,45.1,3.79,14.10,0.000,92.0,53.0,1,0,0,0,0,0,0,NONE,,RPM:486bd1410c155c42 TPS:486bd1411108de ADV:486bd1410e9063 MIL:486bd1410100000000c6
1789376131.7433,32.299,1322.0,-144.5,3.14,0.00,9.00,2.40,22.7,45.1,3.79,14.10,0.000,92.0,53.0,1,0,0,0,0,0,0,NONE,,RPM:486bd1410c14a88d TPS:486bd1411108de ADV:486bd1410e9265 MIL:486bd1410100000000c6
1789376132.0131,32.568,1368.0,170.5,3.14,0.00,8.50,2.40,22.0,45.1,3.72,14.10,0.000,92.0,53.0,1,0,0,0,0,0,0,NONE,,RPM:486bd1410c156046 TPS:486bd1411108de ADV:486bd1410e9164 MIL:486bd1410100000000c6
1789376132.2788,32.834,1337.0,-116.7,3.14,0.00,8.50,2.40,22.0,45.1,3.72,14.10,0.000,92.0,53.0,1,0,0,0,0,0,0,NONE,,RPM:486bd1410c14e4c9 TPS:486bd1411108de ADV:486bd1410e9164 MIL:486bd1410100000000c6
1789376132.5502,33.105,1363.0,95.8,3.14,0.00,8.50,2.40,22.0,45.1,3.72,14.10,0.000,92.0,53.0,1,0,0,0,0,0,0,NONE,,RPM:486bd1410c154c32 TPS:486bd1411108de ADV:486bd1410e9164 MIL:486bd1410100000000c6
1789376132.9972,33.553,1317.0,-102.9,3.14,0.00,8.50,2.40,22.0,45.1,3.72,14.10,0.000,92.0,53.0,1,0,0,0,0,0,0,NONE,,RPM:486bd1410c149479 TPS:486bd1411108de ADV:486bd1410e9164 MIL:486bd1410100000000c6
1789376133.2700,33.825,1329.0,44.0,3.14,0.00,8.00,2.40,22.0,45.1,3.72,14.10,0.000,92.0,53.0,1,0,0,0,0,0,0,NONE,,RPM:486bd1410c14c4a9 TPS:486bd1411108de ADV:486bd1410e9063 MIL:486bd1410100000000c6
1789376133.5531,34.108,1351.0,77.7,3.14,0.00,8.50,2.40,22.0,45.1,3.72,14.10,0.000,92.0,53.0,1,0,0,0,0,0,0,NONE,,RPM:486bd1410c151c02 TPS:486bd1411108de ADV:486bd1410e9164 MIL:486bd1410100000000c6
1789376133.8618,34.417,1277.0,-239.7,3.14,0.00,8.50,2.40,22.0,45.1,3.72,14.10,0.000,92.0,53.0,1,0,0,0,0,0,0,NONE,,RPM:486bd1410c13f4d8 TPS:486bd1411108de ADV:486bd1410e9164 MIL:486bd1410100000000c6
1789376134.2901,34.845,1338.0,142.4,3.14,0.00,8.50,2.40,22.0,45.1,3.72,14.10,0.000,92.0,53.0,1,0,0,0,0,0,0,NONE,,RPM:486bd1410c14e8cd TPS:486bd1411108de ADV:486bd1410e9164 MIL:486bd1410100000000c6
1789376134.5803,35.136,1342.0,13.8,3.14,0.00,8.00,2.40,22.0,45.1,3.72,14.10,0.000,92.0,53.0,1,0,0,0,0,0,0,NONE,,RPM:486bd1410c14f8dd TPS:486bd1411108de ADV:486bd1410e9063 MIL:486bd1410100000000c6
1789376135.0383,35.594,1282.0,-131.0,3.14,0.00,8.00,2.40,22.0,45.1,3.72,14.10,0.000,92.0,53.0,1,0,0,0,0,0,0,NONE,,RPM:486bd1410c1408ed TPS:486bd1411108de ADV:486bd1410e9063 MIL:486bd1410100000000c6
1789376135.3166,35.872,1411.0,463.5,3.14,0.00,9.00,2.40,22.0,45.1,3.72,14.10,0.000,92.0,53.0,1,0,0,0,0,0,0,NONE,,RPM:486bd1410c160cf3 TPS:486bd1411108de ADV:486bd1410e9265 MIL:486bd1410100000000c6
1789376135.5883,36.144,1280.0,-482.1,3.14,0.00,8.50,2.40,22.0,45.1,3.72,14.10,0.000,92.0,53.0,1,0,0,0,0,0,0,NONE,,RPM:486bd1410c1400e5 TPS:486bd1411108de ADV:486bd1410e9164 MIL:486bd1410100000000c6
1789376135.8929,36.448,1364.0,275.8,3.14,0.00,9.00,2.40,23.5,45.1,3.86,14.10,0.000,92.0,53.0,1,0,0,0,0,0,0,NONE,,RPM:486bd1410c155036 TPS:486bd1411108de ADV:486bd1410e9265 MIL:486bd1410100000000c6
1789376136.1738,36.729,1290.0,-263.5,3.14,0.00,9.00,2.40,23.5,45.1,3.86,14.10,0.000,92.0,53.0,1,0,0,0,0,0,0,NONE,,RPM:486bd1410c14280d TPS:486bd1411108de ADV:486bd1410e9265 MIL:486bd1410100000000c6
1789376136.4707,37.026,1363.0,245.8,3.14,0.00,7.50,2.40,23.5,45.1,3.86,14.10,0.000,92.0,53.0,1,0,0,0,0,0,0,NONE,,RPM:486bd1410c154c32 TPS:486bd1411108de ADV:486bd1410e8f62 MIL:486bd1410100000000c6
1789376136.9315,37.487,1268.0,-206.2,3.14,0.00,8.50,2.40,23.5,45.1,3.86,14.10,0.000,92.0,53.0,1,0,0,0,0,0,0,NONE,,RPM:486bd1410c13d0b4 TPS:486bd1411108de ADV:486bd1410e9164 MIL:486bd1410100000000c6
1789376137.2042,37.759,1370.0,374.1,3.14,0.00,8.50,2.40,23.5,45.1,3.86,14.10,0.000,92.0,53.0,1,0,0,0,0,0,0,NONE,,RPM:486bd1410c15684e TPS:486bd1411108de ADV:486bd1410e9164 MIL:486bd1410100000000c6
1789376137.4740,38.029,1332.0,-140.8,3.14,0.00,8.50,2.40,23.5,45.1,3.86,14.10,0.000,92.0,53.0,1,0,0,0,0,0,0,NONE,,RPM:486bd1410c14d0b5 TPS:486bd1411108de ADV:486bd1410e9164 MIL:486bd1410100000000c6
1789376137.7454,38.301,1343.0,40.5,3.14,0.00,9.00,2.40,23.5,45.1,3.86,14.10,0.000,92.0,53.0,1,0,0,0,0,0,0,NONE,,RPM:486bd1410c14fce1 TPS:486bd1411108de ADV:486bd1410e9265 MIL:486bd1410100000000c6
1789376138.1910,38.746,1395.0,116.7,3.14,0.00,8.50,2.40,23.5,45.1,3.86,14.10,0.000,92.0,53.0,1,0,0,0,0,0,0,NONE,,RPM:486bd1410c15ccb2 TPS:486bd1411108de ADV:486bd1410e9164 MIL:486bd1410100000000c6
1789376138.4657,39.021,1251.0,-524.2,3.14,0.00,8.50,2.40,23.5,45.1,3.86,14.10,0.000,92.0,53.0,1,0,0,0,0,0,0,NONE,,RPM:486bd1410c138c70 TPS:486bd1411108de ADV:486bd1410e9164 MIL:486bd1410100000000c6
1789376138.9693,39.525,1256.0,9.9,3.14,0.00,9.00,2.40,23.5,45.1,3.86,14.10,0.000,92.0,53.0,1,0,0,0,0,0,0,NONE,,RPM:486bd1410c13a084 TPS:486bd1411108de ADV:486bd1410e9265 MIL:486bd1410100000000c6
1789376139.2337,39.789,1376.0,454.0,3.14,0.00,8.00,2.40,23.5,45.1,3.84,14.10,0.000,93.0,53.0,1,0,0,0,0,0,0,NONE,,RPM:486bd1410c158066 TPS:486bd1411108de ADV:486bd1410e9063 MIL:486bd1410100000000c6
1789376139.5056,40.061,1319.0,-209.6,3.14,0.00,10.00,2.40,23.5,45.1,3.84,14.10,0.000,93.0,53.0,1,0,0,0,0,0,0,NONE,,RPM:486bd1410c149c81 TPS:486bd1411108de ADV:486bd1410e9467 MIL:486bd1410100000000c6
1789376139.8556,40.411,1361.0,120.0,3.14,0.00,8.50,2.40,21.6,45.1,3.66,14.10,0.000,93.0,53.0,1,0,0,0,0,0,0,NONE,,RPM:486bd1410c15442a TPS:486bd1411108de ADV:486bd1410e9164 MIL:486bd1410100000000c6
1789376140.1282,40.683,1361.0,0.0,3.14,0.00,10.00,2.40,21.6,45.1,3.66,14.10,0.000,93.0,53.0,1,0,0,0,0,0,0,NONE,,RPM:486bd1410c15442a TPS:486bd1411108de ADV:486bd1410e9467 MIL:486bd1410100000000c6
1789376140.4018,40.957,1318.0,-157.1,3.14,0.00,10.00,2.40,21.6,45.1,3.66,14.10,0.000,93.0,53.0,1,0,0,0,0,0,0,NONE,,RPM:486bd1410c14987d TPS:486bd1411108de ADV:486bd1410e9467 MIL:486bd1410100000000c6
1789376140.8870,41.442,1571.0,521.5,3.14,0.00,21.00,2.40,21.6,45.1,3.66,14.10,0.000,93.0,53.0,1,0,0,0,0,0,0,NONE,,RPM:486bd1410c188c75 TPS:486bd1411108de ADV:486bd1410eaa7d MIL:486bd1410100000000c6
1789376141.1562,41.711,2199.0,2332.4,13.33,37.87,5.00,2.40,21.6,51.0,3.66,14.10,0.000,93.0,53.0,1,0,0,0,0,0,0,NONE,,RPM:486bd1410c225c4f TPS:486bd1411122f8 ADV:486bd1410e8a5d MIL:486bd1410100000000c6
1789376141.4224,41.978,2538.0,1273.5,3.92,-35.36,5.00,2.40,21.6,45.6,3.66,14.10,0.000,93.0,53.0,1,0,0,0,0,0,0,NONE,,RPM:486bd1410c27a8a0 TPS:486bd141110ae0 ADV:486bd1410e8a5d MIL:486bd1410100000000c6
1789376141.6946,42.250,2669.0,481.2,3.53,-1.44,25.50,2.40,21.6,45.3,3.66,14.10,0.000,93.0,53.0,1,0,0,0,0,0,0,NONE,,RPM:486bd1410c29b4ae TPS:486bd1411109df ADV:486bd1410eb386 MIL:486bd1410100000000c6
1789376142.1638,42.719,3404.0,1566.7,10.59,15.05,15.50,2.40,21.6,49.4,3.66,14.10,0.000,93.0,53.0,1,0,0,0,0,0,0,NONE,,RPM:486bd1410c353036 TPS:486bd141111bf1 ADV:486bd1410e9f72 MIL:486bd1410100000000c6
1789376142.4852,43.041,3329.0,-233.3,9.02,-4.88,22.50,2.40,21.6,48.5,3.66,14.10,0.000,93.0,53.0,1,0,0,0,0,0,0,NONE,,RPM:486bd1410c340409 TPS:486bd1411117ed ADV:486bd1410ead80 MIL:486bd1410100000000c6
1789376142.9894,43.545,2518.0,-1608.5,9.41,0.78,14.00,2.40,21.6,48.8,3.66,14.10,0.000,93.0,53.0,1,0,0,0,0,0,0,NONE,,RPM:486bd1410c275850 TPS:486bd1411118ee ADV:486bd1410e9c6f MIL:486bd1410100000000c6
1789376143.2623,43.818,2398.0,-439.8,9.80,1.44,13.00,2.40,21.6,49.0,3.66,14.10,0.000,93.0,53.0,1,0,0,0,0,0,0,NONE,,RPM:486bd1410c25786e TPS:486bd1411119ef ADV:486bd1410e9a6d MIL:486bd1410100000000c6
1789376143.5345,44.090,2320.0,-286.5,9.80,0.00,10.50,2.40,21.6,49.0,3.66,14.10,0.000,93.0,53.0,1,0,0,0,0,0,0,NONE,,RPM:486bd1410c244035 TPS:486bd1411119ef ADV:486bd1410e9568 MIL:486bd1410100000000c6
1789376143.8376,44.393,2293.0,-89.1,9.80,0.00,11.00,2.40,36.5,49.0,5.00,14.10,0.000,93.0,53.0,1,0,0,0,0,0,0,NONE,,RPM:486bd1410c23d4c8 TPS:486bd1411119ef ADV:486bd1410e9669 MIL:486bd1410100000000c6
1789376144.1095,44.665,2330.0,136.1,9.80,0.00,12.50,2.40,36.5,49.0,5.00,14.10,0.000,93.0,53.0,1,0,0,0,0,0,0,NONE,,RPM:486bd1410c24685d TPS:486bd1411119ef ADV:486bd1410e996c MIL:486bd1410100000000c6
1789376144.3820,44.937,2365.0,128.4,9.80,0.00,11.00,2.40,36.5,49.0,5.00,14.10,0.000,93.0,53.0,1,0,0,0,0,0,0,NONE,,RPM:486bd1410c24f4e9 TPS:486bd1411119ef ADV:486bd1410e9669 MIL:486bd1410100000000c6
1789376144.8713,45.427,2242.0,-251.4,10.20,0.80,8.50,2.40,36.5,49.2,5.00,14.10,0.000,93.0,53.0,1,0,0,0,0,0,0,NONE,,RPM:486bd1410c2308fc TPS:486bd141111af0 ADV:486bd1410e9164 MIL:486bd1410100000000c6
1789376145.1622,45.717,2343.0,347.2,12.55,8.09,14.00,2.40,36.5,50.6,5.00,14.10,0.000,93.0,52.0,1,0,0,0,0,0,0,NONE,,RPM:486bd1410c249c91 TPS:486bd1411120f6 ADV:486bd1410e9c6f MIL:486bd1410100000000c6
1789376145.4676,46.023,2665.0,1054.4,16.47,12.84,15.00,2.40,36.5,52.9,5.00,14.10,0.000,93.0,52.0,1,0,0,0,0,0,0,NONE,,RPM:486bd1410c29a49e TPS:486bd141112a00 ADV:486bd1410e9e71 MIL:486bd1410100000000c6
1789376145.7398,46.295,2941.0,1013.9,22.35,21.61,16.00,2.40,36.5,56.3,5.00,14.10,0.000,93.0,52.0,1,0,0,0,0,0,0,NONE,,RPM:486bd1410c2df4f2 TPS:486bd14111390f ADV:486bd1410ea073 MIL:486bd1410100000000c6
1789376146.2034,46.759,3736.0,1714.6,25.49,6.77,20.50,2.40,36.5,58.1,5.00,14.10,0.000,93.0,52.0,1,0,0,0,0,0,0,NONE,,RPM:486bd1410c3a606b TPS:486bd141114117 ADV:486bd1410ea97c MIL:486bd1410100000000c6
1789376146.5279,47.083,4151.0,1279.0,20.78,-14.50,27.50,2.40,36.5,55.4,5.00,14.10,0.000,93.0,52.0,1,0,0,0,0,0,0,NONE,,RPM:486bd1410c40dced TPS:486bd14111350b ADV:486bd1410eb78a MIL:486bd1410100000000c6
1789376146.9582,47.513,4621.0,1092.3,23.14,5.47,26.00,2.40,36.5,56.7,5.00,14.10,0.000,93.0,52.0,1,0,0,0,0,0,0,NONE,,RPM:486bd1410c48344d TPS:486bd141113b11 ADV:486bd1410eb487 MIL:486bd1410100000000c6
1789376147.2438,47.799,4983.0,1267.7,22.75,-1.37,28.50,2.40,36.5,56.5,5.00,14.10,0.000,93.0,52.0,1,0,0,0,0,0,0,NONE,,RPM:486bd1410c4ddcfa TPS:486bd141113a10 ADV:486bd1410eb98c MIL:486bd1410100000000c6
1789376147.5711,48.126,5005.0,67.2,5.88,-51.51,60.00,2.40,36.5,46.7,5.00,14.10,0.000,93.0,52.0,1,0,0,0,0,0,0,NONE,,RPM:486bd1410c4e3453 TPS:486bd141110fe5 ADV:486bd1410ef8cb MIL:486bd1410100000000c6
1789376147.8506,48.406,4491.0,-1839.5,3.53,-8.42,60.00,2.40,9.4,45.3,2.57,14.10,0.000,93.0,52.0,1,0,0,0,0,0,0,NONE,,RPM:486bd1410c462c43 TPS:486bd1411109df ADV:486bd1410ef8cb MIL:486bd1410100000000c6
1789376148.1381,48.693,4277.0,-744.3,3.53,0.00,60.00,2.40,9.4,45.3,2.57,14.10,0.000,93.0,52.0,1,0,0,0,0,0,0,NONE,,RPM:486bd1410c42d4e7 TPS:486bd1411109df ADV:486bd1410ef8cb MIL:486bd1410100000000c6
1789376148.4269,48.982,4277.0,0.0,3.53,0.00,56.00,2.40,9.4,45.3,2.57,14.10,0.000,93.0,52.0,1,0,0,0,0,0,0,NONE,,RPM: TPS:486bd1411109df ADV:486bd1410ef0c3 MIL:486bd1410100000000c6
1789376149.0561,49.611,3247.0,-1637.0,3.53,0.00,48.50,2.40,9.4,45.3,2.57,14.10,0.000,93.0,52.0,1,0,0,0,0,0,0,NONE,,RPM:486bd1410c32bcbf TPS:486bd1411109df ADV:486bd1410ee1b4 MIL:486bd1410100000000c6
1789376149.3674,49.923,2951.0,-951.1,3.53,0.00,40.00,2.40,9.4,45.3,2.57,14.10,0.000,93.0,50.0,1,0,0,0,0,0,0,NONE,,RPM:486bd1410c2e1c1b TPS:486bd1411109df ADV:486bd1410ed0a3 MIL:486bd1410100000000c6
1789376149.6569,50.212,2678.0,-943.0,3.53,0.00,29.00,2.40,9.4,45.3,2.57,14.10,0.000,93.0,50.0,1,0,0,0,0,0,0,NONE,,RPM:486bd1410c29d8d2 TPS:486bd1411109df ADV:486bd1410eba8d MIL:486bd1410100000000c6
1789376149.9290,50.484,2567.0,-407.9,3.92,1.44,24.00,2.40,9.4,45.6,2.57,14.10,0.000,93.0,50.0,1,0,0,0,0,0,0,NONE,,RPM:486bd1410c281c15 TPS:486bd141110ae0 ADV:486bd1410eb083 MIL:486bd1410100000000c6
1789376150.4053,50.961,1648.0,-1929.4,3.14,-1.65,8.50,2.40,9.4,45.1,2.57,14.10,0.000,93.0,50.0,1,0,0,0,0,0,0,NONE,,RPM:486bd1410c19c0aa TPS:486bd1411108de ADV:486bd1410e9164 MIL:486bd1410100000000c6
1789376150.7017,51.257,1197.0,-1521.6,3.14,0.00,11.50,2.40,9.4,45.1,2.57,14.10,0.000,93.0,50.0,1,0,0,0,0,0,0,NONE,,RPM:486bd1410c12b497 TPS:486bd1411108de ADV:486bd1410e976a MIL:486bd1410100000000c6
1789376151.1244,51.680,1239.0,99.4,3.14,0.00,11.00,2.40,9.4,45.1,2.57,14.10,0.000,93.0,50.0,1,0,0,0,0,0,0,NONE,,RPM:486bd1410c135c40 TPS:486bd1411108de ADV:486bd1410e9669 MIL:486bd1410100000000c6
1789376151.4321,51.987,1327.0,286.0,3.14,0.00,10.50,2.40,9.4,45.1,2.57,14.10,0.000,93.0,50.0,1,0,0,0,0,0,0,NONE,,RPM:486bd1410c14bca1 TPS:486bd1411108de ADV:486bd1410e9568 MIL:486bd1410100000000c6
1789376151.7042,52.260,1299.0,-102.9,3.14,0.00,10.00,2.40,9.4,45.1,2.57,14.10,0.000,93.0,50.0,1,0,0,0,0,0,0,NONE,,RPM:486bd1410c144c31 TPS:486bd1411108de ADV:486bd1410e9467 MIL:486bd1410100000000c6
1789376151.9850,52.540,1307.0,28.5,3.14,0.00,11.00,2.40,24.7,45.1,3.94,14.10,0.000,93.0,50.0,1,0,0,0,0,0,0,NONE,,RPM:486bd1410c146c51 TPS:486bd1411108de ADV:486bd1410e9669 MIL:486bd1410100000000c6
1789376152.2837,52.839,1312.0,16.7,3.14,0.00,10.00,2.40,24.7,45.1,3.94,14.10,0.000,93.0,50.0,1,0,0,0,0,0,0,NONE,,RPM:486bd1410c148065 TPS:486bd1411108de ADV:486bd1410e9467 MIL:486bd1410100000000c6
1789376152.5526,53.108,1352.0,148.8,3.14,0.00,10.00,2.40,24.7,45.1,3.94,14.10,0.000,93.0,50.0,1,0,0,0,0,0,0,NONE,,RPM:486bd1410c152006 TPS:486bd1411108de ADV:486bd1410e9467 MIL:486bd1410100000000c6
1789376153.0536,53.609,1438.0,171.7,3.14,0.00,10.00,2.40,24.7,45.1,3.94,14.10,0.000,93.0,50.0,1,0,0,0,0,0,0,NONE,,RPM:486bd1410c16785f TPS:486bd1411108de ADV:486bd1410e9467 MIL:486bd1410100000000c6
1789376153.3186,53.874,1285.0,-577.4,3.14,0.00,10.00,2.40,24.7,45.1,3.94,14.10,0.000,93.0,50.0,1,0,0,0,0,0,0,NONE,,RPM:486bd1410c1414f9 TPS:486bd1411108de ADV:486bd1410e9467 MIL:486bd1410100000000c6
1789376153.5898,54.145,1376.0,335.5,3.14,0.00,10.00,2.40,24.7,45.1,3.94,14.10,0.000,93.0,50.0,1,0,0,0,0,0,0,NONE,,RPM:486bd1410c158066 TPS:486bd1411108de ADV:486bd1410e9467 MIL:486bd1410100000000c6
1789376153.8943,54.450,1305.0,-233.2,3.14,0.00,10.00,2.40,24.7,45.1,3.94,14.10,0.000,93.0,50.0,1,0,0,0,0,0,0,NONE,,RPM:486bd1410c146449 TPS:486bd1411108de ADV:486bd1410e9467 MIL:486bd1410100000000c6
1789376154.3497,54.905,1344.0,85.6,3.14,0.00,10.00,2.40,24.7,45.1,3.94,14.10,0.000,93.0,50.0,1,0,0,0,0,0,0,NONE,,RPM:486bd1410c1500e6 TPS:486bd1411108de ADV:486bd1410e9467 MIL:486bd1410100000000c6
1789376154.6230,55.178,1357.0,47.6,3.14,0.00,8.50,2.40,24.7,45.1,3.94,14.10,0.000,93.0,50.0,1,0,0,0,0,0,0,NONE,,RPM:486bd1410c15341a TPS:486bd1411108de ADV:486bd1410e9164 MIL:486bd1410100000000c6
1789376155.1194,55.675,1329.0,-56.4,3.14,0.00,10.00,2.40,24.7,45.1,3.94,14.10,0.000,93.0,50.0,1,0,0,0,0,0,0,NONE,,RPM:486bd1410c14c4a9 TPS:486bd1411108de ADV:486bd1410e9467 MIL:486bd1410100000000c6
1789376155.3976,55.953,1365.0,129.4,3.14,0.00,10.00,2.40,24.7,45.1,3.93,14.10,0.000,94.0,50.0,1,0,0,0,0,0,0,NONE,,RPM:486bd1410c15543a TPS:486bd1411108de ADV:486bd1410e9467 MIL:486bd1410100000000c6
1789376155.6687,56.224,1353.0,-44.3,3.14,0.00,8.50,2.40,24.7,45.1,3.93,14.10,0.000,94.0,50.0,1,0,0,0,0,0,0,NONE,,RPM:486bd1410c15240a TPS:486bd1411108de ADV:486bd1410e9164 MIL:486bd1410100000000c6
1789376155.9726,56.528,1304.0,-161.2,3.14,0.00,10.50,2.40,23.9,45.1,3.86,14.10,0.000,94.0,50.0,1,0,0,0,0,0,0,NONE,,RPM:486bd1410c146045 TPS:486bd1411108de ADV:486bd1410e9568 MIL:486bd1410100000000c6
1789376156.2440,56.799,1399.0,350.0,3.14,0.00,8.00,2.40,23.9,45.1,3.86,14.10,0.000,94.0,50.0,1,0,0,0,0,0,0,NONE,,RPM:486bd1410c15dcc2 TPS:486bd1411108de ADV:486bd1410e9063 MIL:486bd1410100000000c6
1789376156.5164,57.072,1323.0,-279.1,3.14,0.00,11.50,2.40,23.9,45.1,3.86,14.10,0.000,94.0,50.0,1,0,0,0,0,0,0,NONE,,RPM:486bd1410c14ac91 TPS:486bd1411108de ADV:486bd1410e976a MIL:486bd1410100000000c6
1789376156.9771,57.532,1334.0,23.9,3.14,0.00,10.00,2.40,23.9,45.1,3.86,14.10,0.000,94.0,50.0,1,0,0,0,0,0,0,NONE,,RPM:486bd1410c14d8bd TPS:486bd1411108de ADV:486bd1410e9467 MIL:486bd1410100000000c6
1789376157.2509,57.806,1386.0,189.9,3.14,0.00,10.00,2.40,23.9,45.1,3.86,14.10,0.000,94.0,51.0,1,0,0,0,0,0,0,NONE,,RPM:486bd1410c15a88e TPS:486bd1411108de ADV:486bd1410e9467 MIL:486bd1410100000000c6
1789376157.5236,58.079,1268.0,-432.7,3.14,0.00,9.00,2.40,23.9,45.1,3.86,14.10,0.000,94.0,51.0,1,0,0,0,0,0,0,NONE,,RPM:486bd1410c13d0b4 TPS:486bd1411108de ADV:486bd1410e9265 MIL:486bd1410100000000c6
1789376157.8122,58.368,1350.0,284.0,3.14,0.00,10.50,2.40,23.9,45.1,3.86,14.10,0.000,94.0,51.0,1,0,0,0,0,0,0,NONE,,RPM:486bd1410c1518fe TPS:486bd1411108de ADV:486bd1410e9568 MIL:486bd1410100000000c6
1789376158.2883,58.844,1455.0,220.6,3.14,0.00,8.50,2.40,23.9,45.1,3.86,14.10,0.000,94.0,51.0,1,0,0,0,0,0,0,NONE,,RPM:486bd1410c16bca3 TPS:486bd1411108de ADV:486bd1410e9164 MIL:486bd1410100000000c6
1789376158.5633,59.119,1232.0,-810.9,3.14,0.00,8.50,2.40,23.9,45.1,3.86,14.10,0.000,94.0,51.0,1,0,0,0,0,0,0,NONE,,RPM:486bd1410c134024 TPS:486bd1411108de ADV:486bd1410e9164 MIL:486bd1410100000000c6
1789376159.0480,59.603,1264.0,66.0,3.14,0.00,8.50,2.40,23.9,45.1,3.86,14.10,0.000,94.0,51.0,1,0,0,0,0,0,0,NONE,,RPM:486bd1410c13c0a4 TPS:486bd1411108de ADV:486bd1410e9164 MIL:486bd1410100000000c6
1789376159.3132,59.869,1385.0,456.2,3.14,0.00,8.50,2.40,23.9,45.1,3.86,14.10,0.000,94.0,51.0,1,0,0,0,0,0,0,NONE,,RPM:486bd1410c15a48a TPS:486bd1411108de ADV:486bd1410e9164 MIL:486bd1410100000000c6
1789376159.5873,60.143,1268.0,-426.9,3.14,0.00,8.50,2.40,23.9,45.1,3.86,14.10,0.000,94.0,51.0,1,0,0,0,0,0,0,NONE,,RPM:486bd1410c13d0b4 TPS:486bd1411108de ADV:486bd1410e9164 MIL:486bd1410100000000c6
1789376159.8588,60.414,1403.0,497.3,3.14,0.00,9.00,2.40,23.9,45.1,3.86,14.10,0.000,94.0,51.0,1,0,0,0,0,0,0,NONE,,RPM:486bd1410c15ecd2 TPS:486bd1411108de ADV:486bd1410e9265 MIL:486bd1410100000000c6
1789376160.1295,60.685,1230.0,-639.0,3.14,0.00,6.50,2.40,23.9,45.1,3.86,14.10,0.000,94.0,51.0,1,0,0,0,0,0,0,NONE,,RPM:486bd1410c13381c TPS:486bd1411108de ADV:486bd1410e8d60 MIL:486bd1410100000000c6
1789376160.4343,60.990,1378.0,485.6,3.14,0.00,10.00,2.40,23.9,45.1,3.86,14.10,0.000,94.0,51.0,1,0,0,0,0,0,0,NONE,,RPM:486bd1410c15886e TPS:486bd1411108de ADV:486bd1410e9467 MIL:486bd1410100000000c6
1789376160.8974,61.453,1391.0,28.1,3.14,0.00,8.50,2.40,23.9,45.1,3.86,14.10,0.000,94.0,51.0,1,0,0,0,0,0,0,NONE,,RPM:486bd1410c15bca2 TPS:486bd1411108de ADV:486bd1410e9164 MIL:486bd1410100000000c6
1789376161.1700,61.725,1265.0,-462.2,3.14,0.00,9.00,2.40,23.9,45.1,3.86,14.10,0.000,94.0,51.0,1,0,0,0,0,0,0,NONE,,RPM:486bd1410c13c4a8 TPS:486bd1411108de ADV:486bd1410e9265 MIL:486bd1410100000000c6
1789376161.4895,62.045,1290.0,78.2,3.14,0.00,8.50,2.40,23.9,45.1,3.86,14.10,0.000,94.0,51.0,1,0,0,0,0,0,0,NONE,,RPM:486bd1410c14280d TPS:486bd1411108de ADV:486bd1410e9164 MIL:486bd1410100000000c6
1789376161.8092,62.364,1390.0,312.8,3.14,0.00,9.00,2.40,23.9,45.1,3.86,14.10,0.000,94.0,51.0,1,0,0,0,0,0,0,NONE,,RPM:486bd1410c15b89e TPS:486bd1411108de ADV:486bd1410e9265 MIL:486bd1410100000000c6
1789376162.3031,62.858,1399.0,18.2,3.14,0.00,8.50,2.40,23.9,45.1,3.86,14.10,0.000,94.0,51.0,1,0,0,0,0,0,0,NONE,,RPM:486bd1410c15dcc2 TPS:486bd1411108de ADV:486bd1410e9164 MIL:486bd1410100000000c6
1789376162.6083,63.164,1268.0,-429.2,3.14,0.00,8.50,2.40,23.9,45.1,3.86,14.10,0.000,94.0,51.0,1,0,0,0,0,0,0,NONE,,RPM:486bd1410c13d0b4 TPS:486bd1411108de ADV:486bd1410e9164 MIL:486bd1410100000000c6
1789376163.0468,63.602,1324.0,127.7,3.14,0.00,10.50,2.40,23.9,45.1,3.86,14.10,0.000,94.0,51.0,1,0,0,0,0,0,0,NONE,,RPM:486bd1410c14b095 TPS:486bd1411108de ADV:486bd1410e9568 MIL:486bd1410100000000c6
1789376163.3282,63.883,1353.0,103.1,3.14,0.00,7.50,2.40,23.9,45.1,3.86,14.10,0.000,94.0,51.0,1,0,0,0,0,0,0,NONE,,RPM:486bd1410c15240a TPS:486bd1411108de ADV:486bd1410e8f62 MIL:486bd1410100000000c6
1789376163.6180,64.173,1310.0,-148.4,3.14,0.00,9.00,2.40,23.9,45.1,3.86,14.10,0.000,94.0,51.0,1,0,0,0,0,0,0,NONE,,RPM:486bd1410c14785d TPS:486bd1411108de ADV:486bd1410e9265 MIL:486bd1410100000000c6
1789376163.9209,64.476,1314.0,13.2,3.14,0.00,9.00,2.40,23.1,45.1,3.78,14.10,0.000,94.0,51.0,1,0,0,0,0,0,0,NONE,,RPM:486bd1410c14886d TPS:486bd1411108de ADV:486bd1410e9265 MIL:486bd1410100000000c6
1789376164.1906,64.746,1348.0,126.1,3.14,0.00,8.50,2.40,23.1,45.1,3.78,14.10,0.000,94.0,51.0,1,0,0,0,0,0,0,NONE,,RPM:486bd1410c1510f6 TPS:486bd1411108de ADV:486bd1410e9164 MIL:486bd1410100000000c6
1789376164.5110,65.066,1359.0,34.3,3.14,0.00,8.00,2.40,23.1,45.1,3.78,14.10,0.000,94.0,51.0,1,0,0,0,0,0,0,NONE,,RPM:486bd1410c153c22 TPS:486bd1411108de ADV:486bd1410e9063 MIL:486bd1410100000000c6
1789376164.9708,65.526,1338.0,-45.7,3.14,0.00,8.50,2.40,23.1,45.1,3.78,14.10,0.000,94.0,51.0,1,0,0,0,0,0,0,NONE,,RPM:486bd1410c14e8cd TPS:486bd1411108de ADV:486bd1410e9164 MIL:486bd1410100000000c6
1789376165.2345,65.790,1348.0,37.9,3.14,0.00,8.50,2.40,23.1,45.1,3.78,14.10,0.000,94.0,51.0,1,0,0,0,0,0,0,NONE,,RPM:486bd1410c1510f6 TPS:486bd1411108de ADV:486bd1410e9164 MIL:486bd1410100000000c6
1789376165.5031,66.058,1332.0,-59.6,3.14,0.00,8.00,2.40,23.1,45.1,3.78,14.10,0.000,94.0,51.0,1,0,0,0,0,0,0,NONE,,RPM:486bd1410c14d0b5 TPS:486bd1411108de ADV:486bd1410e9063 MIL:486bd1410100000000c6
1789376165.8221,66.377,1387.0,172.4,3.14,0.00,10.50,2.40,23.1,45.1,3.78,14.10,0.000,94.0,51.0,1,0,0,0,0,0,0,NONE,,RPM:486bd1410c15ac92 TPS:486bd1411108de ADV:486bd1410e9568 MIL:486bd1410100000000c6
1789376166.2842,66.839,1360.0,-58.4,5.88,5.94,9.00,2.40,23.1,46.7,3.78,14.10,0.000,94.0,51.0,1,0,0,0,0,0,0,NONE,,RPM:486bd1410c154026 TPS:486bd141110fe5 ADV:486bd1410e9265 MIL:486bd1410100000000c6
1789376166.5569,67.112,1561.0,737.0,10.20,15.82,-1.50,2.40,23.1,49.2,3.78,14.10,0.000,94.0,51.0,1,0,0,0,0,0,0,NONE,,RPM:486bd1410c18644d TPS:486bd141111af0 ADV:486bd1410e7d50 MIL:486bd1410100000000c6
1789376167.0196,67.575,2288.0,1571.0,10.59,0.85,5.00,2.40,23.1,49.4,3.78,14.10,0.000,94.0,51.0,1,0,0,0,0,0,0,NONE,,RPM:486bd1410c23c0b4 TPS:486bd141111bf1 ADV:486bd1410e8a5d MIL:486bd1410100000000c6
1789376167.3376,67.893,2138.0,-471.8,10.59,0.00,3.50,2.40,23.1,49.4,3.77,14.10,0.000,95.0,51.0,1,0,0,0,0,0,0,NONE,,RPM:486bd1410c21685a TPS:486bd141111bf1 ADV:486bd1410e875a MIL:486bd1410100000000c6
1789376167.6130,68.168,2303.0,599.1,9.80,-2.85,15.50,2.40,23.1,49.0,3.77,14.10,0.000,95.0,51.0,1,0,0,0,0,0,0,NONE,,RPM:486bd1410c23fcf0 TPS:486bd1411119ef ADV:486bd1410e9f72 MIL:486bd1410100000000c6
1789376167.8843,68.440,2641.0,1245.9,5.88,-14.46,43.50,2.40,14.5,46.7,2.99,14.10,0.000,95.0,51.0,1,0,0,0,0,0,0,NONE,,RPM:486bd1410c29443e TPS:486bd141110fe5 ADV:486bd1410ed7aa MIL:486bd1410100000000c6
1789376168.2462,68.802,2648.0,19.3,3.53,-6.50,41.00,2.40,14.5,45.3,2.99,14.10,0.000,95.0,51.0,1,0,0,0,0,0,0,NONE,,RPM:486bd1410c29605a TPS:486bd1411109df ADV:486bd1410ed2a5 MIL:486bd1410100000000c6
1789376168.5272,69.082,3003.0,1263.6,3.53,0.00,48.00,2.40,14.5,45.3,2.99,14.10,0.000,95.0,51.0,1,0,0,0,0,0,0,NONE,,RPM:486bd1410c2eeceb TPS:486bd1411109df ADV:486bd1410ee0b3 MIL:486bd1410100000000c6
1789376168.9560,69.511,2989.0,-32.6,3.53,0.00,44.00,2.40,14.5,45.3,2.99,14.10,0.000,95.0,51.0,1,0,0,0,0,0,0,NONE,,RPM:486bd1410c2eb4b3 TPS:486bd1411109df ADV:486bd1410ed8ab MIL:486bd1410100000000c6
1789376169.2552,69.811,2941.0,-160.4,3.14,-1.31,41.50,2.40,14.5,45.1,2.99,14.10,0.000,95.0,51.0,1,0,0,0,0,0,0,NONE,,RPM:486bd1410c2df4f2 TPS:486bd1411108de ADV:486bd1410ed3a6 MIL:486bd1410100000000c6
1789376169.5557,70.111,2865.0,-252.9,3.53,1.31,39.00,2.40,14.5,45.3,2.99,14.10,0.000,95.0,51.0,1,0,0,0,0,0,0,NONE,,RPM:486bd1410c2cc4c1 TPS:486bd1411109df ADV:486bd1410ecea1 MIL:486bd1410100000000c6
1789376169.8271,70.382,2767.0,-361.1,3.53,0.00,33.50,2.40,14.5,45.3,2.99,14.10,0.000,95.0,51.0,1,0,0,0,0,0,0,NONE,,RPM:486bd1410c2b3c38 TPS:486bd1411109df ADV:486bd1410ec396 MIL:486bd1410100000000c6
1789376170.2457,70.801,2648.0,-284.3,3.53,0.00,30.00,2.40,14.5,45.3,2.99,14.10,0.000,95.0,51.0,1,0,0,0,0,0,0,NONE,,RPM:486bd1410c29605a TPS:486bd1411109df ADV:486bd1410ebc8f MIL:486bd1410100000000c6
1789376170.5550,71.110,2608.0,-129.3,3.14,-1.27,28.50,2.40,14.5,45.1,2.99,14.10,0.000,95.0,51.0,1,0,0,0,0,0,0,NONE,,RPM:486bd1410c28c0b9 TPS:486bd1411108de ADV:486bd1410eb98c MIL:486bd1410100000000c6
1789376170.9979,71.553,2549.0,-133.2,3.53,0.89,24.00,2.40,14.5,45.3,2.99,14.10,0.000,95.0,51.0,1,0,0,0,0,0,0,NONE,,RPM:486bd1410c27d4cc TPS:486bd1411109df ADV:486bd1410eb083 MIL:486bd1410100000000c6
1789376171.2738,71.829,2429.0,-435.0,3.53,0.00,23.00,2.40,14.5,45.3,2.97,14.10,0.000,96.0,51.0,1,0,0,0,0,0,0,NONE,,RPM:486bd1410c25f4ea TPS:486bd1411109df ADV:486bd1410eae81 MIL:486bd1410100000000c6
1789376171.5457,72.101,2348.0,-297.8,3.53,0.00,21.00,2.40,14.5,45.3,2.97,14.10,0.000,96.0,51.0,1,0,0,0,0,0,0,NONE,,RPM:486bd1410c24b0a5 TPS:486bd1411109df ADV:486bd1410eaa7d MIL:486bd1410100000000c6
1789376171.8182,72.374,2239.0,-400.0,3.53,0.00,19.00,2.40,17.3,45.3,3.22,14.10,0.000,96.0,51.0,1,0,0,0,0,0,0,NONE,,RPM:486bd1410c22fcef TPS:486bd1411109df ADV:486bd1410ea679 MIL:486bd1410100000000c6
1789376172.0889,72.644,2143.0,-354.7,3.14,-1.45,16.50,2.40,17.3,45.1,3.22,14.10,0.000,96.0,51.0,1,0,0,0,0,0,0,NONE,,RPM:486bd1410c217c6e TPS:486bd1411108de ADV:486bd1410ea174 MIL:486bd1410100000000c6
1789376172.3622,72.918,1828.0,-1152.4,3.14,0.00,10.00,2.40,17.3,45.1,3.22,14.10,0.000,96.0,51.0,1,0,0,0,0,0,0,NONE,,RPM:486bd1410c1c907d TPS:486bd1411108de ADV:486bd1410e9467 MIL:486bd1410100000000c6
1789376172.8042,73.360,1211.0,-1395.9,3.14,0.00,10.50,2.40,17.3,45.1,3.22,14.10,0.000,96.0,51.0,1,0,0,0,0,0,0,NONE,,RPM:486bd1410c12eccf TPS:486bd1411108de ADV:486bd1410e9568 MIL:486bd1410100000000c6
1789376173.0866,73.642,1399.0,665.7,3.14,0.00,10.50,2.40,17.3,45.1,3.22,14.10,0.000,96.0,50.0,1,0,0,0,0,0,0,NONE,,RPM:486bd1410c15dcc2 TPS:486bd1411108de ADV:486bd1410e9568 MIL:486bd1410100000000c6
1789376173.3917,73.947,1289.0,-360.6,3.14,0.00,8.50,2.40,17.3,45.1,3.22,14.10,0.000,96.0,50.0,1,0,0,0,0,0,0,NONE,,RPM:486bd1410c142409 TPS:486bd1411108de ADV:486bd1410e9164 MIL:486bd1410100000000c6
1789376173.7296,74.285,1326.0,109.5,3.14,0.00,11.00,2.40,17.3,45.1,3.22,14.10,0.000,96.0,50.0,1,0,0,0,0,0,0,NONE,,RPM:486bd1410c14b89d TPS:486bd1411108de ADV:486bd1410e9669 MIL:486bd1410100000000c6
1789376174.1861,74.741,1264.0,-135.8,3.14,0.00,8.50,2.40,17.3,45.1,3.22,14.10,0.000,96.0,50.0,1,0,0,0,0,0,0,NONE,,RPM:486bd1410c13c0a4 TPS:486bd1411108de ADV:486bd1410e9164 MIL:486bd1410100000000c6
1789376174.4718,75.027,1349.0,297.5,3.14,0.00,10.00,2.40,17.3,45.1,3.22,14.10,0.000,96.0,50.0,1,0,0,0,0,0,0,NONE,,RPM:486bd1410c1514fa TPS:486bd1411108de ADV:486bd1410e9467 MIL:486bd1410100000000c6
1789376174.9395,75.495,1342.0,-15.0,3.14,0.00,8.50,2.40,17.3,45.1,3.22,14.10,0.000,96.0,50.0,1,0,0,0,0,0,0,NONE,,RPM:486bd1410c14f8dd TPS:486bd1411108de ADV:486bd1410e9164 MIL:486bd1410100000000c6
1789376175.2150,75.770,1327.0,-54.4,3.14,0.00,8.50,2.40,17.3,45.1,3.22,14.10,0.000,96.0,50.0,1,0,0,0,0,0,0,NONE,,RPM:486bd1410c14bca1 TPS:486bd1411108de ADV:486bd1410e9164 MIL:486bd1410100000000c6
1789376175.4800,76.035,1376.0,184.9,3.14,0.00,8.50,2.40,17.3,45.1,3.22,14.10,0.000,96.0,50.0,1,0,0,0,0,0,0,NONE,,RPM:486bd1410c158066 TPS:486bd1411108de ADV:486bd1410e9164 MIL:486bd1410100000000c6
1789376175.7672,76.323,1319.0,-198.4,3.14,0.00,8.50,2.40,22.7,45.1,3.71,14.10,0.000,96.0,50.0,1,0,0,0,0,0,0,NONE,,RPM:486bd1410c149c81 TPS:486bd1411108de ADV:486bd1410e9164 MIL:486bd1410100000000c6
1789376176.0395,76.595,1384.0,238.7,3.14,0.00,9.00,2.40,22.7,45.1,3.71,14.10,0.000,96.0,50.0,1,0,0,0,0,0,0,NONE,,RPM:486bd1410c15a086 TPS:486bd1411108de ADV:486bd1410e9265 MIL:486bd1410100000000c6
1789376176.3232,76.878,1312.0,-253.8,3.14,0.00,8.00,2.40,22.7,45.1,3.71,14.10,0.000,96.0,50.0,1,0,0,0,0,0,0,NONE,,RPM:486bd1410c148065 TPS:486bd1411108de ADV:486bd1410e9063 MIL:486bd1410100000000c6
1789376176.7979,77.353,1331.0,40.0,3.14,0.00,8.50,2.40,22.7,45.1,3.71,14.10,0.000,96.0,50.0,1,0,0,0,0,0,0,NONE,,RPM:486bd1410c14ccb1 TPS:486bd1411108de ADV:486bd1410e9164 MIL:486bd1410100000000c6
1789376177.0943,77.650,1293.0,-128.2,3.14,0.00,8.50,2.40,22.7,45.1,3.71,14.10,0.000,96.0,51.0,1,0,0,0,0,0,0,NONE,,RPM:486bd1410c143419 TPS:486bd1411108de ADV:486bd1410e9164 MIL:486bd1410100000000c6
1789376177.3669,77.922,1361.0,249.5,3.14,0.00,8.50,2.40,22.7,45.1,3.71,14.10,0.000,96.0,51.0,1,0,0,0,0,0,0,NONE,,RPM:486bd1410c15442a TPS:486bd1411108de ADV:486bd1410e9164 MIL:486bd1410100000000c6
1789376177.6377,78.193,1284.0,-284.3,3.14,0.00,8.50,2.40,22.7,45.1,3.71,14.10,0.000,96.0,51.0,1,0,0,0,0,0,0,NONE,,RPM:486bd1410c1410f5 TPS:486bd1411108de ADV:486bd1410e9164 MIL:486bd1410100000000c6
1789376178.0836,78.639,1343.0,132.3,3.14,0.00,8.50,2.40,22.7,45.1,3.71,14.10,0.000,96.0,51.0,1,0,0,0,0,0,0,NONE,,RPM:486bd1410c14fce1 TPS:486bd1411108de ADV:486bd1410e9164 MIL:486bd1410100000000c6
1789376178.3965,78.952,1385.0,134.2,3.14,0.00,8.50,2.40,22.7,45.1,3.71,14.10,0.000,96.0,51.0,1,0,0,0,0,0,0,NONE,,RPM:486bd1410c15a48a TPS:486bd1411108de ADV:486bd1410e9164 MIL:486bd1410100000000c6
1789376178.8631,79.418,1378.0,-15.0,3.14,0.00,8.50,2.40,22.7,45.1,3.71,14.10,0.000,96.0,51.0,1,0,0,0,0,0,0,NONE,,RPM:486bd1410c15886e TPS:486bd1411108de ADV:486bd1410e9164 MIL:486bd1410100000000c6
1789376179.1642,79.719,1301.0,-255.8,3.14,0.00,8.00,2.40,22.7,45.1,3.71,14.10,0.000,96.0,51.0,1,0,0,0,0,0,0,NONE,,RPM:486bd1410c145439 TPS:486bd1411108de ADV:486bd1410e9063 MIL:486bd1410100000000c6
1789376179.4760,80.031,1377.0,243.7,3.14,0.00,9.00,2.40,22.7,45.1,3.71,14.10,0.000,96.0,51.0,1,0,0,0,0,0,0,NONE,,RPM:486bd1410c15846a TPS:486bd1411108de ADV:486bd1410e9265 MIL:486bd1410100000000c6
1789376179.7478,80.303,1281.0,-353.2,3.14,0.00,8.50,2.40,22.7,45.1,3.71,14.10,0.000,96.0,51.0,1,0,0,0,0,0,0,NONE,,RPM:486bd1410c1404e9 TPS:486bd1411108de ADV:486bd1410e9164 MIL:486bd1410100000000c6
1789376180.0197,80.575,1375.0,345.7,3.14,0.00,8.50,2.40,22.7,45.1,3.71,14.10,0.000,96.0,51.0,1,0,0,0,0,0,0,NONE,,RPM:486bd1410c157c62 TPS:486bd1411108de ADV:486bd1410e9164 MIL:486bd1410100000000c6
1789376180.2926,80.848,1297.0,-285.8,3.14,0.00,8.50,2.40,22.7,45.1,3.71,14.10,0.000,96.0,51.0,1,0,0,0,0,0,0,NONE,,RPM:486bd1410c144429 TPS:486bd1411108de ADV:486bd1410e9164 MIL:486bd1410100000000c6
1789376180.7383,81.294,1373.0,170.5,3.14,0.00,8.50,2.40,22.7,45.1,3.71,14.10,0.000,96.0,51.0,1,0,0,0,0,0,0,NONE,,RPM:486bd1410c15745a TPS:486bd1411108de ADV:486bd1410e9164 MIL:486bd1410100000000c6
1789376181.0110,81.566,1321.0,-190.7,3.14,0.00,8.00,2.40,22.7,45.1,3.71,14.10,0.000,96.0,52.0,1,0,0,0,0,0,0,NONE,,RPM:486bd1410c14a489 TPS:486bd1411108de ADV:486bd1410e9063 MIL:486bd1410100000000c6
1789376181.2849,81.840,1330.0,32.9,3.14,0.00,9.00,2.40,22.7,45.1,3.71,14.10,0.000,96.0,52.0,1,0,0,0,0,0,0,NONE,,RPM:486bd1410c14c8ad TPS:486bd1411108de ADV:486bd1410e9265 MIL:486bd1410100000000c6
1789376181.5711,82.126,1336.0,21.0,3.14,0.00,8.00,2.40,22.7,45.1,3.71,14.10,0.000,96.0,52.0,1,0,0,0,0,0,0,NONE,,RPM:486bd1410c14e0c5 TPS:486bd1411108de ADV:486bd1410e9063 MIL:486bd1410100000000c6
1789376182.0109,82.566,1280.0,-127.3,3.14,0.00,9.00,2.40,22.7,45.1,3.71,14.10,0.000,96.0,52.0,1,0,0,0,0,0,0,NONE,,RPM:486bd1410c1400e5 TPS:486bd1411108de ADV:486bd1410e9265 MIL:486bd1410100000000c6
1789376182.3277,82.883,1365.0,268.3,3.14,0.00,8.00,2.40,22.7,45.1,3.71,14.10,0.000,96.0,52.0,1,0,0,0,0,0,0,NONE,,RPM:486bd1410c15543a TPS:486bd1411108de ADV:486bd1410e9063 MIL:486bd1410100000000c6
1789376182.7587,83.314,1303.0,-143.8,3.14,0.00,8.50,2.40,22.7,45.1,3.71,14.10,0.000,96.0,52.0,1,0,0,0,0,0,0,NONE,,RPM:486bd1410c145c41 TPS:486bd1411108de ADV:486bd1410e9164 MIL:486bd1410100000000c6
1789376183.0438,83.599,1366.0,221.0,3.14,0.00,9.00,2.40,22.7,45.1,3.71,14.10,0.000,96.0,52.0,1,0,0,0,0,0,0,NONE,,RPM:486bd1410c15583e TPS:486bd1411108de ADV:486bd1410e9265 MIL:486bd1410100000000c6
1789376183.3241,83.879,1363.0,-10.7,3.14,0.00,8.50,2.40,22.7,45.1,3.71,14.10,0.000,96.0,52.0,1,0,0,0,0,0,0,NONE,,RPM:486bd1410c154c32 TPS:486bd1411108de ADV:486bd1410e9164 MIL:486bd1410100000000c6
1789376183.6370,84.192,1348.0,-48.0,3.14,0.00,8.50,2.40,22.0,45.1,3.64,14.10,0.000,96.0,52.0,1,0,0,0,0,0,0,NONE,,RPM:486bd1410c1510f6 TPS:486bd1411108de ADV:486bd1410e9164 MIL:486bd1410100000000c6
1789376183.9081,84.463,1379.0,114.3,3.14,0.00,8.50,2.40,22.0,45.1,3.64,14.10,0.000,96.0,52.0,1,0,0,0,0,0,0,NONE,,RPM:486bd1410c158c72 TPS:486bd1411108de ADV:486bd1410e9164 MIL:486bd1410100000000c6
1789376184.1764,84.732,1385.0,22.4,3.14,0.00,8.00,2.40,22.0,45.1,3.64,14.10,0.000,96.0,52.0,1,0,0,0,0,0,0,NONE,,RPM:486bd1410c15a48a TPS:486bd1411108de ADV:486bd1410e9063 MIL:486bd1410100000000c6
1789376184.6120,85.167,1302.0,-190.6,3.14,0.00,8.50,2.40,22.0,45.1,3.64,14.10,0.000,96.0,52.0,1,0,0,0,0,0,0,NONE,,RPM:486bd1410c14583d TPS:486bd1411108de ADV:486bd1410e9164 MIL:486bd1410100000000c6
1789376184.8978,85.453,1389.0,304.3,3.14,0.00,8.50,2.40,22.0,45.1,3.64,14.10,0.000,96.0,53.0,1,0,0,0,0,0,0,NONE,,RPM:486bd1410c15b49a TPS:486bd1411108de ADV:486bd1410e9164 MIL:486bd1410100000000c6
1789376185.1898,85.745,1308.0,-277.4,3.14,0.00,8.00,2.40,22.0,45.1,3.64,14.10,0.000,96.0,53.0,1,0,0,0,0,0,0,NONE,,RPM:486bd1410c147055 TPS:486bd1411108de ADV:486bd1410e9063 MIL:486bd1410100000000c6
1789376185.4853,86.041,1366.0,196.3,3.14,0.00,8.50,2.40,22.0,45.1,3.64,14.10,0.000,96.0,53.0,1,0,0,0,0,0,0,NONE,,RPM:486bd1410c15583e TPS:486bd1411108de ADV:486bd1410e9164 MIL:486bd1410100000000c6
1789376185.9377,86.493,1334.0,-70.7,3.14,0.00,8.50,2.40,22.0,45.1,3.64,14.10,0.000,96.0,53.0,1,0,0,0,0,0,0,NONE,,RPM:486bd1410c14d8bd TPS:486bd1411108de ADV:486bd1410e9164 MIL:486bd1410100000000c6
1789376186.2079,86.763,1361.0,99.9,3.14,0.00,8.50,2.40,22.0,45.1,3.64,14.10,0.000,96.0,53.0,1,0,0,0,0,0,0,NONE,,RPM:486bd1410c15442a TPS:486bd1411108de ADV:486bd1410e9164 MIL:486bd1410100000000c6
1789376186.6779,87.233,1362.0,2.1,3.14,0.00,8.50,2.40,22.0,45.1,3.64,14.10,0.000,96.0,53.0,1,0,0,0,0,0,0,NONE,,RPM:486bd1410c15482e TPS:486bd1411108de ADV:486bd1410e9164 MIL:486bd1410100000000c6
1789376186.9431,87.498,1300.0,-233.8,3.14,0.00,8.50,2.40,22.0,45.1,3.64,14.10,0.000,96.0,53.0,1,0,0,0,0,0,0,NONE,,RPM:486bd1410c145035 TPS:486bd1411108de ADV:486bd1410e9164 MIL:486bd1410100000000c6
1789376187.2464,87.802,1343.0,141.8,3.14,0.00,8.50,2.40,22.0,45.1,3.64,14.10,0.000,96.0,53.0,1,0,0,0,0,0,0,NONE,,RPM:486bd1410c14fce1 TPS:486bd1411108de ADV:486bd1410e9164 MIL:486bd1410100000000c6
1789376187.5324,88.088,1271.0,-251.7,3.14,0.00,8.00,2.40,22.0,45.1,3.64,14.10,0.000,96.0,53.0,1,0,0,0,0,0,0,NONE,,RPM:486bd1410c13dcc0 TPS:486bd1411108de ADV:486bd1410e9063 MIL:486bd1410100000000c6
1789376187.8496,88.405,1405.0,422.4,3.14,0.00,8.00,2.40,22.0,45.1,3.64,14.10,0.000,96.0,53.0,1,0,0,0,0,0,0,NONE,,RPM:486bd1410c15f4da TPS:486bd1411108de ADV:486bd1410e9063 MIL:486bd1410100000000c6
1789376188.1430,88.698,1332.0,-248.8,3.14,0.00,8.50,2.40,22.0,45.1,3.64,14.10,0.000,96.0,53.0,1,0,0,0,0,0,0,NONE,,RPM:486bd1410c14d0b5 TPS:486bd1411108de ADV:486bd1410e9164 MIL:486bd1410100000000c6
1789376188.6354,89.191,1317.0,-30.5,3.14,0.00,9.00,2.40,22.0,45.1,3.64,14.10,0.000,96.0,53.0,1,0,0,0,0,0,0,NONE,,RPM:486bd1410c149479 TPS:486bd1411108de ADV:486bd1410e9265 MIL:486bd1410100000000c6
1789376188.9106,89.466,1351.0,123.6,3.14,0.00,8.50,2.40,22.0,45.1,3.64,14.10,0.000,96.0,53.0,1,0,0,0,0,0,0,NONE,,RPM:486bd1410c151c02 TPS:486bd1411108de ADV:486bd1410e9164 MIL:486bd1410100000000c6
1789376189.1815,89.737,1338.0,-48.0,3.14,0.00,9.00,2.40,22.0,45.1,3.64,14.10,0.000,96.0,53.0,1,0,0,0,0,0,0,NONE,,RPM:486bd1410c14e8cd TPS:486bd1411108de ADV:486bd1410e9265 MIL:486bd1410100000000c6
1789376189.4857,90.041,1300.0,-124.9,3.14,0.00,8.50,2.40,22.0,45.1,3.64,14.10,0.000,96.0,53.0,1,0,0,0,0,0,0,NONE,,RPM:486bd1410c145035 TPS:486bd1411108de ADV:486bd1410e9164 MIL:486bd1410100000000c6
1789376189.9410,90.496,1355.0,120.8,3.14,0.00,8.50,2.40,22.0,45.1,3.64,14.10,0.000,96.0,53.0,1,0,0,0,0,0,0,NONE,,RPM:486bd1410c152c12 TPS:486bd1411108de ADV:486bd1410e9164 MIL:486bd1410100000000c6
1789376190.2074,90.763,1330.0,-93.8,3.14,0.00,8.00,2.40,22.0,45.1,3.64,14.10,0.000,96.0,53.0,1,0,0,0,0,0,0,NONE,,RPM:486bd1410c14c8ad TPS:486bd1411108de ADV:486bd1410e9063 MIL:486bd1410100000000c6
1789376190.6326,91.188,1317.0,-30.6,3.14,0.00,8.50,2.40,22.0,45.1,3.64,14.10,0.000,96.0,53.0,1,0,0,0,0,0,0,NONE,,RPM:486bd1410c149479 TPS:486bd1411108de ADV:486bd1410e9164 MIL:486bd1410100000000c6
1789376190.8969,91.452,1377.0,227.0,3.14,0.00,7.50,2.40,22.0,45.1,3.63,14.10,0.000,97.0,53.0,1,0,0,0,0,0,0,NONE,,RPM:486bd1410c15846a TPS:486bd1411108de ADV:486bd1410e8f62 MIL:486bd1410100000000c6
1789376191.1641,91.719,1364.0,-48.6,3.14,0.00,10.00,2.40,22.0,45.1,3.63,14.10,0.000,97.0,53.0,1,0,0,0,0,0,0,NONE,,RPM:486bd1410c155036 TPS:486bd1411108de ADV:486bd1410e9467 MIL:486bd1410100000000c6
1789376191.4676,92.023,1311.0,-174.7,3.14,0.00,8.50,2.40,22.4,45.1,3.66,14.10,0.000,97.0,53.0,1,0,0,0,0,0,0,NONE,,RPM:486bd1410c147c61 TPS:486bd1411108de ADV:486bd1410e9164 MIL:486bd1410100000000c6
1789376191.7729,92.328,1259.0,-170.4,3.14,0.00,8.50,2.40,22.4,45.1,3.66,14.10,0.000,97.0,53.0,1,0,0,0,0,0,0,NONE,,RPM:486bd1410c13ac90 TPS:486bd1411108de ADV:486bd1410e9164 MIL:486bd1410100000000c6
1789376192.0434,92.599,1426.0,617.3,3.14,0.00,8.50,2.40,22.4,45.1,3.66,14.10,0.000,97.0,53.0,1,0,0,0,0,0,0,NONE,,RPM:486bd1410c16482f TPS:486bd1411108de ADV:486bd1410e9164 MIL:486bd1410100000000c6
1789376192.4892,93.045,1347.0,-177.2,3.14,0.00,8.00,2.40,22.4,45.1,3.66,14.10,0.000,97.0,53.0,1,0,0,0,0,0,0,NONE,,RPM:486bd1410c150cf2 TPS:486bd1411108de ADV:486bd1410e9063 MIL:486bd1410100000000c6
1789376192.7866,93.342,1340.0,-23.5,3.14,0.00,10.00,2.40,22.4,45.1,3.66,14.10,0.000,97.0,53.0,1,0,0,0,0,0,0,NONE,,RPM:486bd1410c14f0d5 TPS:486bd1411108de ADV:486bd1410e9467 MIL:486bd1410100000000c6
1789376193.0670,93.622,1318.0,-78.4,3.14,0.00,9.00,2.40,22.4,45.1,3.66,14.10,0.000,97.0,53.0,1,0,0,0,0,0,0,NONE,,RPM:486bd1410c14987d TPS:486bd1411108de ADV:486bd1410e9265 MIL:486bd1410100000000c6
1789376193.3384,93.894,1307.0,-40.5,3.14,0.00,9.00,2.40,22.4,45.1,3.66,14.10,0.000,97.0,53.0,1,0,0,0,0,0,0,NONE,,RPM:486bd1410c146c51 TPS:486bd1411108de ADV:486bd1410e9265 MIL:486bd1410100000000c6
1789376193.8308,94.386,1308.0,2.0,3.14,0.00,8.00,2.40,22.4,45.1,3.66,14.10,0.000,97.0,53.0,1,0,0,0,0,0,0,NONE,,RPM:486bd1410c147055 TPS:486bd1411108de ADV:486bd1410e9063 MIL:486bd1410100000000c6
1789376194.1399,94.695,1372.0,207.1,3.14,0.00,8.50,2.40,22.4,45.1,3.66,14.10,0.000,97.0,53.0,1,0,0,0,0,0,0,NONE,,RPM:486bd1410c157056 TPS:486bd1411108de ADV:486bd1410e9164 MIL:486bd1410100000000c6
1789376194.5674,95.123,1288.0,-196.5,3.14,0.00,8.50,2.40,22.4,45.1,3.66,14.10,0.000,97.0,53.0,1,0,0,0,0,0,0,NONE,,RPM:486bd1410c142005 TPS:486bd1411108de ADV:486bd1410e9164 MIL:486bd1410100000000c6
1789376194.8416,95.397,1334.0,167.7,3.14,0.00,8.50,2.40,22.4,45.1,3.66,14.10,0.000,97.0,53.0,1,0,0,0,0,0,0,NONE,,RPM:486bd1410c14d8bd TPS:486bd1411108de ADV:486bd1410e9164 MIL:486bd1410100000000c6
1789376195.1159,95.671,1386.0,189.6,3.14,0.00,8.50,2.40,22.4,45.1,3.66,14.10,0.000,97.0,53.0,1,0,0,0,0,0,0,NONE,,RPM:486bd1410c15a88e TPS:486bd1411108de ADV:486bd1410e9164 MIL:486bd1410100000000c6
1789376195.3857,95.941,1322.0,-237.3,3.14,0.00,8.50,2.40,22.0,45.1,3.63,14.10,0.000,97.0,53.0,1,0,0,0,0,0,0,NONE,,RPM:486bd1410c14a88d TPS:486bd1411108de ADV:486bd1410e9164 MIL:486bd1410100000000c6
1789376195.7058,96.261,1330.0,25.0,3.14,0.00,9.00,2.40,22.0,45.1,3.63,14.10,0.000,97.0,53.0,1,0,0,0,0,0,0,NONE,,RPM:486bd1410c14c8ad TPS:486bd1411108de ADV:486bd1410e9265 MIL:486bd1410100000000c6
1789376195.9771,96.532,1310.0,-73.7,3.14,0.00,7.50,2.40,22.0,45.1,3.63,14.10,0.000,97.0,53.0,1,0,0,0,0,0,0,NONE,,RPM:486bd1410c14785d TPS:486bd1411108de ADV:486bd1410e8f62 MIL:486bd1410100000000c6
1789376196.4476,97.003,1344.0,72.3,3.14,0.00,8.50,2.40,22.0,45.1,3.63,14.10,0.000,97.0,53.0,1,0,0,0,0,0,0,NONE,,RPM:486bd1410c1500e6 TPS:486bd1411108de ADV:486bd1410e9164 MIL:486bd1410100000000c6
1789376196.7289,97.284,1289.0,-195.5,3.14,0.00,8.50,2.40,22.0,45.1,3.63,14.10,0.000,97.0,54.0,1,0,0,0,0,0,0,NONE,,RPM:486bd1410c142409 TPS:486bd1411108de ADV:486bd1410e9164 MIL:486bd1410100000000c6
1789376197.0003,97.556,1382.0,342.6,3.14,0.00,8.50,2.40,22.0,45.1,3.63,14.10,0.000,97.0,54.0,1,0,0,0,0,0,0,NONE,,RPM:486bd1410c15987e TPS:486bd1411108de ADV:486bd1410e9164 MIL:486bd1410100000000c6
1789376197.3035,97.859,1337.0,-148.4,3.14,0.00,8.50,2.40,22.0,45.1,3.63,14.10,0.000,97.0,54.0,1,0,0,0,0,0,0,NONE,,RPM:486bd1410c14e4c9 TPS:486bd1411108de ADV:486bd1410e9164 MIL:486bd1410100000000c6
1789376197.7768,98.332,1312.0,-52.8,3.14,0.00,8.00,2.40,22.0,45.1,3.63,14.10,0.000,97.0,54.0,1,0,0,0,0,0,0,NONE,,RPM:486bd1410c148065 TPS:486bd1411108de ADV:486bd1410e9063 MIL:486bd1410100000000c6
1789376198.0554,98.611,1359.0,168.7,3.14,0.00,9.00,2.40,22.0,45.1,3.63,14.10,0.000,97.0,54.0,1,0,0,0,0,0,0,NONE,,RPM:486bd1410c153c22 TPS:486bd1411108de ADV:486bd1410e9265 MIL:486bd1410100000000c6
1789376198.5289,99.084,1363.0,8.4,3.14,0.00,8.50,2.40,22.0,45.1,3.63,14.10,0.000,97.0,54.0,1,0,0,0,0,0,0,NONE,,RPM:486bd1410c154c32 TPS:486bd1411108de ADV:486bd1410e9164 MIL:486bd1410100000000c6
1789376198.8324,99.388,1325.0,-125.2,3.14,0.00,8.50,2.40,22.0,45.1,3.63,14.10,0.000,97.0,54.0,1,0,0,0,0,0,0,NONE,,RPM:486bd1410c14b499 TPS:486bd1411108de ADV:486bd1410e9164 MIL:486bd1410100000000c6
1789376199.1105,99.666,1389.0,230.1,3.14,0.00,8.50,2.40,22.0,45.1,3.63,14.10,0.000,97.0,54.0,1,0,0,0,0,0,0,NONE,,RPM:486bd1410c15b49a TPS:486bd1411108de ADV:486bd1410e9164 MIL:486bd1410100000000c6
1789376199.4151,99.970,1330.0,-193.7,3.14,0.00,10.00,2.40,23.5,45.1,3.77,14.10,0.000,97.0,54.0,1,0,0,0,0,0,0,NONE,,RPM:486bd1410c14c8ad TPS:486bd1411108de ADV:486bd1410e9467 MIL:486bd1410100000000c6
1789376199.6866,100.242,1361.0,114.2,3.14,0.00,8.00,2.40,23.5,45.1,3.77,14.10,0.000,97.0,54.0,1,0,0,0,0,0,0,NONE,,RPM:486bd1410c15442a TPS:486bd1411108de ADV:486bd1410e9063 MIL:486bd1410100000000c6
1789376199.9586,100.514,1359.0,-7.4,3.14,0.00,8.50,2.40,23.5,45.1,3.77,14.10,0.000,97.0,54.0,1,0,0,0,0,0,0,NONE,,RPM:486bd1410c153c22 TPS:486bd1411108de ADV:486bd1410e9164 MIL:486bd1410100000000c6
1789376200.4233,100.979,1303.0,-120.5,3.14,0.00,9.00,2.40,23.5,45.1,3.77,14.10,0.000,97.0,54.0,1,0,0,0,0,0,0,NONE,,RPM:486bd1410c145c41 TPS:486bd1411108de ADV:486bd1410e9265 MIL:486bd1410100000000c6
1789376200.6935,101.249,1328.0,92.5,3.14,0.00,8.50,2.40,23.5,45.1,3.77,14.10,0.000,97.0,53.0,1,0,0,0,0,0,0,NONE,,RPM:486bd1410c14c0a5 TPS:486bd1411108de ADV:486bd1410e9164 MIL:486bd1410100000000c6
1789376200.9651,101.520,1353.0,92.1,3.14,0.00,8.50,2.40,23.5,45.1,3.77,14.10,0.000,97.0,53.0,1,0,0,0,0,0,0,NONE,,RPM:486bd1410c15240a TPS:486bd1411108de ADV:486bd1410e9164 MIL:486bd1410100000000c6
1789376201.2694,101.825,1304.0,-161.0,3.14,0.00,8.50,2.40,23.5,45.1,3.77,14.10,0.000,97.0,53.0,1,0,0,0,0,0,0,NONE,,RPM:486bd1410c146045 TPS:486bd1411108de ADV:486bd1410e9164 MIL:486bd1410100000000c6
1789376201.7268,102.282,1340.0,78.7,3.14,0.00,8.50,2.40,23.5,45.1,3.77,14.10,0.000,97.0,53.0,1,0,0,0,0,0,0,NONE,,RPM:486bd1410c14f0d5 TPS:486bd1411108de ADV:486bd1410e9164 MIL:486bd1410100000000c6
1789376202.0043,102.560,1319.0,-75.7,3.14,0.00,9.00,2.40,23.5,45.1,3.77,14.10,0.000,97.0,53.0,1,0,0,0,0,0,0,NONE,,RPM:486bd1410c149c81 TPS:486bd1411108de ADV:486bd1410e9265 MIL:486bd1410100000000c6
1789376202.4769,103.032,1344.0,52.9,3.14,0.00,8.50,2.40,23.5,45.1,3.77,14.10,0.000,97.0,53.0,1,0,0,0,0,0,0,NONE,,RPM:486bd1410c1500e6 TPS:486bd1411108de ADV:486bd1410e9164 MIL:486bd1410100000000c6
1789376202.7874,103.343,1299.0,-144.9,3.14,0.00,8.50,2.40,23.5,45.1,3.77,14.10,0.000,97.0,53.0,1,0,0,0,0,0,0,NONE,,RPM:486bd1410c144c31 TPS:486bd1411108de ADV:486bd1410e9164 MIL:486bd1410100000000c6
1789376203.0752,103.631,1394.0,330.1,3.14,0.00,8.50,2.40,23.5,45.1,3.77,14.10,0.000,97.0,53.0,1,0,0,0,0,0,0,NONE,,RPM:486bd1410c15c8ae TPS:486bd1411108de ADV:486bd1410e9164 MIL:486bd1410100000000c6
1789376203.3474,103.903,1295.0,-363.7,3.14,0.00,10.00,2.40,23.5,45.1,3.77,14.10,0.000,97.0,53.0,1,0,0,0,0,0,0,NONE,,RPM:486bd1410c143c21 TPS:486bd1411108de ADV:486bd1410e9467 MIL:486bd1410100000000c6
1789376203.6189,104.174,1369.0,272.6,3.14,0.00,8.00,2.40,23.5,45.1,3.77,14.10,0.000,97.0,53.0,1,0,0,0,0,0,0,NONE,,RPM:486bd1410c15644a TPS:486bd1411108de ADV:486bd1410e9063 MIL:486bd1410100000000c6
1789376203.8914,104.447,1354.0,-55.1,3.14,0.00,8.50,2.40,23.5,45.1,3.77,14.10,0.000,97.0,53.0,1,0,0,0,0,0,0,NONE,,RPM:486bd1410c15280e TPS:486bd1411108de ADV:486bd1410e9164 MIL:486bd1410100000000c6
1789376204.3507,104.906,1360.0,13.1,3.14,0.00,8.00,2.40,23.5,45.1,3.77,14.10,0.000,97.0,53.0,1,0,0,0,0,0,0,NONE,,RPM:486bd1410c154026 TPS:486bd1411108de ADV:486bd1410e9063 MIL:486bd1410100000000c6
1789376204.6276,105.183,1307.0,-191.4,3.14,0.00,8.50,2.40,23.5,45.1,3.77,14.10,0.000,97.0,54.0,1,0,0,0,0,0,0,NONE,,RPM:486bd1410c146c51 TPS:486bd1411108de ADV:486bd1410e9164 MIL:486bd1410100000000c6
1789376204.8991,105.454,1420.0,416.2,3.14,0.00,8.00,2.40,23.5,45.1,3.77,14.10,0.000,97.0,54.0,1,0,0,0,0,0,0,NONE,,RPM:486bd1410c163017 TPS:486bd1411108de ADV:486bd1410e9063 MIL:486bd1410100000000c6
1789376205.2034,105.759,1295.0,-410.8,3.14,0.00,9.00,2.40,23.5,45.1,3.77,14.10,0.000,97.0,54.0,1,0,0,0,0,0,0,NONE,,RPM:486bd1410c143c21 TPS:486bd1411108de ADV:486bd1410e9265 MIL:486bd1410100000000c6
1789376205.6888,106.244,1376.0,166.9,3.14,0.00,8.50,2.40,23.5,45.1,3.77,14.10,0.000,97.0,54.0,1,0,0,0,0,0,0,NONE,,RPM:486bd1410c158066 TPS:486bd1411108de ADV:486bd1410e9164 MIL:486bd1410100000000c6
1789376205.9695,106.525,1259.0,-416.7,3.14,0.00,8.00,2.40,23.5,45.1,3.77,14.10,0.000,97.0,54.0,1,0,0,0,0,0,0,NONE,,RPM:486bd1410c13ac90 TPS:486bd1411108de ADV:486bd1410e9063 MIL:486bd1410100000000c6
1789376206.4730,107.028,1320.0,121.2,3.14,0.00,9.00,2.40,23.5,45.1,3.77,14.10,0.000,97.0,54.0,1,0,0,0,0,0,0,NONE,,RPM:486bd1410c14a085 TPS:486bd1411108de ADV:486bd1410e9265 MIL:486bd1410100000000c6
1789376206.7408,107.296,1382.0,231.5,3.14,0.00,8.00,2.40,23.5,45.1,3.75,14.10,0.000,98.0,54.0,1,0,0,0,0,0,0,NONE,,RPM:486bd1410c15987e TPS:486bd1411108de ADV:486bd1410e9063 MIL:486bd1410100000000c6
1789376207.0090,107.564,1328.0,-201.4,3.14,0.00,9.00,2.40,23.5,45.1,3.75,14.10,0.000,98.0,54.0,1,0,0,0,0,0,0,NONE,,RPM:486bd1410c14c0a5 TPS:486bd1411108de ADV:486bd1410e9265 MIL:486bd1410100000000c6
1789376207.2806,107.836,1330.0,7.4,3.14,0.00,8.50,2.40,22.0,45.1,3.61,14.10,0.000,98.0,54.0,1,0,0,0,0,0,0,NONE,,RPM:486bd1410c14c8ad TPS:486bd1411108de ADV:486bd1410e9164 MIL:486bd1410100000000c6
1789376207.5522,108.108,1310.0,-73.6,3.14,0.00,8.00,2.40,22.0,45.1,3.61,14.10,0.000,98.0,54.0,1,0,0,0,0,0,0,NONE,,RPM:486bd1410c14785d TPS:486bd1411108de ADV:486bd1410e9063 MIL:486bd1410100000000c6
1789376207.8578,108.413,1388.0,255.3,3.14,0.00,8.50,2.40,22.0,45.1,3.61,14.10,0.000,98.0,54.0,1,0,0,0,0,0,0,NONE,,RPM:486bd1410c15b096 TPS:486bd1411108de ADV:486bd1410e9164 MIL:486bd1410100000000c6
1789376208.3265,108.882,1396.0,17.1,3.14,0.00,8.50,2.40,22.0,45.1,3.61,14.10,0.000,98.0,54.0,1,0,0,0,0,0,0,NONE,,RPM:486bd1410c15d0b6 TPS:486bd1411108de ADV:486bd1410e9164 MIL:486bd1410100000000c6
1789376208.5912,109.146,1327.0,-260.7,3.14,0.00,8.50,2.40,22.0,45.1,3.61,14.10,0.000,98.0,53.0,1,0,0,0,0,0,0,NONE,,RPM:486bd1410c14bca1 TPS:486bd1411108de ADV:486bd1410e9164 MIL:486bd1410100000000c6
1789376208.8795,109.435,1318.0,-31.2,3.14,0.00,10.00,2.40,22.0,45.1,3.61,14.10,0.000,98.0,53.0,1,0,0,0,0,0,0,NONE,,RPM:486bd1410c14987d TPS:486bd1411108de ADV:486bd1410e9467 MIL:486bd1410100000000c6
1789376209.1674,109.723,1375.0,198.0,5.49,8.17,8.50,2.40,22.0,46.5,3.61,14.10,0.000,98.0,53.0,1,0,0,0,0,0,0,NONE,,RPM:486bd1410c157c62 TPS:486bd141110ee4 ADV:486bd1410e9164 MIL:486bd1410100000000c6
1789376209.6225,110.178,1699.0,711.9,6.27,1.72,7.50,2.40,22.0,46.9,3.61,14.10,0.000,98.0,53.0,1,0,0,0,0,0,0,NONE,,RPM:486bd1410c1a8c77 TPS:486bd1411110e6 ADV:486bd1410e8f62 MIL:486bd1410100000000c6
1789376209.8912,110.446,1742.0,160.1,6.27,0.00,8.00,2.40,22.0,46.9,3.61,14.10,0.000,98.0,53.0,1,0,0,0,0,0,0,NONE,,RPM:486bd1410c1b3824 TPS:486bd1411110e6 ADV:486bd1410e9063 MIL:486bd1410100000000c6
1789376210.3217,110.877,2053.0,722.3,6.27,0.00,12.50,2.40,22.0,46.9,3.61,14.10,0.000,98.0,53.0,1,0,0,0,0,0,0,NONE,,RPM:486bd1410c201405 TPS:486bd1411110e6 ADV:486bd1410e996c MIL:486bd1410100000000c6
1789376210.6067,111.162,2294.0,845.6,6.27,0.00,18.50,2.40,22.0,46.9,3.59,14.10,0.000,99.0,53.0,1,0,0,0,0,0,0,NONE,,RPM:486bd1410c23d8cc TPS:486bd1411110e6 ADV:486bd1410ea578 MIL:486bd1410100000000c6
1789376210.9159,111.471,2509.0,695.4,6.27,0.00,27.50,2.40,22.0,46.9,3.59,14.10,0.000,99.0,53.0,1,0,0,0,0,0,0,NONE,,RPM:486bd1410c27342c TPS:486bd1411110e6 ADV:486bd1410eb78a MIL:486bd1410100000000c6
1789376211.1950,111.750,2672.0,584.1,6.27,0.00,31.50,2.40,21.6,46.9,3.56,14.10,0.000,99.0,53.0,1,0,0,0,0,0,0,NONE,,RPM:486bd1410c29c0ba TPS:486bd1411110e6 ADV:486bd1410ebf92 MIL:486bd1410100000000c6
1789376211.4700,112.025,2837.0,599.9,6.27,0.00,35.50,2.40,21.6,46.9,3.56,14.10,0.000,99.0,53.0,1,0,0,0,0,0,0,NONE,,RPM:486bd1410c2c5451 TPS:486bd1411110e6 ADV:486bd1410ec79a MIL:486bd1410100000000c6
1789376211.7751,112.330,2974.0,449.0,6.27,0.00,38.00,2.40,21.6,46.9,3.56,14.10,0.000,99.0,53.0,1,0,0,0,0,0,0,NONE,,RPM:486bd1410c2e7877 TPS:486bd1411110e6 ADV:486bd1410ecc9f MIL:486bd1410100000000c6
1789376212.2260,112.781,3185.0,467.9,6.27,0.00,40.50,2.40,21.6,46.9,3.56,14.10,0.000,99.0,53.0,1,0,0,0,0,0,0,NONE,,RPM:486bd1410c31c4c6 TPS:486bd1411110e6 ADV:486bd1410ed1a4 MIL:486bd1410100000000c6
1789376212.4941,113.049,3085.0,-373.1,3.14,-11.70,51.50,2.40,21.6,45.1,3.56,14.10,0.000,99.0,51.0,1,0,0,0,0,0,0,NONE,,RPM:486bd1410c303435 TPS:486bd1411108de ADV:486bd1410ee7ba MIL:486bd1410100000000c6
1789376212.7817,113.337,3256.0,594.4,3.53,1.36,50.00,2.40,21.6,45.3,3.56,14.10,0.000,99.0,51.0,1,0,0,0,0,0,0,NONE,,RPM:486bd1410c32e0e3 TPS:486bd1411109df ADV:486bd1410ee4b7 MIL:486bd1410100000000c6
1789376213.0684,113.624,3192.0,-223.3,3.53,0.00,49.00,2.40,21.6,45.3,3.56,14.10,0.000,99.0,51.0,1,0,0,0,0,0,0,NONE,,RPM:486bd1410c31e0e2 TPS:486bd1411109df ADV:486bd1410ee2b5 MIL:486bd1410100000000c6
1789376213.5168,114.072,3033.0,-354.6,3.14,-0.87,47.50,2.40,21.6,45.1,3.56,14.10,0.000,99.0,51.0,1,0,0,0,0,0,0,NONE,,RPM:486bd1410c2f6464 TPS:486bd1411108de ADV:486bd1410edfb2 MIL:486bd1410100000000c6
1789376213.7884,114.344,3066.0,121.5,3.53,1.44,46.50,2.40,21.6,45.3,3.56,14.10,0.000,99.0,51.0,1,0,0,0,0,0,0,NONE,,RPM:486bd1410c2fe8e8 TPS:486bd1411109df ADV:486bd1410eddb0 MIL:486bd1410100000000c6
1789376214.2466,114.802,2961.0,-229.2,3.14,-0.86,45.00,2.40,21.6,45.1,3.56,14.10,0.000,99.0,51.0,1,0,0,0,0,0,0,NONE,,RPM:486bd1410c2e4443 TPS:486bd1411108de ADV:486bd1410edaad MIL:486bd1410100000000c6
1789376214.5403,115.096,2919.0,-143.0,3.53,1.34,43.00,2.40,21.6,45.3,3.56,14.10,0.000,99.0,51.0,1,0,0,0,0,0,0,NONE,,RPM:486bd1410c2d9c9a TPS:486bd1411109df ADV:486bd1410ed6a9 MIL:486bd1410100000000c6
1789376214.8461,115.401,2872.0,-153.7,3.14,-1.28,40.00,2.40,21.6,45.1,3.56,14.10,0.000,99.0,51.0,1,0,0,0,0,0,0,NONE,,RPM:486bd1410c2ce0dd TPS:486bd1411108de ADV:486bd1410ed0a3 MIL:486bd1410100000000c6
1789376215.1163,115.672,2881.0,33.3,3.53,1.45,40.00,2.40,13.7,45.3,2.85,14.10,0.000,99.0,51.0,1,0,0,0,0,0,0,NONE,,RPM:486bd1410c2d0402 TPS:486bd1411109df ADV:486bd1410ed0a3 MIL:486bd1410100000000c6
1789376215.4036,115.959,2890.0,31.3,3.14,-1.36,36.00,2.40,13.7,45.1,2.85,14.10,0.000,99.0,51.0,1,0,0,0,0,0,0,NONE,,RPM:486bd1410c2d2826 TPS:486bd1411108de ADV:486bd1410ec89b MIL:486bd1410100000000c6
1789376215.7075,116.263,2738.0,-500.3,3.14,0.00,36.00,2.40,13.7,45.1,2.85,14.10,0.000,99.0,51.0,1,0,0,0,0,0,0,NONE,,RPM:486bd1410c2ac8c3 TPS:486bd1411108de ADV:486bd1410ec89b MIL:486bd1410100000000c6
1789376216.1696,116.725,2637.0,-218.6,3.53,0.85,29.00,2.40,13.7,45.3,2.85,14.10,0.000,99.0,51.0,1,0,0,0,0,0,0,NONE,,RPM:486bd1410c29342e TPS:486bd1411109df ADV:486bd1410eba8d MIL:486bd1410100000000c6
1789376216.4415,116.997,2607.0,-110.4,3.14,-1.44,27.50,2.40,13.7,45.1,2.85,14.10,0.000,99.0,51.0,1,0,0,0,0,0,0,NONE,,RPM:486bd1410c28bcb5 TPS:486bd1411108de ADV:486bd1410eb78a MIL:486bd1410100000000c6
1789376216.7148,117.270,2555.0,-190.2,3.14,0.00,26.00,2.40,13.7,45.1,2.85,14.10,0.000,99.0,51.0,1,0,0,0,0,0,0,NONE,,RPM:486bd1410c27ece4 TPS:486bd1411108de ADV:486bd1410eb487 MIL:486bd1410100000000c6
1789376216.9860,117.541,2477.0,-287.7,3.53,1.45,23.50,2.40,13.7,45.3,2.85,14.10,0.000,99.0,51.0,1,0,0,0,0,0,0,NONE,,RPM:486bd1410c26b4ab TPS:486bd1411109df ADV:486bd1410eaf82 MIL:486bd1410100000000c6
1789376217.4874,118.043,2429.0,-95.7,3.14,-0.78,22.50,2.40,13.7,45.1,2.85,14.10,0.000,99.0,51.0,1,0,0,0,0,0,0,NONE,,RPM:486bd1410c25f4ea TPS:486bd1411108de ADV:486bd1410ead80 MIL:486bd1410100000000c6
1789376217.7694,118.325,2321.0,-383.0,3.14,0.00,21.50,2.40,13.7,45.1,2.85,14.10,0.000,99.0,51.0,1,0,0,0,0,0,0,NONE,,RPM:486bd1410c244439 TPS:486bd1411108de ADV:486bd1410eab7e MIL:486bd1410100000000c6
1789376218.2481,118.803,2324.0,6.3,3.53,0.82,20.50,2.40,13.7,45.3,2.85,14.10,0.000,99.0,51.0,1,0,0,0,0,0,0,NONE,,RPM:486bd1410c245045 TPS:486bd1411109df ADV:486bd1410ea97c MIL:486bd1410100000000c6
1789376218.5541,119.109,2285.0,-127.4,3.14,-1.28,20.50,2.40,13.7,45.1,2.85,14.10,0.000,99.0,51.0,1,0,0,0,0,0,0,NONE,,RPM:486bd1410c23b4a8 TPS:486bd1411108de ADV:486bd1410ea97c MIL:486bd1410100000000c6
1789376218.8281,119.383,2293.0,29.2,3.53,1.43,21.00,2.40,13.7,45.3,2.85,14.10,0.000,99.0,51.0,1,0,0,0,0,0,0,NONE,,RPM:486bd1410c23d4c8 TPS:486bd1411109df ADV:486bd1410eaa7d MIL:486bd1410100000000c6
1789376219.0959,119.651,2260.0,-123.2,3.53,0.00,20.50,2.40,16.5,45.3,3.10,14.10,0.000,99.0,51.0,1,0,0,0,0,0,0,NONE,,RPM:486bd1410c235044 TPS:486bd1411109df ADV:486bd1410ea97c MIL:486bd1410100000000c6
1789376219.3675,119.923,2271.0,40.5,3.53,0.00,20.00,2.40,16.5,45.3,3.10,14.10,0.000,99.0,51.0,1,0,0,0,0,0,0,NONE,,RPM:486bd1410c237c70 TPS:486bd1411109df ADV:486bd1410ea87b MIL:486bd1410100000000c6
1789376219.6573,120.213,2209.0,-213.9,3.14,-1.35,19.00,2.40,16.5,45.1,3.10,14.10,0.000,99.0,51.0,1,0,0,0,0,0,0,NONE,,RPM:486bd1410c228477 TPS:486bd1411108de ADV:486bd1410ea679 MIL:486bd1410100000000c6
1789376220.1280,120.683,2183.0,-55.2,3.53,0.83,19.00,2.40,16.5,45.3,3.10,14.10,0.000,99.0,51.0,1,0,0,0,0,0,0,NONE,,RPM:486bd1410c221c0f TPS:486bd1411109df ADV:486bd1410ea679 MIL:486bd1410100000000c6
1789376220.3910,120.946,2195.0,45.6,3.14,-1.49,18.00,2.40,16.5,45.1,3.10,14.10,0.000,99.0,50.0,1,0,0,0,0,0,0,NONE,,RPM:486bd1410c224c3f TPS:486bd1411108de ADV:486bd1410ea477 MIL:486bd1410100000000c6
1789376220.6637,121.219,2173.0,-80.7,3.53,1.44,18.50,2.40,16.5,45.3,3.10,14.10,0.000,99.0,50.0,1,0,0,0,0,0,0,NONE,,RPM:486bd1410c21f4e6 TPS:486bd1411109df ADV:486bd1410ea578 MIL:486bd1410100000000c6
1789376220.9674,121.523,2112.0,-200.9,3.14,-1.29,17.50,2.40,16.5,45.1,3.10,14.10,0.000,99.0,50.0,1,0,0,0,0,0,0,NONE,,RPM:486bd1410c2100f2 TPS:486bd1411108de ADV:486bd1410ea376 MIL:486bd1410100000000c6
1789376221.4246,121.980,2076.0,-78.7,3.53,0.86,16.50,2.40,16.5,45.3,3.10,14.10,0.000,99.0,50.0,1,0,0,0,0,0,0,NONE,,RPM:486bd1410c207061 TPS:486bd1411109df ADV:486bd1410ea174 MIL:486bd1410100000000c6
1789376221.6948,122.250,2059.0,-62.9,3.14,-1.45,15.50,2.40,16.5,45.1,3.10,14.10,0.000,99.0,50.0,1,0,0,0,0,0,0,NONE,,RPM:486bd1410c202c1d TPS:486bd1411108de ADV:486bd1410e9f72 MIL:486bd1410100000000c6
1789376222.1612,122.716,1999.0,-128.7,3.14,0.00,15.50,2.40,16.5,45.1,3.10,14.10,0.000,99.0,50.0,1,0,0,0,0,0,0,NONE,,RPM:486bd1410c1f3c2c TPS:486bd1411108de ADV:486bd1410e9f72 MIL:486bd1410100000000c6
1789376222.4808,123.036,1912.0,-272.2,3.14,0.00,15.00,2.40,16.5,45.1,3.10,14.10,0.000,99.0,50.0,1,0,0,0,0,0,0,NONE,,RPM:486bd1410c1de0ce TPS:486bd1411108de ADV:486bd1410e9e71 MIL:486bd1410100000000c6
1789376222.7910,123.346,1912.0,0.0,3.14,0.00,14.00,2.40,16.5,45.1,3.10,14.10,0.000,99.0,50.0,1,0,0,0,0,0,0,NONE,,RPM:486bd1410c1de0ce TPS:486bd1411108de ADV:486bd1410e9c6f MIL:486bd1410100000000c6
1789376223.0777,123.633,1910.0,-7.0,3.14,0.00,14.00,2.40,18.8,45.1,3.31,14.10,0.000,99.0,50.0,1,0,0,0,0,0,0,NONE,,RPM:486bd1410c1dd8c6 TPS:486bd1411108de ADV:486bd1410e9c6f MIL:486bd1410100000000c6
1789376223.3674,123.923,1834.0,-262.3,3.14,0.00,13.50,2.40,18.8,45.1,3.31,14.10,0.000,99.0,50.0,1,0,0,0,0,0,0,NONE,,RPM:486bd1410c1ca895 TPS:486bd1411108de ADV:486bd1410e9b6e MIL:486bd1410100000000c6
1789376223.6531,124.208,1841.0,24.5,3.14,0.00,13.50,2.40,18.8,45.1,3.31,14.10,0.000,99.0,50.0,1,0,0,0,0,0,0,NONE,,RPM:486bd1410c1cc4b1 TPS:486bd1411108de ADV:486bd1410e9b6e MIL:486bd1410100000000c6
1789376224.1662,124.722,1839.0,-3.9,3.14,0.00,14.00,2.40,18.8,45.1,3.31,14.10,0.000,99.0,50.0,1,0,0,0,0,0,0,NONE,,RPM:486bd1410c1cbca9 TPS:486bd1411108de ADV:486bd1410e9c6f MIL:486bd1410100000000c6
1789376224.4434,124.999,1805.0,-122.7,3.14,0.00,13.50,2.40,18.8,45.1,3.31,14.10,0.000,99.0,50.0,1,0,0,0,0,0,0,NONE,,RPM:486bd1410c1c3421 TPS:486bd1411108de ADV:486bd1410e9b6e MIL:486bd1410100000000c6
1789376224.7085,125.264,1776.0,-109.4,3.14,0.00,13.50,2.40,18.8,45.1,3.31,14.10,0.000,99.0,50.0,1,0,0,0,0,0,0,NONE,,RPM:486bd1410c1bc0ac TPS:486bd1411108de ADV:486bd1410e9b6e MIL:486bd1410100000000c6
1789376224.9958,125.551,1796.0,69.6,3.14,0.00,13.50,2.40,18.8,45.1,3.31,14.10,0.000,99.0,50.0,1,0,0,0,0,0,0,NONE,,RPM:486bd1410c1c10fd TPS:486bd1411108de ADV:486bd1410e9b6e MIL:486bd1410100000000c6
1789376225.4559,126.011,1864.0,147.8,3.14,0.00,14.00,2.40,18.8,45.1,3.31,14.10,0.000,99.0,50.0,1,0,0,0,0,0,0,NONE,,RPM:486bd1410c1d200e TPS:486bd1411108de ADV:486bd1410e9c6f MIL:486bd1410100000000c6
1789376225.7306,126.286,1856.0,-29.1,3.14,0.00,14.00,2.40,18.8,45.1,3.31,14.10,0.000,99.0,50.0,1,0,0,0,0,0,0,NONE,,RPM:486bd1410c1d00ee TPS:486bd1411108de ADV:486bd1410e9c6f MIL:486bd1410100000000c6
1789376226.1912,126.747,1879.0,49.9,3.14,0.00,15.00,2.40,18.8,45.1,3.31,14.10,0.000,99.0,50.0,1,0,0,0,0,0,0,NONE,,RPM:486bd1410c1d5c4a TPS:486bd1411108de ADV:486bd1410e9e71 MIL:486bd1410100000000c6
1789376226.5044,127.060,1857.0,-70.3,3.14,0.00,14.00,2.40,18.8,45.1,3.33,14.10,0.000,98.0,50.0,1,0,0,0,0,0,0,NONE,,RPM:486bd1410c1d04f2 TPS:486bd1411108de ADV:486bd1410e9c6f MIL:486bd1410100000000c6
1789376226.7712,127.326,1894.0,138.7,3.14,0.00,14.00,2.40,18.8,45.1,3.33,14.10,0.000,98.0,50.0,1,0,0,0,0,0,0,NONE,,RPM:486bd1410c1d9886 TPS:486bd1411108de ADV:486bd1410e9c6f MIL:486bd1410100000000c6
1789376227.0438,127.599,1911.0,62.4,3.14,0.00,13.50,2.40,20.8,45.1,3.50,14.10,0.000,98.0,50.0,1,0,0,0,0,0,0,NONE,,RPM:486bd1410c1ddcca TPS:486bd1411108de ADV:486bd1410e9b6e MIL:486bd1410100000000c6
1789376227.3307,127.886,1566.0,-1202.6,3.14,0.00,10.00,2.40,20.8,45.1,3.50,14.10,0.000,98.0,50.0,1,0,0,0,0,0,0,NONE,,RPM:486bd1410c187861 TPS:486bd1411108de ADV:486bd1410e9467 MIL:486bd1410100000000c6
1789376227.6177,128.173,1312.0,-884.9,3.14,0.00,10.00,2.40,20.8,45.1,3.50,14.10,0.000,98.0,50.0,1,0,0,0,0,0,0,NONE,,RPM:486bd1410c148065 TPS:486bd1411108de ADV:486bd1410e9467 MIL:486bd1410100000000c6
1789376228.0902,128.646,1318.0,12.7,3.14,0.00,10.00,2.40,20.8,45.1,3.50,14.10,0.000,98.0,50.0,1,0,0,0,0,0,0,NONE,,RPM:486bd1410c14987d TPS:486bd1411108de ADV:486bd1410e9467 MIL:486bd1410100000000c6
1789376228.3557,128.911,1332.0,52.7,3.14,0.00,11.00,2.40,20.8,45.1,3.50,14.10,0.000,98.0,50.0,1,0,0,0,0,0,0,NONE,,RPM:486bd1410c14d0b5 TPS:486bd1411108de ADV:486bd1410e9669 MIL:486bd1410100000000c6
1789376228.6261,129.181,1352.0,74.0,3.14,0.00,8.00,2.40,20.8,45.1,3.50,14.10,0.000,98.0,50.0,1,0,0,0,0,0,0,NONE,,RPM:486bd1410c152006 TPS:486bd1411108de ADV:486bd1410e9063 MIL:486bd1410100000000c6
1789376228.9294,129.485,1557.0,675.8,3.14,0.00,8.00,2.40,20.8,45.1,3.50,14.10,0.000,98.0,50.0,1,0,0,0,0,0,0,NONE,,RPM:486bd1410c18543d TPS:486bd1411108de ADV:486bd1410e9063 MIL:486bd1410100000000c6
1789376229.4023,129.958,1943.0,816.2,3.14,0.00,8.00,2.40,20.8,45.1,3.50,14.10,0.000,98.0,50.0,1,0,0,0,0,0,0,NONE,,RPM:486bd1410c1e5c4b TPS:486bd1411108de ADV:486bd1410e9063 MIL:486bd1410100000000c6
1789376229.6652,130.220,1933.0,-38.0,3.14,0.00,8.00,2.40,20.8,45.1,3.50,14.10,0.000,98.0,50.0,1,0,0,0,0,0,0,NONE,,RPM:486bd1410c1e3423 TPS:486bd1411108de ADV:486bd1410e9063 MIL:486bd1410100000000c6
1789376230.1372,130.692,1818.0,-243.7,3.53,0.83,8.00,2.40,20.8,45.3,3.50,14.10,0.000,98.0,50.0,1,0,0,0,0,0,0,NONE,,RPM:486bd1410c1c6855 TPS:486bd1411109df ADV:486bd1410e9063 MIL:486bd1410100000000c6
1789376230.4528,131.008,1814.0,-12.7,3.92,1.24,13.00,2.40,20.8,45.6,3.52,14.10,0.000,97.0,50.0,1,0,0,0,0,0,0,NONE,,RPM:486bd1410c1c5845 TPS:486bd141110ae0 ADV:486bd1410e9a6d MIL:486bd1410100000000c6
1789376230.7201,131.275,1789.0,-93.5,4.31,1.47,13.00,2.40,20.8,45.8,3.52,14.10,0.000,97.0,50.0,1,0,0,0,0,0,0,NONE,,RPM:486bd1410c1bf4e0 TPS:486bd141110be1 ADV:486bd1410e9a6d MIL:486bd1410100000000c6
1789376231.0405,131.596,1873.0,262.1,4.31,0.00,14.00,2.40,24.7,45.8,3.87,14.10,0.000,97.0,50.0,1,0,0,0,0,0,0,NONE,,RPM:486bd1410c1d4432 TPS:486bd141110be1 ADV:486bd1410e9c6f MIL:486bd1410100000000c6
1789376231.3216,131.877,1858.0,-53.4,4.31,0.00,15.50,2.40,24.7,45.8,3.87,14.10,0.000,97.0,50.0,1,0,0,0,0,0,0,NONE,,RPM:486bd1410c1d08f6 TPS:486bd141110be1 ADV:486bd1410e9f72 MIL:486bd1410100000000c6
1789376231.6305,132.186,1870.0,38.8,4.31,0.00,15.00,2.40,24.7,45.8,3.87,14.10,0.000,97.0,50.0,1,0,0,0,0,0,0,NONE,,RPM:486bd1410c1d3826 TPS:486bd141110be1 ADV:486bd1410e9e71 MIL:486bd1410100000000c6
1789376232.0627,132.618,1918.0,111.1,4.31,0.00,13.50,2.40,24.7,45.8,3.87,14.10,0.000,97.0,50.0,1,0,0,0,0,0,0,NONE,,RPM:486bd1410c1df8e6 TPS:486bd141110be1 ADV:486bd1410e9b6e MIL:486bd1410100000000c6
1789376232.3507,132.906,1970.0,180.5,4.31,0.00,15.00,2.40,24.7,45.8,3.87,14.10,0.000,97.0,50.0,1,0,0,0,0,0,0,NONE,,RPM:486bd1410c1ec8b7 TPS:486bd141110be1 ADV:486bd1410e9e71 MIL:486bd1410100000000c6
1789376232.6521,133.207,2008.0,126.1,4.31,0.00,14.00,2.40,24.7,45.8,3.87,14.10,0.000,97.0,50.0,1,0,0,0,0,0,0,NONE,,RPM:486bd1410c1f6050 TPS:486bd141110be1 ADV:486bd1410e9c6f MIL:486bd1410100000000c6
1789376232.9397,133.495,2045.0,128.7,4.31,0.00,21.50,2.40,24.7,45.8,3.87,14.10,0.000,97.0,50.0,1,0,0,0,0,0,0,NONE,,RPM:486bd1410c1ff4e4 TPS:486bd141110be1 ADV:486bd1410eab7e MIL:486bd1410100000000c6
1789376233.4269,133.982,2116.0,145.7,4.71,0.80,22.50,2.40,24.7,46.0,3.87,14.10,0.000,97.0,50.0,1,0,0,0,0,0,0,NONE,,RPM:486bd1410c211002 TPS:486bd141110ce2 ADV:486bd1410ead80 MIL:486bd1410100000000c6
1789376233.7136,134.269,2204.0,306.9,4.71,0.00,24.00,2.40,24.7,46.0,3.87,14.10,0.000,97.0,50.0,1,0,0,0,0,0,0,NONE,,RPM:486bd1410c227063 TPS:486bd141110ce2 ADV:486bd1410eb083 MIL:486bd1410100000000c6
1789376234.1403,134.696,2256.0,121.9,4.71,0.00,28.00,2.40,24.7,46.0,3.87,14.10,0.000,97.0,50.0,1,0,0,0,0,0,0,NONE,,RPM:486bd1410c234034 TPS:486bd141110ce2 ADV:486bd1410eb88b MIL:486bd1410100000000c6
1789376234.4295,134.985,2248.0,-27.7,4.71,0.00,28.00,2.40,24.7,46.0,3.87,14.10,0.000,97.0,50.0,1,0,0,0,0,0,0,NONE,,RPM:486bd1410c232014 TPS:486bd141110ce2 ADV:486bd1410eb88b MIL:486bd1410100000000c6
1789376234.7016,135.257,2287.0,143.3,4.31,-1.44,29.00,2.40,24.7,45.8,3.87,14.10,0.000,97.0,50.0,1,0,0,0,0,0,0,NONE,,RPM:486bd1410c23bcb0 TPS:486bd141110be1 ADV:486bd1410eba8d MIL:486bd1410100000000c6
1789376235.0223,135.578,2335.0,149.7,4.31,0.00,30.00,2.40,18.8,45.8,3.34,14.10,0.000,97.0,50.0,1,0,0,0,0,0,0,NONE,,RPM:486bd1410c247c71 TPS:486bd141110be1 ADV:486bd1410ebc8f MIL:486bd1410100000000c6
1789376235.2931,135.848,2317.0,-66.5,3.92,-1.45,28.50,2.40,18.8,45.6,3.34,14.10,0.000,97.0,50.0,1,0,0,0,0,0,0,NONE,,RPM:486bd1410c243429 TPS:486bd141110ae0 ADV:486bd1410eb98c MIL:486bd1410100000000c6
1789376235.5971,136.152,2309.0,-26.3,3.92,0.00,28.50,2.40,18.8,45.6,3.34,14.10,0.000,97.0,50.0,1,0,0,0,0,0,0,NONE,,RPM:486bd1410c241409 TPS:486bd141110ae0 ADV:486bd1410eb98c MIL:486bd1410100000000c6
1789376236.0477,136.603,2220.0,-197.5,3.53,-0.87,23.00,2.40,18.8,45.3,3.34,14.10,0.000,97.0,50.0,1,0,0,0,0,0,0,NONE,,RPM:486bd1410c22b0a3 TPS:486bd1411109df ADV:486bd1410eae81 MIL:486bd1410100000000c6
1789376236.3172,136.873,2193.0,-100.2,3.53,0.00,21.00,2.40,18.8,45.3,3.34,14.10,0.000,97.0,49.0,1,0,0,0,0,0,0,NONE,,RPM:486bd1410c224437 TPS:486bd1411109df ADV:486bd1410eaa7d MIL:486bd1410100000000c6
1789376236.5886,137.144,2170.0,-84.7,3.53,0.00,19.00,2.40,18.8,45.3,3.34,14.10,0.000,97.0,49.0,1,0,0,0,0,0,0,NONE,,RPM:486bd1410c21e8da TPS:486bd1411109df ADV:486bd1410ea679 MIL:486bd1410100000000c6
1789376236.8932,137.449,2091.0,-259.4,3.53,0.00,18.00,2.40,18.8,45.3,3.34,14.10,0.000,97.0,49.0,1,0,0,0,0,0,0,NONE,,RPM:486bd1410c20ac9d TPS:486bd1411109df ADV:486bd1410ea477 MIL:486bd1410100000000c6
1789376237.3399,137.895,2007.0,-188.1,3.53,0.00,15.50,2.40,18.8,45.3,3.34,14.10,0.000,97.0,49.0,1,0,0,0,0,0,0,NONE,,RPM:486bd1410c1f5c4c TPS:486bd1411109df ADV:486bd1410e9f72 MIL:486bd1410100000000c6
1789376237.6122,138.168,1941.0,-242.3,3.53,0.00,15.50,2.40,18.8,45.3,3.34,14.10,0.000,97.0,49.0,1,0,0,0,0,0,0,NONE,,RPM:486bd1410c1e5443 TPS:486bd1411109df ADV:486bd1410e9f72 MIL:486bd1410100000000c6
1789376238.0991,138.654,1855.0,-176.6,3.53,0.00,15.00,2.40,18.8,45.3,3.34,14.10,0.000,97.0,49.0,1,0,0,0,0,0,0,NONE,,RPM:486bd1410c1cfce9 TPS:486bd1411109df ADV:486bd1410e9e71 MIL:486bd1410100000000c6
1789376238.3799,138.935,1803.0,-185.2,3.53,0.00,14.00,2.40,18.8,45.3,3.34,14.10,0.000,97.0,49.0,1,0,0,0,0,0,0,NONE,,RPM:486bd1410c1c2c19 TPS:486bd1411109df ADV:486bd1410e9c6f MIL:486bd1410100000000c6
1789376238.7145,139.270,1854.0,152.4,3.53,0.00,13.50,2.40,18.8,45.3,3.34,14.10,0.000,97.0,49.0,1,0,0,0,0,0,0,NONE,,RPM:486bd1410c1cf8e5 TPS:486bd1411109df ADV:486bd1410e9b6e MIL:486bd1410100000000c6
1789376239.0181,139.573,1724.0,-428.1,3.53,0.00,13.50,2.40,20.8,45.3,3.52,14.10,0.000,97.0,49.0,1,0,0,0,0,0,0,NONE,,RPM:486bd1410c1af0db TPS:486bd1411109df ADV:486bd1410e9b6e MIL:486bd1410100000000c6
1789376239.2910,139.846,1710.0,-51.3,3.53,0.00,10.00,2.40,20.8,45.3,3.52,14.10,0.000,97.0,49.0,1,0,0,0,0,0,0,NONE,,RPM:486bd1410c1ab8a3 TPS:486bd1411109df ADV:486bd1410e9467 MIL:486bd1410100000000c6
1789376239.5946,140.150,1654.0,-184.5,3.53,0.00,8.00,2.40,20.8,45.3,3.52,14.10,0.000,97.0,49.0,1,0,0,0,0,0,0,NONE,,RPM:486bd1410c19d8c2 TPS:486bd1411109df ADV:486bd1410e9063 MIL:486bd1410100000000c6
1789376240.0778,140.633,1622.0,-66.2,3.53,0.00,8.00,2.40,20.8,45.3,3.52,14.10,0.000,97.0,49.0,1,0,0,0,0,0,0,NONE,,RPM:486bd1410c195842 TPS:486bd1411109df ADV:486bd1410e9063 MIL:486bd1410100000000c6
1789376240.3451,140.900,1584.0,-142.2,3.53,0.00,8.00,2.40,20.8,45.3,3.52,14.10,0.000,97.0,49.0,1,0,0,0,0,0,0,NONE,,RPM:486bd1410c18c0a9 TPS:486bd1411109df ADV:486bd1410e9063 MIL:486bd1410100000000c6
1789376240.6650,141.220,1576.0,-25.0,3.53,0.00,8.00,2.40,20.8,45.3,3.52,14.10,0.000,97.0,49.0,1,0,0,0,0,0,0,NONE,,RPM:486bd1410c18a089 TPS:486bd1411109df ADV:486bd1410e9063 MIL:486bd1410100000000c6
1789376240.9374,141.493,1563.0,-47.7,3.92,1.44,13.00,2.40,20.8,45.6,3.52,14.10,0.000,97.0,49.0,1,0,0,0,0,0,0,NONE,,RPM:486bd1410c186c55 TPS:486bd141110ae0 ADV:486bd1410e9a6d MIL:486bd1410100000000c6
1789376241.3979,141.953,1623.0,130.3,3.92,0.00,14.00,2.40,20.8,45.6,3.52,14.10,0.000,97.0,49.0,1,0,0,0,0,0,0,NONE,,RPM:486bd1410c195c46 TPS:486bd141110ae0 ADV:486bd1410e9c6f MIL:486bd1410100000000c6
1789376241.7055,142.261,1688.0,211.3,3.92,0.00,15.50,2.40,20.8,45.6,3.52,14.10,0.000,97.0,49.0,1,0,0,0,0,0,0,NONE,,RPM:486bd1410c1a604b TPS:486bd141110ae0 ADV:486bd1410e9f72 MIL:486bd1410100000000c6
1789376242.1670,142.722,1751.0,136.5,3.92,0.00,18.00,2.40,20.8,45.6,3.52,14.10,0.000,97.0,49.0,1,0,0,0,0,0,0,NONE,,RPM:486bd1410c1b5c48 TPS:486bd141110ae0 ADV:486bd1410ea477 MIL:486bd1410100000000c6
1789376242.4403,142.996,1796.0,164.7,3.92,0.00,16.50,2.40,20.8,45.6,3.52,14.10,0.000,97.0,49.0,1,0,0,0,0,0,0,NONE,,RPM:486bd1410c1c10fd TPS:486bd141110ae0 ADV:486bd1410ea174 MIL:486bd1410100000000c6
1789376242.7438,143.299,1858.0,204.3,3.92,0.00,17.50,2.40,20.8,45.6,3.52,14.10,0.000,97.0,49.0,1,0,0,0,0,0,0,NONE,,RPM:486bd1410c1d08f6 TPS:486bd141110ae0 ADV:486bd1410ea376 MIL:486bd1410100000000c6
1789376243.0161,143.571,1919.0,224.0,3.92,0.00,21.00,2.40,21.2,45.6,3.56,14.10,0.000,97.0,49.0,1,0,0,0,0,0,0,NONE,,RPM:486bd1410c1dfcea TPS:486bd141110ae0 ADV:486bd1410eaa7d MIL:486bd1410100000000c6
1789376243.2927,143.848,1982.0,227.8,3.92,0.00,21.50,2.40,21.2,45.6,3.56,14.10,0.000,97.0,49.0,1,0,0,0,0,0,0,NONE,,RPM:486bd1410c1ef8e7 TPS:486bd141110ae0 ADV:486bd1410eab7e MIL:486bd1410100000000c6
1789376243.5962,144.151,2005.0,75.8,3.92,0.00,23.00,2.40,21.2,45.6,3.56,14.10,0.000,97.0,49.0,1,0,0,0,0,0,0,NONE,,RPM:486bd1410c1f5444 TPS:486bd141110ae0 ADV:486bd1410eae81 MIL:486bd1410100000000c6
1789376244.0502,144.606,2126.0,266.5,3.92,0.00,26.50,2.40,21.2,45.6,3.56,14.10,0.000,97.0,49.0,1,0,0,0,0,0,0,NONE,,RPM:486bd1410c21382a TPS:486bd141110ae0 ADV:486bd1410eb588 MIL:486bd1410100000000c6
1789376244.3105,144.866,2148.0,84.5,3.92,0.00,26.50,2.40,21.2,45.6,3.56,14.10,0.000,97.0,49.0,1,0,0,0,0,0,0,NONE,,RPM:486bd1410c219082 TPS:486bd141110ae0 ADV:486bd1410eb588 MIL:486bd1410100000000c6
1789376244.5827,145.138,2183.0,128.6,3.92,0.00,27.50,2.40,21.2,45.6,3.56,14.10,0.000,97.0,49.0,1,0,0,0,0,0,0,NONE,,RPM:486bd1410c221c0f TPS:486bd141110ae0 ADV:486bd1410eb78a MIL:486bd1410100000000c6
1789376244.8542,145.410,2196.0,47.9,3.92,0.00,27.50,2.40,21.2,45.6,3.56,14.10,0.000,97.0,49.0,1,0,0,0,0,0,0,NONE,,RPM:486bd1410c225043 TPS:486bd141110ae0 ADV:486bd1410eb78a MIL:486bd1410100000000c6
1789376245.3080,145.863,2241.0,99.2,3.92,0.00,28.50,2.40,21.2,45.6,3.56,14.10,0.000,97.0,49.0,1,0,0,0,0,0,0,NONE,,RPM:486bd1410c2304f8 TPS:486bd141110ae0 ADV:486bd1410eb98c MIL:486bd1410100000000c6
1789376245.6065,146.162,2248.0,23.4,3.92,0.00,28.50,2.40,21.2,45.6,3.56,14.10,0.000,97.0,49.0,1,0,0,0,0,0,0,NONE,,RPM:486bd1410c232014 TPS:486bd141110ae0 ADV:486bd1410eb98c MIL:486bd1410100000000c6
1789376246.0720,146.627,2300.0,111.7,3.92,0.00,30.50,2.40,21.2,45.6,3.56,14.10,0.000,97.0,49.0,1,0,0,0,0,0,0,NONE,,RPM:486bd1410c23f0e4 TPS:486bd141110ae0 ADV:486bd1410ebd90 MIL:486bd1410100000000c6
1789376246.3430,146.898,2291.0,-33.2,3.92,0.00,30.00,2.40,21.2,45.6,3.56,14.10,0.000,97.0,49.0,1,0,0,0,0,0,0,NONE,,RPM:486bd1410c23ccc0 TPS:486bd141110ae0 ADV:486bd1410ebc8f MIL:486bd1410100000000c6
1789376246.6134,147.169,2297.0,22.2,3.92,0.00,30.00,2.40,21.2,45.6,3.56,14.10,0.000,97.0,49.0,1,0,0,0,0,0,0,NONE,,RPM:486bd1410c23e4d8 TPS:486bd141110ae0 ADV:486bd1410ebc8f MIL:486bd1410100000000c6
1789376246.9157,147.471,2298.0,3.3,3.92,0.00,30.50,2.40,18.0,45.6,3.27,14.10,0.000,97.0,49.0,1,0,0,0,0,0,0,NONE,,RPM:486bd1410c23e8dc TPS:486bd141110ae0 ADV:486bd1410ebd90 MIL:486bd1410100000000c6
1789376247.2003,147.756,2309.0,38.7,3.92,0.00,30.00,2.40,18.0,45.6,3.27,14.10,0.000,97.0,49.0,1,0,0,0,0,0,0,NONE,,RPM:486bd1410c241409 TPS:486bd141110ae0 ADV:486bd1410ebc8f MIL:486bd1410100000000c6
1789376247.4975,148.053,2324.0,50.5,3.92,0.00,28.00,2.40,18.0,45.6,3.27,14.10,0.000,97.0,49.0,1,0,0,0,0,0,0,NONE,,RPM:486bd1410c245045 TPS:486bd141110ae0 ADV:486bd1410eb88b MIL:486bd1410100000000c6
1789376247.9421,148.497,2304.0,-45.0,3.92,0.00,25.50,2.40,18.0,45.6,3.27,14.10,0.000,97.0,49.0,1,0,0,0,0,0,0,NONE,,RPM:486bd1410c2400f5 TPS:486bd141110ae0 ADV:486bd1410eb386 MIL:486bd1410100000000c6
1789376248.2120,148.767,2293.0,-40.8,3.92,0.00,23.00,2.40,18.0,45.6,3.27,14.10,0.000,97.0,49.0,1,0,0,0,0,0,0,NONE,,RPM:486bd1410c23d4c8 TPS:486bd141110ae0 ADV:486bd1410eae81 MIL:486bd1410100000000c6
1789376248.5248,149.080,2290.0,-9.6,3.92,0.00,21.50,2.40,18.0,45.6,3.27,14.10,0.000,97.0,49.0,1,0,0,0,0,0,0,NONE,,RPM:486bd1410c23c8bc TPS:486bd141110ae0 ADV:486bd1410eab7e MIL:486bd1410100000000c6
1789376248.8041,149.359,2274.0,-57.3,3.92,0.00,21.50,2.40,18.0,45.6,3.27,14.10,0.000,97.0,49.0,1,0,0,0,0,0,0,NONE,,RPM:486bd1410c23887c TPS:486bd141110ae0 ADV:486bd1410eab7e MIL:486bd1410100000000c6
1789376249.2973,149.853,2232.0,-85.2,3.92,0.00,20.50,2.40,18.0,45.6,3.27,14.10,0.000,97.0,49.0,1,0,0,0,0,0,0,NONE,,RPM:486bd1410c22e0d3 TPS:486bd141110ae0 ADV:486bd1410ea97c MIL:486bd1410100000000c6
1789376249.5712,150.127,2204.0,-102.2,3.92,0.00,20.00,2.40,18.0,45.6,3.27,14.10,0.000,97.0,49.0,1,0,0,0,0,0,0,NONE,,RPM:486bd1410c227063 TPS:486bd141110ae0 ADV:486bd1410ea87b MIL:486bd1410100000000c6
1789376250.0698,150.625,2153.0,-102.3,3.53,-0.79,19.00,2.40,18.0,45.3,3.27,14.10,0.000,97.0,49.0,1,0,0,0,0,0,0,NONE,,RPM:486bd1410c21a496 TPS:486bd1411109df ADV:486bd1410ea679 MIL:486bd1410100000000c6
1789376250.3558,150.911,2157.0,14.0,3.53,0.00,18.50,2.40,18.0,45.3,3.29,14.10,0.000,96.0,49.0,1,0,0,0,0,0,0,NONE,,RPM:486bd1410c21b4a6 TPS:486bd1411109df ADV:486bd1410ea578 MIL:486bd1410100000000c6
1789376250.6264,151.182,2085.0,-266.1,3.53,0.00,17.50,2.40,18.0,45.3,3.29,14.10,0.000,96.0,49.0,1,0,0,0,0,0,0,NONE,,RPM:486bd1410c209485 TPS:486bd1411109df ADV:486bd1410ea376 MIL:486bd1410100000000c6
1789376250.8980,151.453,2015.0,-257.7,3.53,0.00,16.00,2.40,18.8,45.3,3.36,14.10,0.000,96.0,49.0,1,0,0,0,0,0,0,NONE,,RPM:486bd1410c1f7c6c TPS:486bd1411109df ADV:486bd1410ea073 MIL:486bd1410100000000c6
1789376251.1860,151.741,1948.0,-232.6,3.53,0.00,15.50,2.40,18.8,45.3,3.36,14.10,0.000,96.0,49.0,1,0,0,0,0,0,0,NONE,,RPM:486bd1410c1e705f TPS:486bd1411109df ADV:486bd1410e9f72 MIL:486bd1410100000000c6
1789376251.4737,152.029,1933.0,-52.1,3.53,0.00,15.00,2.40,18.8,45.3,3.36,14.10,0.000,96.0,49.0,1,0,0,0,0,0,0,NONE,,RPM:486bd1410c1e3423 TPS:486bd1411109df ADV:486bd1410e9e71 MIL:486bd1410100000000c6
1789376251.9380,152.493,1903.0,-64.6,3.14,-0.84,15.00,2.40,18.8,45.1,3.36,14.10,0.000,96.0,49.0,1,0,0,0,0,0,0,NONE,,RPM:486bd1410c1dbcaa TPS:486bd1411108de ADV:486bd1410e9e71 MIL:486bd1410100000000c6
1789376252.2088,152.764,1869.0,-125.6,3.14,0.00,14.00,2.40,18.8,45.1,3.36,14.10,0.000,96.0,49.0,1,0,0,0,0,0,0,NONE,,RPM:486bd1410c1d3422 TPS:486bd1411108de ADV:486bd1410e9c6f MIL:486bd1410100000000c6
1789376252.5138,153.069,1811.0,-190.2,3.14,0.00,13.50,2.40,18.8,45.1,3.36,14.10,0.000,96.0,49.0,1,0,0,0,0,0,0,NONE,,RPM:486bd1410c1c4c39 TPS:486bd1411108de ADV:486bd1410e9b6e MIL:486bd1410100000000c6
1789376252.8009,153.356,1761.0,-174.1,3.14,0.00,12.50,2.40,18.8,45.1,3.36,14.10,0.000,96.0,49.0,1,0,0,0,0,0,0,NONE,,RPM:486bd1410c1b8470 TPS:486bd1411108de ADV:486bd1410e996c MIL:486bd1410100000000c6
1789376253.2655,153.821,1309.0,-973.0,3.14,0.00,11.50,2.40,18.8,45.1,3.36,14.10,0.000,96.0,49.0,1,0,0,0,0,0,0,NONE,,RPM:486bd1410c147459 TPS:486bd1411108de ADV:486bd1410e976a MIL:486bd1410100000000c6
1789376253.5677,154.123,1380.0,234.9,3.14,0.00,9.00,2.40,18.8,45.1,3.36,14.10,0.000,96.0,49.0,1,0,0,0,0,0,0,NONE,,RPM:486bd1410c159076 TPS:486bd1411108de ADV:486bd1410e9265 MIL:486bd1410100000000c6
1789376254.0370,154.592,1332.0,-102.3,3.14,0.00,9.00,2.40,18.8,45.1,3.36,14.10,0.000,96.0,49.0,1,0,0,0,0,0,0,NONE,,RPM:486bd1410c14d0b5 TPS:486bd1411108de ADV:486bd1410e9265 MIL:486bd1410100000000c6
1789376254.3037,154.859,1333.0,3.7,3.14,0.00,10.50,2.40,18.8,45.1,3.36,14.10,0.000,96.0,49.0,1,0,0,0,0,0,0,NONE,,RPM:486bd1410c14d4b9 TPS:486bd1411108de ADV:486bd1410e9568 MIL:486bd1410100000000c6
1789376254.6074,155.163,1411.0,256.9,3.14,0.00,10.00,2.40,18.8,45.1,3.36,14.10,0.000,96.0,49.0,1,0,0,0,0,0,0,NONE,,RPM:486bd1410c160cf3 TPS:486bd1411108de ADV:486bd1410e9467 MIL:486bd1410100000000c6
1789376254.9095,155.465,1298.0,-374.0,3.14,0.00,11.00,2.40,23.1,45.1,3.75,14.10,0.000,96.0,49.0,1,0,0,0,0,0,0,NONE,,RPM:486bd1410c14482d TPS:486bd1411108de ADV:486bd1410e9669 MIL:486bd1410100000000c6
1789376255.1981,155.753,1319.0,72.8,3.14,0.00,10.00,2.40,23.1,45.1,3.75,14.10,0.000,96.0,49.0,1,0,0,0,0,0,0,NONE,,RPM:486bd1410c149c81 TPS:486bd1411108de ADV:486bd1410e9467 MIL:486bd1410100000000c6
1789376255.4743,156.030,1316.0,-10.9,3.14,0.00,10.00,2.40,23.1,45.1,3.75,14.10,0.000,96.0,49.0,1,0,0,0,0,0,0,NONE,,RPM:486bd1410c149075 TPS:486bd1411108de ADV:486bd1410e9467 MIL:486bd1410100000000c6
1789376255.9073,156.463,1374.0,133.9,3.53,0.91,8.00,2.40,23.1,45.3,3.75,14.10,0.000,96.0,49.0,1,0,0,0,0,0,0,NONE,,RPM:486bd1410c15785e TPS:486bd1411109df ADV:486bd1410e9063 MIL:486bd1410100000000c6
1789376256.2064,156.762,1444.0,234.1,3.92,1.31,12.50,2.40,23.1,45.6,3.75,14.10,0.000,96.0,49.0,1,0,0,0,0,0,0,NONE,,RPM:486bd1410c169077 TPS:486bd141110ae0 ADV:486bd1410e996c MIL:486bd1410100000000c6
1789376256.4939,157.049,1589.0,504.3,5.10,4.09,10.00,2.40,23.1,46.3,3.75,14.10,0.000,96.0,49.0,1,0,0,0,0,0,0,NONE,,RPM:486bd1410c18d4bd TPS:486bd141110de3 ADV:486bd1410e9467 MIL:486bd1410100000000c6
1789376256.7664,157.322,1720.0,480.8,5.49,1.44,9.00,2.40,23.1,46.5,3.75,14.10,0.000,96.0,49.0,1,0,0,0,0,0,0,NONE,,RPM:486bd1410c1ae0cb TPS:486bd141110ee4 ADV:486bd1410e9265 MIL:486bd1410100000000c6
1789376257.2643,157.820,1783.0,126.5,6.27,1.58,9.00,2.40,23.1,46.9,3.75,14.10,0.000,96.0,49.0,1,0,0,0,0,0,0,NONE,,RPM:486bd1410c1bdcc8 TPS:486bd1411110e6 ADV:486bd1410e9265 MIL:486bd1410100000000c6
1789376257.5328,158.088,1916.0,495.2,6.27,0.00,7.50,2.40,23.1,46.9,3.75,14.10,0.000,96.0,49.0,1,0,0,0,0,0,0,NONE,,RPM:486bd1410c1df0de TPS:486bd1411110e6 ADV:486bd1410e8f62 MIL:486bd1410100000000c6
1789376258.0002,158.556,2196.0,599.1,7.84,3.36,8.50,2.40,23.1,47.8,3.75,14.10,0.000,96.0,49.0,1,0,0,0,0,0,0,NONE,,RPM:486bd1410c225043 TPS:486bd1411114ea ADV:486bd1410e9164 MIL:486bd1410100000000c6
1789376258.2855,158.841,2286.0,315.5,10.59,9.62,12.50,2.40,23.1,49.4,3.75,14.10,0.000,96.0,49.0,1,0,0,0,0,0,0,NONE,,RPM:486bd1410c23b8ac TPS:486bd141111bf1 ADV:486bd1410e996c MIL:486bd1410100000000c6
1789376258.5571,159.112,2449.0,600.2,10.98,1.44,17.50,2.40,23.1,49.7,3.75,14.10,0.000,96.0,49.0,1,0,0,0,0,0,0,NONE,,RPM:486bd1410c26443b TPS:486bd141111cf2 ADV:486bd1410ea376 MIL:486bd1410100000000c6
1789376258.8458,159.401,2646.0,682.4,11.37,1.36,19.00,2.40,33.7,49.9,4.70,14.10,0.000,96.0,49.0,1,0,0,0,0,0,0,NONE,,RPM:486bd1410c295852 TPS:486bd141111df3 ADV:486bd1410ea679 MIL:486bd1410100000000c6
1789376259.1154,159.671,2830.0,682.3,12.55,4.36,19.00,2.40,33.7,50.6,4.70,14.10,0.000,96.0,49.0,1,0,0,0,0,0,0,NONE,,RPM:486bd1410c2c3835 TPS:486bd1411120f6 ADV:486bd1410ea679 MIL:486bd1410100000000c6
1789376259.4290,159.984,3073.0,774.9,12.94,1.25,21.50,2.40,33.7,50.8,4.70,14.10,0.000,96.0,49.0,1,0,0,0,0,0,0,NONE,,RPM:486bd1410c300405 TPS:486bd1411121f7 ADV:486bd1410eab7e MIL:486bd1410100000000c6
1789376259.8565,160.412,3474.0,938.0,12.94,0.00,25.50,2.40,33.7,50.8,4.70,14.10,0.000,96.0,49.0,1,0,0,0,0,0,0,NONE,,RPM:486bd1410c36484f TPS:486bd1411121f7 ADV:486bd1410eb386 MIL:486bd1410100000000c6
1789376260.1709,160.726,3790.0,1005.2,3.53,-29.94,60.00,2.40,33.7,45.3,4.70,14.10,0.000,96.0,48.0,1,0,0,0,0,0,0,NONE,,RPM:486bd1410c3b3844 TPS:486bd1411109df ADV:486bd1410ef8cb MIL:486bd1410100000000c6
1789376260.4431,160.998,3488.0,-1109.6,12.94,34.58,21.50,2.40,33.7,50.8,4.70,14.10,0.000,96.0,48.0,1,0,0,0,0,0,0,NONE,,RPM:486bd1410c368087 TPS:486bd1411121f7 ADV:486bd1410eab7e MIL:486bd1410100000000c6
1789376260.7797,161.335,2885.0,-1791.0,14.51,4.66,20.50,2.40,33.7,51.7,4.70,14.10,0.000,96.0,48.0,1,0,0,0,0,0,0,NONE,,RPM:486bd1410c2d1412 TPS:486bd1411125fb ADV:486bd1410ea97c MIL:486bd1410100000000c6
1789376261.2139,161.769,2995.0,253.4,11.76,-6.32,23.50,2.40,33.7,50.1,4.70,14.10,0.000,96.0,48.0,1,0,0,0,0,0,0,NONE,,RPM:486bd1410c2ecccb TPS:486bd141111ef4 ADV:486bd1410eaf82 MIL:486bd1410100000000c6
1789376261.5300,162.085,3118.0,389.0,3.53,-26.05,48.00,2.40,33.7,45.3,4.70,14.10,0.000,96.0,48.0,1,0,0,0,0,0,0,NONE,,RPM:486bd1410c30b8b9 TPS:486bd1411109df ADV:486bd1410ee0b3 MIL:486bd1410100000000c6
1789376261.9770,162.532,2882.0,-528.0,3.53,0.00,48.00,2.40,33.7,45.3,4.70,14.10,0.000,96.0,48.0,1,0,0,0,0,0,0,NONE,,RPM:486bd1410c2d0806 TPS:486bd1411109df ADV:486bd1410ee0b3 MIL:486bd1410100000000c6
1789376262.2493,162.805,2747.0,-495.6,3.53,0.00,37.50,2.40,33.7,45.3,4.70,14.10,0.000,96.0,48.0,1,0,0,0,0,0,0,NONE,,RPM:486bd1410c2aece7 TPS:486bd1411109df ADV:486bd1410ecb9e MIL:486bd1410100000000c6
1789376262.5544,163.110,2589.0,-518.0,3.53,0.00,30.50,2.40,33.7,45.3,4.70,14.10,0.000,96.0,48.0,1,0,0,0,0,0,0,NONE,,RPM:486bd1410c28746d TPS:486bd1411109df ADV:486bd1410ebd90 MIL:486bd1410100000000c6
1789376262.8418,163.397,2425.0,-570.5,3.53,0.00,27.50,2.40,16.5,45.3,3.15,14.10,0.000,96.0,48.0,1,0,0,0,0,0,0,NONE,,RPM:486bd1410c25e4da TPS:486bd1411109df ADV:486bd1410eb78a MIL:486bd1410100000000c6
1789376263.1253,163.681,2281.0,-508.1,3.53,0.00,22.50,2.40,16.5,45.3,3.15,14.10,0.000,96.0,48.0,1,0,0,0,0,0,0,NONE,,RPM:486bd1410c23a498 TPS:486bd1411109df ADV:486bd1410ead80 MIL:486bd1410100000000c6
1789376263.4378,163.993,2122.0,-508.8,3.53,0.00,18.50,2.40,16.5,45.3,3.15,14.10,0.000,96.0,48.0,1,0,0,0,0,0,0,NONE,,RPM:486bd1410c21281a TPS:486bd1411109df ADV:486bd1410ea578 MIL:486bd1410100000000c6
1789376263.8829,164.438,1590.0,-1195.1,13.73,22.91,4.00,2.40,16.5,51.3,3.15,14.10,0.000,96.0,48.0,1,0,0,0,0,0,0,NONE,,RPM:486bd1410c18d8c1 TPS:486bd1411123f9 ADV:486bd1410e885b MIL:486bd1410100000000c6
1789376264.1531,164.708,2377.0,2913.1,3.14,-39.19,20.50,2.40,16.5,45.1,3.15,14.10,0.000,96.0,48.0,1,0,0,0,0,0,0,NONE,,RPM:486bd1410c25241a TPS:486bd1411108de ADV:486bd1410ea97c MIL:486bd1410100000000c6
1789376264.4248,164.980,2310.0,-246.6,3.53,1.44,21.00,2.40,16.5,45.3,3.15,14.10,0.000,96.0,48.0,1,0,0,0,0,0,0,NONE,,RPM:486bd1410c24180d TPS:486bd1411109df ADV:486bd1410eaa7d MIL:486bd1410100000000c6
1789376264.6966,165.252,2299.0,-40.5,3.53,0.00,20.00,2.40,16.5,45.3,3.15,14.10,0.000,96.0,48.0,1,0,0,0,0,0,0,NONE,,RPM:486bd1410c23ece0 TPS:486bd1411109df ADV:486bd1410ea87b MIL:486bd1410100000000c6
1789376265.1548,165.710,1808.0,-1071.7,3.14,-0.86,10.00,2.40,16.5,45.1,3.15,14.10,0.000,96.0,48.0,1,0,0,0,0,0,0,NONE,,RPM:486bd1410c1c402d TPS:486bd1411108de ADV:486bd1410e9467 MIL:486bd1410100000000c6
1789376265.4322,165.987,1365.0,-1597.2,3.14,0.00,11.00,2.40,16.5,45.1,3.15,14.10,0.000,96.0,48.0,1,0,0,0,0,0,0,NONE,,RPM:486bd1410c15543a TPS:486bd1411108de ADV:486bd1410e9669 MIL:486bd1410100000000c6
1789376265.9333,166.489,1369.0,8.0,3.14,0.00,10.00,2.40,16.5,45.1,3.15,14.10,0.000,96.0,48.0,1,0,0,0,0,0,0,NONE,,RPM:486bd1410c15644a TPS:486bd1411108de ADV:486bd1410e9467 MIL:486bd1410100000000c6
1789376266.1987,166.754,1304.0,-244.9,3.14,0.00,10.50,2.40,16.5,45.1,3.17,14.10,0.000,95.0,48.0,1,0,0,0,0,0,0,NONE,,RPM:486bd1410c146045 TPS:486bd1411108de ADV:486bd1410e9568 MIL:486bd1410100000000c6
1789376266.4709,167.026,1294.0,-36.7,3.14,0.00,10.00,2.40,16.5,45.1,3.17,14.10,0.000,95.0,48.0,1,0,0,0,0,0,0,NONE,,RPM:486bd1410c14381d TPS:486bd1411108de ADV:486bd1410e9467 MIL:486bd1410100000000c6
1789376266.7432,167.298,1329.0,128.6,3.14,0.00,8.50,2.40,23.5,45.1,3.80,14.10,0.000,95.0,48.0,1,0,0,0,0,0,0,NONE,,RPM:486bd1410c14c4a9 TPS:486bd1411108de ADV:486bd1410e9164 MIL:486bd1410100000000c6
1789376267.0634,167.619,1339.0,31.2,3.14,0.00,8.50,2.40,23.5,45.1,3.80,14.10,0.000,95.0,48.0,1,0,0,0,0,0,0,NONE,,RPM:486bd1410c14ecd1 TPS:486bd1411108de ADV:486bd1410e9164 MIL:486bd1410100000000c6
1789376267.3355,167.891,1321.0,-66.2,3.14,0.00,8.50,2.40,23.5,45.1,3.80,14.10,0.000,95.0,48.0,1,0,0,0,0,0,0,NONE,,RPM:486bd1410c14a489 TPS:486bd1411108de ADV:486bd1410e9164 MIL:486bd1410100000000c6
1789376267.7887,168.344,1291.0,-66.2,3.14,0.00,9.00,2.40,23.5,45.1,3.80,14.10,0.000,95.0,48.0,1,0,0,0,0,0,0,NONE,,RPM:486bd1410c142c11 TPS:486bd1411108de ADV:486bd1410e9265 MIL:486bd1410100000000c6
1789376268.0592,168.615,1346.0,203.3,3.14,0.00,8.50,2.40,23.5,45.1,3.80,14.10,0.000,95.0,48.0,1,0,0,0,0,0,0,NONE,,RPM:486bd1410c1508ee TPS:486bd1411108de ADV:486bd1410e9164 MIL:486bd1410100000000c6
1789376268.3287,168.884,1322.0,-89.1,3.14,0.00,9.00,2.40,23.5,45.1,3.80,14.10,0.000,95.0,48.0,1,0,0,0,0,0,0,NONE,,RPM:486bd1410c14a88d TPS:486bd1411108de ADV:486bd1410e9265 MIL:486bd1410100000000c6
1789376268.5970,169.152,1347.0,93.2,3.14,0.00,8.50,2.40,23.5,45.1,3.80,14.10,0.000,95.0,48.0,1,0,0,0,0,0,0,NONE,,RPM:486bd1410c150cf2 TPS:486bd1411108de ADV:486bd1410e9164 MIL:486bd1410100000000c6
1789376269.0292,169.584,1299.0,-111.1,3.14,0.00,8.50,2.40,23.5,45.1,3.80,14.10,0.000,95.0,48.0,1,0,0,0,0,0,0,NONE,,RPM:486bd1410c144c31 TPS:486bd1411108de ADV:486bd1410e9164 MIL:486bd1410100000000c6
1789376269.3162,169.871,1328.0,101.0,3.14,0.00,8.50,2.40,23.5,45.1,3.80,14.10,0.000,95.0,48.0,1,0,0,0,0,0,0,NONE,,RPM:486bd1410c14c0a5 TPS:486bd1411108de ADV:486bd1410e9164 MIL:486bd1410100000000c6
1789376269.7925,170.348,1375.0,98.7,3.14,0.00,8.50,2.40,23.5,45.1,3.80,14.10,0.000,95.0,48.0,1,0,0,0,0,0,0,NONE,,RPM:486bd1410c157c62 TPS:486bd1411108de ADV:486bd1410e9164 MIL:486bd1410100000000c6
1789376270.0726,170.628,1285.0,-321.4,3.14,0.00,8.50,2.40,23.5,45.1,3.80,14.10,0.000,95.0,48.0,1,0,0,0,0,0,0,NONE,,RPM:486bd1410c1414f9 TPS:486bd1411108de ADV:486bd1410e9164 MIL:486bd1410100000000c6
1789376270.3455,170.901,1396.0,406.7,3.14,0.00,8.00,2.40,23.5,45.1,3.80,14.10,0.000,95.0,48.0,1,0,0,0,0,0,0,NONE,,RPM:486bd1410c15d0b6 TPS:486bd1411108de ADV:486bd1410e9063 MIL:486bd1410100000000c6
1789376270.6192,171.174,1293.0,-376.4,3.14,0.00,10.00,2.40,23.5,45.1,3.80,14.10,0.000,95.0,48.0,1,0,0,0,0,0,0,NONE,,RPM:486bd1410c143419 TPS:486bd1411108de ADV:486bd1410e9467 MIL:486bd1410100000000c6
1789376270.8835,171.439,1343.0,189.1,3.14,0.00,8.50,2.40,23.5,45.1,3.80,14.10,0.000,95.0,48.0,1,0,0,0,0,0,0,NONE,,RPM:486bd1410c14fce1 TPS:486bd1411108de ADV:486bd1410e9164 MIL:486bd1410100000000c6
1789376271.2039,171.759,1329.0,-43.7,3.14,0.00,9.00,2.40,23.5,45.1,3.80,14.10,0.000,95.0,48.0,1,0,0,0,0,0,0,NONE,,RPM:486bd1410c14c4a9 TPS:486bd1411108de ADV:486bd1410e9265 MIL:486bd1410100000000c6
1789376271.6450,172.200,1373.0,99.7,3.14,0.00,8.50,2.40,23.5,45.1,3.80,14.10,0.000,95.0,48.0,1,0,0,0,0,0,0,NONE,,RPM:486bd1410c15745a TPS:486bd1411108de ADV:486bd1410e9164 MIL:486bd1410100000000c6
1789376271.9140,172.469,1357.0,-59.5,3.14,0.00,8.50,2.40,23.5,45.1,3.80,14.10,0.000,95.0,50.0,1,0,0,0,0,0,0,NONE,,RPM:486bd1410c15341a TPS:486bd1411108de ADV:486bd1410e9164 MIL:486bd1410100000000c6
1789376272.1788,172.734,1334.0,-86.9,3.14,0.00,8.50,2.40,23.5,45.1,3.80,14.10,0.000,95.0,50.0,1,0,0,0,0,0,0,NONE,,RPM:486bd1410c14d8bd TPS:486bd1411108de ADV:486bd1410e9164 MIL:486bd1410100000000c6
1789376272.4500,173.005,1313.0,-77.4,3.14,0.00,8.50,2.40,23.5,45.1,3.80,14.10,0.000,95.0,50.0,1,0,0,0,0,0,0,NONE,,RPM:486bd1410c148469 TPS:486bd1411108de ADV:486bd1410e9164 MIL:486bd1410100000000c6
1789376272.9400,173.495,1334.0,42.9,3.14,0.00,8.50,2.40,23.5,45.1,3.80,14.10,0.000,95.0,50.0,1,0,0,0,0,0,0,NONE,,RPM:486bd1410c14d8bd TPS:486bd1411108de ADV:486bd1410e9164 MIL:486bd1410100000000c6
1789376273.2353,173.791,1380.0,155.7,3.14,0.00,8.50,2.40,23.5,45.1,3.80,14.10,0.000,95.0,50.0,1,0,0,0,0,0,0,NONE,,RPM:486bd1410c159076 TPS:486bd1411108de ADV:486bd1410e9164 MIL:486bd1410100000000c6
1789376273.6766,174.232,1366.0,-31.7,3.14,0.00,7.50,2.40,23.5,45.1,3.80,14.10,0.000,95.0,50.0,1,0,0,0,0,0,0,NONE,,RPM:486bd1410c15583e TPS:486bd1411108de ADV:486bd1410e8f62 MIL:486bd1410100000000c6
1789376273.9543,174.510,1376.0,36.0,3.14,0.00,9.00,2.40,23.5,45.1,3.80,14.10,0.000,95.0,50.0,1,0,0,0,0,0,0,NONE,,RPM:486bd1410c158066 TPS:486bd1411108de ADV:486bd1410e9265 MIL:486bd1410100000000c6
1789376274.2586,174.814,1315.0,-200.5,3.14,0.00,8.50,2.40,23.5,45.1,3.80,14.10,0.000,95.0,50.0,1,0,0,0,0,0,0,NONE,,RPM:486bd1410c148c71 TPS:486bd1411108de ADV:486bd1410e9164 MIL:486bd1410100000000c6
1789376274.5510,175.106,1342.0,92.3,3.14,0.00,8.50,2.40,22.4,45.1,3.70,14.10,0.000,95.0,50.0,1,0,0,0,0,0,0,NONE,,RPM:486bd1410c14f8dd TPS:486bd1411108de ADV:486bd1410e9164 MIL:486bd1410100000000c6
1789376274.8176,175.373,1348.0,22.5,3.14,0.00,8.50,2.40,22.4,45.1,3.70,14.10,0.000,95.0,50.0,1,0,0,0,0,0,0,NONE,,RPM:486bd1410c1510f6 TPS:486bd1411108de ADV:486bd1410e9164 MIL:486bd1410100000000c6
1789376275.1376,175.693,1354.0,18.8,3.14,0.00,8.50,2.40,22.4,45.1,3.70,14.10,0.000,95.0,50.0,1,0,0,0,0,0,0,NONE,,RPM:486bd1410c15280e TPS:486bd1411108de ADV:486bd1410e9164 MIL:486bd1410100000000c6
1789376275.5742,176.130,1365.0,25.2,3.14,0.00,8.50,2.40,22.4,45.1,3.70,14.10,0.000,95.0,50.0,1,0,0,0,0,0,0,NONE,,RPM:486bd1410c15543a TPS:486bd1411108de ADV:486bd1410e9164 MIL:486bd1410100000000c6
1789376275.8900,176.445,1363.0,-6.3,3.14,0.00,8.50,2.40,22.4,45.1,3.70,14.10,0.000,95.0,51.0,1,0,0,0,0,0,0,NONE,,RPM:486bd1410c154c32 TPS:486bd1411108de ADV:486bd1410e9164 MIL:486bd1410100000000c6
1789376276.1963,176.752,1340.0,-75.1,3.14,0.00,9.00,2.40,22.4,45.1,3.70,14.10,0.000,95.0,51.0,1,0,0,0,0,0,0,NONE,,RPM:486bd1410c14f0d5 TPS:486bd1411108de ADV:486bd1410e9265 MIL:486bd1410100000000c6
1789376276.4631,177.018,1369.0,108.7,3.14,0.00,8.00,2.40,22.4,45.1,3.70,14.10,0.000,95.0,51.0,1,0,0,0,0,0,0,NONE,,RPM:486bd1410c15644a TPS:486bd1411108de ADV:486bd1410e9063 MIL:486bd1410100000000c6
1789376276.8988,177.454,1320.0,-112.5,3.14,0.00,8.50,2.40,22.4,45.1,3.70,14.10,0.000,95.0,51.0,1,0,0,0,0,0,0,NONE,,RPM:486bd1410c14a085 TPS:486bd1411108de ADV:486bd1410e9164 MIL:486bd1410100000000c6
1789376277.2312,177.787,1319.0,-3.0,3.14,0.00,8.00,2.40,22.4,45.1,3.70,14.10,0.000,95.0,51.0,1,0,0,0,0,0,0,NONE,,RPM:486bd1410c149c81 TPS:486bd1411108de ADV:486bd1410e9063 MIL:486bd1410100000000c6
1789376277.6995,178.255,1346.0,57.7,3.14,0.00,8.00,2.40,22.4,45.1,3.70,14.10,0.000,95.0,51.0,1,0,0,0,0,0,0,NONE,,RPM:486bd1410c1508ee TPS:486bd1411108de ADV:486bd1410e9063 MIL:486bd1410100000000c6
1789376277.9665,178.522,1372.0,97.4,3.14,0.00,8.50,2.40,22.4,45.1,3.70,14.10,0.000,95.0,51.0,1,0,0,0,0,0,0,NONE,,RPM:486bd1410c157056 TPS:486bd1411108de ADV:486bd1410e9164 MIL:486bd1410100000000c6
1789376278.2384,178.794,1277.0,-349.4,3.14,0.00,8.50,2.40,22.4,45.1,3.70,14.10,0.000,95.0,51.0,1,0,0,0,0,0,0,NONE,,RPM:486bd1410c13f4d8 TPS:486bd1411108de ADV:486bd1410e9164 MIL:486bd1410100000000c6
1789376278.5109,179.066,1449.0,631.0,3.14,0.00,8.50,2.40,22.4,45.1,3.70,14.10,0.000,95.0,51.0,1,0,0,0,0,0,0,NONE,,RPM:486bd1410c16a48b TPS:486bd1411108de ADV:486bd1410e9164 MIL:486bd1410100000000c6
1789376278.7957,179.351,1323.0,-442.5,3.14,0.00,8.50,2.40,22.4,45.1,3.70,14.10,0.000,95.0,51.0,1,0,0,0,0,0,0,NONE,,RPM:486bd1410c14ac91 TPS:486bd1411108de ADV:486bd1410e9164 MIL:486bd1410100000000c6
1789376279.1007,179.656,1334.0,36.1,3.14,0.00,8.50,2.40,22.4,45.1,3.70,14.10,0.000,95.0,51.0,1,0,0,0,0,0,0,NONE,,RPM:486bd1410c14d8bd TPS:486bd1411108de ADV:486bd1410e9164 MIL:486bd1410100000000c6
1789376279.5414,180.097,1333.0,-2.3,3.14,0.00,8.50,2.40,22.4,45.1,3.70,14.10,0.000,95.0,51.0,1,0,0,0,0,0,0,NONE,,RPM:486bd1410c14d4b9 TPS:486bd1411108de ADV:486bd1410e9164 MIL:486bd1410100000000c6
1789376279.8222,180.378,1323.0,-35.6,3.14,0.00,8.50,2.40,22.4,45.1,3.70,14.10,0.000,95.0,51.0,1,0,0,0,0,0,0,NONE,,RPM:486bd1410c14ac91 TPS:486bd1411108de ADV:486bd1410e9164 MIL:486bd1410100000000c6
1789376280.0936,180.649,1319.0,-14.7,3.14,0.00,8.50,2.40,22.4,45.1,3.70,14.10,0.000,95.0,51.0,1,0,0,0,0,0,0,NONE,,RPM:486bd1410c149c81 TPS:486bd1411108de ADV:486bd1410e9164 MIL:486bd1410100000000c6
1789376280.3780,180.933,1365.0,161.8,3.14,0.00,8.50,2.40,22.4,45.1,3.70,14.10,0.000,95.0,51.0,1,0,0,0,0,0,0,NONE,,RPM:486bd1410c15543a TPS:486bd1411108de ADV:486bd1410e9164 MIL:486bd1410100000000c6
1789376280.8372,181.393,1378.0,28.3,3.14,0.00,8.00,2.40,22.4,45.1,3.70,14.10,0.000,95.0,51.0,1,0,0,0,0,0,0,NONE,,RPM:486bd1410c15886e TPS:486bd1411108de ADV:486bd1410e9063 MIL:486bd1410100000000c6
1789376281.1323,181.688,1355.0,-78.0,3.14,0.00,8.50,2.40,22.4,45.1,3.70,14.10,0.000,95.0,51.0,1,0,0,0,0,0,0,NONE,,RPM:486bd1410c152c12 TPS:486bd1411108de ADV:486bd1410e9164 MIL:486bd1410100000000c6
1789376281.5868,182.142,1409.0,118.8,3.14,0.00,8.50,2.40,22.4,45.1,3.70,14.10,0.000,95.0,51.0,1,0,0,0,0,0,0,NONE,,RPM:486bd1410c1604eb TPS:486bd1411108de ADV:486bd1410e9164 MIL:486bd1410100000000c6
1789376281.8515,182.407,1291.0,-445.7,3.14,0.00,8.50,2.40,22.4,45.1,3.68,14.10,0.000,96.0,51.0,1,0,0,0,0,0,0,NONE,,RPM:486bd1410c142c11 TPS:486bd1411108de ADV:486bd1410e9164 MIL:486bd1410100000000c6
1789376282.1559,182.711,1409.0,387.7,3.14,0.00,8.00,2.40,22.4,45.1,3.68,14.10,0.000,96.0,51.0,1,0,0,0,0,0,0,NONE,,RPM:486bd1410c1604eb TPS:486bd1411108de ADV:486bd1410e9063 MIL:486bd1410100000000c6
1789376282.4277,182.983,1312.0,-357.0,3.14,0.00,8.50,2.40,22.4,45.1,3.68,14.10,0.000,96.0,51.0,1,0,0,0,0,0,0,NONE,,RPM:486bd1410c148065 TPS:486bd1411108de ADV:486bd1410e9164 MIL:486bd1410100000000c6
1789376282.7389,183.294,1334.0,70.7,3.14,0.00,8.00,2.40,22.4,45.1,3.68,14.10,0.000,96.0,51.0,1,0,0,0,0,0,0,NONE,,RPM:486bd1410c14d8bd TPS:486bd1411108de ADV:486bd1410e9063 MIL:486bd1410100000000c6
1789376283.0345,183.590,1322.0,-40.6,3.14,0.00,9.00,2.40,22.4,45.1,3.68,14.10,0.000,96.0,51.0,1,0,0,0,0,0,0,NONE,,RPM:486bd1410c14a88d TPS:486bd1411108de ADV:486bd1410e9265 MIL:486bd1410100000000c6
1789376283.4916,184.047,1313.0,-19.7,3.14,0.00,9.00,2.40,22.4,45.1,3.68,14.10,0.000,96.0,51.0,1,0,0,0,0,0,0,NONE,,RPM:486bd1410c148469 TPS:486bd1411108de ADV:486bd1410e9265 MIL:486bd1410100000000c6
1789376283.8138,184.369,1373.0,186.2,3.14,0.00,8.00,2.40,22.4,45.1,3.68,14.10,0.000,96.0,52.0,1,0,0,0,0,0,0,NONE,,RPM:486bd1410c15745a TPS:486bd1411108de ADV:486bd1410e9063 MIL:486bd1410100000000c6
1789376284.0904,184.646,1310.0,-227.8,3.14,0.00,9.00,2.40,22.4,45.1,3.68,14.10,0.000,96.0,52.0,1,0,0,0,0,0,0,NONE,,RPM:486bd1410c14785d TPS:486bd1411108de ADV:486bd1410e9265 MIL:486bd1410100000000c6
1789376284.3956,184.951,1427.0,383.5,3.14,0.00,7.50,2.40,22.4,45.1,3.68,14.10,0.000,96.0,52.0,1,0,0,0,0,0,0,NONE,,RPM:486bd1410c164c33 TPS:486bd1411108de ADV:486bd1410e8f62 MIL:486bd1410100000000c6
1789376284.8687,185.424,1349.0,-164.8,3.14,0.00,8.50,2.40,22.4,45.1,3.68,14.10,0.000,96.0,52.0,1,0,0,0,0,0,0,NONE,,RPM:486bd1410c1514fa TPS:486bd1411108de ADV:486bd1410e9164 MIL:486bd1410100000000c6
1789376285.1459,185.701,1335.0,-50.5,3.14,0.00,8.50,2.40,22.4,45.1,3.68,14.10,0.000,96.0,52.0,1,0,0,0,0,0,0,NONE,,RPM:486bd1410c14dcc1 TPS:486bd1411108de ADV:486bd1410e9164 MIL:486bd1410100000000c6
1789376285.6285,186.184,1339.0,8.3,3.14,0.00,9.00,2.40,22.4,45.1,3.68,14.10,0.000,96.0,52.0,1,0,0,0,0,0,0,NONE,,RPM:486bd1410c14ecd1 TPS:486bd1411108de ADV:486bd1410e9265 MIL:486bd1410100000000c6
1789376285.9292,186.484,1312.0,-89.8,3.14,0.00,8.50,2.40,22.4,45.1,3.68,14.10,0.000,96.0,52.0,1,0,0,0,0,0,0,NONE,,RPM:486bd1410c148065 TPS:486bd1411108de ADV:486bd1410e9164 MIL:486bd1410100000000c6
1789376286.2019,186.757,1372.0,220.0,3.14,0.00,8.50,2.40,22.4,45.1,3.68,14.10,0.000,96.0,52.0,1,0,0,0,0,0,0,NONE,,RPM:486bd1410c157056 TPS:486bd1411108de ADV:486bd1410e9164 MIL:486bd1410100000000c6
1789376286.5051,187.060,1298.0,-244.0,3.14,0.00,9.00,2.40,22.7,45.1,3.71,14.10,0.000,96.0,52.0,1,0,0,0,0,0,0,NONE,,RPM:486bd1410c14482d TPS:486bd1411108de ADV:486bd1410e9265 MIL:486bd1410100000000c6
1789376286.7778,187.333,1336.0,139.4,3.14,0.00,8.00,2.40,22.7,45.1,3.71,14.10,0.000,96.0,52.0,1,0,0,0,0,0,0,NONE,,RPM:486bd1410c14e0c5 TPS:486bd1411108de ADV:486bd1410e9063 MIL:486bd1410100000000c6
1789376287.0496,187.605,1367.0,114.1,3.14,0.00,9.00,2.40,22.7,45.1,3.71,14.10,0.000,96.0,52.0,1,0,0,0,0,0,0,NONE,,RPM:486bd1410c155c42 TPS:486bd1411108de ADV:486bd1410e9265 MIL:486bd1410100000000c6
1789376287.5121,188.067,1339.0,-60.5,3.14,0.00,8.50,2.40,22.7,45.1,3.71,14.10,0.000,96.0,52.0,1,0,0,0,0,0,0,NONE,,RPM:486bd1410c14ecd1 TPS:486bd1411108de ADV:486bd1410e9164 MIL:486bd1410100000000c6
1789376287.7838,188.339,1379.0,147.2,3.14,0.00,8.50,2.40,22.7,45.1,3.71,14.10,0.000,96.0,52.0,1,0,0,0,0,0,0,NONE,,RPM:486bd1410c158c72 TPS:486bd1411108de ADV:486bd1410e9164 MIL:486bd1410100000000c6
1789376288.0720,188.627,1281.0,-340.0,3.14,0.00,8.50,2.40,22.7,45.1,3.71,14.10,0.000,96.0,52.0,1,0,0,0,0,0,0,NONE,,RPM:486bd1410c1404e9 TPS:486bd1411108de ADV:486bd1410e9164 MIL:486bd1410100000000c6
1789376288.3453,188.901,1371.0,329.3,3.14,0.00,8.00,2.40,22.7,45.1,3.71,14.10,0.000,96.0,52.0,1,0,0,0,0,0,0,NONE,,RPM:486bd1410c156c52 TPS:486bd1411108de ADV:486bd1410e9063 MIL:486bd1410100000000c6
1789376288.7761,189.331,1278.0,-215.9,3.14,0.00,8.50,2.40,22.7,45.1,3.71,14.10,0.000,96.0,52.0,1,0,0,0,0,0,0,NONE,,RPM:486bd1410c13f8dc TPS:486bd1411108de ADV:486bd1410e9164 MIL:486bd1410100000000c6
1789376289.0474,189.603,1327.0,180.6,3.14,0.00,8.50,2.40,22.7,45.1,3.71,14.10,0.000,96.0,52.0,1,0,0,0,0,0,0,NONE,,RPM:486bd1410c14bca1 TPS:486bd1411108de ADV:486bd1410e9164 MIL:486bd1410100000000c6
1789376289.5332,190.088,1311.0,-32.9,3.14,0.00,8.50,2.40,22.7,45.1,3.71,14.10,0.000,96.0,52.0,1,0,0,0,0,0,0,NONE,,RPM:486bd1410c147c61 TPS:486bd1411108de ADV:486bd1410e9164 MIL:486bd1410100000000c6
1789376289.7991,190.354,1388.0,289.5,3.14,0.00,8.50,2.40,22.7,45.1,3.70,14.10,0.000,97.0,52.0,1,0,0,0,0,0,0,NONE,,RPM:486bd1410c15b096 TPS:486bd1411108de ADV:486bd1410e9164 MIL:486bd1410100000000c6
1789376290.1027,190.658,1280.0,-355.7,3.14,0.00,8.50,2.40,22.7,45.1,3.70,14.10,0.000,97.0,52.0,1,0,0,0,0,0,0,NONE,,RPM:486bd1410c1400e5 TPS:486bd1411108de ADV:486bd1410e9164 MIL:486bd1410100000000c6
1789376290.4010,190.956,1347.0,224.6,3.14,0.00,8.50,2.40,23.9,45.1,3.80,14.10,0.000,97.0,52.0,1,0,0,0,0,0,0,NONE,,RPM:486bd1410c150cf2 TPS:486bd1411108de ADV:486bd1410e9164 MIL:486bd1410100000000c6
1789376290.6703,191.226,1349.0,7.4,3.14,0.00,7.50,2.40,23.9,45.1,3.80,14.10,0.000,97.0,52.0,1,0,0,0,0,0,0,NONE,,RPM:486bd1410c1514fa TPS:486bd1411108de ADV:486bd1410e8f62 MIL:486bd1410100000000c6
1789376290.9344,191.490,1356.0,26.5,3.14,0.00,9.00,2.40,23.9,45.1,3.80,14.10,0.000,97.0,52.0,1,0,0,0,0,0,0,NONE,,RPM:486bd1410c153016 TPS:486bd1411108de ADV:486bd1410e9265 MIL:486bd1410100000000c6
1789376291.3555,191.911,1347.0,-21.4,3.14,0.00,8.00,2.40,23.9,45.1,3.80,14.10,0.000,97.0,52.0,1,0,0,0,0,0,0,NONE,,RPM:486bd1410c150cf2 TPS:486bd1411108de ADV:486bd1410e9063 MIL:486bd1410100000000c6
1789376291.6648,192.220,1364.0,55.0,3.14,0.00,9.00,2.40,23.9,45.1,3.80,14.10,0.000,97.0,53.0,1,0,0,0,0,0,0,NONE,,RPM:486bd1410c155036 TPS:486bd1411108de ADV:486bd1410e9265 MIL:486bd1410100000000c6
1789376291.9567,192.512,1349.0,-51.4,3.14,0.00,8.50,2.40,23.9,45.1,3.80,14.10,0.000,97.0,53.0,1,0,0,0,0,0,0,NONE,,RPM:486bd1410c1514fa TPS:486bd1411108de ADV:486bd1410e9164 MIL:486bd1410100000000c6
1789376292.2286,192.784,1323.0,-95.6,3.14,0.00,9.00,2.40,23.9,45.1,3.80,14.10,0.000,97.0,53.0,1,0,0,0,0,0,0,NONE,,RPM:486bd1410c14ac91 TPS:486bd1411108de ADV:486bd1410e9265 MIL:486bd1410100000000c6
1789376292.7263,193.282,1337.0,28.1,3.14,0.00,9.00,2.40,23.9,45.1,3.80,14.10,0.000,97.0,53.0,1,0,0,0,0,0,0,NONE,,RPM:486bd1410c14e4c9 TPS:486bd1411108de ADV:486bd1410e9265 MIL:486bd1410100000000c6
1789376293.0004,193.556,1330.0,-25.5,3.14,0.00,8.50,2.40,23.9,45.1,3.80,14.10,0.000,97.0,53.0,1,0,0,0,0,0,0,NONE,,RPM:486bd1410c14c8ad TPS:486bd1411108de ADV:486bd1410e9164 MIL:486bd1410100000000c6
1789376293.4317,193.987,1318.0,-27.8,3.14,0.00,8.50,2.40,23.9,45.1,3.80,14.10,0.000,97.0,53.0,1,0,0,0,0,0,0,NONE,,RPM:486bd1410c14987d TPS:486bd1411108de ADV:486bd1410e9164 MIL:486bd1410100000000c6
1789376293.7324,194.288,1355.0,123.0,3.14,0.00,8.00,2.40,23.9,45.1,3.80,14.10,0.000,97.0,53.0,1,0,0,0,0,0,0,NONE,,RPM:486bd1410c152c12 TPS:486bd1411108de ADV:486bd1410e9063 MIL:486bd1410100000000c6
1789376294.0038,194.559,1373.0,66.3,3.14,0.00,9.00,2.40,23.9,45.1,3.80,14.10,0.000,97.0,53.0,1,0,0,0,0,0,0,NONE,,RPM:486bd1410c15745a TPS:486bd1411108de ADV:486bd1410e9265 MIL:486bd1410100000000c6
1789376294.2764,194.832,1340.0,-121.1,3.14,0.00,8.00,2.40,21.6,45.1,3.59,14.10,0.000,97.0,53.0,1,0,0,0,0,0,0,NONE,,RPM:486bd1410c14f0d5 TPS:486bd1411108de ADV:486bd1410e9063 MIL:486bd1410100000000c6
1789376294.5472,195.102,1395.0,203.1,3.14,0.00,8.50,2.40,21.6,45.1,3.59,14.10,0.000,97.0,53.0,1,0,0,0,0,0,0,NONE,,RPM:486bd1410c15ccb2 TPS:486bd1411108de ADV:486bd1410e9164 MIL:486bd1410100000000c6
1789376294.8626,195.418,1332.0,-199.7,3.14,0.00,8.00,2.40,21.6,45.1,3.59,14.10,0.000,97.0,53.0,1,0,0,0,0,0,0,NONE,,RPM:486bd1410c14d0b5 TPS:486bd1411108de ADV:486bd1410e9063 MIL:486bd1410100000000c6
1789376295.3932,195.948,1328.0,-7.5,3.14,0.00,7.50,2.40,21.6,45.1,3.59,14.10,0.000,97.0,53.0,1,0,0,0,0,0,0,NONE,,RPM:486bd1410c14c0a5 TPS:486bd1411108de ADV:486bd1410e8f62 MIL:486bd1410100000000c6
1789376295.6656,196.221,1383.0,201.9,3.14,0.00,10.00,2.40,21.6,45.1,3.59,14.10,0.000,97.0,53.0,1,0,0,0,0,0,0,NONE,,RPM:486bd1410c159c82 TPS:486bd1411108de ADV:486bd1410e9467 MIL:486bd1410100000000c6
1789376295.9383,196.494,1336.0,-172.3,3.14,0.00,7.50,2.40,21.6,45.1,3.59,14.10,0.000,97.0,53.0,1,0,0,0,0,0,0,NONE,,RPM:486bd1410c14e0c5 TPS:486bd1411108de ADV:486bd1410e8f62 MIL:486bd1410100000000c6
1789376296.2099,196.765,1373.0,136.2,3.14,0.00,10.00,2.40,21.6,45.1,3.59,14.10,0.000,97.0,53.0,1,0,0,0,0,0,0,NONE,,RPM:486bd1410c15745a TPS:486bd1411108de ADV:486bd1410e9467 MIL:486bd1410100000000c6
1789376296.6396,197.195,1389.0,37.2,3.14,0.00,8.50,2.40,21.6,45.1,3.59,14.10,0.000,97.0,53.0,1,0,0,0,0,0,0,NONE,,RPM:486bd1410c15b49a TPS:486bd1411108de ADV:486bd1410e9164 MIL:486bd1410100000000c6
1789376296.9458,197.501,1270.0,-388.6,3.14,0.00,8.50,2.40,21.6,45.1,3.59,14.10,0.000,97.0,53.0,1,0,0,0,0,0,0,NONE,,RPM:486bd1410c13d8bc TPS:486bd1411108de ADV:486bd1410e9164 MIL:486bd1410100000000c6
1789376297.4197,197.975,1382.0,236.4,3.14,0.00,8.50,2.40,21.6,45.1,3.59,14.10,0.000,97.0,53.0,1,0,0,0,0,0,0,NONE,,RPM:486bd1410c15987e TPS:486bd1411108de ADV:486bd1410e9164 MIL:486bd1410100000000c6
1789376297.6896,198.245,1287.0,-352.0,3.14,0.00,8.50,2.40,21.6,45.1,3.59,14.10,0.000,97.0,53.0,1,0,0,0,0,0,0,NONE,,RPM:486bd1410c141c01 TPS:486bd1411108de ADV:486bd1410e9164 MIL:486bd1410100000000c6
1789376297.9687,198.524,1398.0,397.8,3.14,0.00,8.50,2.40,21.6,45.1,3.59,14.10,0.000,97.0,53.0,1,0,0,0,0,0,0,NONE,,RPM:486bd1410c15d8be TPS:486bd1411108de ADV:486bd1410e9164 MIL:486bd1410100000000c6
1789376298.2405,198.796,1304.0,-345.8,3.14,0.00,8.50,2.40,22.0,45.1,3.63,14.10,0.000,97.0,53.0,1,0,0,0,0,0,0,NONE,,RPM:486bd1410c146045 TPS:486bd1411108de ADV:486bd1410e9164 MIL:486bd1410100000000c6
1789376298.5181,199.073,1350.0,165.7,3.14,0.00,9.00,2.40,22.0,45.1,3.63,14.10,0.000,97.0,53.0,1,0,0,0,0,0,0,NONE,,RPM:486bd1410c1518fe TPS:486bd1411108de ADV:486bd1410e9265 MIL:486bd1410100000000c6
1789376298.8031,199.358,1301.0,-171.9,3.14,0.00,8.50,2.40,22.0,45.1,3.63,14.10,0.000,97.0,53.0,1,0,0,0,0,0,0,NONE,,RPM:486bd1410c145439 TPS:486bd1411108de ADV:486bd1410e9164 MIL:486bd1410100000000c6
1789376299.2642,199.819,1344.0,93.3,3.14,0.00,8.50,2.40,22.0,45.1,3.63,14.10,0.000,97.0,53.0,1,0,0,0,0,0,0,NONE,,RPM:486bd1410c1500e6 TPS:486bd1411108de ADV:486bd1410e9164 MIL:486bd1410100000000c6
1789376299.5351,200.090,1311.0,-121.8,3.14,0.00,8.50,2.40,22.0,45.1,3.63,14.10,0.000,97.0,53.0,1,0,0,0,0,0,0,NONE,,RPM:486bd1410c147c61 TPS:486bd1411108de ADV:486bd1410e9164 MIL:486bd1410100000000c6
1789376299.8197,200.375,1363.0,182.7,3.14,0.00,8.50,2.40,22.0,45.1,3.63,14.10,0.000,97.0,53.0,1,0,0,0,0,0,0,NONE,,RPM:486bd1410c154c32 TPS:486bd1411108de ADV:486bd1410e9164 MIL:486bd1410100000000c6
1789376300.1434,200.699,1369.0,18.5,3.14,0.00,8.50,2.40,22.0,45.1,3.63,14.10,0.000,97.0,53.0,1,0,0,0,0,0,0,NONE,,RPM:486bd1410c15644a TPS:486bd1411108de ADV:486bd1410e9164 MIL:486bd1410100000000c6
1789376300.5654,201.121,1319.0,-118.5,3.14,0.00,9.00,2.40,22.0,45.1,3.63,14.10,0.000,97.0,53.0,1,0,0,0,0,0,0,NONE,,RPM:486bd1410c149c81 TPS:486bd1411108de ADV:486bd1410e9265 MIL:486bd1410100000000c6
1789376300.8812,201.436,1318.0,-3.2,3.14,0.00,8.00,2.40,22.0,45.1,3.63,14.10,0.000,97.0,53.0,1,0,0,0,0,0,0,NONE,,RPM:486bd1410c14987d TPS:486bd1411108de ADV:486bd1410e9063 MIL:486bd1410100000000c6
1789376301.3299,201.885,1298.0,-44.6,3.14,0.00,8.50,2.40,22.0,45.1,3.63,14.10,0.000,97.0,53.0,1,0,0,0,0,0,0,NONE,,RPM:486bd1410c14482d TPS:486bd1411108de ADV:486bd1410e9164 MIL:486bd1410100000000c6
1789376301.6453,202.201,1353.0,174.3,3.14,0.00,8.50,2.40,22.0,45.1,3.63,14.10,0.000,97.0,53.0,1,0,0,0,0,0,0,NONE,,RPM:486bd1410c15240a TPS:486bd1411108de ADV:486bd1410e9164 MIL:486bd1410100000000c6
1789376301.9181,202.473,1380.0,99.0,3.14,0.00,8.50,2.40,22.0,45.1,3.63,14.10,0.000,97.0,53.0,1,0,0,0,0,0,0,NONE,,RPM:486bd1410c159076 TPS:486bd1411108de ADV:486bd1410e9164 MIL:486bd1410100000000c6
1789376302.1895,202.745,1316.0,-235.8,3.14,0.00,9.00,2.40,22.7,45.1,3.70,14.10,0.000,97.0,53.0,1,0,0,0,0,0,0,NONE,,RPM:486bd1410c149075 TPS:486bd1411108de ADV:486bd1410e9265 MIL:486bd1410100000000c6
1789376302.4619,203.017,1310.0,-22.0,3.14,0.00,8.50,2.40,22.7,45.1,3.70,14.10,0.000,97.0,53.0,1,0,0,0,0,0,0,NONE,,RPM:486bd1410c14785d TPS:486bd1411108de ADV:486bd1410e9164 MIL:486bd1410100000000c6
1789376302.7338,203.289,1321.0,40.5,3.14,0.00,8.50,2.40,22.7,45.1,3.70,14.10,0.000,97.0,53.0,1,0,0,0,0,0,0,NONE,,RPM:486bd1410c14a489 TPS:486bd1411108de ADV:486bd1410e9164 MIL:486bd1410100000000c6
1789376303.2077,203.763,1356.0,73.9,3.14,0.00,8.50,2.40,22.7,45.1,3.70,14.10,0.000,97.0,53.0,1,0,0,0,0,0,0,NONE,,RPM:486bd1410c153016 TPS:486bd1411108de ADV:486bd1410e9164 MIL:486bd1410100000000c6
1789376303.5351,204.090,1326.0,-91.6,3.14,0.00,8.50,2.40,22.7,45.1,3.70,14.10,0.000,97.0,54.0,1,0,0,0,0,0,0,NONE,,RPM:486bd1410c14b89d TPS:486bd1411108de ADV:486bd1410e9164 MIL:486bd1410100000000c6
1789376303.8031,204.358,1354.0,104.5,3.14,0.00,8.50,2.40,22.7,45.1,3.70,14.10,0.000,97.0,54.0,1,0,0,0,0,0,0,NONE,,RPM:486bd1410c15280e TPS:486bd1411108de ADV:486bd1410e9164 MIL:486bd1410100000000c6
1789376304.1074,204.663,1340.0,-46.0,3.14,0.00,8.50,2.40,22.7,45.1,3.70,14.10,0.000,97.0,54.0,1,0,0,0,0,0,0,NONE,,RPM:486bd1410c14f0d5 TPS:486bd1411108de ADV:486bd1410e9164 MIL:486bd1410100000000c6
1789376304.6028,205.158,1332.0,-16.1,3.14,0.00,10.00,2.40,22.7,45.1,3.70,14.10,0.000,97.0,54.0,1,0,0,0,0,0,0,NONE,,RPM:486bd1410c14d0b5 TPS:486bd1411108de ADV:486bd1410e9467 MIL:486bd1410100000000c6
1789376304.8772,205.432,1319.0,-47.4,3.14,0.00,8.50,2.40,22.7,45.1,3.70,14.10,0.000,97.0,54.0,1,0,0,0,0,0,0,NONE,,RPM:486bd1410c149c81 TPS:486bd1411108de ADV:486bd1410e9164 MIL:486bd1410100000000c6
1789376305.3300,205.885,1314.0,-11.0,3.14,0.00,8.50,2.40,22.7,45.1,3.70,14.10,0.000,97.0,54.0,1,0,0,0,0,0,0,NONE,,RPM:486bd1410c14886d TPS:486bd1411108de ADV:486bd1410e9164 MIL:486bd1410100000000c6
1789376305.5961,206.151,1347.0,124.0,3.14,0.00,8.50,2.40,22.7,45.1,3.68,14.10,0.000,98.0,54.0,1,0,0,0,0,0,0,NONE,,RPM:486bd1410c150cf2 TPS:486bd1411108de ADV:486bd1410e9164 MIL:486bd1410100000000c6
1789376305.8671,206.422,1391.0,162.4,3.14,0.00,8.50,2.40,22.7,45.1,3.68,14.10,0.000,98.0,54.0,1,0,0,0,0,0,0,NONE,,RPM:486bd1410c15bca2 TPS:486bd1411108de ADV:486bd1410e9164 MIL:486bd1410100000000c6
1789376306.1394,206.695,1340.0,-187.3,3.14,0.00,8.50,2.40,22.0,45.1,3.61,14.10,0.000,98.0,54.0,1,0,0,0,0,0,0,NONE,,RPM:486bd1410c14f0d5 TPS:486bd1411108de ADV:486bd1410e9164 MIL:486bd1410100000000c6
1789376306.4221,206.977,1386.0,162.7,3.14,0.00,8.00,2.40,22.0,45.1,3.61,14.10,0.000,98.0,54.0,1,0,0,0,0,0,0,NONE,,RPM:486bd1410c15a88e TPS:486bd1411108de ADV:486bd1410e9063 MIL:486bd1410100000000c6
1789376306.7287,207.284,1300.0,-280.5,3.14,0.00,8.50,2.40,22.0,45.1,3.61,14.10,0.000,98.0,54.0,1,0,0,0,0,0,0,NONE,,RPM:486bd1410c145035 TPS:486bd1411108de ADV:486bd1410e9164 MIL:486bd1410100000000c6
1789376307.2063,207.762,1404.0,217.8,3.14,0.00,8.50,2.40,22.0,45.1,3.61,14.10,0.000,98.0,54.0,1,0,0,0,0,0,0,NONE,,RPM:486bd1410c15f0d6 TPS:486bd1411108de ADV:486bd1410e9164 MIL:486bd1410100000000c6
1789376307.4976,208.053,1310.0,-322.6,3.14,0.00,8.50,2.40,22.0,45.1,3.61,14.10,0.000,98.0,55.0,1,0,0,0,0,0,0,NONE,,RPM:486bd1410c14785d TPS:486bd1411108de ADV:486bd1410e9164 MIL:486bd1410100000000c6
1789376307.7799,208.335,1345.0,124.0,3.14,0.00,8.50,2.40,22.0,45.1,3.61,14.10,0.000,98.0,55.0,1,0,0,0,0,0,0,NONE,,RPM:486bd1410c1504ea TPS:486bd1411108de ADV:486bd1410e9164 MIL:486bd1410100000000c6
1789376308.0934,208.649,1336.0,-28.7,3.14,0.00,8.50,2.40,22.0,45.1,3.61,14.10,0.000,98.0,55.0,1,0,0,0,0,0,0,NONE,,RPM:486bd1410c14e0c5 TPS:486bd1411108de ADV:486bd1410e9164 MIL:486bd1410100000000c6
1789376308.5208,209.076,1349.0,30.4,3.14,0.00,9.00,2.40,22.0,45.1,3.61,14.10,0.000,98.0,55.0,1,0,0,0,0,0,0,NONE,,RPM:486bd1410c1514fa TPS:486bd1411108de ADV:486bd1410e9265 MIL:486bd1410100000000c6
1789376308.8265,209.382,1331.0,-58.9,3.14,0.00,8.00,2.40,22.0,45.1,3.61,14.10,0.000,98.0,55.0,1,0,0,0,0,0,0,NONE,,RPM:486bd1410c14ccb1 TPS:486bd1411108de ADV:486bd1410e9063 MIL:486bd1410100000000c6
1789376309.3026,209.858,1353.0,46.2,3.14,0.00,8.50,2.40,22.0,45.1,3.61,14.10,0.000,98.0,55.0,1,0,0,0,0,0,0,NONE,,RPM:486bd1410c15240a TPS:486bd1411108de ADV:486bd1410e9164 MIL:486bd1410100000000c6
1789376309.5757,210.131,1344.0,-32.9,3.14,0.00,9.00,2.40,22.0,45.1,3.59,14.10,0.000,99.0,55.0,1,0,0,0,0,0,0,NONE,,RPM:486bd1410c1500e6 TPS:486bd1411108de ADV:486bd1410e9265 MIL:486bd1410100000000c6
1789376309.8486,210.404,1334.0,-36.6,3.14,0.00,9.00,2.40,22.0,45.1,3.59,14.10,0.000,99.0,55.0,1,0,0,0,0,0,0,NONE,,RPM:486bd1410c14d8bd TPS:486bd1411108de ADV:486bd1410e9265 MIL:486bd1410100000000c6
1789376310.1365,210.692,1346.0,41.7,3.14,0.00,8.50,2.40,22.7,45.1,3.66,14.10,0.000,99.0,55.0,1,0,0,0,0,0,0,NONE,,RPM:486bd1410c1508ee TPS:486bd1411108de ADV:486bd1410e9164 MIL:486bd1410100000000c6
1789376310.4240,210.979,1301.0,-156.5,3.14,0.00,8.50,2.40,22.7,45.1,3.66,14.10,0.000,99.0,55.0,1,0,0,0,0,0,0,NONE,,RPM:486bd1410c145439 TPS:486bd1411108de ADV:486bd1410e9164 MIL:486bd1410100000000c6
1789376310.6963,211.252,1415.0,418.7,3.14,0.00,8.50,2.40,22.7,45.1,3.66,14.10,0.000,99.0,55.0,1,0,0,0,0,0,0,NONE,,RPM:486bd1410c161c03 TPS:486bd1411108de ADV:486bd1410e9164 MIL:486bd1410100000000c6
1789376311.1605,211.716,1338.0,-165.9,3.14,0.00,9.00,2.40,22.7,45.1,3.66,14.10,0.000,99.0,55.0,1,0,0,0,0,0,0,NONE,,RPM:486bd1410c14e8cd TPS:486bd1411108de ADV:486bd1410e9265 MIL:486bd1410100000000c6
1789376311.4319,211.987,1381.0,158.4,3.14,0.00,8.50,2.40,22.7,45.1,3.66,14.10,0.000,99.0,55.0,1,0,0,0,0,0,0,NONE,,RPM:486bd1410c15947a TPS:486bd1411108de ADV:486bd1410e9164 MIL:486bd1410100000000c6
1789376311.7033,212.259,1320.0,-224.8,3.14,0.00,8.50,2.40,22.7,45.1,3.66,14.10,0.000,99.0,55.0,1,0,0,0,0,0,0,NONE,,RPM:486bd1410c14a085 TPS:486bd1411108de ADV:486bd1410e9164 MIL:486bd1410100000000c6
1789376312.0075,212.563,1316.0,-13.2,3.14,0.00,9.00,2.40,22.7,45.1,3.66,14.10,0.000,99.0,55.0,1,0,0,0,0,0,0,NONE,,RPM:486bd1410c149075 TPS:486bd1411108de ADV:486bd1410e9265 MIL:486bd1410100000000c6
1789376312.4635,213.019,1377.0,133.8,3.14,0.00,8.50,2.40,22.7,45.1,3.66,14.10,0.000,99.0,55.0,1,0,0,0,0,0,0,NONE,,RPM:486bd1410c15846a TPS:486bd1411108de ADV:486bd1410e9164 MIL:486bd1410100000000c6
1789376312.7446,213.300,1337.0,-142.3,3.14,0.00,8.50,2.40,22.7,45.1,3.66,14.10,0.000,99.0,55.0,1,0,0,0,0,0,0,NONE,,RPM:486bd1410c14e4c9 TPS:486bd1411108de ADV:486bd1410e9164 MIL:486bd1410100000000c6
1789376313.2043,213.760,1317.0,-43.5,3.14,0.00,10.00,2.40,22.7,45.1,3.66,14.10,0.000,99.0,55.0,1,0,0,0,0,0,0,NONE,,RPM:486bd1410c149479 TPS:486bd1411108de ADV:486bd1410e9467 MIL:486bd1410100000000c6
1789376313.4780,214.033,1345.0,102.3,3.14,0.00,8.00,2.40,22.7,45.1,3.65,14.10,0.000,100.0,55.0,1,0,0,0,0,0,0,NONE,,RPM:486bd1410c1504ea TPS:486bd1411108de ADV:486bd1410e9063 MIL:486bd1410100000000c6
1789376313.7577,214.313,1346.0,3.6,3.14,0.00,8.50,2.40,22.7,45.1,3.65,14.10,0.000,100.0,55.0,1,0,0,0,0,0,0,NONE,,RPM:486bd1410c1508ee TPS:486bd1411108de ADV:486bd1410e9164 MIL:486bd1410100000000c6
1789376314.0618,214.617,1343.0,-9.9,3.14,0.00,8.50,2.40,22.0,45.1,3.58,14.10,0.000,100.0,55.0,1,0,0,0,0,0,0,NONE,,RPM:486bd1410c14fce1 TPS:486bd1411108de ADV:486bd1410e9164 MIL:486bd1410100000000c6
1789376314.3426,214.898,1330.0,-46.3,3.14,0.00,8.50,2.40,22.0,45.1,3.58,14.10,0.000,100.0,55.0,1,0,0,0,0,0,0,NONE,,RPM:486bd1410c14c8ad TPS:486bd1411108de ADV:486bd1410e9164 MIL:486bd1410100000000c6
1789376314.6460,215.201,1350.0,65.9,3.14,0.00,8.50,2.40,22.0,45.1,3.58,14.10,0.000,100.0,55.0,1,0,0,0,0,0,0,NONE,,RPM:486bd1410c1518fe TPS:486bd1411108de ADV:486bd1410e9164 MIL:486bd1410100000000c6
1789376315.0968,215.652,1333.0,-37.7,3.14,0.00,8.50,2.40,22.0,45.1,3.58,14.10,0.000,100.0,55.0,1,0,0,0,0,0,0,NONE,,RPM:486bd1410c14d4b9 TPS:486bd1411108de ADV:486bd1410e9164 MIL:486bd1410100000000c6
1789376315.3642,215.919,1344.0,41.1,3.14,0.00,9.00,2.40,22.0,45.1,3.58,14.10,0.000,100.0,55.0,1,0,0,0,0,0,0,NONE,,RPM:486bd1410c1500e6 TPS:486bd1411108de ADV:486bd1410e9265 MIL:486bd1410100000000c6
1789376315.6445,216.200,1354.0,35.7,3.14,0.00,8.50,2.40,22.0,45.1,3.58,14.10,0.000,100.0,55.0,1,0,0,0,0,0,0,NONE,,RPM:486bd1410c15280e TPS:486bd1411108de ADV:486bd1410e9164 MIL:486bd1410100000000c6
1789376315.9272,216.483,1325.0,-102.6,3.14,0.00,8.50,2.40,22.0,45.1,3.58,14.10,0.000,100.0,55.0,1,0,0,0,0,0,0,NONE,,RPM:486bd1410c14b499 TPS:486bd1411108de ADV:486bd1410e9164 MIL:486bd1410100000000c6
1789376316.3637,216.919,1329.0,9.2,3.14,0.00,10.50,2.40,22.0,45.1,3.58,14.10,0.000,100.0,55.0,1,0,0,0,0,0,0,NONE,,RPM:486bd1410c14c4a9 TPS:486bd1411108de ADV:486bd1410e9568 MIL:486bd1410100000000c6
1789376316.6597,217.215,1312.0,-57.4,3.14,0.00,8.00,2.40,22.0,45.1,3.58,14.10,0.000,100.0,55.0,1,0,0,0,0,0,0,NONE,,RPM:486bd1410c148065 TPS:486bd1411108de ADV:486bd1410e9063 MIL:486bd1410100000000c6
1789376317.1268,217.682,1339.0,57.8,3.14,0.00,8.50,2.40,22.0,45.1,3.58,14.10,0.000,100.0,55.0,1,0,0,0,0,0,0,NONE,,RPM:486bd1410c14ecd1 TPS:486bd1411108de ADV:486bd1410e9164 MIL:486bd1410100000000c6
1789376317.3973,217.953,1303.0,-133.1,3.14,0.00,8.50,2.40,22.0,45.1,3.58,14.10,0.000,100.0,55.0,1,0,0,0,0,0,0,NONE,,RPM:486bd1410c145c41 TPS:486bd1411108de ADV:486bd1410e9164 MIL:486bd1410100000000c6
1789376317.6672,218.222,1354.0,189.0,3.14,0.00,8.00,2.40,22.0,45.1,3.58,14.10,0.000,100.0,55.0,1,0,0,0,0,0,0,NONE,,RPM:486bd1410c15280e TPS:486bd1411108de ADV:486bd1410e9063 MIL:486bd1410100000000c6
1789376317.9383,218.494,1356.0,7.4,3.14,0.00,8.50,2.40,22.7,45.1,3.65,14.10,0.000,100.0,55.0,1,0,0,0,0,0,0,NONE,,RPM:486bd1410c153016 TPS:486bd1411108de ADV:486bd1410e9164 MIL:486bd1410100000000c6
1789376318.2593,218.815,1326.0,-93.5,3.14,0.00,9.00,2.40,22.7,45.1,3.65,14.10,0.000,100.0,55.0,1,0,0,0,0,0,0,NONE,,RPM:486bd1410c14b89d TPS:486bd1411108de ADV:486bd1410e9265 MIL:486bd1410100000000c6
1789376318.5315,219.087,1362.0,132.3,3.14,0.00,8.00,2.40,22.7,45.1,3.65,14.10,0.000,100.0,55.0,1,0,0,0,0,0,0,NONE,,RPM:486bd1410c15482e TPS:486bd1411108de ADV:486bd1410e9063 MIL:486bd1410100000000c6
1789376319.0003,219.556,1338.0,-51.2,3.14,0.00,8.00,2.40,22.7,45.1,3.65,14.10,0.000,100.0,55.0,1,0,0,0,0,0,0,NONE,,RPM:486bd1410c14e8cd TPS:486bd1411108de ADV:486bd1410e9063 MIL:486bd1410100000000c6
1789376319.2657,219.821,1323.0,-56.5,3.14,0.00,8.50,2.40,22.7,45.1,3.65,14.10,0.000,100.0,53.0,1,0,0,0,0,0,0,NONE,,RPM:486bd1410c14ac91 TPS:486bd1411108de ADV:486bd1410e9164 MIL:486bd1410100000000c6
1789376319.5383,220.094,1327.0,14.7,3.14,0.00,8.50,2.40,22.7,45.1,3.65,14.10,0.000,100.0,53.0,1,0,0,0,0,0,0,NONE,,RPM:486bd1410c14bca1 TPS:486bd1411108de ADV:486bd1410e9164 MIL:486bd1410100000000c6
1789376319.8732,220.428,1350.0,68.7,3.14,0.00,8.50,2.40,22.7,45.1,3.65,14.10,0.000,100.0,53.0,1,0,0,0,0,0,0,NONE,,RPM:486bd1410c1518fe TPS:486bd1411108de ADV:486bd1410e9164 MIL:486bd1410100000000c6
1789376320.3231,220.878,1369.0,42.2,3.14,0.00,8.50,2.40,22.7,45.1,3.65,14.10,0.000,100.0,53.0,1,0,0,0,0,0,0,NONE,,RPM:486bd1410c15644a TPS:486bd1411108de ADV:486bd1410e9164 MIL:486bd1410100000000c6
1789376320.6260,221.181,1349.0,-66.0,3.14,0.00,9.00,2.40,22.7,45.1,3.65,14.10,0.000,100.0,53.0,1,0,0,0,0,0,0,NONE,,RPM:486bd1410c1514fa TPS:486bd1411108de ADV:486bd1410e9265 MIL:486bd1410100000000c6
1789376321.0948,221.650,1361.0,25.6,3.14,0.00,8.50,2.40,22.7,45.1,3.65,14.10,0.000,100.0,53.0,1,0,0,0,0,0,0,NONE,,RPM:486bd1410c15442a TPS:486bd1411108de ADV:486bd1410e9164 MIL:486bd1410100000000c6
1789376321.3623,221.918,1325.0,-134.6,3.14,0.00,8.50,2.40,22.7,45.1,3.63,14.10,0.000,101.0,53.0,1,0,0,0,0,0,0,NONE,,RPM:486bd1410c14b499 TPS:486bd1411108de ADV:486bd1410e9164 MIL:486bd1410100000000c6
1789376321.6328,222.188,1363.0,140.5,3.14,0.00,8.50,2.40,22.7,45.1,3.63,14.10,0.000,101.0,53.0,1,0,0,0,0,0,0,NONE,,RPM:486bd1410c154c32 TPS:486bd1411108de ADV:486bd1410e9164 MIL:486bd1410100000000c6
1789376321.9687,222.524,1336.0,-80.4,3.14,0.00,8.00,2.40,21.6,45.1,3.53,14.10,0.000,101.0,53.0,1,0,0,0,0,0,0,NONE,,RPM:486bd1410c14e0c5 TPS:486bd1411108de ADV:486bd1410e9063 MIL:486bd1410100000000c6
1789376322.2553,222.811,1345.0,31.4,3.14,0.00,9.00,2.40,21.6,45.1,3.53,14.10,0.000,101.0,53.0,1,0,0,0,0,0,0,NONE,,RPM:486bd1410c1504ea TPS:486bd1411108de ADV:486bd1410e9265 MIL:486bd1410100000000c6
1789376322.5440,223.099,1297.0,-166.3,3.14,0.00,9.00,2.40,21.6,45.1,3.53,14.10,0.000,101.0,53.0,1,0,0,0,0,0,0,NONE,,RPM:486bd1410c144429 TPS:486bd1411108de ADV:486bd1410e9265 MIL:486bd1410100000000c6
1789376322.9897,223.545,1399.0,228.9,3.14,0.00,9.00,2.40,21.6,45.1,3.53,14.10,0.000,101.0,53.0,1,0,0,0,0,0,0,NONE,,RPM:486bd1410c15dcc2 TPS:486bd1411108de ADV:486bd1410e9265 MIL:486bd1410100000000c6
1789376323.3237,223.879,1304.0,-284.4,3.14,0.00,9.00,2.40,21.6,45.1,3.53,14.10,0.000,101.0,53.0,1,0,0,0,0,0,0,NONE,,RPM:486bd1410c146045 TPS:486bd1411108de ADV:486bd1410e9265 MIL:486bd1410100000000c6
1789376323.6097,224.165,1374.0,244.8,3.14,0.00,10.00,2.40,21.6,45.1,3.53,14.10,0.000,101.0,53.0,1,0,0,0,0,0,0,NONE,,RPM:486bd1410c15785e TPS:486bd1411108de ADV:486bd1410e9467 MIL:486bd1410100000000c6
1789376323.8705,224.426,1312.0,-237.7,3.14,0.00,10.00,2.40,21.6,45.1,3.53,14.10,0.000,101.0,53.0,1,0,0,0,0,0,0,NONE,,RPM:486bd1410c148065 TPS:486bd1411108de ADV:486bd1410e9467 MIL:486bd1410100000000c6
1789376324.3948,224.950,1325.0,24.8,3.53,0.75,8.50,2.40,21.6,45.3,3.53,14.10,0.000,101.0,53.0,1,0,0,0,0,0,0,NONE,,RPM:486bd1410c14b499 TPS:486bd1411109df ADV:486bd1410e9164 MIL:486bd1410100000000c6
1789376324.6695,225.225,1412.0,316.7,3.53,0.00,11.50,2.40,21.6,45.3,3.53,14.10,0.000,101.0,53.0,1,0,0,0,0,0,0,NONE,,RPM:486bd1410c1610f7 TPS:486bd1411109df ADV:486bd1410e976a MIL:486bd1410100000000c6
1789376325.1258,225.681,1473.0,133.7,6.27,6.02,7.50,2.40,21.6,46.9,3.53,14.10,0.000,101.0,53.0,1,0,0,0,0,0,0,NONE,,RPM:486bd1410c1704ec TPS:486bd1411110e6 ADV:486bd1410e8f62 MIL:486bd1410100000000c6
1789376325.4057,225.961,2097.0,2229.2,6.27,0.00,8.00,2.40,21.6,46.9,3.53,14.10,0.000,101.0,53.0,1,0,0,0,0,0,0,NONE,,RPM:486bd1410c20c4b5 TPS:486bd1411110e6 ADV:486bd1410e9063 MIL:486bd1410100000000c6
1789376325.6929,226.248,2157.0,208.9,6.67,1.37,10.50,2.40,21.6,47.2,3.53,14.10,0.000,101.0,53.0,1,0,0,0,0,0,0,NONE,,RPM:486bd1410c21b4a6 TPS:486bd1411111e7 ADV:486bd1410e9568 MIL:486bd1410100000000c6
1789376325.9660,226.521,2220.0,230.7,6.67,0.00,11.00,2.40,30.6,47.2,4.34,14.10,0.000,101.0,53.0,1,0,0,0,0,0,0,NONE,,RPM:486bd1410c22b0a3 TPS:486bd1411111e7 ADV:486bd1410e9669 MIL:486bd1410100000000c6
1789376326.2378,226.793,2203.0,-62.6,7.06,1.44,10.50,2.40,30.6,47.4,4.34,14.10,0.000,101.0,53.0,1,0,0,0,0,0,0,NONE,,RPM:486bd1410c226c5f TPS:486bd1411112e8 ADV:486bd1410e9568 MIL:486bd1410100000000c6
1789376326.5110,227.066,2150.0,-194.0,7.06,0.00,9.00,2.40,30.6,47.4,4.34,14.10,0.000,101.0,53.0,1,0,0,0,0,0,0,NONE,,RPM:486bd1410c21988a TPS:486bd1411112e8 ADV:486bd1410e9265 MIL:486bd1410100000000c6
1789376326.9569,227.512,2017.0,-298.3,6.67,-0.88,5.50,2.40,30.6,47.2,4.34,14.10,0.000,101.0,53.0,1,0,0,0,0,0,0,NONE,,RPM:486bd1410c1f8474 TPS:486bd1411111e7 ADV:486bd1410e8b5e MIL:486bd1410100000000c6
1789376327.2689,227.824,1900.0,-374.9,6.67,0.00,5.50,2.40,30.6,47.2,4.34,14.10,0.000,101.0,53.0,1,0,0,0,0,0,0,NONE,,RPM:486bd1410c1db09e TPS:486bd1411111e7 ADV:486bd1410e8b5e MIL:486bd1410100000000c6
1789376327.5314,228.087,1835.0,-247.7,6.67,0.00,6.00,2.40,30.6,47.2,4.34,14.10,0.000,101.0,53.0,1,0,0,0,0,0,0,NONE,,RPM:486bd1410c1cac99 TPS:486bd1411111e7 ADV:486bd1410e8c5f MIL:486bd1410100000000c6
1789376327.8051,228.360,1812.0,-84.0,6.27,-1.43,6.50,2.40,30.6,46.9,4.34,14.10,0.000,101.0,53.0,1,0,0,0,0,0,0,NONE,,RPM:486bd1410c1c503d TPS:486bd1411110e6 ADV:486bd1410e8d60 MIL:486bd1410100000000c6
1789376328.2638,228.819,2034.0,483.9,6.27,0.00,9.00,2.40,30.6,46.9,4.34,14.10,0.000,101.0,53.0,1,0,0,0,0,0,0,NONE,,RPM:486bd1410c1fc8b8 TPS:486bd1411110e6 ADV:486bd1410e9265 MIL:486bd1410100000000c6
1789376328.5549,229.110,2141.0,367.6,6.27,0.00,11.50,2.40,30.6,46.9,4.34,14.10,0.000,101.0,53.0,1,0,0,0,0,0,0,NONE,,RPM:486bd1410c217466 TPS:486bd1411110e6 ADV:486bd1410e976a MIL:486bd1410100000000c6
1789376329.0124,229.568,2375.0,511.4,3.14,-6.86,20.50,2.40,30.6,45.1,4.34,14.10,0.000,101.0,53.0,1,0,0,0,0,0,0,NONE,,RPM:486bd1410c251c12 TPS:486bd1411108de ADV:486bd1410ea97c MIL:486bd1410100000000c6
1789376329.3068,229.862,1867.0,-1725.5,3.14,0.00,10.00,2.40,30.6,45.1,4.34,14.10,0.000,101.0,53.0,1,0,0,0,0,0,0,NONE,,RPM:486bd1410c1d2c1a TPS:486bd1411108de ADV:486bd1410e9467 MIL:486bd1410100000000c6
1789376329.6230,230.178,1456.0,-1299.8,3.14,0.00,10.00,2.40,30.6,45.1,4.34,14.10,0.000,101.0,53.0,1,0,0,0,0,0,0,NONE,,RPM:486bd1410c16c0a7 TPS:486bd1411108de ADV:486bd1410e9467 MIL:486bd1410100000000c6
1789376329.8992,230.454,1327.0,-467.1,3.14,0.00,10.00,2.40,22.0,45.1,3.56,14.10,0.000,101.0,53.0,1,0,0,0,0,0,0,NONE,,RPM:486bd1410c14bca1 TPS:486bd1411108de ADV:486bd1410e9467 MIL:486bd1410100000000c6
1789376330.1703,230.726,1432.0,387.3,3.14,0.00,9.00,2.40,22.0,45.1,3.56,14.10,0.000,101.0,53.0,1,0,0,0,0,0,0,NONE,,RPM:486bd1410c166047 TPS:486bd1411108de ADV:486bd1410e9265 MIL:486bd1410100000000c6
1789376330.4436,230.999,1270.0,-592.8,3.14,0.00,10.00,2.40,22.0,45.1,3.56,14.10,0.000,101.0,53.0,1,0,0,0,0,0,0,NONE,,RPM:486bd1410c13d8bc TPS:486bd1411108de ADV:486bd1410e9467 MIL:486bd1410100000000c6
1789376330.8949,231.450,1307.0,82.0,3.14,0.00,10.50,2.40,22.0,45.1,3.56,14.10,0.000,101.0,53.0,1,0,0,0,0,0,0,NONE,,RPM:486bd1410c146c51 TPS:486bd1411108de ADV:486bd1410e9568 MIL:486bd1410100000000c6
1789376331.1621,231.717,1353.0,172.2,3.14,0.00,10.00,2.40,22.0,45.1,3.56,14.10,0.000,101.0,52.0,1,0,0,0,0,0,0,NONE,,RPM:486bd1410c15240a TPS:486bd1411108de ADV:486bd1410e9467 MIL:486bd1410100000000c6
1789376331.4417,231.997,1314.0,-139.5,3.14,0.00,10.00,2.40,22.0,45.1,3.56,14.10,0.000,101.0,52.0,1,0,0,0,0,0,0,NONE,,RPM:486bd1410c14886d TPS:486bd1411108de ADV:486bd1410e9467 MIL:486bd1410100000000c6
1789376331.7449,232.300,1331.0,56.1,3.14,0.00,10.00,2.40,22.0,45.1,3.56,14.10,0.000,101.0,52.0,1,0,0,0,0,0,0,NONE,,RPM:486bd1410c14ccb1 TPS:486bd1411108de ADV:486bd1410e9467 MIL:486bd1410100000000c6
1789376332.1932,232.748,1348.0,37.9,3.14,0.00,10.00,2.40,22.0,45.1,3.56,14.10,0.000,101.0,52.0,1,0,0,0,0,0,0,NONE,,RPM:486bd1410c1510f6 TPS:486bd1411108de ADV:486bd1410e9467 MIL:486bd1410100000000c6
1789376332.4734,233.029,1275.0,-260.5,3.14,0.00,10.00,2.40,22.0,45.1,3.56,14.10,0.000,101.0,52.0,1,0,0,0,0,0,0,NONE,,RPM:486bd1410c13ecd0 TPS:486bd1411108de ADV:486bd1410e9467 MIL:486bd1410100000000c6
1789376332.9557,233.511,1333.0,120.2,3.14,0.00,10.00,2.40,22.0,45.1,3.56,14.10,0.000,101.0,52.0,1,0,0,0,0,0,0,NONE,,RPM:486bd1410c14d4b9 TPS:486bd1411108de ADV:486bd1410e9467 MIL:486bd1410100000000c6
1789376333.2248,233.780,1328.0,-18.6,3.14,0.00,9.00,2.40,22.0,45.1,3.56,14.10,0.000,101.0,52.0,1,0,0,0,0,0,0,NONE,,RPM:486bd1410c14c0a5 TPS:486bd1411108de ADV:486bd1410e9265 MIL:486bd1410100000000c6
1789376333.4963,234.052,1339.0,40.5,3.14,0.00,11.00,2.40,22.0,45.1,3.56,14.10,0.000,101.0,52.0,1,0,0,0,0,0,0,NONE,,RPM:486bd1410c14ecd1 TPS:486bd1411108de ADV:486bd1410e9669 MIL:486bd1410100000000c6
1789376333.7998,234.355,1307.0,-105.4,3.14,0.00,10.00,2.40,23.1,45.1,3.67,14.10,0.000,101.0,52.0,1,0,0,0,0,0,0,NONE,,RPM:486bd1410c146c51 TPS:486bd1411108de ADV:486bd1410e9467 MIL:486bd1410100000000c6
1789376334.0880,234.643,1386.0,274.2,3.14,0.00,10.50,2.40,23.1,45.1,3.67,14.10,0.000,101.0,52.0,1,0,0,0,0,0,0,NONE,,RPM:486bd1410c15a88e TPS:486bd1411108de ADV:486bd1410e9568 MIL:486bd1410100000000c6
1789376334.3600,234.915,1267.0,-437.5,3.14,0.00,9.00,2.40,23.1,45.1,3.67,14.10,0.000,101.0,52.0,1,0,0,0,0,0,0,NONE,,RPM:486bd1410c13ccb0 TPS:486bd1411108de ADV:486bd1410e9265 MIL:486bd1410100000000c6
1789376334.8201,235.375,1313.0,100.0,3.14,0.00,10.00,2.40,23.1,45.1,3.67,14.10,0.000,101.0,52.0,1,0,0,0,0,0,0,NONE,,RPM:486bd1410c148469 TPS:486bd1411108de ADV:486bd1410e9467 MIL:486bd1410100000000c6
1789376335.0948,235.650,1407.0,342.2,3.14,0.00,9.00,2.40,23.1,45.1,3.67,14.10,0.000,101.0,52.0,1,0,0,0,0,0,0,NONE,,RPM:486bd1410c15fce2 TPS:486bd1411108de ADV:486bd1410e9265 MIL:486bd1410100000000c6
1789376335.4152,235.970,1288.0,-371.4,3.14,0.00,8.50,2.40,23.1,45.1,3.67,14.10,0.000,101.0,52.0,1,0,0,0,0,0,0,NONE,,RPM:486bd1410c142005 TPS:486bd1411108de ADV:486bd1410e9164 MIL:486bd1410100000000c6
1789376335.7510,236.306,1331.0,128.0,3.14,0.00,8.50,2.40,23.1,45.1,3.67,14.10,0.000,101.0,52.0,1,0,0,0,0,0,0,NONE,,RPM:486bd1410c14ccb1 TPS:486bd1411108de ADV:486bd1410e9164 MIL:486bd1410100000000c6
1789376336.1781,236.733,1354.0,53.9,3.14,0.00,8.50,2.40,23.1,45.1,3.67,14.10,0.000,101.0,52.0,1,0,0,0,0,0,0,NONE,,RPM:486bd1410c15280e TPS:486bd1411108de ADV:486bd1410e9164 MIL:486bd1410100000000c6
1789376336.4707,237.026,1308.0,-157.2,3.14,0.00,8.00,2.40,23.1,45.1,3.67,14.10,0.000,101.0,52.0,1,0,0,0,0,0,0,NONE,,RPM:486bd1410c147055 TPS:486bd1411108de ADV:486bd1410e9063 MIL:486bd1410100000000c6
1789376336.9336,237.489,1340.0,69.1,3.14,0.00,10.00,2.40,23.1,45.1,3.67,14.10,0.000,101.0,52.0,1,0,0,0,0,0,0,NONE,,RPM:486bd1410c14f0d5 TPS:486bd1411108de ADV:486bd1410e9467 MIL:486bd1410100000000c6
1789376337.2046,237.760,1375.0,129.1,3.14,0.00,8.50,2.40,23.1,45.1,3.65,14.10,0.000,102.0,52.0,1,0,0,0,0,0,0,NONE,,RPM:486bd1410c157c62 TPS:486bd1411108de ADV:486bd1410e9164 MIL:486bd1410100000000c6
1789376337.4836,238.039,1275.0,-358.5,3.14,0.00,9.00,2.40,23.1,45.1,3.65,14.10,0.000,102.0,52.0,1,0,0,0,0,0,0,NONE,,RPM:486bd1410c13ecd0 TPS:486bd1411108de ADV:486bd1410e9265 MIL:486bd1410100000000c6
1789376337.7509,238.306,1347.0,269.3,3.14,0.00,8.50,2.40,22.7,45.1,3.62,14.10,0.000,102.0,52.0,1,0,0,0,0,0,0,NONE,,RPM:486bd1410c150cf2 TPS:486bd1411108de ADV:486bd1410e9164 MIL:486bd1410100000000c6
1789376338.0211,238.576,1353.0,22.2,3.14,0.00,8.50,2.40,22.7,45.1,3.62,14.10,0.000,102.0,52.0,1,0,0,0,0,0,0,NONE,,RPM:486bd1410c15240a TPS:486bd1411108de ADV:486bd1410e9164 MIL:486bd1410100000000c6
1789376338.2930,238.848,1290.0,-231.7,3.14,0.00,10.00,2.40,22.7,45.1,3.62,14.10,0.000,102.0,52.0,1,0,0,0,0,0,0,NONE,,RPM:486bd1410c14280d TPS:486bd1411108de ADV:486bd1410e9467 MIL:486bd1410100000000c6
1789376338.7848,239.340,1336.0,93.5,3.14,0.00,9.00,2.40,22.7,45.1,3.62,14.10,0.000,102.0,52.0,1,0,0,0,0,0,0,NONE,,RPM:486bd1410c14e0c5 TPS:486bd1411108de ADV:486bd1410e9265 MIL:486bd1410100000000c6
1789376339.0823,239.638,1288.0,-161.3,3.14,0.00,8.50,2.40,22.7,45.1,3.62,14.10,0.000,102.0,51.0,1,0,0,0,0,0,0,NONE,,RPM:486bd1410c142005 TPS:486bd1411108de ADV:486bd1410e9164 MIL:486bd1410100000000c6
1789376339.3473,239.903,1313.0,94.4,3.14,0.00,8.50,2.40,22.7,45.1,3.62,14.10,0.000,102.0,51.0,1,0,0,0,0,0,0,NONE,,RPM:486bd1410c148469 TPS:486bd1411108de ADV:486bd1410e9164 MIL:486bd1410100000000c6
1789376339.6198,240.175,1358.0,165.1,3.14,0.00,9.00,2.40,22.7,45.1,3.62,14.10,0.000,102.0,51.0,1,0,0,0,0,0,0,NONE,,RPM:486bd1410c15381e TPS:486bd1411108de ADV:486bd1410e9265 MIL:486bd1410100000000c6
1789376340.1274,240.683,1340.0,-35.5,3.14,0.00,9.00,2.40,22.7,45.1,3.62,14.10,0.000,102.0,51.0,1,0,0,0,0,0,0,NONE,,RPM:486bd1410c14f0d5 TPS:486bd1411108de ADV:486bd1410e9265 MIL:486bd1410100000000c6
1789376340.4031,240.958,1352.0,43.5,3.14,0.00,8.00,2.40,22.7,45.1,3.62,14.10,0.000,102.0,51.0,1,0,0,0,0,0,0,NONE,,RPM:486bd1410c152006 TPS:486bd1411108de ADV:486bd1410e9063 MIL:486bd1410100000000c6
1789376340.8605,241.416,1343.0,-19.7,3.14,0.00,8.00,2.40,22.7,45.1,3.62,14.10,0.000,102.0,51.0,1,0,0,0,0,0,0,NONE,,RPM:486bd1410c14fce1 TPS:486bd1411108de ADV:486bd1410e9063 MIL:486bd1410100000000c6
1789376341.1933,241.749,1338.0,-15.0,3.14,0.00,9.00,2.40,22.7,45.1,3.62,14.10,0.000,102.0,51.0,1,0,0,0,0,0,0,NONE,,RPM:486bd1410c14e8cd TPS:486bd1411108de ADV:486bd1410e9265 MIL:486bd1410100000000c6
1789376341.4584,242.014,1351.0,49.0,3.14,0.00,8.00,2.40,22.7,45.1,3.62,14.10,0.000,102.0,51.0,1,0,0,0,0,0,0,NONE,,RPM:486bd1410c151c02 TPS:486bd1411108de ADV:486bd1410e9063 MIL:486bd1410100000000c6
1789376341.7300,242.285,1318.0,-121.5,3.14,0.00,9.00,2.40,23.5,45.1,3.69,14.10,0.000,102.0,51.0,1,0,0,0,0,0,0,NONE,,RPM:486bd1410c14987d TPS:486bd1411108de ADV:486bd1410e9265 MIL:486bd1410100000000c6
1789376342.0509,242.606,1329.0,34.3,3.14,0.00,8.50,2.40,23.5,45.1,3.69,14.10,0.000,102.0,51.0,1,0,0,0,0,0,0,NONE,,RPM:486bd1410c14c4a9 TPS:486bd1411108de ADV:486bd1410e9164 MIL:486bd1410100000000c6
1789376342.3210,242.876,1368.0,144.4,3.14,0.00,8.50,2.40,23.5,45.1,3.69,14.10,0.000,102.0,51.0,1,0,0,0,0,0,0,NONE,,RPM:486bd1410c156046 TPS:486bd1411108de ADV:486bd1410e9164 MIL:486bd1410100000000c6
1789376342.7885,243.344,1307.0,-130.5,3.14,0.00,6.50,2.40,23.5,45.1,3.69,14.10,0.000,102.0,51.0,1,0,0,0,0,0,0,NONE,,RPM:486bd1410c146c51 TPS:486bd1411108de ADV:486bd1410e8d60 MIL:486bd1410100000000c6
1789376343.0577,243.613,1379.0,267.5,3.14,0.00,10.00,2.40,23.5,45.1,3.69,14.10,0.000,102.0,51.0,1,0,0,0,0,0,0,NONE,,RPM:486bd1410c158c72 TPS:486bd1411108de ADV:486bd1410e9467 MIL:486bd1410100000000c6
1789376343.3285,243.884,1332.0,-173.5,3.14,0.00,8.00,2.40,23.5,45.1,3.69,14.10,0.000,102.0,51.0,1,0,0,0,0,0,0,NONE,,RPM:486bd1410c14d0b5 TPS:486bd1411108de ADV:486bd1410e9063 MIL:486bd1410100000000c6
1789376343.6007,244.156,1312.0,-73.5,3.14,0.00,9.00,2.40,23.5,45.1,3.69,14.10,0.000,102.0,51.0,1,0,0,0,0,0,0,NONE,,RPM:486bd1410c148065 TPS:486bd1411108de ADV:486bd1410e9265 MIL:486bd1410100000000c6
1789376344.0602,244.616,1395.0,180.6,3.14,0.00,8.50,2.40,23.5,45.1,3.69,14.10,0.000,102.0,51.0,1,0,0,0,0,0,0,NONE,,RPM:486bd1410c15ccb2 TPS:486bd1411108de ADV:486bd1410e9164 MIL:486bd1410100000000c6
1789376344.3367,244.892,1267.0,-463.1,3.14,0.00,8.00,2.40,23.5,45.1,3.69,14.10,0.000,102.0,51.0,1,0,0,0,0,0,0,NONE,,RPM:486bd1410c13ccb0 TPS:486bd1411108de ADV:486bd1410e9063 MIL:486bd1410100000000c6
1789376344.7855,245.341,1350.0,184.9,3.14,0.00,10.00,2.40,23.5,45.1,3.69,14.10,0.000,102.0,51.0,1,0,0,0,0,0,0,NONE,,RPM:486bd1410c1518fe TPS:486bd1411108de ADV:486bd1410e9467 MIL:486bd1410100000000c6
1789376345.0568,245.612,1298.0,-191.6,3.14,0.00,7.50,2.40,23.5,45.1,3.67,14.10,0.000,103.0,51.0,1,0,0,0,0,0,0,NONE,,RPM:486bd1410c14482d TPS:486bd1411108de ADV:486bd1410e8f62 MIL:486bd1410100000000c6
1789376345.3608,245.916,1385.0,286.2,3.14,0.00,8.50,2.40,23.5,45.1,3.67,14.10,0.000,103.0,51.0,1,0,0,0,0,0,0,NONE,,RPM:486bd1410c15a48a TPS:486bd1411108de ADV:486bd1410e9164 MIL:486bd1410100000000c6
1789376345.6315,246.187,1292.0,-343.6,3.14,0.00,10.00,2.40,22.7,45.1,3.60,14.10,0.000,103.0,51.0,1,0,0,0,0,0,0,NONE,,RPM:486bd1410c143015 TPS:486bd1411108de ADV:486bd1410e9467 MIL:486bd1410100000000c6
1789376345.9422,246.497,1331.0,125.5,3.14,0.00,8.50,2.40,22.7,45.1,3.60,14.10,0.000,103.0,51.0,1,0,0,0,0,0,0,NONE,,RPM:486bd1410c14ccb1 TPS:486bd1411108de ADV:486bd1410e9164 MIL:486bd1410100000000c6
1789376346.2128,246.768,1320.0,-40.6,3.14,0.00,8.50,2.40,22.7,45.1,3.60,14.10,0.000,103.0,51.0,1,0,0,0,0,0,0,NONE,,RPM:486bd1410c14a085 TPS:486bd1411108de ADV:486bd1410e9164 MIL:486bd1410100000000c6
1789376346.6278,247.183,1328.0,19.3,3.14,0.00,8.50,2.40,22.7,45.1,3.60,14.10,0.000,103.0,51.0,1,0,0,0,0,0,0,NONE,,RPM:486bd1410c14c0a5 TPS:486bd1411108de ADV:486bd1410e9164 MIL:486bd1410100000000c6
1789376346.9431,247.498,1397.0,218.8,3.14,0.00,7.50,2.40,22.7,45.1,3.60,14.10,0.000,103.0,51.0,1,0,0,0,0,0,0,NONE,,RPM:486bd1410c15d4ba TPS:486bd1411108de ADV:486bd1410e8f62 MIL:486bd1410100000000c6
1789376347.2140,247.769,1263.0,-494.6,3.14,0.00,8.50,2.40,22.7,45.1,3.60,14.10,0.000,103.0,51.0,1,0,0,0,0,0,0,NONE,,RPM:486bd1410c13bca0 TPS:486bd1411108de ADV:486bd1410e9164 MIL:486bd1410100000000c6
1789376347.4893,248.045,1425.0,588.3,3.14,0.00,8.00,2.40,22.7,45.1,3.60,14.10,0.000,103.0,51.0,1,0,0,0,0,0,0,NONE,,RPM:486bd1410c16442b TPS:486bd1411108de ADV:486bd1410e9063 MIL:486bd1410100000000c6
1789376347.9565,248.512,1272.0,-327.5,3.14,0.00,8.50,2.40,22.7,45.1,3.60,14.10,0.000,103.0,51.0,1,0,0,0,0,0,0,NONE,,RPM:486bd1410c13e0c4 TPS:486bd1411108de ADV:486bd1410e9164 MIL:486bd1410100000000c6
1789376348.2404,248.796,1332.0,211.4,3.14,0.00,9.00,2.40,22.7,45.1,3.60,14.10,0.000,103.0,51.0,1,0,0,0,0,0,0,NONE,,RPM:486bd1410c14d0b5 TPS:486bd1411108de ADV:486bd1410e9265 MIL:486bd1410100000000c6
1789376348.6933,249.249,1385.0,117.0,3.14,0.00,8.00,2.40,22.7,45.1,3.60,14.10,0.000,103.0,51.0,1,0,0,0,0,0,0,NONE,,RPM:486bd1410c15a48a TPS:486bd1411108de ADV:486bd1410e9063 MIL:486bd1410100000000c6
1789376348.9571,249.512,1319.0,-250.3,3.14,0.00,8.50,2.40,22.7,45.1,3.60,14.10,0.000,103.0,51.0,1,0,0,0,0,0,0,NONE,,RPM:486bd1410c149c81 TPS:486bd1411108de ADV:486bd1410e9164 MIL:486bd1410100000000c6
1789376349.2293,249.785,1387.0,249.8,3.14,0.00,8.00,2.40,22.7,45.1,3.60,14.10,0.000,103.0,51.0,1,0,0,0,0,0,0,NONE,,RPM:486bd1410c15ac92 TPS:486bd1411108de ADV:486bd1410e9063 MIL:486bd1410100000000c6
1789376349.5006,250.056,1320.0,-246.9,3.14,0.00,9.00,2.40,23.5,45.1,3.67,14.10,0.000,103.0,51.0,1,0,0,0,0,0,0,NONE,,RPM:486bd1410c14a085 TPS:486bd1411108de ADV:486bd1410e9265 MIL:486bd1410100000000c6
1789376349.7728,250.328,1334.0,51.4,3.14,0.00,8.00,2.40,23.5,45.1,3.67,14.10,0.000,103.0,51.0,1,0,0,0,0,0,0,NONE,,RPM:486bd1410c14d8bd TPS:486bd1411108de ADV:486bd1410e9063 MIL:486bd1410100000000c6
1789376350.0466,250.602,1364.0,109.6,3.14,0.00,9.00,2.40,23.5,45.1,3.67,14.10,0.000,103.0,51.0,1,0,0,0,0,0,0,NONE,,RPM:486bd1410c155036 TPS:486bd1411108de ADV:486bd1410e9265 MIL:486bd1410100000000c6
1789376350.5355,251.091,1300.0,-130.9,3.14,0.00,8.50,2.40,23.5,45.1,3.67,14.10,0.000,103.0,51.0,1,0,0,0,0,0,0,NONE,,RPM:486bd1410c145035 TPS:486bd1411108de ADV:486bd1410e9164 MIL:486bd1410100000000c6
1789376350.8540,251.409,1352.0,163.3,3.14,0.00,8.50,2.40,23.5,45.1,3.67,14.10,0.000,103.0,52.0,1,0,0,0,0,0,0,NONE,,RPM:486bd1410c152006 TPS:486bd1411108de ADV:486bd1410e9164 MIL:486bd1410100000000c6
1789376351.1315,251.687,1280.0,-259.5,3.14,0.00,8.50,2.40,23.5,45.1,3.67,14.10,0.000,103.0,52.0,1,0,0,0,0,0,0,NONE,,RPM:486bd1410c1400e5 TPS:486bd1411108de ADV:486bd1410e9164 MIL:486bd1410100000000c6
1789376351.4047,251.960,1330.0,183.0,3.14,0.00,8.50,2.40,23.5,45.1,3.67,14.10,0.000,103.0,52.0,1,0,0,0,0,0,0,NONE,,RPM:486bd1410c14c8ad TPS:486bd1411108de ADV:486bd1410e9164 MIL:486bd1410100000000c6
1789376351.8772,252.433,1387.0,120.6,3.14,0.00,8.50,2.40,23.5,45.1,3.67,14.10,0.000,103.0,52.0,1,0,0,0,0,0,0,NONE,,RPM:486bd1410c15ac92 TPS:486bd1411108de ADV:486bd1410e9164 MIL:486bd1410100000000c6
1789376352.1913,252.747,1323.0,-203.8,3.14,0.00,9.00,2.40,23.5,45.1,3.67,14.10,0.000,103.0,52.0,1,0,0,0,0,0,0,NONE,,RPM:486bd1410c14ac91 TPS:486bd1411108de ADV:486bd1410e9265 MIL:486bd1410100000000c6
1789376352.6201,253.175,1354.0,72.3,3.14,0.00,9.00,2.40,23.5,45.1,3.67,14.10,0.000,103.0,52.0,1,0,0,0,0,0,0,NONE,,RPM:486bd1410c15280e TPS:486bd1411108de ADV:486bd1410e9265 MIL:486bd1410100000000c6
1789376352.9381,253.493,1358.0,12.6,3.14,0.00,8.50,2.40,23.5,45.1,3.67,14.10,0.000,103.0,52.0,1,0,0,0,0,0,0,NONE,,RPM:486bd1410c15381e TPS:486bd1411108de ADV:486bd1410e9164 MIL:486bd1410100000000c6
1789376353.2187,253.774,1290.0,-242.3,3.14,0.00,8.50,2.40,23.5,45.1,3.67,14.10,0.000,103.0,52.0,1,0,0,0,0,0,0,NONE,,RPM:486bd1410c14280d TPS:486bd1411108de ADV:486bd1410e9164 MIL:486bd1410100000000c6
1789376353.5210,254.076,1362.0,238.2,3.14,0.00,8.00,2.40,22.0,45.1,3.53,14.10,0.000,103.0,52.0,1,0,0,0,0,0,0,NONE,,RPM:486bd1410c15482e TPS:486bd1411108de ADV:486bd1410e9063 MIL:486bd1410100000000c6
1789376353.7860,254.341,1314.0,-181.1,3.14,0.00,8.50,2.40,22.0,45.1,3.53,14.10,0.000,103.0,52.0,1,0,0,0,0,0,0,NONE,,RPM:486bd1410c14886d TPS:486bd1411108de ADV:486bd1410e9164 MIL:486bd1410100000000c6
1789376354.0617,254.617,1335.0,76.2,3.14,0.00,8.50,2.40,22.0,45.1,3.53,14.10,0.000,103.0,52.0,1,0,0,0,0,0,0,NONE,,RPM:486bd1410c14dcc1 TPS:486bd1411108de ADV:486bd1410e9164 MIL:486bd1410100000000c6
1789376354.4854,255.041,1327.0,-18.9,3.14,0.00,9.00,2.40,22.0,45.1,3.53,14.10,0.000,103.0,52.0,1,0,0,0,0,0,0,NONE,,RPM:486bd1410c14bca1 TPS:486bd1411108de ADV:486bd1410e9265 MIL:486bd1410100000000c6
1789376354.7936,255.349,1399.0,233.6,3.14,0.00,7.50,2.40,22.0,45.1,3.53,14.10,0.000,103.0,51.0,1,0,0,0,0,0,0,NONE,,RPM:486bd1410c15dcc2 TPS:486bd1411108de ADV:486bd1410e8f62 MIL:486bd1410100000000c6
1789376355.0659,255.621,1325.0,-271.7,3.14,0.00,10.00,2.40,22.0,45.1,3.53,14.10,0.000,103.0,51.0,1,0,0,0,0,0,0,NONE,,RPM:486bd1410c14b499 TPS:486bd1411108de ADV:486bd1410e9467 MIL:486bd1410100000000c6
1789376355.3440,255.899,1344.0,68.3,3.14,0.00,7.50,2.40,22.0,45.1,3.53,14.10,0.000,103.0,51.0,1,0,0,0,0,0,0,NONE,,RPM:486bd1410c1500e6 TPS:486bd1411108de ADV:486bd1410e8f62 MIL:486bd1410100000000c6
1789376355.7951,256.350,1268.0,-168.5,3.14,0.00,9.00,2.40,22.0,45.1,3.53,14.10,0.000,103.0,51.0,1,0,0,0,0,0,0,NONE,,RPM:486bd1410c13d0b4 TPS:486bd1411108de ADV:486bd1410e9265 MIL:486bd1410100000000c6
1789376356.0567,256.612,1366.0,374.6,3.14,0.00,8.50,2.40,22.0,45.1,3.53,14.10,0.000,103.0,51.0,1,0,0,0,0,0,0,NONE,,RPM:486bd1410c15583e TPS:486bd1411108de ADV:486bd1410e9164 MIL:486bd1410100000000c6
1789376356.5024,257.058,1380.0,31.4,3.14,0.00,6.50,2.40,22.0,45.1,3.53,14.10,0.000,103.0,51.0,1,0,0,0,0,0,0,NONE,,RPM:486bd1410c159076 TPS:486bd1411108de ADV:486bd1410e8d60 MIL:486bd1410100000000c6
1789376356.7922,257.348,1312.0,-234.6,3.14,0.00,10.00,2.40,22.0,45.1,3.53,14.10,0.000,103.0,51.0,1,0,0,0,0,0,0,NONE,,RPM:486bd1410c148065 TPS:486bd1411108de ADV:486bd1410e9467 MIL:486bd1410100000000c6
1789376357.0651,257.620,1359.0,172.2,3.14,0.00,7.50,2.40,22.0,45.1,3.53,14.10,0.000,103.0,51.0,1,0,0,0,0,0,0,NONE,,RPM:486bd1410c153c22 TPS:486bd1411108de ADV:486bd1410e8f62 MIL:486bd1410100000000c6
1789376357.3351,257.890,1341.0,-66.7,3.14,0.00,9.00,2.40,23.5,45.1,3.67,14.10,0.000,103.0,51.0,1,0,0,0,0,0,0,NONE,,RPM:486bd1410c14f4d9 TPS:486bd1411108de ADV:486bd1410e9265 MIL:486bd1410100000000c6
1789376357.6080,258.163,1279.0,-227.2,3.14,0.00,8.50,2.40,23.5,45.1,3.67,14.10,0.000,103.0,51.0,1,0,0,0,0,0,0,NONE,,RPM:486bd1410c13fce0 TPS:486bd1411108de ADV:486bd1410e9164 MIL:486bd1410100000000c6
1789376357.9181,258.473,1329.0,161.2,3.14,0.00,11.00,2.40,23.5,45.1,3.67,14.10,0.000,103.0,51.0,1,0,0,0,0,0,0,NONE,,RPM:486bd1410c14c4a9 TPS:486bd1411108de ADV:486bd1410e9669 MIL:486bd1410100000000c6
1789376358.3506,258.906,1365.0,83.2,3.14,0.00,11.00,2.40,23.5,45.1,3.67,14.10,0.000,103.0,51.0,1,0,0,0,0,0,0,NONE,,RPM:486bd1410c15543a TPS:486bd1411108de ADV:486bd1410e9669 MIL:486bd1410100000000c6
1789376358.6325,259.188,1296.0,-244.7,3.14,0.00,11.50,2.40,23.5,45.1,3.67,14.10,0.000,103.0,52.0,1,0,0,0,0,0,0,NONE,,RPM:486bd1410c144025 TPS:486bd1411108de ADV:486bd1410e976a MIL:486bd1410100000000c6
1789376358.9188,259.474,1390.0,328.3,3.53,1.37,9.00,2.40,23.5,45.3,3.67,14.10,0.000,103.0,52.0,1,0,0,0,0,0,0,NONE,,RPM:486bd1410c15b89e TPS:486bd1411109df ADV:486bd1410e9265 MIL:486bd1410100000000c6
1789376359.2326,259.788,1446.0,178.4,3.92,1.25,10.50,2.40,23.5,45.6,3.67,14.10,0.000,103.0,52.0,1,0,0,0,0,0,0,NONE,,RPM:486bd1410c16987f TPS:486bd141110ae0 ADV:486bd1410e9568 MIL:486bd1410100000000c6
1789376359.6800,260.235,1773.0,731.0,5.10,2.63,10.00,2.40,23.5,46.3,3.67,14.10,0.000,103.0,52.0,1,0,0,0,0,0,0,NONE,,RPM:486bd1410c1bb4a0 TPS:486bd141110de3 ADV:486bd1410e9467 MIL:486bd1410100000000c6
1789376359.9906,260.546,1813.0,128.8,5.10,0.00,10.00,2.40,23.5,46.3,3.67,14.10,0.000,103.0,52.0,1,0,0,0,0,0,0,NONE,,RPM:486bd1410c1c5441 TPS:486bd141110de3 ADV:486bd1410e9467 MIL:486bd1410100000000c6
1789376360.4589,261.014,1899.0,183.7,5.49,0.84,9.00,2.40,23.5,46.5,3.67,14.10,0.000,103.0,52.0,1,0,0,0,0,0,0,NONE,,RPM:486bd1410c1dac9a TPS:486bd141110ee4 ADV:486bd1410e9265 MIL:486bd1410100000000c6
1789376360.7324,261.288,2034.0,493.6,5.88,1.43,7.50,2.40,23.5,46.7,3.67,14.10,0.000,103.0,52.0,1,0,0,0,0,0,0,NONE,,RPM:486bd1410c1fc8b8 TPS:486bd141110fe5 ADV:486bd1410e8f62 MIL:486bd1410100000000c6
1789376361.0153,261.571,1951.0,-293.4,5.88,0.00,6.00,2.40,23.5,46.7,3.67,14.10,0.000,103.0,52.0,1,0,0,0,0,0,0,NONE,,RPM:486bd1410c1e7c6b TPS:486bd141110fe5 ADV:486bd1410e8c5f MIL:486bd1410100000000c6
1789376361.3030,261.858,1848.0,-357.9,7.45,5.45,3.50,2.40,36.1,47.6,4.80,14.10,0.000,103.0,52.0,1,0,0,0,0,0,0,NONE,,RPM:486bd1410c1ce0cd TPS:486bd1411113e9 ADV:486bd1410e875a MIL:486bd1410100000000c6
1789376361.5926,262.148,1913.0,224.5,7.84,1.35,4.00,2.40,36.1,47.8,4.80,14.10,0.000,103.0,52.0,1,0,0,0,0,0,0,NONE,,RPM:486bd1410c1de4d2 TPS:486bd1411114ea ADV:486bd1410e885b MIL:486bd1410100000000c6
1789376361.8818,262.437,2111.0,684.6,8.24,1.36,10.50,2.40,36.1,48.1,4.80,14.10,0.000,103.0,52.0,1,0,0,0,0,0,0,NONE,,RPM:486bd1410c20fced TPS:486bd1411115eb ADV:486bd1410e9568 MIL:486bd1410100000000c6
1789376362.3126,262.868,2495.0,891.3,8.24,0.00,20.00,2.40,36.1,48.1,4.80,14.10,0.000,103.0,52.0,1,0,0,0,0,0,0,NONE,,RPM:486bd1410c26fcf3 TPS:486bd1411115eb ADV:486bd1410ea87b MIL:486bd1410100000000c6
1789376362.6119,263.167,2750.0,851.9,8.24,0.00,25.00,2.40,36.1,48.1,4.80,14.10,0.000,103.0,52.0,1,0,0,0,0,0,0,NONE,,RPM:486bd1410c2af8f3 TPS:486bd1411115eb ADV:486bd1410eb285 MIL:486bd1410100000000c6
1789376362.8930,263.448,3008.0,918.0,3.53,-16.74,52.50,2.40,36.1,45.3,4.80,14.10,0.000,103.0,52.0,1,0,0,0,0,0,0,NONE,,RPM:486bd1410c2f0000 TPS:486bd1411109df ADV:486bd1410ee9bc MIL:486bd1410100000000c6
1789376363.1977,263.753,2710.0,-977.9,3.92,1.29,35.00,2.40,36.1,45.6,4.80,14.10,0.000,103.0,52.0,1,0,0,0,0,0,0,NONE,,RPM:486bd1410c2a5853 TPS:486bd141110ae0 ADV:486bd1410ec699 MIL:486bd1410100000000c6
1789376363.6911,264.246,2322.0,-786.3,5.49,3.18,19.00,2.40,36.1,46.5,4.80,14.10,0.000,103.0,52.0,1,0,0,0,0,0,0,NONE,,RPM:486bd1410c24483d TPS:486bd141110ee4 ADV:486bd1410ea679 MIL:486bd1410100000000c6
1789376363.9916,264.547,2374.0,173.1,5.88,1.31,24.00,2.40,36.1,46.7,4.80,14.10,0.000,103.0,52.0,1,0,0,0,0,0,0,NONE,,RPM:486bd1410c25180e TPS:486bd141110fe5 ADV:486bd1410eb083 MIL:486bd1410100000000c6
1789376364.4685,265.024,2526.0,318.7,5.88,0.00,30.50,2.40,36.1,46.7,4.80,14.10,0.000,103.0,52.0,1,0,0,0,0,0,0,NONE,,RPM:486bd1410c277870 TPS:486bd141110fe5 ADV:486bd1410ebd90 MIL:486bd1410100000000c6
1789376364.7756,265.331,2618.0,299.5,5.88,0.00,34.00,2.40,36.1,46.7,4.80,14.10,0.000,103.0,52.0,1,0,0,0,0,0,0,NONE,,RPM:486bd1410c28e8e1 TPS:486bd141110fe5 ADV:486bd1410ec497 MIL:486bd1410100000000c6
1789376365.0905,265.646,2721.0,327.1,5.88,0.00,32.50,2.40,36.1,46.7,4.80,14.10,0.000,103.0,52.0,1,0,0,0,0,0,0,NONE,,RPM:486bd1410c2a847f TPS:486bd141110fe5 ADV:486bd1410ec194 MIL:486bd1410100000000c6
1789376365.3621,265.917,2827.0,390.3,7.06,4.33,27.50,2.40,24.7,47.4,3.78,14.10,0.000,103.0,52.0,1,0,0,0,0,0,0,NONE,,RPM:486bd1410c2c2c29 TPS:486bd1411112e8 ADV:486bd1410eb78a MIL:486bd1410100000000c6
1789376365.6344,266.190,2923.0,352.6,8.24,4.32,23.50,2.40,24.7,48.1,3.78,14.10,0.000,103.0,52.0,1,0,0,0,0,0,0,NONE,,RPM:486bd1410c2dacaa TPS:486bd1411115eb ADV:486bd1410eaf82 MIL:486bd1410100000000c6
1789376365.9205,266.476,2923.0,0.0,12.16,13.71,15.50,2.40,24.7,50.4,3.78,14.10,0.000,103.0,52.0,1,0,0,0,0,0,0,NONE,,RPM: TPS:486bd141111ff5 ADV:486bd1410e9f72 MIL:486bd1410100000000c6
1789376366.3778,266.933,3398.0,1038.7,12.16,0.00,20.00,2.40,24.7,50.4,3.78,14.10,0.000,103.0,52.0,1,0,0,0,0,0,0,NONE,,RPM:486bd1410c35181e TPS:486bd141111ff5 ADV:486bd1410ea87b MIL:486bd1410100000000c6
1789376366.6740,267.229,3641.0,820.4,11.76,-1.32,25.50,2.40,24.7,50.1,3.78,14.10,0.000,103.0,50.0,1,0,0,0,0,0,0,NONE,,RPM:486bd1410c38e4ed TPS:486bd141111ef4 ADV:486bd1410eb386 MIL:486bd1410100000000c6
1789376366.9447,267.500,3832.0,705.6,12.94,4.35,30.00,2.40,24.7,50.8,3.78,14.10,0.000,103.0,50.0,1,0,0,0,0,0,0,NONE,,RPM:486bd1410c3be0ec TPS:486bd1411121f7 ADV:486bd1410ebc8f MIL:486bd1410100000000c6
1789376367.2647,267.820,4126.0,918.8,18.43,17.16,32.50,2.40,24.7,54.0,3.78,14.10,0.000,103.0,50.0,1,0,0,0,0,0,0,NONE,,RPM:486bd1410c407889 TPS:486bd141112f05 ADV:486bd1410ec194 MIL:486bd1410100000000c6
1789376367.6913,268.247,4553.0,1000.8,22.35,9.19,30.00,2.40,24.7,56.3,3.78,14.10,0.000,103.0,50.0,1,0,0,0,0,0,0,NONE,,RPM:486bd1410c47243c TPS:486bd14111390f ADV:486bd1410ebc8f MIL:486bd1410100000000c6
1789376367.9759,268.531,4882.0,1155.9,27.06,16.53,28.00,2.40,24.7,59.0,3.78,14.10,0.000,103.0,50.0,1,0,0,0,0,0,0,NONE,,RPM:486bd1410c4c4865 TPS:486bd14111451b ADV:486bd1410eb88b MIL:486bd1410100000000c6
1789376368.5227,269.078,4934.0,95.1,20.78,-11.48,21.00,2.40,24.7,55.4,3.78,14.10,0.000,103.0,50.0,1,0,0,0,0,0,0,NONE,,RPM:486bd1410c4d1836 TPS:486bd14111350b ADV:486bd1410eaa7d MIL:486bd1410100000000c6
1789376368.7980,269.353,4343.0,-2146.7,38.04,62.68,19.00,2.40,24.7,65.4,3.78,14.10,0.000,103.0,50.0,1,0,0,0,0,0,0,NONE,,RPM:486bd1410c43dcf0 TPS:486bd141116137 ADV:486bd1410ea679 MIL:486bd1410100000000c6
1789376369.1185,269.674,4613.0,842.5,34.90,-9.79,21.00,2.40,24.7,63.5,3.78,14.10,0.000,103.0,50.0,1,0,0,0,0,0,0,NONE,,RPM:486bd1410c48142d TPS:486bd14111592f ADV:486bd1410eaa7d MIL:486bd1410100000000c6
1789376369.4449,270.000,4428.0,-566.8,3.53,-96.12,60.00,2.40,9.0,45.3,2.37,14.10,0.000,103.0,50.0,1,0,0,0,0,0,0,NONE,,RPM:486bd1410c453046 TPS:486bd1411109df ADV:486bd1410ef8cb MIL:486bd1410100000000c6
1789376369.7744,270.330,4606.0,540.2,3.53,0.00,31.57,2.40,9.0,45.3,2.37,14.10,0.000,103.0,50.0,1,0,0,0,0,0,0,NONE,,RPM:486bd1410c47f810 TPS:486bd1411109df ADV: MIL:486bd1410100000000c6
1789376370.2403,270.796,4426.0,-386.4,3.53,0.00,60.00,2.40,9.0,45.3,2.37,14.10,0.000,103.0,50.0,1,0,0,0,0,0,0,NONE,,RPM:486bd1410c45283e TPS:486bd1411109df ADV:486bd1410ef8cb MIL:486bd1410100000000c6
1789376370.6869,271.242,4204.0,-497.1,3.53,0.00,60.00,2.40,9.0,45.3,2.37,14.10,0.000,103.0,50.0,1,0,0,0,0,0,0,NONE,,RPM:486bd1410c41b0c2 TPS:486bd1411109df ADV:486bd1410ef8cb MIL:486bd1410100000000c6
1789376370.9703,271.526,4018.0,-656.2,3.53,0.00,59.00,2.40,9.0,45.3,2.37,14.10,0.000,103.0,49.0,1,0,0,0,0,0,0,NONE,,RPM:486bd1410c3ec8d7 TPS:486bd1411109df ADV:486bd1410ef6c9 MIL:486bd1410100000000c6
1789376371.2952,271.850,4018.0,0.0,3.53,0.00,56.00,2.40,9.0,45.3,2.37,14.10,0.000,103.0,49.0,1,0,0,0,0,0,0,NONE,,RPM: TPS:486bd1411109df ADV:486bd1410ef0c3 MIL:486bd1410100000000c6
1789376371.7452,272.301,3468.0,-1222.1,3.53,0.00,53.50,2.40,9.0,45.3,2.37,14.10,0.000,103.0,49.0,1,0,0,0,0,0,0,NONE,,RPM:486bd1410c363037 TPS:486bd1411109df ADV:486bd1410eebbe MIL:486bd1410100000000c6
1789376372.2162,272.771,3233.0,-499.0,3.53,0.00,40.00,2.40,9.0,45.3,2.37,14.10,0.000,103.0,49.0,1,0,0,0,0,0,0,NONE,,RPM:486bd1410c328487 TPS:486bd1411109df ADV:486bd1410ed0a3 MIL:486bd1410100000000c6
1789376372.4811,273.036,2296.0,-3536.3,3.53,0.00,13.50,2.40,9.0,45.3,2.37,14.10,0.000,103.0,49.0,1,0,0,0,0,0,0,NONE,,RPM:486bd1410c23e0d4 TPS:486bd1411109df ADV:486bd1410e9b6e MIL:486bd1410100000000c6
1789376372.9440,273.499,2734.0,946.3,3.53,0.00,52.50,2.40,9.0,45.3,2.37,14.10,0.000,103.0,49.0,1,0,0,0,0,0,0,NONE,,RPM:486bd1410c2ab8b3 TPS:486bd1411109df ADV:486bd1410ee9bc MIL:486bd1410100000000c6
1789376373.2327,273.788,3320.0,2029.5,3.53,0.00,51.50,2.40,9.0,45.3,2.38,14.10,0.000,102.0,49.0,1,0,0,0,0,0,0,NONE,,RPM:486bd1410c33e0e4 TPS:486bd1411109df ADV:486bd1410ee7ba MIL:486bd1410100000000c6
1789376373.5402,274.095,3230.0,-292.7,3.53,0.00,50.50,2.40,9.0,45.3,2.38,14.10,0.000,102.0,49.0,1,0,0,0,0,0,0,NONE,,RPM:486bd1410c32787b TPS:486bd1411109df ADV:486bd1410ee5b8 MIL:486bd1410100000000c6
1789376373.8081,274.363,3189.0,-153.1,5.10,5.86,46.50,2.40,18.0,46.3,3.19,14.10,0.000,102.0,49.0,1,0,0,0,0,0,0,NONE,,RPM:486bd1410c31d4d6 TPS:486bd141110de3 ADV:486bd1410eddb0 MIL:486bd1410100000000c6
1789376374.0802,274.636,3232.0,158.0,5.88,2.88,44.00,2.40,18.0,46.7,3.19,14.10,0.000,102.0,49.0,1,0,0,0,0,0,0,NONE,,RPM:486bd1410c328083 TPS:486bd141110fe5 ADV:486bd1410ed8ab MIL:486bd1410100000000c6
1789376374.3517,274.907,3234.0,7.4,6.67,2.89,33.00,2.40,18.0,47.2,3.19,14.10,0.000,102.0,49.0,1,0,0,0,0,0,0,NONE,,RPM:486bd1410c32888b TPS:486bd1411111e7 ADV:486bd1410ec295 MIL:486bd1410100000000c6
1789376374.8192,275.374,3273.0,83.4,9.02,5.03,18.00,2.40,18.0,48.5,3.19,14.10,0.000,102.0,49.0,1,0,0,0,0,0,0,NONE,,RPM:486bd1410c332428 TPS:486bd1411117ed ADV:486bd1410ea477 MIL:486bd1410100000000c6
1789376375.1179,275.673,3428.0,518.9,11.76,9.19,18.50,2.40,18.0,50.1,3.19,14.10,0.000,102.0,48.0,1,0,0,0,0,0,0,NONE,,RPM:486bd1410c359096 TPS:486bd141111ef4 ADV:486bd1410ea578 MIL:486bd1410100000000c6
1789376375.3916,275.947,3545.0,427.5,13.33,5.73,23.00,2.40,18.0,51.0,3.19,14.10,0.000,102.0,48.0,1,0,0,0,0,0,0,NONE,,RPM:486bd1410c37646c TPS:486bd1411122f8 ADV:486bd1410eae81 MIL:486bd1410100000000c6
1789376375.6637,276.219,3726.0,665.3,12.16,-4.32,28.00,2.40,18.0,50.4,3.19,14.10,0.000,102.0,48.0,1,0,0,0,0,0,0,NONE,,RPM:486bd1410c3a3843 TPS:486bd141111ff5 ADV:486bd1410eb88b MIL:486bd1410100000000c6
1789376376.0925,276.648,3948.0,517.7,9.80,-5.49,32.50,2.40,18.0,49.0,3.19,14.10,0.000,102.0,48.0,1,0,0,0,0,0,0,NONE,,RPM:486bd1410c3db0be TPS:486bd1411119ef ADV:486bd1410ec194 MIL:486bd1410100000000c6
1789376376.6086,277.164,3948.0,0.0,8.63,-2.28,43.50,2.40,18.0,48.3,3.19,14.10,0.000,102.0,48.0,1,0,0,0,0,0,0,NONE,,RPM: TPS:486bd1411116ec ADV:486bd1410ed7aa MIL:486bd1410100000000c6
1789376377.2354,277.791,4347.0,636.5,8.24,-0.63,48.00,2.40,18.0,48.1,3.19,14.10,0.000,102.0,48.0,1,0,0,0,0,0,0,NONE,,RPM:486bd1410c43ec00 TPS:486bd1411115eb ADV:486bd1410ee0b3 MIL:486bd1410100000000c6
1789376377.5393,278.095,4404.0,187.6,8.24,0.00,51.00,2.40,18.0,48.1,3.21,14.10,0.000,101.0,48.0,1,0,0,0,0,0,0,NONE,,RPM:486bd1410c44d0e5 TPS:486bd1411115eb ADV:486bd1410ee6b9 MIL:486bd1410100000000c6
1789376377.8104,278.366,4475.0,261.9,7.84,-1.45,60.00,2.40,18.0,47.8,3.21,14.10,0.000,101.0,48.0,1,0,0,0,0,0,0,NONE,,RPM:486bd1410c45ec02 TPS:486bd1411114ea ADV:486bd1410ef8cb MIL:486bd1410100000000c6
1789376378.0958,278.651,3872.0,-2112.5,9.02,4.12,26.50,2.40,38.4,48.5,5.04,14.10,0.000,101.0,48.0,1,0,0,0,0,0,0,NONE,,RPM:486bd1410c3c808d TPS:486bd1411117ed ADV:486bd1410eb588 MIL:486bd1410100000000c6
1789376378.4066,278.962,3618.0,-817.4,14.90,18.93,25.00,2.40,38.4,51.9,5.04,14.10,0.000,101.0,48.0,1,0,0,0,0,0,0,NONE,,RPM:486bd1410c388891 TPS:486bd1411126fc ADV:486bd1410eb285 MIL:486bd1410100000000c6
1789376378.6739,279.229,3663.0,168.3,14.90,0.00,26.00,2.40,38.4,51.9,5.04,14.10,0.000,101.0,48.0,1,0,0,0,0,0,0,NONE,,RPM:486bd1410c393c46 TPS:486bd1411126fc ADV:486bd1410eb487 MIL:486bd1410100000000c6
1789376379.1207,279.676,3756.0,208.1,3.53,-25.45,60.00,2.40,38.4,45.3,5.04,14.10,0.000,101.0,48.0,1,0,0,0,0,0,0,NONE,,RPM:486bd1410c3ab0bb TPS:486bd1411109df ADV:486bd1410ef8cb MIL:486bd1410100000000c6
1789376379.3931,279.948,3743.0,-47.7,3.53,0.00,60.00,2.40,38.4,45.3,5.04,14.10,0.000,101.0,47.0,1,0,0,0,0,0,0,NONE,,RPM:486bd1410c3a7c87 TPS:486bd1411109df ADV:486bd1410ef8cb MIL:486bd1410100000000c6
1789376379.6661,280.221,3676.0,-245.4,3.53,0.00,60.00,2.40,38.4,45.3,5.04,14.10,0.000,101.0,47.0,1,0,0,0,0,0,0,NONE,,RPM:486bd1410c39707a TPS:486bd1411109df ADV:486bd1410ef8cb MIL:486bd1410100000000c6
1789376379.9448,280.500,3550.0,-452.2,3.53,0.00,60.00,2.40,38.4,45.3,5.04,14.10,0.000,101.0,47.0,1,0,0,0,0,0,0,NONE,,RPM:486bd1410c377880 TPS:486bd1411109df ADV:486bd1410ef8cb MIL:486bd1410100000000c6
1789376380.3945,280.950,3403.0,-326.8,3.53,0.00,53.50,2.40,38.4,45.3,5.04,14.10,0.000,101.0,47.0,1,0,0,0,0,0,0,NONE,,RPM:486bd1410c352c32 TPS:486bd1411109df ADV:486bd1410eebbe MIL:486bd1410100000000c6
1789376380.6566,281.212,3288.0,-438.8,3.53,0.00,50.50,2.40,38.4,45.3,5.04,14.10,0.000,101.0,47.0,1,0,0,0,0,0,0,NONE,,RPM:486bd1410c336064 TPS:486bd1411109df ADV:486bd1410ee5b8 MIL:486bd1410100000000c6
1789376381.0877,281.643,3041.0,-573.0,3.53,0.00,47.50,2.40,38.4,45.3,5.04,14.10,0.000,101.0,47.0,1,0,0,0,0,0,0,NONE,,RPM:486bd1410c2f8484 TPS:486bd1411109df ADV:486bd1410edfb2 MIL:486bd1410100000000c6
1789376381.3596,281.915,2949.0,-338.3,3.53,0.00,41.50,2.40,38.4,45.3,5.06,14.10,0.000,100.0,47.0,1,0,0,0,0,0,0,NONE,,RPM:486bd1410c2e1413 TPS:486bd1411109df ADV:486bd1410ed3a6 MIL:486bd1410100000000c6
1789376381.6460,282.201,2788.0,-562.2,3.53,0.00,29.00,2.40,38.4,45.3,5.06,14.10,0.000,100.0,47.0,1,0,0,0,0,0,0,NONE,,RPM:486bd1410c2b908c TPS:486bd1411109df ADV:486bd1410eba8d MIL:486bd1410100000000c6
1789376381.9613,282.517,2301.0,-1544.7,3.53,0.00,20.00,2.40,14.5,45.3,2.91,14.10,0.000,100.0,47.0,1,0,0,0,0,0,0,NONE,,RPM:486bd1410c23f4e8 TPS:486bd1411109df ADV:486bd1410ea87b MIL:486bd1410100000000c6
1789376382.2399,282.795,2723.0,1514.9,3.53,0.00,47.50,2.40,14.5,45.3,2.91,14.10,0.000,100.0,47.0,1,0,0,0,0,0,0,NONE,,RPM:486bd1410c2a8c87 TPS:486bd1411109df ADV:486bd1410edfb2 MIL:486bd1410100000000c6
1789376382.5101,283.065,2954.0,854.8,3.53,0.00,42.50,2.40,14.5,45.3,2.91,14.10,0.000,100.0,47.0,1,0,0,0,0,0,0,NONE,,RPM:486bd1410c2e2827 TPS:486bd1411109df ADV:486bd1410ed5a8 MIL:486bd1410100000000c6
1789376382.9577,283.513,2778.0,-393.3,3.53,0.00,32.50,2.40,14.5,45.3,2.91,14.10,0.000,100.0,47.0,1,0,0,0,0,0,0,NONE,,RPM:486bd1410c2b6864 TPS:486bd1411109df ADV:486bd1410ec194 MIL:486bd1410100000000c6
1789376383.2433,283.799,2618.0,-560.1,3.53,0.00,25.00,2.40,14.5,45.3,2.91,14.10,0.000,100.0,48.0,1,0,0,0,0,0,0,NONE,,RPM:486bd1410c28e8e1 TPS:486bd1411109df ADV:486bd1410eb285 MIL:486bd1410100000000c6
1789376383.5600,284.115,2376.0,-764.2,3.53,0.00,18.00,2.40,14.5,45.3,2.91,14.10,0.000,100.0,48.0,1,0,0,0,0,0,0,NONE,,RPM:486bd1410c252016 TPS:486bd1411109df ADV:486bd1410ea477 MIL:486bd1410100000000c6
1789376383.8391,284.394,1761.0,-2203.6,3.14,-1.41,10.00,2.40,14.5,45.1,2.91,14.10,0.000,100.0,48.0,1,0,0,0,0,0,0,NONE,,RPM:486bd1410c1b8470 TPS:486bd1411108de ADV:486bd1410e9467 MIL:486bd1410100000000c6
1789376384.3347,284.890,2675.0,1844.1,3.14,0.00,8.00,2.40,14.5,45.1,2.91,14.10,0.000,100.0,48.0,1,0,0,0,0,0,0,NONE,,RPM:486bd1410c29ccc6 TPS:486bd1411108de ADV:486bd1410e9063 MIL:486bd1410100000000c6
1789376384.6058,285.161,2474.0,-741.3,3.14,0.00,8.00,2.40,14.5,45.1,2.91,14.10,0.000,100.0,48.0,1,0,0,0,0,0,0,NONE,,RPM:486bd1410c26a89f TPS:486bd1411108de ADV:486bd1410e9063 MIL:486bd1410100000000c6
1789376385.0683,285.624,2274.0,-432.5,3.14,0.00,8.00,2.40,14.5,45.1,2.91,14.10,0.000,100.0,48.0,1,0,0,0,0,0,0,NONE,,RPM:486bd1410c23887c TPS:486bd1411108de ADV:486bd1410e9063 MIL:486bd1410100000000c6
1789376385.3520,285.907,1886.0,-1367.3,3.14,0.00,8.00,2.40,14.5,45.1,2.94,14.10,0.000,98.0,48.0,1,0,0,0,0,0,0,NONE,,RPM:486bd1410c1d7866 TPS:486bd1411108de ADV:486bd1410e9063 MIL:486bd1410100000000c6
1789376385.6602,286.216,1254.0,-2050.5,3.14,0.00,13.00,2.40,14.5,45.1,2.94,14.10,0.000,98.0,48.0,1,0,0,0,0,0,0,NONE,,RPM:486bd1410c13987c TPS:486bd1411108de ADV:486bd1410e9a6d MIL:486bd1410100000000c6
1789376385.9956,286.551,1337.0,247.5,11.76,25.73,6.50,2.40,22.0,50.1,3.61,14.10,0.000,98.0,48.0,1,0,0,0,0,0,0,NONE,,RPM:486bd1410c14e4c9 TPS:486bd141111ef4 ADV:486bd1410e8d60 MIL:486bd1410100000000c6
1789376386.2937,286.849,2172.0,2801.1,3.53,-27.63,17.50,2.40,22.0,45.3,3.61,14.10,0.000,98.0,48.0,1,0,0,0,0,0,0,NONE,,RPM:486bd1410c21f0e2 TPS:486bd1411109df ADV:486bd1410ea376 MIL:486bd1410100000000c6
1789376386.5750,287.130,1683.0,-1738.2,16.47,46.00,4.00,2.40,22.0,52.9,3.61,14.10,0.000,98.0,48.0,1,0,0,0,0,0,0,NONE,,RPM:486bd1410c1a4c37 TPS:486bd141112a00 ADV:486bd1410e885b MIL:486bd1410100000000c6
1789376387.0163,287.572,2504.0,1860.2,3.14,-30.21,20.00,2.40,22.0,45.1,3.61,14.10,0.000,98.0,48.0,1,0,0,0,0,0,0,NONE,,RPM:486bd1410c272018 TPS:486bd1411108de ADV:486bd1410ea87b MIL:486bd1410100000000c6
1789376387.3083,287.864,1824.0,-2328.8,3.14,0.00,10.00,2.40,22.0,45.1,3.61,14.10,0.000,98.0,48.0,1,0,0,0,0,0,0,NONE,,RPM:486bd1410c1c806d TPS:486bd1411108de ADV:486bd1410e9467 MIL:486bd1410100000000c6
1789376387.5947,288.150,1331.0,-1721.6,3.14,0.00,11.50,2.40,22.0,45.1,3.61,14.10,0.000,98.0,48.0,1,0,0,0,0,0,0,NONE,,RPM:486bd1410c14ccb1 TPS:486bd1411108de ADV:486bd1410e976a MIL:486bd1410100000000c6
1789376387.8984,288.454,1334.0,9.9,3.14,0.00,11.00,2.40,22.0,45.1,3.61,14.10,0.000,98.0,48.0,1,0,0,0,0,0,0,NONE,,RPM:486bd1410c14d8bd TPS:486bd1411108de ADV:486bd1410e9669 MIL:486bd1410100000000c6
1789376388.3793,288.935,1306.0,-58.2,3.14,0.00,10.00,2.40,22.0,45.1,3.61,14.10,0.000,98.0,48.0,1,0,0,0,0,0,0,NONE,,RPM:486bd1410c14684d TPS:486bd1411108de ADV:486bd1410e9467 MIL:486bd1410100000000c6
1789376388.6508,289.206,1340.0,125.2,3.14,0.00,10.50,2.40,22.0,45.1,3.61,14.10,0.000,98.0,48.0,1,0,0,0,0,0,0,NONE,,RPM:486bd1410c14f0d5 TPS:486bd1411108de ADV:486bd1410e9568 MIL:486bd1410100000000c6
1789376389.1322,289.688,1344.0,8.3,3.53,0.81,10.00,2.40,22.0,45.3,3.61,14.10,0.000,98.0,48.0,1,0,0,0,0,0,0,NONE,,RPM:486bd1410c1500e6 TPS:486bd1411109df ADV:486bd1410e9467 MIL:486bd1410100000000c6
1789376389.4623,290.018,1372.0,84.8,3.92,1.19,11.00,2.40,22.0,45.6,3.63,14.10,0.000,97.0,48.0,1,0,0,0,0,0,0,NONE,,RPM:486bd1410c157056 TPS:486bd141110ae0 ADV:486bd1410e9669 MIL:486bd1410100000000c6
1789376389.7372,290.292,1507.0,491.0,4.31,1.43,11.50,2.40,22.0,45.8,3.63,14.10,0.000,97.0,48.0,1,0,0,0,0,0,0,NONE,,RPM:486bd1410c178c74 TPS:486bd141110be1 ADV:486bd1410e976a MIL:486bd1410100000000c6
1789376390.0222,290.577,1534.0,94.7,4.71,1.38,12.50,2.40,27.1,46.0,4.08,14.10,0.000,97.0,48.0,1,0,0,0,0,0,0,NONE,,RPM:486bd1410c17f8e0 TPS:486bd141110ce2 ADV:486bd1410e996c MIL:486bd1410100000000c6
1789376390.2976,290.853,1607.0,265.1,4.71,0.00,12.50,2.40,27.1,46.0,4.08,14.10,0.000,97.0,48.0,1,0,0,0,0,0,0,NONE,,RPM:486bd1410c191c06 TPS:486bd141110ce2 ADV:486bd1410e996c MIL:486bd1410100000000c6
1789376390.6181,291.173,1733.0,393.1,5.10,1.22,11.50,2.40,27.1,46.3,4.08,14.10,0.000,97.0,48.0,1,0,0,0,0,0,0,NONE,,RPM:486bd1410c1b1400 TPS:486bd141110de3 ADV:486bd1410e976a MIL:486bd1410100000000c6
1789376391.0764,291.632,1908.0,381.8,5.88,1.71,9.00,2.40,27.1,46.7,4.08,14.10,0.000,97.0,48.0,1,0,0,0,0,0,0,NONE,,RPM:486bd1410c1dd0be TPS:486bd141110fe5 ADV:486bd1410e9265 MIL:486bd1410100000000c6
1789376391.3837,291.939,2040.0,429.5,7.84,6.38,5.00,2.40,27.1,47.8,4.08,14.10,0.000,97.0,49.0,1,0,0,0,0,0,0,NONE,,RPM:486bd1410c1fe0d0 TPS:486bd1411114ea ADV:486bd1410e8a5d MIL:486bd1410100000000c6
1789376391.6575,292.213,2177.0,500.5,8.63,2.87,8.50,2.40,27.1,48.3,4.08,14.10,0.000,97.0,49.0,1,0,0,0,0,0,0,NONE,,RPM:486bd1410c2204f7 TPS:486bd1411116ec ADV:486bd1410e9164 MIL:486bd1410100000000c6
1789376391.9337,292.489,2353.0,637.1,9.02,1.42,15.50,2.40,27.1,48.5,4.08,14.10,0.000,97.0,49.0,1,0,0,0,0,0,0,NONE,,RPM:486bd1410c24c4b9 TPS:486bd1411117ed ADV:486bd1410e9f72 MIL:486bd1410100000000c6
1789376392.3670,292.922,2644.0,671.6,10.59,3.62,20.00,2.40,27.1,49.4,4.08,14.10,0.000,97.0,49.0,1,0,0,0,0,0,0,NONE,,RPM:486bd1410c29504a TPS:486bd141111bf1 ADV:486bd1410ea87b MIL:486bd1410100000000c6
1789376392.6954,293.251,2910.0,810.1,3.53,-21.50,48.50,2.40,27.1,45.3,4.08,14.10,0.000,97.0,49.0,1,0,0,0,0,0,0,NONE,,RPM:486bd1410c2d7876 TPS:486bd1411109df ADV:486bd1410ee1b4 MIL:486bd1410100000000c6
1789376393.1691,293.724,2076.0,-1760.5,7.45,8.28,8.00,2.40,27.1,47.6,4.08,14.10,0.000,97.0,49.0,1,0,0,0,0,0,0,NONE,,RPM:486bd1410c207061 TPS:486bd1411113e9 ADV:486bd1410e9063 MIL:486bd1410100000000c6
1789376393.4354,293.991,2215.0,522.0,11.37,14.73,8.50,2.40,27.1,49.9,4.08,14.10,0.000,97.0,49.0,1,0,0,0,0,0,0,NONE,,RPM:486bd1410c229c8f TPS:486bd141111df3 ADV:486bd1410e9164 MIL:486bd1410100000000c6
1789376393.7036,294.259,2287.0,268.4,11.76,1.46,11.00,2.40,27.1,50.1,4.08,14.10,0.000,97.0,49.0,1,0,0,0,0,0,0,NONE,,RPM:486bd1410c23bcb0 TPS:486bd141111ef4 ADV:486bd1410e9669 MIL:486bd1410100000000c6
1789376393.9758,294.531,2413.0,462.9,12.16,1.44,16.50,2.40,36.1,50.4,4.90,14.10,0.000,97.0,49.0,1,0,0,0,0,0,0,NONE,,RPM:486bd1410c25b4aa TPS:486bd141111ff5 ADV:486bd1410ea174 MIL:486bd1410100000000c6
1789376394.2810,294.836,2652.0,782.9,14.12,6.42,16.50,2.40,36.1,51.5,4.90,14.10,0.000,97.0,49.0,1,0,0,0,0,0,0,NONE,,RPM:486bd1410c29706a TPS:486bd1411124fa ADV:486bd1410ea174 MIL:486bd1410100000000c6
1789376394.5510,295.106,2871.0,811.2,18.43,15.98,16.50,2.40,36.1,54.0,4.90,14.10,0.000,97.0,49.0,1,0,0,0,0,0,0,NONE,,RPM:486bd1410c2cdcd9 TPS:486bd141112f05 ADV:486bd1410ea174 MIL:486bd1410100000000c6
1789376395.0091,295.564,3346.0,1036.9,25.49,15.41,15.50,2.40,36.1,58.1,4.90,14.10,0.000,97.0,49.0,1,0,0,0,0,0,0,NONE,,RPM:486bd1410c34484d TPS:486bd141114117 ADV:486bd1410e9f72 MIL:486bd1410100000000c6
1789376395.2860,295.841,3746.0,1444.4,26.27,2.83,20.50,2.40,36.1,58.5,4.90,14.10,0.000,97.0,48.0,1,0,0,0,0,0,0,NONE,,RPM:486bd1410c3a8893 TPS:486bd141114319 ADV:486bd1410ea97c MIL:486bd1410100000000c6
1789376395.5764,296.132,4114.0,1267.4,28.24,6.75,21.00,2.40,36.1,59.7,4.90,14.10,0.000,97.0,48.0,1,0,0,0,0,0,0,NONE,,RPM:486bd1410c404859 TPS:486bd14111481e ADV:486bd1410eaa7d MIL:486bd1410100000000c6
1789376395.8623,296.418,4477.0,1269.9,30.20,6.86,21.50,2.40,36.1,60.8,4.90,14.10,0.000,97.0,48.0,1,0,0,0,0,0,0,NONE,,RPM:486bd1410c45f40a TPS:486bd141114d23 ADV:486bd1410eab7e MIL:486bd1410100000000c6
1789376396.3152,296.870,4960.0,1066.3,31.37,2.60,60.00,2.40,36.1,61.5,4.90,14.10,0.000,97.0,48.0,1,0,0,0,0,0,0,NONE,,RPM:486bd1410c4d809e TPS:486bd141115026 ADV:486bd1410ef8cb MIL:486bd1410100000000c6
1789376396.5822,297.137,4659.0,-1127.4,23.53,-29.38,21.00,2.40,36.1,56.9,4.90,14.10,0.000,97.0,48.0,1,0,0,0,0,0,0,NONE,,RPM:486bd1410c48cce5 TPS:486bd141113c12 ADV:486bd1410eaa7d MIL:486bd1410100000000c6
1789376397.0506,297.606,4132.0,-1125.0,9.02,-30.97,60.00,2.40,36.1,48.5,4.90,14.10,0.000,97.0,48.0,1,0,0,0,0,0,0,NONE,,RPM:486bd1410c4090a1 TPS:486bd1411117ed ADV:486bd1410ef8cb MIL:486bd1410100000000c6
1789376397.3585,297.914,4025.0,-347.5,3.53,-17.83,60.00,2.40,36.1,45.3,4.91,14.10,0.000,96.0,48.0,1,0,0,0,0,0,0,NONE,,RPM:486bd1410c3ee4f3 TPS:486bd1411109df ADV:486bd1410ef8cb MIL:486bd1410100000000c6
1789376397.6371,298.192,3920.0,-377.0,3.53,0.00,60.00,2.40,36.1,45.3,4.91,14.10,0.000,96.0,48.0,1,0,0,0,0,0,0,NONE,,RPM:486bd1410c3d404e TPS:486bd1411109df ADV:486bd1410ef8cb MIL:486bd1410100000000c6
1789376397.9085,298.464,3849.0,-261.6,3.53,0.00,57.50,2.40,11.8,45.3,2.73,14.10,0.000,96.0,48.0,1,0,0,0,0,0,0,NONE,,RPM:486bd1410c3c2431 TPS:486bd1411109df ADV:486bd1410ef3c6 MIL:486bd1410100000000c6
1789376398.2122,298.767,3641.0,-684.8,3.53,0.00,55.50,2.40,11.8,45.3,2.73,14.10,0.000,96.0,48.0,1,0,0,0,0,0,0,NONE,,RPM:486bd1410c38e4ed TPS:486bd1411109df ADV:486bd1410eefc2 MIL:486bd1410100000000c6
1789376398.4839,299.039,3510.0,-482.1,3.53,0.00,54.00,2.40,11.8,45.3,2.73,14.10,0.000,96.0,48.0,1,0,0,0,0,0,0,NONE,,RPM:486bd1410c36d8df TPS:486bd1411109df ADV:486bd1410eecbf MIL:486bd1410100000000c6
1789376398.9491,299.504,3365.0,-311.7,3.53,0.00,51.50,2.40,11.8,45.3,2.73,14.10,0.000,96.0,48.0,1,0,0,0,0,0,0,NONE,,RPM:486bd1410c349499 TPS:486bd1411109df ADV:486bd1410ee7ba MIL:486bd1410100000000c6
1789376399.2202,299.775,3226.0,-512.8,3.53,0.00,43.50,2.40,11.8,45.3,2.73,14.10,0.000,96.0,47.0,1,0,0,0,0,0,0,NONE,,RPM:486bd1410c32686b TPS:486bd1411109df ADV:486bd1410ed7aa MIL:486bd1410100000000c6
1789376399.5241,300.079,2858.0,-1210.8,3.92,1.29,46.00,2.40,11.8,45.6,2.73,14.10,0.000,96.0,47.0,1,0,0,0,0,0,0,NONE,,RPM:486bd1410c2ca8a5 TPS:486bd141110ae0 ADV:486bd1410edcaf MIL:486bd1410100000000c6
1789376399.7958,300.351,3562.0,2590.9,3.92,0.00,56.50,2.40,11.8,45.6,2.73,14.10,0.000,96.0,47.0,1,0,0,0,0,0,0,NONE,,RPM:486bd1410c37a8b0 TPS:486bd141110ae0 ADV:486bd1410ef1c4 MIL:486bd1410100000000c6
1789376400.2562,300.811,3637.0,162.9,3.92,0.00,55.50,2.40,11.8,45.6,2.73,14.10,0.000,96.0,47.0,1,0,0,0,0,0,0,NONE,,RPM:486bd1410c38d4dd TPS:486bd141110ae0 ADV:486bd1410eefc2 MIL:486bd1410100000000c6
1789376400.5309,301.086,3524.0,-411.4,3.92,0.00,54.00,2.40,11.8,45.6,2.73,14.10,0.000,96.0,47.0,1,0,0,0,0,0,0,NONE,,RPM:486bd1410c371018 TPS:486bd141110ae0 ADV:486bd1410eecbf MIL:486bd1410100000000c6
1789376400.9944,301.550,3348.0,-379.7,4.31,0.85,50.50,2.40,11.8,45.8,2.73,14.10,0.000,96.0,47.0,1,0,0,0,0,0,0,NONE,,RPM:486bd1410c345055 TPS:486bd141110be1 ADV:486bd1410ee5b8 MIL:486bd1410100000000c6
1789376401.2964,301.852,3267.0,-268.2,4.31,0.00,48.50,2.40,11.8,45.8,2.73,14.10,0.000,96.0,47.0,1,0,0,0,0,0,0,NONE,,RPM:486bd1410c330c10 TPS:486bd141110be1 ADV:486bd1410ee1b4 MIL:486bd1410100000000c6
1789376401.5717,302.127,3187.0,-290.6,4.31,0.00,47.50,2.40,11.8,45.8,2.73,14.10,0.000,96.0,47.0,1,0,0,0,0,0,0,NONE,,RPM:486bd1410c31ccce TPS:486bd141110be1 ADV:486bd1410edfb2 MIL:486bd1410100000000c6
1789376401.8746,302.430,3088.0,-326.8,4.31,0.00,46.50,2.40,15.7,45.8,3.08,14.10,0.000,96.0,47.0,1,0,0,0,0,0,0,NONE,,RPM:486bd1410c304041 TPS:486bd141110be1 ADV:486bd1410eddb0 MIL:486bd1410100000000c6
1789376402.1515,302.707,3035.0,-191.5,4.31,0.00,45.50,2.40,15.7,45.8,3.08,14.10,0.000,96.0,47.0,1,0,0,0,0,0,0,NONE,,RPM:486bd1410c2f6c6c TPS:486bd141110be1 ADV:486bd1410edbae MIL:486bd1410100000000c6
1789376402.4689,303.024,2961.0,-233.1,4.31,0.00,42.50,2.40,15.7,45.8,3.08,14.10,0.000,96.0,47.0,1,0,0,0,0,0,0,NONE,,RPM:486bd1410c2e4443 TPS:486bd141110be1 ADV:486bd1410ed5a8 MIL:486bd1410100000000c6
1789376402.8948,303.450,2928.0,-77.5,7.06,6.44,24.00,2.40,15.7,47.4,3.08,14.10,0.000,96.0,47.0,1,0,0,0,0,0,0,NONE,,RPM:486bd1410c2dc0be TPS:486bd1411112e8 ADV:486bd1410eb083 MIL:486bd1410100000000c6
1789376403.2017,303.757,2904.0,-78.2,8.63,5.11,19.00,2.40,15.7,48.3,3.08,14.10,0.000,96.0,47.0,1,0,0,0,0,0,0,NONE,,RPM:486bd1410c2d605e TPS:486bd1411116ec ADV:486bd1410ea679 MIL:486bd1410100000000c6
1789376403.4755,304.031,2937.0,120.6,12.16,12.89,14.00,2.40,15.7,50.4,3.08,14.10,0.000,96.0,47.0,1,0,0,0,0,0,0,NONE,,RPM:486bd1410c2de4e2 TPS:486bd141111ff5 ADV:486bd1410e9c6f MIL:486bd1410100000000c6
1789376403.7879,304.343,3102.0,528.0,14.12,6.27,13.50,2.40,15.7,51.5,3.08,14.10,0.000,96.0,47.0,1,0,0,0,0,0,0,NONE,,RPM:486bd1410c307879 TPS:486bd1411124fa ADV:486bd1410e9b6e MIL:486bd1410100000000c6
1789376404.2042,304.760,3317.0,516.5,18.04,9.42,18.50,2.40,15.7,53.8,3.08,14.10,0.000,96.0,47.0,1,0,0,0,0,0,0,NONE,,RPM:486bd1410c33d4d8 TPS:486bd141112e04 ADV:486bd1410ea578 MIL:486bd1410100000000c6
1789376404.5111,305.066,3571.0,827.7,18.82,2.56,21.50,2.40,15.7,54.2,3.08,14.10,0.000,96.0,47.0,1,0,0,0,0,0,0,NONE,,RPM:486bd1410c37ccd4 TPS:486bd141113006 ADV:486bd1410eab7e MIL:486bd1410100000000c6
1789376404.9554,305.511,3954.0,861.9,24.71,13.24,22.50,2.40,15.7,57.6,3.08,14.10,0.000,96.0,47.0,1,0,0,0,0,0,0,NONE,,RPM:486bd1410c3dc8d6 TPS:486bd141113f15 ADV:486bd1410ead80 MIL:486bd1410100000000c6
1789376405.2629,305.818,4215.0,848.8,26.67,6.38,21.50,2.40,15.7,58.8,3.11,14.10,0.000,94.0,47.0,1,0,0,0,0,0,0,NONE,,RPM:486bd1410c41dcee TPS:486bd14111441a ADV:486bd1410eab7e MIL:486bd1410100000000c6
1789376405.5338,306.089,4474.0,956.2,30.20,13.03,22.50,2.40,15.7,60.8,3.11,14.10,0.000,94.0,47.0,1,0,0,0,0,0,0,NONE,,RPM:486bd1410c45e8fe TPS:486bd141114d23 ADV:486bd1410ead80 MIL:486bd1410100000000c6
1789376405.8393,306.395,4859.0,1260.3,38.82,28.24,25.50,2.40,66.7,65.8,7.70,14.10,0.000,94.0,47.0,1,0,0,0,0,0,0,NONE,,RPM:486bd1410c4bec08 TPS:486bd141116339 ADV:486bd1410eb386 MIL:486bd1410100000000c6
1789376406.1093,306.665,5232.0,1381.4,41.57,10.17,29.00,2.40,66.7,67.4,7.70,14.10,0.000,94.0,47.0,1,0,0,0,0,0,0,NONE,,RPM:486bd1410c51c0e2 TPS:486bd141116a40 ADV:486bd1410eba8d MIL:486bd1410100000000c6
1789376406.4545,307.010,5552.0,926.9,3.53,-110.18,31.00,2.40,66.7,45.3,7.70,14.10,0.000,94.0,47.0,1,0,0,0,0,0,0,NONE,,RPM:486bd1410c56c0e7 TPS:486bd1411109df ADV:486bd1410ebe91 MIL:486bd1410100000000c6
1789376406.8747,307.430,4581.0,-2310.8,47.45,104.52,22.50,2.40,66.7,70.8,7.70,14.10,0.000,94.0,47.0,1,0,0,0,0,0,0,NONE,,RPM:486bd1410c4794ac TPS:486bd14111794f ADV:486bd1410ead80 MIL:486bd1410100000000c6
1789376407.2152,307.771,4890.0,907.5,47.84,1.15,36.00,2.40,66.7,71.0,7.70,14.10,0.000,94.0,45.0,1,0,0,0,0,0,0,NONE,,RPM:486bd1410c4c6885 TPS:486bd141117a50 ADV: MIL:486bd1410100000000c6
1789376407.6647,308.220,4890.0,0.0,42.35,-12.22,16.00,2.40,66.7,67.9,7.70,14.10,0.000,94.0,45.0,1,0,0,0,0,0,0,NONE,,RPM: TPS:486bd141116c42 ADV:486bd1410ea073 MIL:486bd1410100000000c6
1789376408.1753,308.731,3972.0,-1798.0,3.53,-76.04,60.00,2.40,66.7,45.3,7.70,14.10,0.000,94.0,45.0,1,0,0,0,0,0,0,NONE,,RPM:486bd1410c3e101f TPS:486bd1411109df ADV:486bd1410ef8cb MIL:486bd1410100000000c6
1789376408.6208,309.176,3984.0,26.9,3.53,0.00,58.50,2.40,66.7,45.3,7.70,14.10,0.000,94.0,45.0,1,0,0,0,0,0,0,NONE,,RPM:486bd1410c3e404f TPS:486bd1411109df ADV:486bd1410ef5c8 MIL:486bd1410100000000c6
1789376408.9248,309.480,3757.0,-746.6,3.53,0.00,56.50,2.40,66.7,45.3,7.70,14.10,0.000,94.0,45.0,1,0,0,0,0,0,0,NONE,,RPM:486bd1410c3ab4bf TPS:486bd1411109df ADV:486bd1410ef1c4 MIL:486bd1410100000000c6
1789376409.3675,309.923,2847.0,-2055.9,3.53,0.00,20.50,2.40,66.7,45.3,7.70,14.10,0.000,94.0,45.0,1,0,0,0,0,0,0,NONE,,RPM:486bd1410c2c7c79 TPS:486bd1411109df ADV:486bd1410ea97c MIL:486bd1410100000000c6
1789376409.6432,310.198,2539.0,-1117.2,3.53,0.00,51.50,2.40,66.7,45.3,7.72,14.10,0.000,93.0,45.0,1,0,0,0,0,0,0,NONE,,RPM:486bd1410c27aca4 TPS:486bd1411109df ADV:486bd1410ee7ba MIL:486bd1410100000000c6
1789376409.9636,310.519,3621.0,3376.3,3.53,0.00,55.50,2.40,66.7,45.3,7.72,14.10,0.000,93.0,45.0,1,0,0,0,0,0,0,NONE,,RPM:486bd1410c38949d TPS:486bd1411109df ADV:486bd1410eefc2 MIL:
1789376410.4213,310.977,3179.0,-965.9,3.53,0.00,48.50,2.40,5.5,45.3,2.21,14.10,0.000,93.0,45.0,1,0,0,0,0,0,0,NONE,,RPM:486bd1410c31acae TPS:486bd1411109df ADV:486bd1410ee1b4 MIL:
1789376410.7017,311.257,3179.0,0.0,3.53,0.00,41.50,2.40,5.5,45.3,2.21,14.10,0.000,93.0,45.0,1,0,0,0,0,0,0,NONE,,RPM: TPS:486bd1411109df ADV:486bd1410ed3a6 MIL:486bd1410100000000c6
1789376411.0209,311.576,2833.0,-1084.2,3.53,0.00,31.00,2.40,5.5,45.3,2.21,14.10,0.000,93.0,45.0,1,0,0,0,0,0,0,NONE,,RPM:486bd1410c2c4441 TPS:486bd1411109df ADV:486bd1410ebe91 MIL:486bd1410100000000c6
1789376411.4941,312.049,2525.0,-650.8,3.53,0.00,24.00,2.40,5.5,45.3,2.21,14.10,0.000,93.0,45.0,1,0,0,0,0,0,0,NONE,,RPM:486bd1410c27746c TPS:486bd1411109df ADV:486bd1410eb083 MIL:486bd1410100000000c6
1789376411.7632,312.318,2425.0,-371.7,3.53,0.00,20.50,2.40,5.5,45.3,2.21,14.10,0.000,93.0,46.0,1,0,0,0,0,0,0,NONE,,RPM:486bd1410c25e4da TPS:486bd1411109df ADV:486bd1410ea97c MIL:486bd1410100000000c6
1789376412.0425,312.598,2205.0,-787.7,3.53,0.00,18.00,2.40,5.5,45.3,2.21,14.10,0.000,93.0,46.0,1,0,0,0,0,0,0,NONE,,RPM:486bd1410c227467 TPS:486bd1411109df ADV:486bd1410ea477 MIL:486bd1410100000000c6
1789376412.3463,312.902,1954.0,-826.2,3.53,0.00,13.50,2.40,5.5,45.3,2.21,14.10,0.000,93.0,46.0,1,0,0,0,0,0,0,NONE,,RPM:486bd1410c1e8877 TPS:486bd1411109df ADV:486bd1410e9b6e MIL:486bd1410100000000c6
1789376412.8182,313.374,2194.0,508.5,3.53,0.00,8.00,2.40,5.5,45.3,2.21,14.10,0.000,93.0,46.0,1,0,0,0,0,0,0,NONE,,RPM:486bd1410c22483b TPS:486bd1411109df ADV:486bd1410e9063 MIL:486bd1410100000000c6
1789376413.0974,313.653,2087.0,-383.3,3.14,-1.40,8.00,2.40,5.5,45.1,2.21,14.10,0.000,93.0,46.0,1,0,0,0,0,0,0,NONE,,RPM:486bd1410c209c8d TPS:486bd1411108de ADV:486bd1410e9063 MIL:486bd1410100000000c6
1789376413.6043,314.160,1818.0,-530.6,3.53,0.77,8.00,2.40,5.5,45.3,2.21,14.10,0.000,93.0,46.0,1,0,0,0,0,0,0,NONE,,RPM:486bd1410c1c6855 TPS:486bd1411109df ADV:486bd1410e9063 MIL:486bd1410100000000c6
1789376413.8663,314.422,1617.0,-767.1,3.14,-1.50,10.00,2.40,5.5,45.1,2.21,14.10,0.000,93.0,46.0,1,0,0,0,0,0,0,NONE,,RPM:486bd1410c19442e TPS:486bd1411108de ADV:486bd1410e9467 MIL:486bd1410100000000c6
1789376414.1538,314.709,1252.0,-1269.8,3.14,0.00,10.00,2.40,5.5,45.1,2.21,14.10,0.000,93.0,46.0,1,0,0,0,0,0,0,NONE,,RPM:486bd1410c139074 TPS:486bd1411108de ADV:486bd1410e9467 MIL:486bd1410100000000c6
1789376414.4402,314.995,1344.0,321.2,3.14,0.00,11.00,2.40,23.5,45.1,3.84,14.10,0.000,93.0,46.0,1,0,0,0,0,0,0,NONE,,RPM:486bd1410c1500e6 TPS:486bd1411108de ADV:486bd1410e9669 MIL:486bd1410100000000c6
1789376414.7132,315.268,1337.0,-25.6,3.14,0.00,10.00,2.40,23.5,45.1,3.84,14.10,0.000,93.0,46.0,1,0,0,0,0,0,0,NONE,,RPM:486bd1410c14e4c9 TPS:486bd1411108de ADV:486bd1410e9467 MIL:486bd1410100000000c6
1789376414.9851,315.540,1289.0,-176.5,3.14,0.00,10.00,2.40,23.5,45.1,3.84,14.10,0.000,93.0,46.0,1,0,0,0,0,0,0,NONE,,RPM:486bd1410c142409 TPS:486bd1411108de ADV:486bd1410e9467 MIL:486bd1410100000000c6
1789376415.4372,315.992,1296.0,15.5,3.14,0.00,10.50,2.40,23.5,45.1,3.84,14.10,0.000,93.0,46.0,1,0,0,0,0,0,0,NONE,,RPM:486bd1410c144025 TPS:486bd1411108de ADV:486bd1410e9568 MIL:486bd1410100000000c6
1789376415.7175,316.273,1331.0,124.8,3.14,0.00,10.50,2.40,23.5,45.1,3.84,14.10,0.000,93.0,46.0,1,0,0,0,0,0,0,NONE,,RPM:486bd1410c14ccb1 TPS:486bd1411108de ADV:486bd1410e9568 MIL:486bd1410100000000c6
1789376415.9921,316.547,1324.0,-25.5,3.14,0.00,10.00,2.40,23.5,45.1,3.84,14.10,0.000,93.0,46.0,1,0,0,0,0,0,0,NONE,,RPM:486bd1410c14b095 TPS:486bd1411108de ADV:486bd1410e9467 MIL:486bd1410100000000c6
1789376416.3135,316.869,1348.0,74.7,3.14,0.00,10.50,2.40,23.5,45.1,3.84,14.10,0.000,93.0,46.0,1,0,0,0,0,0,0,NONE,,RPM:486bd1410c1510f6 TPS:486bd1411108de ADV:486bd1410e9568 MIL:486bd1410100000000c6
1789376416.7783,317.334,1316.0,-68.8,3.14,0.00,10.00,2.40,23.5,45.1,3.84,14.10,0.000,93.0,46.0,1,0,0,0,0,0,0,NONE,,RPM:486bd1410c149075 TPS:486bd1411108de ADV:486bd1410e9467 MIL:486bd1410100000000c6
1789376417.0467,317.602,1332.0,59.6,3.14,0.00,10.50,2.40,23.5,45.1,3.84,14.10,0.000,93.0,46.0,1,0,0,0,0,0,0,NONE,,RPM:486bd1410c14d0b5 TPS:486bd1411108de ADV:486bd1410e9568 MIL:486bd1410100000000c6
1789376417.5099,318.065,1311.0,-45.3,3.14,0.00,10.00,2.40,23.5,45.1,3.84,14.10,0.000,93.0,46.0,1,0,0,0,0,0,0,NONE,,RPM:486bd1410c147c61 TPS:486bd1411108de ADV:486bd1410e9467 MIL:486bd1410100000000c6
1789376417.8156,318.371,1411.0,327.1,3.14,0.00,10.00,2.40,23.5,45.1,3.84,14.10,0.000,93.0,46.0,1,0,0,0,0,0,0,NONE,,RPM:486bd1410c160cf3 TPS:486bd1411108de ADV:486bd1410e9467 MIL:486bd1410100000000c6
1789376418.0864,318.642,1315.0,-354.5,3.14,0.00,10.00,2.40,23.5,45.1,3.84,14.10,0.000,93.0,46.0,1,0,0,0,0,0,0,NONE,,RPM:486bd1410c148c71 TPS:486bd1411108de ADV:486bd1410e9467 MIL:486bd1410100000000c6
1789376418.3587,318.914,1354.0,143.2,3.14,0.00,10.00,2.40,22.4,45.1,3.73,14.10,0.000,93.0,46.0,1,0,0,0,0,0,0,NONE,,RPM:486bd1410c15280e TPS:486bd1411108de ADV:486bd1410e9467 MIL:486bd1410100000000c6
1789376418.6623,319.218,1343.0,-36.2,3.14,0.00,10.00,2.40,22.4,45.1,3.73,14.10,0.000,93.0,46.0,1,0,0,0,0,0,0,NONE,,RPM:486bd1410c14fce1 TPS:486bd1411108de ADV:486bd1410e9467 MIL:486bd1410100000000c6
1789376418.9339,319.489,1338.0,-18.4,3.53,1.44,10.00,2.40,22.4,45.3,3.73,14.10,0.000,93.0,46.0,1,0,0,0,0,0,0,NONE,,RPM:486bd1410c14e8cd TPS:486bd1411109df ADV:486bd1410e9467 MIL:486bd1410100000000c6
1789376419.3964,319.952,1398.0,129.7,6.27,5.93,6.50,2.40,22.4,46.9,3.73,14.10,0.000,93.0,46.0,1,0,0,0,0,0,0,NONE,,RPM:486bd1410c15d8be TPS:486bd1411110e6 ADV:486bd1410e8d60 MIL:486bd1410100000000c6
1789376419.6789,320.234,1864.0,1649.5,6.27,0.00,6.00,2.40,22.4,46.9,3.73,14.10,0.000,93.0,47.0,1,0,0,0,0,0,0,NONE,,RPM:486bd1410c1d200e TPS:486bd1411110e6 ADV:486bd1410e8c5f MIL:486bd1410100000000c6
1789376419.9453,320.501,2079.0,807.1,5.88,-1.47,11.00,2.40,22.4,46.7,3.73,14.10,0.000,93.0,47.0,1,0,0,0,0,0,0,NONE,,RPM:486bd1410c207c6d TPS:486bd141110fe5 ADV:486bd1410e9669 MIL:486bd1410100000000c6
1789376420.2130,320.768,2137.0,216.6,5.49,-1.46,9.00,2.40,22.4,46.5,3.73,14.10,0.000,93.0,47.0,1,0,0,0,0,0,0,NONE,,RPM:486bd1410c216456 TPS:486bd141110ee4 ADV:486bd1410e9265 MIL:486bd1410100000000c6
1789376420.6757,321.231,1912.0,-486.3,5.49,0.00,10.00,2.40,22.4,46.5,3.73,14.10,0.000,93.0,47.0,1,0,0,0,0,0,0,NONE,,RPM:486bd1410c1de0ce TPS:486bd141110ee4 ADV:486bd1410e9467 MIL:486bd1410100000000c6
1789376420.9963,321.552,1874.0,-118.5,5.88,1.22,9.00,2.40,22.4,46.7,3.73,14.10,0.000,93.0,47.0,1,0,0,0,0,0,0,NONE,,RPM:486bd1410c1d4836 TPS:486bd141110fe5 ADV:486bd1410e9265 MIL:486bd1410100000000c6
1789376421.4666,322.022,1804.0,-148.8,5.88,0.00,8.50,2.40,22.4,46.7,3.73,14.10,0.000,93.0,47.0,1,0,0,0,0,0,0,NONE,,RPM:486bd1410c1c301d TPS:486bd141110fe5 ADV:486bd1410e9164 MIL:486bd1410100000000c6
1789376421.7431,322.298,1819.0,54.2,5.88,0.00,8.50,2.40,22.4,46.7,3.75,14.10,0.000,92.0,47.0,1,0,0,0,0,0,0,NONE,,RPM:486bd1410c1c6c59 TPS:486bd141110fe5 ADV:486bd1410e9164 MIL:486bd1410100000000c6
1789376422.0527,322.608,1836.0,54.9,3.14,-8.87,20.00,2.40,22.4,45.1,3.75,14.10,0.000,92.0,47.0,1,0,0,0,0,0,0,NONE,,RPM:486bd1410c1cb09d TPS:486bd1411108de ADV:486bd1410ea87b MIL:486bd1410100000000c6
1789376422.3866,322.942,1601.0,-703.8,3.14,0.00,8.00,2.40,21.6,45.1,3.68,14.10,0.000,92.0,47.0,1,0,0,0,0,0,0,NONE,,RPM:486bd1410c1904ee TPS:486bd1411108de ADV:486bd1410e9063 MIL:486bd1410100000000c6
1789376422.6602,323.216,1281.0,-1169.4,3.14,0.00,10.00,2.40,21.6,45.1,3.68,14.10,0.000,92.0,47.0,1,0,0,0,0,0,0,NONE,,RPM:486bd1410c1404e9 TPS:486bd1411108de ADV:486bd1410e9467 MIL:486bd1410100000000c6
1789376422.9325,323.488,1368.0,319.6,3.14,0.00,10.50,2.40,21.6,45.1,3.68,14.10,0.000,92.0,47.0,1,0,0,0,0,0,0,NONE,,RPM:486bd1410c156046 TPS:486bd1411108de ADV:486bd1410e9568 MIL:486bd1410100000000c6
1789376423.3845,323.940,1349.0,-42.0,3.14,0.00,10.00,2.40,21.6,45.1,3.68,14.10,0.000,92.0,47.0,1,0,0,0,0,0,0,NONE,,RPM:486bd1410c1514fa TPS:486bd1411108de ADV:486bd1410e9467 MIL:486bd1410100000000c6
1789376423.6603,324.216,1354.0,18.1,3.14,0.00,10.00,2.40,21.6,45.1,3.68,14.10,0.000,92.0,48.0,1,0,0,0,0,0,0,NONE,,RPM:486bd1410c15280e TPS:486bd1411108de ADV:486bd1410e9467 MIL:486bd1410100000000c6
1789376423.9389,324.494,1301.0,-190.3,3.14,0.00,10.00,2.40,21.6,45.1,3.68,14.10,0.000,92.0,48.0,1,0,0,0,0,0,0,NONE,,RPM:486bd1410c145439 TPS:486bd1411108de ADV:486bd1410e9467 MIL:486bd1410100000000c6
1789376424.2095,324.765,1386.0,314.0,3.14,0.00,8.50,2.40,21.6,45.1,3.68,14.10,0.000,92.0,48.0,1,0,0,0,0,0,0,NONE,,RPM:486bd1410c15a88e TPS:486bd1411108de ADV:486bd1410e9164 MIL:486bd1410100000000c6
1789376424.6586,325.214,1362.0,-53.4,3.14,0.00,9.00,2.40,21.6,45.1,3.68,14.10,0.000,92.0,48.0,1,0,0,0,0,0,0,NONE,,RPM:486bd1410c15482e TPS:486bd1411108de ADV:486bd1410e9265 MIL:486bd1410100000000c6
1789376424.9292,325.485,1342.0,-73.9,3.14,0.00,8.50,2.40,21.6,45.1,3.68,14.10,0.000,92.0,48.0,1,0,0,0,0,0,0,NONE,,RPM:486bd1410c14f8dd TPS:486bd1411108de ADV:486bd1410e9164 MIL:486bd1410100000000c6
1789376425.3789,325.934,1323.0,-42.3,3.14,0.00,9.00,2.40,21.6,45.1,3.68,14.10,0.000,92.0,48.0,1,0,0,0,0,0,0,NONE,,RPM:486bd1410c14ac91 TPS:486bd1411108de ADV:486bd1410e9265 MIL:486bd1410100000000c6
1789376425.6495,326.205,1333.0,36.9,3.14,0.00,8.50,2.40,21.6,45.1,3.68,14.10,0.000,92.0,48.0,1,0,0,0,0,0,0,NONE,,RPM:486bd1410c14d4b9 TPS:486bd1411108de ADV:486bd1410e9164 MIL:486bd1410100000000c6
1789376425.9699,326.525,1349.0,49.9,3.14,0.00,8.50,2.40,21.6,45.1,3.68,14.10,0.000,92.0,48.0,1,0,0,0,0,0,0,NONE,,RPM:486bd1410c1514fa TPS:486bd1411108de ADV:486bd1410e9164 MIL:486bd1410100000000c6
1789376426.2536,326.809,1340.0,-31.7,3.14,0.00,9.00,2.40,22.7,45.1,3.79,14.10,0.000,92.0,48.0,1,0,0,0,0,0,0,NONE,,RPM:486bd1410c14f0d5 TPS:486bd1411108de ADV:486bd1410e9265 MIL:486bd1410100000000c6
1789376426.5603,327.116,1359.0,62.0,3.14,0.00,8.50,2.40,22.7,45.1,3.79,14.10,0.000,92.0,48.0,1,0,0,0,0,0,0,NONE,,RPM:486bd1410c153c22 TPS:486bd1411108de ADV:486bd1410e9164 MIL:486bd1410100000000c6
1789376426.8480,327.403,1363.0,13.9,3.14,0.00,8.50,2.40,22.7,45.1,3.79,14.10,0.000,92.0,48.0,1,0,0,0,0,0,0,NONE,,RPM:486bd1410c154c32 TPS:486bd1411108de ADV:486bd1410e9164 MIL:486bd1410100000000c6
1789376427.3006,327.856,1317.0,-101.6,3.14,0.00,8.50,2.40,22.7,45.1,3.79,14.10,0.000,92.0,48.0,1,0,0,0,0,0,0,NONE,,RPM:486bd1410c149479 TPS:486bd1411108de ADV:486bd1410e9164 MIL:486bd1410100000000c6
1789376427.5990,328.154,1342.0,83.8,3.14,0.00,8.50,2.40,22.7,45.1,3.79,14.10,0.000,92.0,50.0,1,0,0,0,0,0,0,NONE,,RPM:486bd1410c14f8dd TPS:486bd1411108de ADV:486bd1410e9164 MIL:486bd1410100000000c6
1789376427.8721,328.427,1369.0,98.9,3.14,0.00,8.00,2.40,22.7,45.1,3.79,14.10,0.000,92.0,50.0,1,0,0,0,0,0,0,NONE,,RPM:486bd1410c15644a TPS:486bd1411108de ADV:486bd1410e9063 MIL:486bd1410100000000c6
1789376428.1439,328.699,1341.0,-103.0,3.14,0.00,8.50,2.40,22.7,45.1,3.79,14.10,0.000,92.0,50.0,1,0,0,0,0,0,0,NONE,,RPM:486bd1410c14f4d9 TPS:486bd1411108de ADV:486bd1410e9164 MIL:486bd1410100000000c6
1789376428.6360,329.191,1338.0,-6.1,3.14,0.00,8.50,2.40,22.7,45.1,3.79,14.10,0.000,92.0,50.0,1,0,0,0,0,0,0,NONE,,RPM:486bd1410c14e8cd TPS:486bd1411108de ADV:486bd1410e9164 MIL:486bd1410100000000c6
1789376428.9128,329.468,1375.0,133.6,3.14,0.00,8.50,2.40,22.7,45.1,3.79,14.10,0.000,92.0,50.0,1,0,0,0,0,0,0,NONE,,RPM:486bd1410c157c62 TPS:486bd1411108de ADV:486bd1410e9164 MIL:486bd1410100000000c6
1789376429.3513,329.907,1340.0,-79.8,3.14,0.00,9.00,2.40,22.7,45.1,3.79,14.10,0.000,92.0,50.0,1,0,0,0,0,0,0,NONE,,RPM:486bd1410c14f0d5 TPS:486bd1411108de ADV:486bd1410e9265 MIL:486bd1410100000000c6
1789376429.6633,330.219,1342.0,6.4,3.14,0.00,8.50,2.40,22.7,45.1,3.77,14.10,0.000,93.0,50.0,1,0,0,0,0,0,0,NONE,,RPM:486bd1410c14f8dd TPS:486bd1411108de ADV:486bd1410e9164 MIL:486bd1410100000000c6
1789376429.9368,330.492,1339.0,-11.0,3.14,0.00,8.50,2.40,22.7,45.1,3.77,14.10,0.000,93.0,50.0,1,0,0,0,0,0,0,NONE,,RPM:486bd1410c14ecd1 TPS:486bd1411108de ADV:486bd1410e9164 MIL:486bd1410100000000c6
1789376430.2064,330.762,1329.0,-37.1,3.14,0.00,8.50,2.40,21.6,45.1,3.66,14.10,0.000,93.0,50.0,1,0,0,0,0,0,0,NONE,,RPM:486bd1410c14c4a9 TPS:486bd1411108de ADV:486bd1410e9164 MIL:486bd1410100000000c6
1789376430.4785,331.034,1335.0,22.1,3.14,0.00,8.00,2.40,21.6,45.1,3.66,14.10,0.000,93.0,50.0,1,0,0,0,0,0,0,NONE,,RPM:486bd1410c14dcc1 TPS:486bd1411108de ADV:486bd1410e9063 MIL:486bd1410100000000c6
1789376430.7513,331.307,1363.0,102.6,3.14,0.00,8.50,2.40,21.6,45.1,3.66,14.10,0.000,93.0,50.0,1,0,0,0,0,0,0,NONE,,RPM:486bd1410c154c32 TPS:486bd1411108de ADV:486bd1410e9164 MIL:486bd1410100000000c6
1789376431.2247,331.780,1360.0,-6.3,3.14,0.00,8.00,2.40,21.6,45.1,3.66,14.10,0.000,93.0,50.0,1,0,0,0,0,0,0,NONE,,RPM:486bd1410c154026 TPS:486bd1411108de ADV:486bd1410e9063 MIL:486bd1410100000000c6
1789376431.5020,332.057,1322.0,-137.0,3.14,0.00,8.50,2.40,21.6,45.1,3.66,14.10,0.000,93.0,51.0,1,0,0,0,0,0,0,NONE,,RPM:486bd1410c14a88d TPS:486bd1411108de ADV:486bd1410e9164 MIL:486bd1410100000000c6
1789376431.7730,332.328,1364.0,155.0,3.14,0.00,9.00,2.40,21.6,45.1,3.66,14.10,0.000,93.0,51.0,1,0,0,0,0,0,0,NONE,,RPM:486bd1410c155036 TPS:486bd1411108de ADV:486bd1410e9265 MIL:486bd1410100000000c6
1789376432.0778,332.633,1284.0,-262.5,3.14,0.00,8.50,2.40,21.6,45.1,3.66,14.10,0.000,93.0,51.0,1,0,0,0,0,0,0,NONE,,RPM:486bd1410c1410f5 TPS:486bd1411108de ADV:486bd1410e9164 MIL:486bd1410100000000c6
1789376432.5381,333.093,1343.0,128.2,3.14,0.00,8.50,2.40,21.6,45.1,3.66,14.10,0.000,93.0,51.0,1,0,0,0,0,0,0,NONE,,RPM:486bd1410c14fce1 TPS:486bd1411108de ADV:486bd1410e9164 MIL:486bd1410100000000c6
1789376432.8129,333.368,1316.0,-98.2,3.14,0.00,8.50,2.40,21.6,45.1,3.66,14.10,0.000,93.0,51.0,1,0,0,0,0,0,0,NONE,,RPM:486bd1410c149075 TPS:486bd1411108de ADV:486bd1410e9164 MIL:486bd1410100000000c6
1789376433.2893,333.845,1348.0,67.2,3.14,0.00,8.50,2.40,21.6,45.1,3.66,14.10,0.000,93.0,51.0,1,0,0,0,0,0,0,NONE,,RPM:486bd1410c1510f6 TPS:486bd1411108de ADV:486bd1410e9164 MIL:486bd1410100000000c6
1789376433.5969,334.152,1332.0,-52.0,3.14,0.00,8.50,2.40,21.6,45.1,3.66,14.10,0.000,93.0,51.0,1,0,0,0,0,0,0,NONE,,RPM:486bd1410c14d0b5 TPS:486bd1411108de ADV:486bd1410e9164 MIL:486bd1410100000000c6
1789376433.8684,334.424,1322.0,-36.8,3.14,0.00,8.50,2.40,21.6,45.1,3.66,14.10,0.000,93.0,51.0,1,0,0,0,0,0,0,NONE,,RPM:486bd1410c14a88d TPS:486bd1411108de ADV:486bd1410e9164 MIL:486bd1410100000000c6
1789376434.1724,334.728,1308.0,-46.1,3.14,0.00,8.50,2.40,22.0,45.1,3.70,14.10,0.000,93.0,51.0,1,0,0,0,0,0,0,NONE,,RPM:486bd1410c147055 TPS:486bd1411108de ADV:486bd1410e9164 MIL:486bd1410100000000c6
1789376434.4433,334.999,1319.0,40.6,3.14,0.00,8.50,2.40,22.0,45.1,3.70,14.10,0.000,93.0,51.0,1,0,0,0,0,0,0,NONE,,RPM:486bd1410c149c81 TPS:486bd1411108de ADV:486bd1410e9164 MIL:486bd1410100000000c6
1789376434.7309,335.286,1362.0,149.5,3.14,0.00,8.50,2.40,22.0,45.1,3.70,14.10,0.000,93.0,51.0,1,0,0,0,0,0,0,NONE,,RPM:486bd1410c15482e TPS:486bd1411108de ADV:486bd1410e9164 MIL:486bd1410100000000c6
1789376435.1960,335.751,1340.0,-47.3,3.14,0.00,8.50,2.40,22.0,45.1,3.70,14.10,0.000,93.0,51.0,1,0,0,0,0,0,0,NONE,,RPM:486bd1410c14f0d5 TPS:486bd1411108de ADV:486bd1410e9164 MIL:486bd1410100000000c6
1789376435.4660,336.021,1305.0,-129.6,3.14,0.00,8.50,2.40,22.0,45.1,3.70,14.10,0.000,93.0,52.0,1,0,0,0,0,0,0,NONE,,RPM:486bd1410c146449 TPS:486bd1411108de ADV:486bd1410e9164 MIL:486bd1410100000000c6
1789376435.7385,336.294,1384.0,289.9,3.14,0.00,8.50,2.40,22.0,45.1,3.70,14.10,0.000,93.0,52.0,1,0,0,0,0,0,0,NONE,,RPM:486bd1410c15a086 TPS:486bd1411108de ADV:486bd1410e9164 MIL:486bd1410100000000c6
1789376436.0419,336.597,1328.0,-184.6,3.14,0.00,8.50,2.40,22.0,45.1,3.70,14.10,0.000,93.0,52.0,1,0,0,0,0,0,0,NONE,,RPM:486bd1410c14c0a5 TPS:486bd1411108de ADV:486bd1410e9164 MIL:486bd1410100000000c6
1789376436.5539,337.109,1370.0,82.0,3.14,0.00,8.50,2.40,22.0,45.1,3.70,14.10,0.000,93.0,52.0,1,0,0,0,0,0,0,NONE,,RPM:486bd1410c15684e TPS:486bd1411108de ADV:486bd1410e9164 MIL:486bd1410100000000c6
1789376436.8257,337.381,1332.0,-139.8,3.14,0.00,8.50,2.40,22.0,45.1,3.70,14.10,0.000,93.0,52.0,1,0,0,0,0,0,0,NONE,,RPM:486bd1410c14d0b5 TPS:486bd1411108de ADV:486bd1410e9164 MIL:486bd1410100000000c6
1789376437.3306,337.886,1349.0,33.7,3.14,0.00,8.50,2.40,22.0,45.1,3.70,14.10,0.000,93.0,52.0,1,0,0,0,0,0,0,NONE,,RPM:486bd1410c1514fa TPS:486bd1411108de ADV:486bd1410e9164 MIL:486bd1410100000000c6
1789376437.6413,338.197,1336.0,-41.8,3.14,0.00,9.00,2.40,22.0,45.1,3.70,14.10,0.000,93.0,52.0,1,0,0,0,0,0,0,NONE,,RPM:486bd1410c14e0c5 TPS:486bd1411108de ADV:486bd1410e9265 MIL:486bd1410100000000c6
1789376437.9133,338.469,1357.0,77.2,3.14,0.00,9.00,2.40,22.0,45.1,3.70,14.10,0.000,93.0,52.0,1,0,0,0,0,0,0,NONE,,RPM:486bd1410c15341a TPS:486bd1411108de ADV:486bd1410e9265 MIL:486bd1410100000000c6
1789376438.2011,338.756,1319.0,-132.0,3.14,0.00,8.50,2.40,22.0,45.1,3.70,14.10,0.000,93.0,52.0,1,0,0,0,0,0,0,NONE,,RPM:486bd1410c149c81 TPS:486bd1411108de ADV:486bd1410e9164 MIL:486bd1410100000000c6
1789376438.4888,339.044,1372.0,184.3,3.14,0.00,8.50,2.40,22.0,45.1,3.70,14.10,0.000,93.0,52.0,1,0,0,0,0,0,0,NONE,,RPM:486bd1410c157056 TPS:486bd1411108de ADV:486bd1410e9164 MIL:486bd1410100000000c6
1789376438.7822,339.337,1325.0,-160.2,3.14,0.00,8.50,2.40,22.0,45.1,3.70,14.10,0.000,93.0,52.0,1,0,0,0,0,0,0,NONE,,RPM:486bd1410c14b499 TPS:486bd1411108de ADV:486bd1410e9164 MIL:486bd1410100000000c6
1789376439.2162,339.772,1310.0,-34.6,3.14,0.00,8.50,2.40,22.0,45.1,3.70,14.10,0.000,93.0,52.0,1,0,0,0,0,0,0,NONE,,RPM:486bd1410c14785d TPS:486bd1411108de ADV:486bd1410e9164 MIL:486bd1410100000000c6
1789376439.5278,340.083,1384.0,237.5,3.14,0.00,8.50,2.40,22.0,45.1,3.70,14.10,0.000,93.0,53.0,1,0,0,0,0,0,0,NONE,,RPM:486bd1410c15a086 TPS:486bd1411108de ADV:486bd1410e9164 MIL:486bd1410100000000c6
1789376439.7993,340.355,1329.0,-202.6,3.14,0.00,9.00,2.40,22.0,45.1,3.70,14.10,0.000,93.0,53.0,1,0,0,0,0,0,0,NONE,,RPM:486bd1410c14c4a9 TPS:486bd1411108de ADV:486bd1410e9265 MIL:486bd1410100000000c6
1789376440.0731,340.628,1397.0,248.4,3.14,0.00,7.50,2.40,22.0,45.1,3.70,14.10,0.000,93.0,53.0,1,0,0,0,0,0,0,NONE,,RPM:486bd1410c15d4ba TPS:486bd1411108de ADV:486bd1410e8f62 MIL:486bd1410100000000c6
1789376440.5415,341.097,1291.0,-226.3,3.14,0.00,8.50,2.40,22.0,45.1,3.70,14.10,0.000,93.0,53.0,1,0,0,0,0,0,0,NONE,,RPM:486bd1410c142c11 TPS:486bd1411108de ADV:486bd1410e9164 MIL:486bd1410100000000c6
1789376440.8066,341.362,1353.0,233.9,3.14,0.00,8.50,2.40,22.0,45.1,3.70,14.10,0.000,93.0,53.0,1,0,0,0,0,0,0,NONE,,RPM:486bd1410c15240a TPS:486bd1411108de ADV:486bd1410e9164 MIL:486bd1410100000000c6
1789376441.2316,341.787,1327.0,-61.2,3.14,0.00,8.50,2.40,22.0,45.1,3.70,14.10,0.000,93.0,53.0,1,0,0,0,0,0,0,NONE,,RPM:486bd1410c14bca1 TPS:486bd1411108de ADV:486bd1410e9164 MIL:486bd1410100000000c6
1789376441.5432,342.099,1307.0,-64.2,3.14,0.00,8.50,2.40,22.0,45.1,3.68,14.10,0.000,94.0,53.0,1,0,0,0,0,0,0,NONE,,RPM:486bd1410c146c51 TPS:486bd1411108de ADV:486bd1410e9164 MIL:486bd1410100000000c6
1789376441.8328,342.388,1367.0,207.2,3.14,0.00,8.50,2.40,22.0,45.1,3.68,14.10,0.000,94.0,53.0,1,0,0,0,0,0,0,NONE,,RPM:486bd1410c155c42 TPS:486bd1411108de ADV:486bd1410e9164 MIL:486bd1410100000000c6
1789376442.1321,342.687,1311.0,-187.1,3.14,0.00,8.50,2.40,22.7,45.1,3.75,14.10,0.000,94.0,53.0,1,0,0,0,0,0,0,NONE,,RPM:486bd1410c147c61 TPS:486bd1411108de ADV:486bd1410e9164 MIL:486bd1410100000000c6
1789376442.4050,342.960,1360.0,179.6,3.14,0.00,8.50,2.40,22.7,45.1,3.75,14.10,0.000,94.0,53.0,1,0,0,0,0,0,0,NONE,,RPM:486bd1410c154026 TPS:486bd1411108de ADV:486bd1410e9164 MIL:486bd1410100000000c6
1789376442.7101,343.265,1365.0,16.4,3.14,0.00,8.50,2.40,22.7,45.1,3.75,14.10,0.000,94.0,53.0,1,0,0,0,0,0,0,NONE,,RPM:486bd1410c15543a TPS:486bd1411108de ADV:486bd1410e9164 MIL:486bd1410100000000c6
1789376443.1562,343.712,1358.0,-15.7,3.14,0.00,8.50,2.40,22.7,45.1,3.75,14.10,0.000,94.0,53.0,1,0,0,0,0,0,0,NONE,,RPM:486bd1410c15381e TPS:486bd1411108de ADV:486bd1410e9164 MIL:486bd1410100000000c6
1789376443.4687,344.024,1296.0,-198.4,3.14,0.00,8.50,2.40,22.7,45.1,3.75,14.10,0.000,94.0,53.0,1,0,0,0,0,0,0,NONE,,RPM:486bd1410c144025 TPS:486bd1411108de ADV:486bd1410e9164 MIL:486bd1410100000000c6
1789376443.7541,344.309,1362.0,231.2,3.14,0.00,8.00,2.40,22.7,45.1,3.75,14.10,0.000,94.0,53.0,1,0,0,0,0,0,0,NONE,,RPM:486bd1410c15482e TPS:486bd1411108de ADV:486bd1410e9063 MIL:486bd1410100000000c6
1789376444.0859,344.641,1376.0,42.2,3.14,0.00,8.50,2.40,22.7,45.1,3.75,14.10,0.000,94.0,53.0,1,0,0,0,0,0,0,NONE,,RPM:486bd1410c158066 TPS:486bd1411108de ADV:486bd1410e9164 MIL:486bd1410100000000c6
1789376444.5121,345.067,1307.0,-161.9,3.14,0.00,8.00,2.40,22.7,45.1,3.75,14.10,0.000,94.0,53.0,1,0,0,0,0,0,0,NONE,,RPM:486bd1410c146c51 TPS:486bd1411108de ADV:486bd1410e9063 MIL:486bd1410100000000c6
1789376444.8510,345.406,1366.0,174.1,3.14,0.00,8.50,2.40,22.7,45.1,3.75,14.10,0.000,94.0,53.0,1,0,0,0,0,0,0,NONE,,RPM:486bd1410c15583e TPS:486bd1411108de ADV:486bd1410e9164 MIL:486bd1410100000000c6
1789376445.2875,345.843,1343.0,-52.7,3.14,0.00,8.50,2.40,22.7,45.1,3.75,14.10,0.000,94.0,53.0,1,0,0,0,0,0,0,NONE,,RPM:486bd1410c14fce1 TPS:486bd1411108de ADV:486bd1410e9164 MIL:486bd1410100000000c6
1789376445.5725,346.128,1327.0,-56.1,3.14,0.00,8.50,2.40,22.7,45.1,3.73,14.10,0.000,95.0,53.0,1,0,0,0,0,0,0,NONE,,RPM:486bd1410c14bca1 TPS:486bd1411108de ADV:486bd1410e9164 MIL:486bd1410100000000c6
1789376445.8445,346.400,1384.0,209.5,3.14,0.00,8.50,2.40,22.7,45.1,3.73,14.10,0.000,95.0,53.0,1,0,0,0,0,0,0,NONE,,RPM:486bd1410c15a086 TPS:486bd1411108de ADV:486bd1410e9164 MIL:486bd1410100000000c6
1789376446.1471,346.702,1297.0,-287.5,3.14,0.00,8.00,2.40,21.2,45.1,3.59,14.10,0.000,95.0,53.0,1,0,0,0,0,0,0,NONE,,RPM:486bd1410c144429 TPS:486bd1411108de ADV:486bd1410e9063 MIL:486bd1410100000000c6
1789376446.4345,346.990,1343.0,160.1,3.14,0.00,9.00,2.40,21.2,45.1,3.59,14.10,0.000,95.0,53.0,1,0,0,0,0,0,0,NONE,,RPM:486bd1410c14fce1 TPS:486bd1411108de ADV:486bd1410e9265 MIL:486bd1410100000000c6
1789376446.7090,347.264,1341.0,-7.3,3.14,0.00,8.00,2.40,21.2,45.1,3.59,14.10,0.000,95.0,53.0,1,0,0,0,0,0,0,NONE,,RPM:486bd1410c14f4d9 TPS:486bd1411108de ADV:486bd1410e9063 MIL:486bd1410100000000c6
1789376447.1653,347.721,1301.0,-87.7,3.14,0.00,8.00,2.40,21.2,45.1,3.59,14.10,0.000,95.0,53.0,1,0,0,0,0,0,0,NONE,,RPM:486bd1410c145439 TPS:486bd1411108de ADV:486bd1410e9063 MIL:486bd1410100000000c6
1789376447.4388,347.994,1386.0,310.8,3.14,0.00,8.50,2.40,21.2,45.1,3.59,14.10,0.000,95.0,54.0,1,0,0,0,0,0,0,NONE,,RPM:486bd1410c15a88e TPS:486bd1411108de ADV:486bd1410e9164 MIL:486bd1410100000000c6
1789376447.7462,348.301,1331.0,-178.9,3.14,0.00,8.50,2.40,21.2,45.1,3.59,14.10,0.000,95.0,54.0,1,0,0,0,0,0,0,NONE,,RPM:486bd1410c14ccb1 TPS:486bd1411108de ADV:486bd1410e9164 MIL:486bd1410100000000c6
1789376448.0190,348.574,1329.0,-7.3,3.14,0.00,8.50,2.40,21.2,45.1,3.59,14.10,0.000,95.0,54.0,1,0,0,0,0,0,0,NONE,,RPM:486bd1410c14c4a9 TPS:486bd1411108de ADV:486bd1410e9164 MIL:486bd1410100000000c6
1789376448.4764,349.032,1324.0,-10.9,3.14,0.00,8.50,2.40,21.2,45.1,3.59,14.10,0.000,95.0,54.0,1,0,0,0,0,0,0,NONE,,RPM:486bd1410c14b095 TPS:486bd1411108de ADV:486bd1410e9164 MIL:486bd1410100000000c6
1789376448.7555,349.311,1308.0,-57.3,3.14,0.00,8.50,2.40,21.2,45.1,3.59,14.10,0.000,95.0,54.0,1,0,0,0,0,0,0,NONE,,RPM:486bd1410c147055 TPS:486bd1411108de ADV:486bd1410e9164 MIL:486bd1410100000000c6
1789376449.2547,349.810,1350.0,84.1,3.14,0.00,8.50,2.40,21.2,45.1,3.59,14.10,0.000,95.0,54.0,1,0,0,0,0,0,0,NONE,,RPM:486bd1410c1518fe TPS:486bd1411108de ADV:486bd1410e9164 MIL:486bd1410100000000c6
1789376449.5844,350.140,1343.0,-21.2,3.14,0.00,9.00,2.40,21.2,45.1,3.57,14.10,0.000,96.0,54.0,1,0,0,0,0,0,0,NONE,,RPM:486bd1410c14fce1 TPS:486bd1411108de ADV:486bd1410e9265 MIL:486bd1410100000000c6
1789376449.8565,350.412,1342.0,-3.7,3.14,0.00,8.50,2.40,21.2,45.1,3.57,14.10,0.000,96.0,54.0,1,0,0,0,0,0,0,NONE,,RPM:486bd1410c14f8dd TPS:486bd1411108de ADV:486bd1410e9164 MIL:486bd1410100000000c6
1789376450.1279,350.683,1362.0,73.7,3.14,0.00,8.50,2.40,21.2,45.1,3.57,14.10,0.000,96.0,54.0,1,0,0,0,0,0,0,NONE,,RPM:486bd1410c15482e TPS:486bd1411108de ADV:486bd1410e9164 MIL:486bd1410100000000c6
1789376450.3999,350.955,1330.0,-117.6,3.14,0.00,9.00,2.40,21.2,45.1,3.57,14.10,0.000,96.0,54.0,1,0,0,0,0,0,0,NONE,,RPM:486bd1410c14c8ad TPS:486bd1411108de ADV:486bd1410e9265 MIL:486bd1410100000000c6
1789376450.7111,351.266,1345.0,48.2,3.14,0.00,8.50,2.40,21.2,45.1,3.57,14.10,0.000,96.0,54.0,1,0,0,0,0,0,0,NONE,,RPM:486bd1410c1504ea TPS:486bd1411108de ADV:486bd1410e9164 MIL:486bd1410100000000c6
1789376451.1303,351.686,1341.0,-9.5,3.14,0.00,8.50,2.40,21.2,45.1,3.57,14.10,0.000,96.0,54.0,1,0,0,0,0,0,0,NONE,,RPM:486bd1410c14f4d9 TPS:486bd1411108de ADV:486bd1410e9164 MIL:486bd1410100000000c6
1789376451.4405,351.996,1347.0,19.3,3.14,0.00,8.50,2.40,21.2,45.1,3.57,14.10,0.000,96.0,54.0,1,0,0,0,0,0,0,NONE,,RPM:486bd1410c150cf2 TPS:486bd1411108de ADV:486bd1410e9164 MIL:486bd1410100000000c6
1789376451.7126,352.268,1341.0,-22.1,3.14,0.00,8.00,2.40,21.2,45.1,3.57,14.10,0.000,96.0,54.0,1,0,0,0,0,0,0,NONE,,RPM:486bd1410c14f4d9 TPS:486bd1411108de ADV:486bd1410e9063 MIL:486bd1410100000000c6
1789376451.9825,352.538,1316.0,-92.6,3.14,0.00,8.50,2.40,21.2,45.1,3.57,14.10,0.000,96.0,54.0,1,0,0,0,0,0,0,NONE,,RPM:486bd1410c149075 TPS:486bd1411108de ADV:486bd1410e9164 MIL:486bd1410100000000c6
1789376452.4149,352.970,1345.0,67.1,3.14,0.00,8.50,2.40,21.2,45.1,3.57,14.10,0.000,96.0,54.0,1,0,0,0,0,0,0,NONE,,RPM:486bd1410c1504ea TPS:486bd1411108de ADV:486bd1410e9164 MIL:486bd1410100000000c6
1789376452.7278,353.283,1335.0,-32.0,3.14,0.00,8.50,2.40,21.2,45.1,3.57,14.10,0.000,96.0,54.0,1,0,0,0,0,0,0,NONE,,RPM:486bd1410c14dcc1 TPS:486bd1411108de ADV:486bd1410e9164 MIL:486bd1410100000000c6
1789376453.1805,353.736,1294.0,-90.6,3.14,0.00,8.50,2.40,21.2,45.1,3.57,14.10,0.000,96.0,54.0,1,0,0,0,0,0,0,NONE,,RPM:486bd1410c14381d TPS:486bd1411108de ADV:486bd1410e9164 MIL:486bd1410100000000c6
1789376453.5024,354.058,1317.0,71.5,3.14,0.00,8.50,2.40,21.2,45.1,3.56,14.10,0.000,97.0,54.0,1,0,0,0,0,0,0,NONE,,RPM:486bd1410c149479 TPS:486bd1411108de ADV:486bd1410e9164 MIL:486bd1410100000000c6
1789376453.7741,354.329,1361.0,161.9,3.14,0.00,8.50,2.40,21.2,45.1,3.56,14.10,0.000,97.0,54.0,1,0,0,0,0,0,0,NONE,,RPM:486bd1410c15442a TPS:486bd1411108de ADV:486bd1410e9164 MIL:486bd1410100000000c6
1789376454.0455,354.601,1339.0,-81.0,3.14,0.00,8.50,2.40,21.6,45.1,3.59,14.10,0.000,97.0,54.0,1,0,0,0,0,0,0,NONE,,RPM:486bd1410c14ecd1 TPS:486bd1411108de ADV:486bd1410e9164 MIL:486bd1410100000000c6
1789376454.3190,354.874,1334.0,-18.3,3.14,0.00,8.50,2.40,21.6,45.1,3.59,14.10,0.000,97.0,54.0,1,0,0,0,0,0,0,NONE,,RPM:486bd1410c14d8bd TPS:486bd1411108de ADV:486bd1410e9164 MIL:486bd1410100000000c6
1789376454.6141,355.169,1377.0,145.7,3.14,0.00,8.50,2.40,21.6,45.1,3.59,14.10,0.000,97.0,54.0,1,0,0,0,0,0,0,NONE,,RPM:486bd1410c15846a TPS:486bd1411108de ADV:486bd1410e9164 MIL:486bd1410100000000c6
1789376455.0842,355.639,1369.0,-17.0,3.14,0.00,8.50,2.40,21.6,45.1,3.59,14.10,0.000,97.0,54.0,1,0,0,0,0,0,0,NONE,,RPM:486bd1410c15644a TPS:486bd1411108de ADV:486bd1410e9164 MIL:486bd1410100000000c6
1789376455.4057,355.961,1343.0,-80.9,3.14,0.00,8.00,2.40,21.6,45.1,3.59,14.10,0.000,97.0,55.0,1,0,0,0,0,0,0,NONE,,RPM:486bd1410c14fce1 TPS:486bd1411108de ADV:486bd1410e9063 MIL:486bd1410100000000c6
1789376455.7083,356.264,1329.0,-46.3,3.14,0.00,8.50,2.40,21.6,45.1,3.59,14.10,0.000,97.0,55.0,1,0,0,0,0,0,0,NONE,,RPM:486bd1410c14c4a9 TPS:486bd1411108de ADV:486bd1410e9164 MIL:486bd1410100000000c6
1789376455.9794,356.535,1349.0,73.8,3.14,0.00,8.50,2.40,21.6,45.1,3.59,14.10,0.000,97.0,55.0,1,0,0,0,0,0,0,NONE,,RPM:486bd1410c1514fa TPS:486bd1411108de ADV:486bd1410e9164 MIL:486bd1410100000000c6
1789376456.4590,357.014,1332.0,-35.5,3.14,0.00,8.50,2.40,21.6,45.1,3.59,14.10,0.000,97.0,55.0,1,0,0,0,0,0,0,NONE,,RPM:486bd1410c14d0b5 TPS:486bd1411108de ADV:486bd1410e9164 MIL:486bd1410100000000c6
1789376456.7515,357.307,1348.0,54.7,3.14,0.00,8.50,2.40,21.6,45.1,3.59,14.10,0.000,97.0,55.0,1,0,0,0,0,0,0,NONE,,RPM:486bd1410c1510f6 TPS:486bd1411108de ADV:486bd1410e9164 MIL:486bd1410100000000c6
1789376457.2116,357.767,1346.0,-4.3,3.14,0.00,8.50,2.40,21.6,45.1,3.59,14.10,0.000,97.0,55.0,1,0,0,0,0,0,0,NONE,,RPM:486bd1410c1508ee TPS:486bd1411108de ADV:486bd1410e9164 MIL:486bd1410100000000c6
1789376457.4830,358.038,1369.0,84.8,3.14,0.00,8.50,2.40,21.6,45.1,3.59,14.10,0.000,97.0,55.0,1,0,0,0,0,0,0,NONE,,RPM:486bd1410c15644a TPS:486bd1411108de ADV:486bd1410e9164 MIL:486bd1410100000000c6
1789376457.7713,358.327,1355.0,-48.5,3.14,0.00,8.50,2.40,21.6,45.1,3.59,14.10,0.000,97.0,55.0,1,0,0,0,0,0,0,NONE,,RPM:486bd1410c152c12 TPS:486bd1411108de ADV:486bd1410e9164 MIL:486bd1410100000000c6
1789376458.0430,358.598,1331.0,-88.3,3.14,0.00,9.00,2.40,22.7,45.1,3.70,14.10,0.000,97.0,55.0,1,0,0,0,0,0,0,NONE,,RPM:486bd1410c14ccb1 TPS:486bd1411108de ADV:486bd1410e9265 MIL:486bd1410100000000c6
1789376458.3215,358.877,1321.0,-35.9,3.14,0.00,8.00,2.40,22.7,45.1,3.70,14.10,0.000,97.0,55.0,1,0,0,0,0,0,0,NONE,,RPM:486bd1410c14a489 TPS:486bd1411108de ADV:486bd1410e9063 MIL:486bd1410100000000c6
1789376458.6018,359.157,1354.0,117.7,3.14,0.00,8.50,2.40,22.7,45.1,3.70,14.10,0.000,97.0,55.0,1,0,0,0,0,0,0,NONE,,RPM:486bd1410c15280e TPS:486bd1411108de ADV:486bd1410e9164 MIL:486bd1410100000000c6
1789376459.0469,359.602,1327.0,-60.7,3.14,0.00,8.50,2.40,22.7,45.1,3.70,14.10,0.000,97.0,55.0,1,0,0,0,0,0,0,NONE,,RPM:486bd1410c14bca1 TPS:486bd1411108de ADV:486bd1410e9164 MIL:486bd1410100000000c6
1789376459.3227,359.878,1344.0,61.7,3.14,0.00,8.50,2.40,22.7,45.1,3.70,14.10,0.000,97.0,55.0,1,0,0,0,0,0,0,NONE,,RPM:486bd1410c1500e6 TPS:486bd1411108de ADV:486bd1410e9164 MIL:486bd1410100000000c6
1789376459.5940,360.149,1332.0,-44.2,3.14,0.00,8.00,2.40,22.7,45.1,3.70,14.10,0.000,97.0,55.0,1,0,0,0,0,0,0,NONE,,RPM:486bd1410c14d0b5 TPS:486bd1411108de ADV:486bd1410e9063 MIL:486bd1410100000000c6
1789376459.8649,360.420,1373.0,151.4,3.14,0.00,8.50,2.40,22.7,45.1,3.70,14.10,0.000,97.0,55.0,1,0,0,0,0,0,0,NONE,,RPM:486bd1410c15745a TPS:486bd1411108de ADV:486bd1410e9164 MIL:486bd1410100000000c6
1789376460.2907,360.846,1297.0,-178.5,3.14,0.00,8.50,2.40,22.7,45.1,3.70,14.10,0.000,97.0,55.0,1,0,0,0,0,0,0,NONE,,RPM:486bd1410c144429 TPS:486bd1411108de ADV:486bd1410e9164 MIL:486bd1410100000000c6
1789376460.5549,361.110,1356.0,223.3,3.14,0.00,9.00,2.40,22.7,45.1,3.70,14.10,0.000,97.0,55.0,1,0,0,0,0,0,0,NONE,,RPM:486bd1410c153016 TPS:486bd1411108de ADV:486bd1410e9265 MIL:486bd1410100000000c6
1789376461.0117,361.567,1293.0,-137.9,3.14,0.00,8.50,2.40,22.7,45.1,3.70,14.10,0.000,97.0,55.0,1,0,0,0,0,0,0,NONE,,RPM:486bd1410c143419 TPS:486bd1411108de ADV:486bd1410e9164 MIL:486bd1410100000000c6
1789376461.3293,361.885,1336.0,135.4,3.14,0.00,9.00,2.40,22.7,45.1,3.70,14.10,0.000,97.0,55.0,1,0,0,0,0,0,0,NONE,,RPM:486bd1410c14e0c5 TPS:486bd1411108de ADV:486bd1410e9265 MIL:486bd1410100000000c6
1789376461.6080,362.163,1288.0,-172.2,3.14,0.00,9.00,2.40,22.7,45.1,3.70,14.10,0.000,97.0,55.0,1,0,0,0,0,0,0,NONE,,RPM:486bd1410c142005 TPS:486bd1411108de ADV:486bd1410e9265 MIL:486bd1410100000000c6
1789376461.9290,362.484,1300.0,37.4,3.14,0.00,8.50,2.40,22.4,45.1,3.66,14.10,0.000,97.0,55.0,1,0,0,0,0,0,0,NONE,,RPM:486bd1410c145035 TPS:486bd1411108de ADV:486bd1410e9164 MIL:486bd1410100000000c6
1789376462.1999,362.755,1330.0,110.7,3.14,0.00,8.50,2.40,22.4,45.1,3.66,14.10,0.000,97.0,55.0,1,0,0,0,0,0,0,NONE,,RPM:486bd1410c14c8ad TPS:486bd1411108de ADV:486bd1410e9164 MIL:486bd1410100000000c6
1789376462.4715,363.027,1319.0,-40.5,3.14,0.00,8.50,2.40,22.4,45.1,3.66,14.10,0.000,97.0,55.0,1,0,0,0,0,0,0,NONE,,RPM:486bd1410c149c81 TPS:486bd1411108de ADV:486bd1410e9164 MIL:486bd1410100000000c6
1789376462.8955,363.451,1351.0,75.5,3.14,0.00,9.00,2.40,22.4,45.1,3.66,14.10,0.000,97.0,55.0,1,0,0,0,0,0,0,NONE,,RPM:486bd1410c151c02 TPS:486bd1411108de ADV:486bd1410e9265 MIL:486bd1410100000000c6
1789376463.1760,363.731,1355.0,14.3,3.14,0.00,8.00,2.40,22.4,45.1,3.66,14.10,0.000,97.0,55.0,1,0,0,0,0,0,0,NONE,,RPM:486bd1410c152c12 TPS:486bd1411108de ADV:486bd1410e9063 MIL:486bd1410100000000c6
1789376463.4476,364.003,1336.0,-70.0,3.14,0.00,10.00,2.40,22.4,45.1,3.66,14.10,0.000,97.0,55.0,1,0,0,0,0,0,0,NONE,,RPM:486bd1410c14e0c5 TPS:486bd1411108de ADV:486bd1410e9467 MIL:486bd1410100000000c6
1789376463.7192,364.275,1330.0,-22.1,3.14,0.00,8.50,2.40,22.4,45.1,3.66,14.10,0.000,97.0,55.0,1,0,0,0,0,0,0,NONE,,RPM:486bd1410c14c8ad TPS:486bd1411108de ADV:486bd1410e9164 MIL:486bd1410100000000c6
1789376464.1861,364.741,1311.0,-40.7,3.14,0.00,8.50,2.40,22.4,45.1,3.66,14.10,0.000,97.0,55.0,1,0,0,0,0,0,0,NONE,,RPM:486bd1410c147c61 TPS:486bd1411108de ADV:486bd1410e9164 MIL:486bd1410100000000c6
1789376464.4548,365.010,1356.0,167.4,3.14,0.00,8.50,2.40,22.4,45.1,3.66,14.10,0.000,97.0,55.0,1,0,0,0,0,0,0,NONE,,RPM:486bd1410c153016 TPS:486bd1411108de ADV:486bd1410e9164 MIL:486bd1410100000000c6
1789376464.8867,365.442,1327.0,-67.1,3.14,0.00,8.50,2.40,22.4,45.1,3.66,14.10,0.000,97.0,55.0,1,0,0,0,0,0,0,NONE,,RPM:486bd1410c14bca1 TPS:486bd1411108de ADV:486bd1410e9164 MIL:486bd1410100000000c6
1789376465.1893,365.745,1326.0,-3.3,3.14,0.00,8.00,2.40,22.4,45.1,3.63,14.10,0.000,99.0,55.0,1,0,0,0,0,0,0,NONE,,RPM:486bd1410c14b89d TPS:486bd1411108de ADV:486bd1410e9063 MIL:486bd1410100000000c6
1789376465.4618,366.017,1332.0,22.0,3.14,0.00,8.50,2.40,22.4,45.1,3.63,14.10,0.000,99.0,55.0,1,0,0,0,0,0,0,NONE,,RPM:486bd1410c14d0b5 TPS:486bd1411108de ADV:486bd1410e9164 MIL:486bd1410100000000c6
1789376465.7659,366.321,1336.0,13.2,3.14,0.00,9.00,2.40,22.4,45.1,3.63,14.10,0.000,99.0,55.0,1,0,0,0,0,0,0,NONE,,RPM:486bd1410c14e0c5 TPS:486bd1411108de ADV:486bd1410e9265 MIL:486bd1410100000000c6
1789376466.0541,366.609,1354.0,62.5,3.14,0.00,8.50,2.40,22.4,45.1,3.63,14.10,0.000,99.0,55.0,1,0,0,0,0,0,0,NONE,,RPM:486bd1410c15280e TPS:486bd1411108de ADV:486bd1410e9164 MIL:486bd1410100000000c6
1789376466.3449,366.900,1333.0,-72.2,3.14,0.00,9.00,2.40,22.4,45.1,3.63,14.10,0.000,99.0,55.0,1,0,0,0,0,0,0,NONE,,RPM:486bd1410c14d4b9 TPS:486bd1411108de ADV:486bd1410e9265 MIL:486bd1410100000000c6
1789376466.8323,367.388,1343.0,20.5,3.14,0.00,8.50,2.40,22.4,45.1,3.63,14.10,0.000,99.0,55.0,1,0,0,0,0,0,0,NONE,,RPM:486bd1410c14fce1 TPS:486bd1411108de ADV:486bd1410e9164 MIL:486bd1410100000000c6
1789376467.1400,367.695,1345.0,6.5,3.14,0.00,8.50,2.40,22.4,45.1,3.63,14.10,0.000,99.0,55.0,1,0,0,0,0,0,0,NONE,,RPM:486bd1410c1504ea TPS:486bd1411108de ADV:486bd1410e9164 MIL:486bd1410100000000c6
1789376467.4314,367.987,1304.0,-140.7,3.14,0.00,8.50,2.40,22.4,45.1,3.63,14.10,0.000,99.0,55.0,1,0,0,0,0,0,0,NONE,,RPM:486bd1410c146045 TPS:486bd1411108de ADV:486bd1410e9164 MIL:486bd1410100000000c6
1789376467.7243,368.280,1368.0,218.5,3.14,0.00,8.50,2.40,22.4,45.1,3.63,14.10,0.000,99.0,55.0,1,0,0,0,0,0,0,NONE,,RPM:486bd1410c156046 TPS:486bd1411108de ADV:486bd1410e9164 MIL:486bd1410100000000c6
1789376468.1601,368.715,1355.0,-29.8,3.14,0.00,8.50,2.40,22.4,45.1,3.63,14.10,0.000,99.0,55.0,1,0,0,0,0,0,0,NONE,,RPM:486bd1410c152c12 TPS:486bd1411108de ADV:486bd1410e9164 MIL:486bd1410100000000c6
1789376468.4851,369.040,1344.0,-33.8,3.14,0.00,8.50,2.40,22.4,45.1,3.63,14.10,0.000,99.0,55.0,1,0,0,0,0,0,0,NONE,,RPM:486bd1410c1500e6 TPS:486bd1411108de ADV:486bd1410e9164 MIL:486bd1410100000000c6
1789376468.9804,369.536,1366.0,44.4,3.14,0.00,8.50,2.40,22.4,45.1,3.63,14.10,0.000,99.0,55.0,1,0,0,0,0,0,0,NONE,,RPM:486bd1410c15583e TPS:486bd1411108de ADV:486bd1410e9164 MIL:486bd1410100000000c6
1789376469.2540,369.809,1322.0,-160.8,3.14,0.00,8.00,2.40,22.4,45.1,3.63,14.10,0.000,99.0,55.0,1,0,0,0,0,0,0,NONE,,RPM:486bd1410c14a88d TPS:486bd1411108de ADV:486bd1410e9063 MIL:486bd1410100000000c6
1789376469.5223,370.078,1355.0,123.0,3.14,0.00,8.50,2.40,22.4,45.1,3.63,14.10,0.000,99.0,55.0,1,0,0,0,0,0,0,NONE,,RPM:486bd1410c152c12 TPS:486bd1411108de ADV:486bd1410e9164 MIL:486bd1410100000000c6
1789376469.8431,370.398,1329.0,-81.0,3.14,0.00,8.50,2.40,22.4,45.1,3.63,14.10,0.000,99.0,55.0,1,0,0,0,0,0,0,NONE,,RPM:486bd1410c14c4a9 TPS:486bd1411108de ADV:486bd1410e9164 MIL:486bd1410100000000c6
1789376470.1144,370.670,1319.0,-36.9,3.14,0.00,8.50,2.40,22.4,45.1,3.63,14.10,0.000,99.0,55.0,1,0,0,0,0,0,0,NONE,,RPM:486bd1410c149c81 TPS:486bd1411108de ADV:486bd1410e9164 MIL:486bd1410100000000c6
1789376470.3861,370.941,1341.0,81.0,3.14,0.00,9.00,2.40,22.4,45.1,3.63,14.10,0.000,99.0,55.0,1,0,0,0,0,0,0,NONE,,RPM:486bd1410c14f4d9 TPS:486bd1411108de ADV:486bd1410e9265 MIL:486bd1410100000000c6
1789376470.8549,371.410,1398.0,121.6,3.14,0.00,8.00,2.40,22.4,45.1,3.63,14.10,0.000,99.0,55.0,1,0,0,0,0,0,0,NONE,,RPM:486bd1410c15d8be TPS:486bd1411108de ADV:486bd1410e9063 MIL:486bd1410100000000c6
1789376471.1349,371.690,1313.0,-303.5,3.14,0.00,8.50,2.40,22.4,45.1,3.63,14.10,0.000,99.0,55.0,1,0,0,0,0,0,0,NONE,,RPM:486bd1410c148469 TPS:486bd1411108de ADV:486bd1410e9164 MIL:486bd1410100000000c6
1789376471.4089,371.964,1340.0,98.6,3.14,0.00,8.50,2.40,22.4,45.1,3.63,14.10,0.000,99.0,55.0,1,0,0,0,0,0,0,NONE,,RPM:486bd1410c14f0d5 TPS:486bd1411108de ADV:486bd1410e9164 MIL:486bd1410100000000c6
1789376471.7129,372.268,1323.0,-55.9,3.14,0.00,8.50,2.40,22.4,45.1,3.63,14.10,0.000,99.0,55.0,1,0,0,0,0,0,0,NONE,,RPM:486bd1410c14ac91 TPS:486bd1411108de ADV:486bd1410e9164 MIL:486bd1410100000000c6
1789376472.1867,372.742,1302.0,-44.3,3.14,0.00,8.50,2.40,22.4,45.1,3.63,14.10,0.000,99.0,55.0,1,0,0,0,0,0,0,NONE,,RPM:486bd1410c14583d TPS:486bd1411108de ADV:486bd1410e9164 MIL:486bd1410100000000c6
1789376472.4649,373.020,1337.0,125.8,3.14,0.00,8.50,2.40,22.4,45.1,3.63,14.10,0.000,99.0,55.0,1,0,0,0,0,0,0,NONE,,RPM:486bd1410c14e4c9 TPS:486bd1411108de ADV:486bd1410e9164 MIL:486bd1410100000000c6
1789376472.9187,373.474,1384.0,103.6,3.14,0.00,8.50,2.40,22.4,45.1,3.63,14.10,0.000,99.0,55.0,1,0,0,0,0,0,0,NONE,,RPM:486bd1410c15a086 TPS:486bd1411108de ADV:486bd1410e9164 MIL:486bd1410100000000c6
1789376473.2177,373.773,1311.0,-244.1,3.14,0.00,8.50,2.40,22.4,45.1,3.61,14.10,0.000,100.0,55.0,1,0,0,0,0,0,0,NONE,,RPM:486bd1410c147c61 TPS:486bd1411108de ADV:486bd1410e9164 MIL:486bd1410100000000c6
1789376473.4878,374.043,1344.0,122.2,3.14,0.00,9.00,2.40,22.4,45.1,3.61,14.10,0.000,100.0,55.0,1,0,0,0,0,0,0,NONE,,RPM:486bd1410c1500e6 TPS:486bd1411108de ADV:486bd1410e9265 MIL:486bd1410100000000c6
1789376473.7590,374.314,1343.0,-3.7,3.14,0.00,8.50,2.40,22.0,45.1,3.58,14.10,0.000,100.0,55.0,1,0,0,0,0,0,0,NONE,,RPM:486bd1410c14fce1 TPS:486bd1411108de ADV:486bd1410e9164 MIL:486bd1410100000000c6
1789376474.0479,374.603,1378.0,121.2,3.14,0.00,8.50,2.40,22.0,45.1,3.58,14.10,0.000,100.0,55.0,1,0,0,0,0,0,0,NONE,,RPM:486bd1410c15886e TPS:486bd1411108de ADV:486bd1410e9164 MIL:486bd1410100000000c6
1789376474.3566,374.912,1288.0,-291.6,3.14,0.00,8.50,2.40,22.0,45.1,3.58,14.10,0.000,100.0,55.0,1,0,0,0,0,0,0,NONE,,RPM:486bd1410c142005 TPS:486bd1411108de ADV:486bd1410e9164 MIL:486bd1410100000000c6
1789376474.8456,375.401,1318.0,61.4,3.14,0.00,8.50,2.40,22.0,45.1,3.58,14.10,0.000,100.0,55.0,1,0,0,0,0,0,0,NONE,,RPM:486bd1410c14987d TPS:486bd1411108de ADV:486bd1410e9164 MIL:486bd1410100000000c6
1789376475.1667,375.722,1358.0,124.6,3.14,0.00,8.50,2.40,22.0,45.1,3.58,14.10,0.000,100.0,55.0,1,0,0,0,0,0,0,NONE,,RPM:486bd1410c15381e TPS:486bd1411108de ADV:486bd1410e9164 MIL:486bd1410100000000c6
1789376475.4384,375.994,1332.0,-95.7,3.14,0.00,9.00,2.40,22.0,45.1,3.58,14.10,0.000,100.0,55.0,1,0,0,0,0,0,0,NONE,,RPM:486bd1410c14d0b5 TPS:486bd1411108de ADV:486bd1410e9265 MIL:486bd1410100000000c6
1789376475.7103,376.266,1392.0,220.6,3.14,0.00,8.00,2.40,22.0,45.1,3.58,14.10,0.000,100.0,55.0,1,0,0,0,0,0,0,NONE,,RPM:486bd1410c15c0a6 TPS:486bd1411108de ADV:486bd1410e9063 MIL:486bd1410100000000c6
1789376476.1476,376.703,1346.0,-105.2,3.14,0.00,8.00,2.40,22.0,45.1,3.58,14.10,0.000,100.0,55.0,1,0,0,0,0,0,0,NONE,,RPM:486bd1410c1508ee TPS:486bd1411108de ADV:486bd1410e9063 MIL:486bd1410100000000c6
1789376476.4144,376.970,1318.0,-104.9,3.14,0.00,10.00,2.40,22.0,45.1,3.58,14.10,0.000,100.0,55.0,1,0,0,0,0,0,0,NONE,,RPM:486bd1410c14987d TPS:486bd1411108de ADV:486bd1410e9467 MIL:486bd1410100000000c6
1789376476.8728,377.428,1323.0,10.9,3.14,0.00,10.00,2.40,22.0,45.1,3.58,14.10,0.000,100.0,55.0,1,0,0,0,0,0,0,NONE,,RPM:486bd1410c14ac91 TPS:486bd1411108de ADV:486bd1410e9467 MIL:486bd1410100000000c6
1789376477.1491,377.704,1340.0,61.5,3.14,0.00,10.00,2.40,22.0,45.1,3.56,14.10,0.000,101.0,55.0,1,0,0,0,0,0,0,NONE,,RPM:486bd1410c14f0d5 TPS:486bd1411108de ADV:486bd1410e9467 MIL:486bd1410100000000c6
1789376477.4211,377.976,1351.0,40.4,3.14,0.00,10.00,2.40,22.0,45.1,3.56,14.10,0.000,101.0,55.0,1,0,0,0,0,0,0,NONE,,RPM:486bd1410c151c02 TPS:486bd1411108de ADV:486bd1410e9467 MIL:486bd1410100000000c6
1789376477.7268,378.282,1356.0,16.4,3.14,0.00,10.00,2.40,22.0,45.1,3.56,14.10,0.000,101.0,55.0,1,0,0,0,0,0,0,NONE,,RPM:486bd1410c153016 TPS:486bd1411108de ADV:486bd1410e9467 MIL:486bd1410100000000c6
1789376477.9963,378.552,1295.0,-226.3,3.14,0.00,10.00,2.40,22.0,45.1,3.56,14.10,0.000,101.0,55.0,1,0,0,0,0,0,0,NONE,,RPM:486bd1410c143c21 TPS:486bd1411108de ADV:486bd1410e9467 MIL:486bd1410100000000c6
1789376478.2690,378.824,1347.0,190.7,3.14,0.00,10.00,2.40,22.0,45.1,3.56,14.10,0.000,101.0,55.0,1,0,0,0,0,0,0,NONE,,RPM:486bd1410c150cf2 TPS:486bd1411108de ADV:486bd1410e9467 MIL:486bd1410100000000c6
1789376478.7300,379.285,1357.0,21.7,3.14,0.00,10.50,2.40,22.0,45.1,3.56,14.10,0.000,101.0,55.0,1,0,0,0,0,0,0,NONE,,RPM:486bd1410c15341a TPS:486bd1411108de ADV:486bd1410e9568 MIL:486bd1410100000000c6
1789376479.0255,379.581,1351.0,-20.3,3.14,0.00,10.00,2.40,22.0,45.1,3.56,14.10,0.000,101.0,55.0,1,0,0,0,0,0,0,NONE,,RPM:486bd1410c151c02 TPS:486bd1411108de ADV:486bd1410e9467 MIL:486bd1410100000000c6
1789376479.2919,379.847,1345.0,-22.5,3.14,0.00,10.00,2.40,22.0,45.1,3.56,14.10,0.000,101.0,55.0,1,0,0,0,0,0,0,NONE,,RPM:486bd1410c1504ea TPS:486bd1411108de ADV:486bd1410e9467 MIL:486bd1410100000000c6
1789376479.5651,380.120,1341.0,-14.6,3.14,0.00,10.00,2.40,22.0,45.1,3.56,14.10,0.000,101.0,55.0,1,0,0,0,0,0,0,NONE,,RPM:486bd1410c14f4d9 TPS:486bd1411108de ADV:486bd1410e9467 MIL:486bd1410100000000c6
1789376480.0601,380.615,1338.0,-6.1,3.14,0.00,10.00,2.40,22.0,45.1,3.56,14.10,0.000,101.0,55.0,1,0,0,0,0,0,0,NONE,,RPM:486bd1410c14e8cd TPS:486bd1411108de ADV:486bd1410e9467 MIL:486bd1410100000000c6
1789376480.3673,380.923,1328.0,-32.5,3.14,0.00,10.00,2.40,22.0,45.1,3.56,14.10,0.000,101.0,55.0,1,0,0,0,0,0,0,NONE,,RPM:486bd1410c14c0a5 TPS:486bd1411108de ADV:486bd1410e9467 MIL:486bd1410100000000c6
1789376480.7909,381.346,1371.0,101.5,3.14,0.00,9.00,2.40,22.0,45.1,3.56,14.10,0.000,101.0,55.0,1,0,0,0,0,0,0,NONE,,RPM:486bd1410c156c52 TPS:486bd1411108de ADV:486bd1410e9265 MIL:486bd1410100000000c6
1789376481.0840,381.639,1312.0,-201.3,3.53,1.34,10.00,2.40,22.0,45.3,3.56,14.10,0.000,101.0,55.0,1,0,0,0,0,0,0,NONE,,RPM:486bd1410c148065 TPS:486bd1411109df ADV:486bd1410e9467 MIL:486bd1410100000000c6
1789376481.3557,381.911,1337.0,92.0,3.53,0.00,15.00,2.40,22.0,45.3,3.56,14.10,0.000,101.0,55.0,1,0,0,0,0,0,0,NONE,,RPM:486bd1410c14e4c9 TPS:486bd1411109df ADV:486bd1410e9e71 MIL:486bd1410100000000c6
1789376481.6347,382.190,1353.0,57.4,3.92,1.41,11.00,2.40,26.3,45.6,3.95,14.10,0.000,101.0,55.0,1,0,0,0,0,0,0,NONE,,RPM:486bd1410c15240a TPS:486bd141110ae0 ADV:486bd1410e9669 MIL:486bd1410100000000c6
1789376481.9584,382.514,1500.0,454.1,4.31,1.21,12.50,2.40,26.3,45.8,3.95,14.10,0.000,101.0,55.0,1,0,0,0,0,0,0,NONE,,RPM:486bd1410c177058 TPS:486bd141110be1 ADV:486bd1410e996c MIL:486bd1410100000000c6
1789376482.2343,382.790,1555.0,199.3,4.71,1.42,13.00,2.40,26.3,46.0,3.95,14.10,0.000,101.0,55.0,1,0,0,0,0,0,0,NONE,,RPM:486bd1410c184c35 TPS:486bd141110ce2 ADV:486bd1410e9a6d MIL:486bd1410100000000c6
1789376482.7137,383.269,1632.0,160.6,5.49,1.64,11.50,2.40,26.3,46.5,3.95,14.10,0.000,101.0,55.0,1,0,0,0,0,0,0,NONE,,RPM:486bd1410c19806a TPS:486bd141110ee4 ADV:486bd1410e976a MIL:486bd1410100000000c6
1789376483.0386,383.594,1749.0,360.1,5.88,1.21,10.00,2.40,26.3,46.7,3.95,14.10,0.000,101.0,54.0,1,0,0,0,0,0,0,NONE,,RPM:486bd1410c1b5440 TPS:486bd141110fe5 ADV:486bd1410e9467 MIL:486bd1410100000000c6
1789376483.3070,383.862,1893.0,536.5,6.27,1.46,7.50,2.40,26.3,46.9,3.95,14.10,0.000,101.0,54.0,1,0,0,0,0,0,0,NONE,,RPM:486bd1410c1d9482 TPS:486bd1411110e6 ADV:486bd1410e8f62 MIL:486bd1410100000000c6
1789376483.5846,384.140,1899.0,21.6,6.27,0.00,8.00,2.40,26.3,46.9,3.95,14.10,0.000,101.0,54.0,1,0,0,0,0,0,0,NONE,,RPM:486bd1410c1dac9a TPS:486bd1411110e6 ADV:486bd1410e9063 MIL:486bd1410100000000c6
1789376484.0520,384.607,2147.0,530.6,6.27,0.00,11.00,2.40,26.3,46.9,3.95,14.10,0.000,101.0,54.0,1,0,0,0,0,0,0,NONE,,RPM:486bd1410c218c7e TPS:486bd1411110e6 ADV:486bd1410e9669 MIL:486bd1410100000000c6
1789376484.3278,384.883,2345.0,717.9,12.55,22.75,11.50,2.40,26.3,50.6,3.95,14.10,0.000,101.0,54.0,1,0,0,0,0,0,0,NONE,,RPM:486bd1410c24a499 TPS:486bd1411120f6 ADV:486bd1410e976a MIL:486bd1410100000000c6
1789376484.8031,385.358,2889.0,1144.4,5.49,-14.85,49.00,2.40,26.3,46.5,3.95,14.10,0.000,101.0,54.0,1,0,0,0,0,0,0,NONE,,RPM:486bd1410c2d2422 TPS:486bd141110ee4 ADV:486bd1410ee2b5 MIL:486bd1410100000000c6
1789376485.0796,385.635,3044.0,560.7,3.53,-7.09,48.50,2.40,26.3,45.3,3.95,14.10,0.000,101.0,54.0,1,0,0,0,0,0,0,NONE,,RPM:486bd1410c2f9090 TPS:486bd1411109df ADV:486bd1410ee1b4 MIL:486bd1410100000000c6
1789376485.3838,385.939,3030.0,-46.0,3.53,0.00,48.50,2.40,26.3,45.3,3.95,14.10,0.000,101.0,54.0,1,0,0,0,0,0,0,NONE,,RPM:486bd1410c2f5858 TPS:486bd1411109df ADV:486bd1410ee1b4 MIL:486bd1410100000000c6
1789376485.6789,386.234,2993.0,-125.4,3.53,0.00,45.00,2.40,14.1,45.3,2.85,14.10,0.000,101.0,54.0,1,0,0,0,0,0,0,NONE,,RPM:486bd1410c2ec4c3 TPS:486bd1411109df ADV:486bd1410edaad MIL:486bd1410100000000c6
1789376485.9931,386.548,2915.0,-248.3,3.53,0.00,41.50,2.40,14.1,45.3,2.85,14.10,0.000,101.0,54.0,1,0,0,0,0,0,0,NONE,,RPM:486bd1410c2d8c8a TPS:486bd1411109df ADV:486bd1410ed3a6 MIL:486bd1410100000000c6
1789376486.2702,386.826,2870.0,-162.4,3.53,0.00,40.00,2.40,14.1,45.3,2.85,14.10,0.000,101.0,54.0,1,0,0,0,0,0,0,NONE,,RPM:486bd1410c2cd8d5 TPS:486bd1411109df ADV:486bd1410ed0a3 MIL:486bd1410100000000c6
1789376486.6968,387.252,2806.0,-150.0,3.53,0.00,41.50,2.40,14.1,45.3,2.85,14.10,0.000,101.0,54.0,1,0,0,0,0,0,0,NONE,,RPM:486bd1410c2bd8d4 TPS:486bd1411109df ADV:486bd1410ed3a6 MIL:486bd1410100000000c6
1789376487.0475,387.603,2729.0,-219.6,4.31,2.24,38.00,2.40,14.1,45.8,2.85,14.10,0.000,101.0,52.0,1,0,0,0,0,0,0,NONE,,RPM:486bd1410c2aa49f TPS:486bd141110be1 ADV:486bd1410ecc9f MIL:486bd1410100000000c6
1789376487.3366,387.892,2858.0,446.2,6.27,6.78,33.50,2.40,14.1,46.9,2.85,14.10,0.000,101.0,52.0,1,0,0,0,0,0,0,NONE,,RPM:486bd1410c2ca8a5 TPS:486bd1411110e6 ADV:486bd1410ec396 MIL:486bd1410100000000c6
1789376487.6093,388.165,2999.0,516.9,9.41,11.50,16.00,2.40,14.1,48.8,2.85,14.10,0.000,101.0,52.0,1,0,0,0,0,0,0,NONE,,RPM:486bd1410c2edcdb TPS:486bd1411118ee ADV:486bd1410ea073 MIL:486bd1410100000000c6
1789376488.0430,388.598,3385.0,890.0,7.45,-4.52,60.00,2.40,14.1,47.6,2.85,14.10,0.000,101.0,52.0,1,0,0,0,0,0,0,NONE,,RPM:486bd1410c34e4e9 TPS:486bd1411113e9 ADV:486bd1410ef8cb MIL:486bd1410100000000c6
1789376488.3417,388.897,3102.0,-947.5,5.88,-5.25,25.00,2.40,14.1,46.7,2.85,14.10,0.000,101.0,52.0,1,0,0,0,0,0,0,NONE,,RPM:486bd1410c307879 TPS:486bd141110fe5 ADV:486bd1410eb285 MIL:486bd1410100000000c6
1789376488.8083,389.364,2895.0,-443.7,17.25,24.37,13.00,2.40,14.1,53.3,2.85,14.10,0.000,101.0,52.0,1,0,0,0,0,0,0,NONE,,RPM:486bd1410c2d3c3a TPS:486bd141112c02 ADV:486bd1410e9a6d MIL:486bd1410100000000c6
1789376489.0771,389.632,3084.0,703.0,18.43,4.38,16.00,2.40,14.1,54.0,2.85,14.10,0.000,101.0,52.0,1,0,0,0,0,0,0,NONE,,RPM:486bd1410c303031 TPS:486bd141112f05 ADV:486bd1410ea073 MIL:486bd1410100000000c6
1789376489.3487,389.904,3407.0,1189.5,16.86,-5.78,20.50,2.40,14.1,53.1,2.85,14.10,0.000,101.0,52.0,1,0,0,0,0,0,0,NONE,,RPM:486bd1410c353c42 TPS:486bd141112b01 ADV:486bd1410ea97c MIL:486bd1410100000000c6
1789376489.6534,390.209,3674.0,876.2,16.47,-1.29,26.50,2.40,41.6,52.9,5.33,14.10,0.000,101.0,52.0,1,0,0,0,0,0,0,NONE,,RPM:486bd1410c396872 TPS:486bd141112a00 ADV:486bd1410eb588 MIL:486bd1410100000000c6
1789376489.9245,390.480,3964.0,1069.8,22.75,23.15,27.50,2.40,41.6,56.5,5.33,14.10,0.000,101.0,52.0,1,0,0,0,0,0,0,NONE,,RPM:486bd1410c3df0fe TPS:486bd141113a10 ADV:486bd1410eb78a MIL:486bd1410100000000c6
1789376490.1961,390.751,4261.0,1093.4,25.10,8.66,25.00,2.40,41.6,57.9,5.33,14.10,0.000,101.0,52.0,1,0,0,0,0,0,0,NONE,,RPM:486bd1410c4294a7 TPS:486bd141114016 ADV:486bd1410eb285 MIL:486bd1410100000000c6
1789376490.6605,391.216,4831.0,1227.3,31.37,13.51,26.50,2.40,41.6,61.5,5.33,14.10,0.000,101.0,52.0,1,0,0,0,0,0,0,NONE,,RPM:486bd1410c4b7c98 TPS:486bd141115026 ADV:486bd1410eb588 MIL:486bd1410100000000c6
1789376490.9418,391.497,5196.0,1298.0,3.53,-99.01,60.00,2.40,41.6,45.3,5.33,14.10,0.000,101.0,50.0,1,0,0,0,0,0,0,NONE,,RPM:486bd1410c513052 TPS:486bd1411109df ADV:486bd1410ef8cb MIL:486bd1410100000000c6
1789376491.2068,391.762,4232.0,-3636.9,34.51,116.88,18.00,2.40,41.6,63.3,5.33,14.10,0.000,101.0,50.0,1,0,0,0,0,0,0,NONE,,RPM:486bd1410c422033 TPS:486bd14111582e ADV:486bd1410ea477 MIL:486bd1410100000000c6
1789376491.4764,392.032,4475.0,901.5,38.04,13.09,20.50,2.40,41.6,65.4,5.33,14.10,0.000,101.0,50.0,1,0,0,0,0,0,0,NONE,,RPM:486bd1410c45ec02 TPS:486bd141116137 ADV:486bd1410ea97c MIL:486bd1410100000000c6
1789376491.9893,392.545,4831.0,694.1,14.90,-45.11,60.00,2.40,41.6,51.9,5.33,14.10,0.000,101.0,50.0,1,0,0,0,0,0,0,NONE,,RPM:486bd1410c4b7c98 TPS:486bd1411126fc ADV:486bd1410ef8cb MIL:486bd1410100000000c6
1789376492.2588,392.814,4717.0,-422.9,3.53,-42.19,60.00,2.40,41.6,45.3,5.33,14.10,0.000,101.0,50.0,1,0,0,0,0,0,0,NONE,,RPM:486bd1410c49b4ce TPS:486bd1411109df ADV:486bd1410ef8cb MIL:486bd1410100000000c6
1789376492.7299,393.285,4717.0,0.0,3.53,0.00,60.00,2.40,41.6,45.3,5.33,14.10,0.000,101.0,50.0,1,0,0,0,0,0,0,NONE,,RPM: TPS:486bd1411109df ADV:486bd1410ef8cb MIL:486bd1410100000000c6
1789376493.2037,393.759,4393.0,-683.9,3.53,0.00,60.00,2.40,41.6,45.3,5.33,14.10,0.000,101.0,50.0,1,0,0,0,0,0,0,NONE,,RPM:486bd1410c44a4b9 TPS:486bd1411109df ADV:486bd1410ef8cb MIL:486bd1410100000000c6
1789376493.4840,394.039,4299.0,-335.3,3.53,0.00,60.00,2.40,41.6,45.3,5.33,14.10,0.000,101.0,50.0,1,0,0,0,0,0,0,NONE,,RPM:486bd1410c432c40 TPS:486bd1411109df ADV:486bd1410ef8cb MIL:486bd1410100000000c6
1789376493.7553,394.311,4103.0,-722.6,3.53,0.00,60.00,2.40,11.0,45.3,2.57,14.10,0.000,101.0,50.0,1,0,0,0,0,0,0,NONE,,RPM:486bd1410c401c2d TPS:486bd1411109df ADV:486bd1410ef8cb MIL:486bd1410100000000c6
1789376494.0597,394.615,3928.0,-574.9,3.53,0.00,58.00,2.40,11.0,45.3,2.57,14.10,0.000,101.0,50.0,1,0,0,0,0,0,0,NONE,,RPM:486bd1410c3d606e TPS:486bd1411109df ADV:486bd1410ef4c7 MIL:486bd1410100000000c6
1789376494.3311,394.886,3739.0,-696.4,3.53,0.00,56.50,2.40,11.0,45.3,2.57,14.10,0.000,101.0,50.0,1,0,0,0,0,0,0,NONE,,RPM:486bd1410c3a6c77 TPS:486bd1411109df ADV:486bd1410ef1c4 MIL:486bd1410100000000c6
1789376494.7791,395.334,3458.0,-627.3,3.53,0.00,53.00,2.40,11.0,45.3,2.57,14.10,0.000,101.0,50.0,1,0,0,0,0,0,0,NONE,,RPM:486bd1410c36080f TPS:486bd1411109df ADV:486bd1410eeabd MIL:
1789376495.2349,395.790,3234.0,-491.4,3.53,0.00,49.00,2.40,11.0,45.3,2.57,14.10,0.000,101.0,49.0,1,0,0,0,0,0,0,NONE,,RPM:486bd1410c32888b TPS:486bd1411109df ADV:486bd1410ee2b5 MIL:
1789376495.4980,396.053,3051.0,-695.7,3.53,0.00,47.50,2.40,11.0,45.3,2.57,14.10,0.000,101.0,49.0,1,0,0,0,0,0,0,NONE,,RPM:486bd1410c2facac TPS: ADV:486bd1410edfb2 MIL:486bd1410100000000c6
1789376495.8199,396.375,2981.0,-217.4,3.53,0.00,45.00,2.40,11.0,45.3,2.57,14.10,0.000,101.0,49.0,1,0,0,0,0,0,0,NONE,,RPM:486bd1410c2e9493 TPS:486bd1411109df ADV:486bd1410edaad MIL:486bd1410100000000c6
1789376496.2884,396.844,2764.0,-463.2,3.53,0.00,26.50,2.40,11.0,45.3,2.57,14.10,0.000,101.0,49.0,1,0,0,0,0,0,0,NONE,,RPM:486bd1410c2b302c TPS:486bd1411109df ADV:486bd1410eb588 MIL:486bd1410100000000c6
1789376496.5599,397.115,2684.0,-294.6,4.31,2.89,42.50,2.40,11.0,45.8,2.57,14.10,0.000,101.0,49.0,1,0,0,0,0,0,0,NONE,,RPM:486bd1410c29f0ea TPS:486bd141110be1 ADV:486bd1410ed5a8 MIL:486bd1410100000000c6
1789376496.9876,397.543,3471.0,1840.1,7.45,7.34,25.00,2.40,11.0,47.6,2.57,14.10,0.000,101.0,49.0,1,0,0,0,0,0,0,NONE,,RPM:486bd1410c363c43 TPS:486bd1411113e9 ADV:486bd1410eb285 MIL:486bd1410100000000c6
1789376497.2889,397.844,3512.0,136.1,9.02,5.21,19.00,2.40,11.0,48.5,2.57,14.10,0.000,101.0,49.0,1,0,0,0,0,0,0,NONE,,RPM:486bd1410c36e0e7 TPS:486bd1411117ed ADV:486bd1410ea679 MIL:486bd1410100000000c6
1789376497.5783,398.134,3579.0,231.5,9.80,2.71,19.00,2.40,11.0,49.0,2.57,14.10,0.000,101.0,49.0,1,0,0,0,0,0,0,NONE,,RPM:486bd1410c37ecf4 TPS:486bd1411119ef ADV:486bd1410ea679 MIL:486bd1410100000000c6
1789376497.8667,398.422,3675.0,332.8,10.20,1.36,22.50,2.40,32.9,49.2,4.55,14.10,0.000,101.0,49.0,1,0,0,0,0,0,0,NONE,,RPM:486bd1410c396c76 TPS:486bd141111af0 ADV:486bd1410ead80 MIL:486bd1410100000000c6
1789376498.1722,398.727,3797.0,399.4,10.20,0.00,26.00,2.40,32.9,49.2,4.55,14.10,0.000,101.0,49.0,1,0,0,0,0,0,0,NONE,,RPM:486bd1410c3b5460 TPS:486bd141111af0 ADV:486bd1410eb487 MIL:486bd1410100000000c6
1789376498.4417,398.997,3909.0,415.5,9.80,-1.45,30.50,2.40,32.9,49.0,4.55,14.10,0.000,101.0,49.0,1,0,0,0,0,0,0,NONE,,RPM:486bd1410c3d1422 TPS:486bd1411119ef ADV:486bd1410ebd90 MIL:486bd1410100000000c6
1789376498.8806,399.436,4133.0,510.5,9.80,0.00,37.50,2.40,32.9,49.0,4.55,14.10,0.000,101.0,49.0,1,0,0,0,0,0,0,NONE,,RPM:486bd1410c4094a5 TPS:486bd1411119ef ADV:486bd1410ecb9e MIL:486bd1410100000000c6
1789376499.1767,399.732,4372.0,807.1,6.27,-11.92,60.00,2.40,32.9,46.9,4.55,14.10,0.000,101.0,48.0,1,0,0,0,0,0,0,NONE,,RPM:486bd1410c445065 TPS:486bd1411110e6 ADV:486bd1410ef8cb MIL:486bd1410100000000c6
1789376499.4485,400.004,3957.0,-1526.5,20.39,51.93,21.00,2.40,32.9,55.1,4.55,14.10,0.000,101.0,48.0,1,0,0,0,0,0,0,NONE,,RPM:486bd1410c3dd4e2 TPS:486bd14111340a ADV:486bd1410eaa7d MIL:486bd1410100000000c6
1789376499.7362,400.292,3622.0,-1164.3,25.88,19.08,19.00,2.40,32.9,58.3,4.55,14.10,0.000,101.0,48.0,1,0,0,0,0,0,0,NONE,,RPM:486bd1410c3898a1 TPS:486bd141114218 ADV:486bd1410ea679 MIL:486bd1410100000000c6
1789376500.1961,400.751,3985.0,789.4,31.37,11.94,19.00,2.40,32.9,61.5,4.55,14.10,0.000,101.0,48.0,1,0,0,0,0,0,0,NONE,,RPM:486bd1410c3e4453 TPS:486bd141115026 ADV:486bd1410ea679 MIL:486bd1410100000000c6
1789376500.4715,401.027,4227.0,878.7,26.27,-18.51,23.00,2.40,32.9,58.5,4.55,14.10,0.000,101.0,48.0,1,0,0,0,0,0,0,NONE,,RPM:486bd1410c420c1f TPS:486bd141114319 ADV:486bd1410eae81 MIL:486bd1410100000000c6
1789376500.9190,401.474,4407.0,402.2,3.53,-50.82,60.00,2.40,32.9,45.3,4.55,14.10,0.000,101.0,48.0,1,0,0,0,0,0,0,NONE,,RPM:486bd1410c44dcf1 TPS:486bd1411109df ADV:486bd1410ef8cb MIL:486bd1410100000000c6
1789376501.2212,401.777,4301.0,-350.8,3.53,0.00,60.00,2.40,32.9,45.3,4.56,14.10,0.000,100.0,48.0,1,0,0,0,0,0,0,NONE,,RPM:486bd1410c433448 TPS:486bd1411109df ADV:486bd1410ef8cb MIL:486bd1410100000000c6
1789376501.5401,402.095,4226.0,-235.2,3.53,0.00,60.00,2.40,32.9,45.3,4.56,14.10,0.000,100.0,48.0,1,0,0,0,0,0,0,NONE,,RPM:486bd1410c42081b TPS:486bd1411109df ADV:486bd1410ef8cb MIL:486bd1410100000000c6
1789376501.8154,402.371,4022.0,-740.8,3.53,0.00,59.00,2.40,11.0,45.3,2.59,14.10,0.000,100.0,48.0,1,0,0,0,0,0,0,NONE,,RPM:486bd1410c3ed8e7 TPS:486bd1411109df ADV:486bd1410ef6c9 MIL:486bd1410100000000c6
1789376502.1021,402.657,3848.0,-606.9,3.53,0.00,58.00,2.40,11.0,45.3,2.59,14.10,0.000,100.0,48.0,1,0,0,0,0,0,0,NONE,,RPM:486bd1410c3c202d TPS:486bd1411109df ADV:486bd1410ef4c7 MIL:486bd1410100000000c6
1789376502.4062,402.961,3718.0,-427.5,3.53,0.00,56.50,2.40,11.0,45.3,2.59,14.10,0.000,100.0,48.0,1,0,0,0,0,0,0,NONE,,RPM:486bd1410c3a1823 TPS:486bd1411109df ADV:486bd1410ef1c4 MIL:486bd1410100000000c6
1789376502.8710,403.426,3475.0,-522.8,3.53,0.00,53.00,2.40,11.0,45.3,2.59,14.10,0.000,100.0,48.0,1,0,0,0,0,0,0,NONE,,RPM:486bd1410c364c53 TPS:486bd1411109df ADV:486bd1410eeabd MIL:486bd1410100000000c6
1789376503.1421,403.697,3307.0,-619.8,3.53,0.00,50.00,2.40,11.0,45.3,2.59,14.10,0.000,100.0,47.0,1,0,0,0,0,0,0,NONE,,RPM:486bd1410c33acb0 TPS:486bd1411109df ADV:486bd1410ee4b7 MIL:486bd1410100000000c6
1789376503.4289,403.984,3109.0,-690.5,3.53,0.00,47.50,2.40,11.0,45.3,2.59,14.10,0.000,100.0,47.0,1,0,0,0,0,0,0,NONE,,RPM:486bd1410c309495 TPS:486bd1411109df ADV:486bd1410edfb2 MIL:486bd1410100000000c6
1789376503.7172,404.273,2930.0,-620.8,3.53,0.00,40.50,2.40,11.0,45.3,2.59,14.10,0.000,100.0,47.0,1,0,0,0,0,0,0,NONE,,RPM:486bd1410c2dc8c6 TPS:486bd1411109df ADV:486bd1410ed1a4 MIL:486bd1410100000000c6
1789376504.1701,404.725,2636.0,-649.2,3.53,0.00,26.00,2.40,11.0,45.3,2.59,14.10,0.000,100.0,47.0,1,0,0,0,0,0,0,NONE,,RPM:486bd1410c29302a TPS:486bd1411109df ADV:486bd1410eb487 MIL:486bd1410100000000c6
1789376504.4608,405.016,2465.0,-588.3,3.53,0.00,23.00,2.40,11.0,45.3,2.59,14.10,0.000,100.0,47.0,1,0,0,0,0,0,0,NONE,,RPM:486bd1410c26847b TPS:486bd1411109df ADV:486bd1410eae81 MIL:486bd1410100000000c6
1789376504.9044,405.460,2095.0,-834.0,3.53,0.00,14.00,2.40,11.0,45.3,2.59,14.10,0.000,100.0,47.0,1,0,0,0,0,0,0,NONE,,RPM:486bd1410c20bcad TPS:486bd1411109df ADV:486bd1410e9c6f MIL:486bd1410100000000c6
1789376505.1805,405.736,1944.0,-546.9,3.14,-1.42,24.00,2.40,11.0,45.1,2.62,14.10,0.000,98.0,47.0,1,0,0,0,0,0,0,NONE,,RPM:486bd1410c1e604f TPS:486bd1411108de ADV:486bd1410eb083 MIL:486bd1410100000000c6
1789376505.4753,406.031,2489.0,1848.9,3.14,0.00,23.00,2.40,11.0,45.1,2.62,14.10,0.000,98.0,47.0,1,0,0,0,0,0,0,NONE,,RPM:486bd1410c26e4db TPS:486bd1411108de ADV:486bd1410eae81 MIL:486bd1410100000000c6
1789376505.7465,406.302,2342.0,-542.0,3.53,1.45,20.50,2.40,16.9,45.3,3.15,14.10,0.000,98.0,47.0,1,0,0,0,0,0,0,NONE,,RPM:486bd1410c24988d TPS:486bd1411109df ADV:486bd1410ea97c MIL:486bd1410100000000c6
1789376506.0678,406.623,2177.0,-513.5,3.14,-1.22,16.50,2.40,16.9,45.1,3.15,14.10,0.000,98.0,47.0,1,0,0,0,0,0,0,NONE,,RPM:486bd1410c2204f7 TPS:486bd1411108de ADV:486bd1410ea174 MIL:486bd1410100000000c6
1789376506.3415,406.897,2023.0,-562.7,3.14,0.00,15.00,2.40,16.9,45.1,3.15,14.10,0.000,98.0,47.0,1,0,0,0,0,0,0,NONE,,RPM:486bd1410c1f9c8c TPS:486bd1411108de ADV:486bd1410e9e71 MIL:486bd1410100000000c6
1789376506.8189,407.374,1463.0,-1173.0,3.14,0.00,10.00,2.40,16.9,45.1,3.15,14.10,0.000,98.0,47.0,1,0,0,0,0,0,0,NONE,,RPM:486bd1410c16dcc3 TPS:486bd1411108de ADV:486bd1410e9467 MIL:486bd1410100000000c6
1789376507.0902,407.646,1244.0,-807.2,3.14,0.00,10.00,2.40,16.9,45.1,3.15,14.10,0.000,98.0,48.0,1,0,0,0,0,0,0,NONE,,RPM:486bd1410c137054 TPS:486bd1411108de ADV:486bd1410e9467 MIL:486bd1410100000000c6
1789376507.3616,407.917,1330.0,316.9,3.14,0.00,11.00,2.40,16.9,45.1,3.15,14.10,0.000,98.0,48.0,1,0,0,0,0,0,0,NONE,,RPM:486bd1410c14c8ad TPS:486bd1411108de ADV:486bd1410e9669 MIL:486bd1410100000000c6
1789376507.6347,408.190,1341.0,40.3,3.14,0.00,10.00,2.40,16.9,45.1,3.15,14.10,0.000,98.0,48.0,1,0,0,0,0,0,0,NONE,,RPM:486bd1410c14f4d9 TPS:486bd1411108de ADV:486bd1410e9467 MIL:486bd1410100000000c6
1789376508.1439,408.699,1324.0,-33.4,3.14,0.00,10.00,2.40,16.9,45.1,3.15,14.10,0.000,98.0,48.0,1,0,0,0,0,0,0,NONE,,RPM:486bd1410c14b095 TPS:486bd1411108de ADV:486bd1410e9467 MIL:486bd1410100000000c6
1789376508.4187,408.974,1333.0,32.8,3.14,0.00,10.00,2.40,16.9,45.1,3.15,14.10,0.000,98.0,48.0,1,0,0,0,0,0,0,NONE,,RPM:486bd1410c14d4b9 TPS:486bd1411108de ADV:486bd1410e9467 MIL:486bd1410100000000c6
1789376508.9304,409.486,1268.0,-127.0,3.14,0.00,10.00,2.40,16.9,45.1,3.15,14.10,0.000,98.0,48.0,1,0,0,0,0,0,0,NONE,,RPM:486bd1410c13d0b4 TPS:486bd1411108de ADV:486bd1410e9467 MIL:486bd1410100000000c6
1789376509.2009,409.756,1356.0,325.3,3.14,0.00,10.50,2.40,16.9,45.1,3.17,14.10,0.000,97.0,48.0,1,0,0,0,0,0,0,NONE,,RPM:486bd1410c153016 TPS:486bd1411108de ADV:486bd1410e9568 MIL:486bd1410100000000c6
1789376509.4718,410.027,1360.0,14.8,3.14,0.00,10.00,2.40,16.9,45.1,3.17,14.10,0.000,97.0,48.0,1,0,0,0,0,0,0,NONE,,RPM:486bd1410c154026 TPS:486bd1411108de ADV:486bd1410e9467 MIL:486bd1410100000000c6
1789376509.7455,410.301,1338.0,-80.4,3.14,0.00,11.00,2.40,24.3,45.1,3.84,14.10,0.000,97.0,48.0,1,0,0,0,0,0,0,NONE,,RPM:486bd1410c14e8cd TPS:486bd1411108de ADV:486bd1410e9669 MIL:486bd1410100000000c6
1789376510.0166,410.572,1368.0,110.7,3.14,0.00,9.00,2.40,24.3,45.1,3.84,14.10,0.000,97.0,48.0,1,0,0,0,0,0,0,NONE,,RPM:486bd1410c156046 TPS:486bd1411108de ADV:486bd1410e9265 MIL:486bd1410100000000c6
1789376510.3391,410.894,1332.0,-111.6,3.14,0.00,10.00,2.40,24.3,45.1,3.84,14.10,0.000,97.0,48.0,1,0,0,0,0,0,0,NONE,,RPM:486bd1410c14d0b5 TPS:486bd1411108de ADV:486bd1410e9467 MIL:486bd1410100000000c6
1789376510.8026,411.358,1337.0,10.8,3.14,0.00,10.00,2.40,24.3,45.1,3.84,14.10,0.000,97.0,48.0,1,0,0,0,0,0,0,NONE,,RPM:486bd1410c14e4c9 TPS:486bd1411108de ADV:486bd1410e9467 MIL:486bd1410100000000c6
1789376511.0708,411.626,1324.0,-48.5,3.14,0.00,10.00,2.40,24.3,45.1,3.84,14.10,0.000,97.0,48.0,1,0,0,0,0,0,0,NONE,,RPM:486bd1410c14b095 TPS:486bd1411108de ADV:486bd1410e9467 MIL:486bd1410100000000c6
1789376511.3426,411.898,1375.0,187.6,3.53,1.44,10.00,2.40,24.3,45.3,3.84,14.10,0.000,97.0,48.0,1,0,0,0,0,0,0,NONE,,RPM:486bd1410c157c62 TPS:486bd1411109df ADV:486bd1410e9467 MIL:486bd1410100000000c6
1789376511.6164,412.172,1351.0,-87.7,5.88,8.59,7.50,2.40,24.3,46.7,3.84,14.10,0.000,97.0,48.0,1,0,0,0,0,0,0,NONE,,RPM:486bd1410c151c02 TPS:486bd141110fe5 ADV:486bd1410e8f62 MIL:486bd1410100000000c6
1789376512.1067,412.662,2285.0,1904.7,7.06,2.40,10.50,2.40,24.3,47.4,3.84,14.10,0.000,97.0,48.0,1,0,0,0,0,0,0,NONE,,RPM:486bd1410c23b4a8 TPS:486bd1411112e8 ADV:486bd1410e9568 MIL:486bd1410100000000c6
1789376512.4144,412.970,2289.0,13.0,7.06,0.00,11.00,2.40,24.3,47.4,3.84,14.10,0.000,97.0,48.0,1,0,0,0,0,0,0,NONE,,RPM:486bd1410c23c4b8 TPS:486bd1411112e8 ADV:486bd1410e9669 MIL:486bd1410100000000c6
1789376512.8944,413.450,2206.0,-172.9,7.45,0.82,9.00,2.40,24.3,47.6,3.84,14.10,0.000,97.0,48.0,1,0,0,0,0,0,0,NONE,,RPM:486bd1410c22786b TPS:486bd1411113e9 ADV:486bd1410e9265 MIL:486bd1410100000000c6
1789376513.1782,413.733,2214.0,28.2,8.24,2.76,12.50,2.40,24.3,48.1,3.84,14.10,0.000,97.0,48.0,1,0,0,0,0,0,0,NONE,,RPM:486bd1410c22988b TPS:486bd1411115eb ADV:486bd1410e996c MIL:486bd1410100000000c6
1789376513.4868,414.042,2392.0,576.8,8.24,0.00,16.50,2.40,24.3,48.1,3.84,14.10,0.000,97.0,48.0,1,0,0,0,0,0,0,NONE,,RPM:486bd1410c256056 TPS:486bd1411115eb ADV:486bd1410ea174 MIL:486bd1410100000000c6
1789376513.7570,414.312,2605.0,788.2,10.20,7.26,16.50,2.40,34.1,49.2,4.72,14.10,0.000,97.0,48.0,1,0,0,0,0,0,0,NONE,,RPM:486bd1410c28b4ad TPS:486bd141111af0 ADV:486bd1410ea174 MIL:486bd1410100000000c6
1789376514.0284,414.584,2810.0,755.3,13.73,13.00,16.00,2.40,34.1,51.3,4.72,14.10,0.000,97.0,48.0,1,0,0,0,0,0,0,NONE,,RPM:486bd1410c2be8e4 TPS:486bd1411123f9 ADV:486bd1410ea073 MIL:486bd1410100000000c6
1789376514.3346,414.890,3235.0,1388.1,14.51,2.56,19.00,2.40,34.1,51.7,4.72,14.10,0.000,97.0,48.0,1,0,0,0,0,0,0,NONE,,RPM:486bd1410c328c8f TPS:486bd1411125fb ADV:486bd1410ea679 MIL:486bd1410100000000c6
1789376514.7915,415.347,2998.0,-518.7,16.08,3.43,18.50,2.40,34.1,52.6,4.72,14.10,0.000,97.0,48.0,1,0,0,0,0,0,0,NONE,,RPM:486bd1410c2ed8d7 TPS:486bd1411129ff ADV:486bd1410ea578 MIL:486bd1410100000000c6
1789376515.1034,415.659,2660.0,-1083.5,17.25,3.77,15.50,2.40,34.1,53.3,4.72,14.10,0.000,97.0,48.0,1,0,0,0,0,0,0,NONE,,RPM:486bd1410c29908a TPS:486bd141112c02 ADV:486bd1410e9f72 MIL:486bd1410100000000c6
1789376515.3796,415.935,2913.0,916.2,21.57,15.62,16.00,2.40,34.1,55.8,4.72,14.10,0.000,97.0,48.0,1,0,0,0,0,0,0,NONE,,RPM:486bd1410c2d8482 TPS:486bd14111370d ADV:486bd1410ea073 MIL:486bd1410100000000c6
1789376515.6517,416.207,3212.0,1098.7,24.71,11.53,15.50,2.40,34.1,57.6,4.72,14.10,0.000,97.0,48.0,1,0,0,0,0,0,0,NONE,,RPM:486bd1410c323033 TPS:486bd141113f15 ADV:486bd1410e9f72 MIL:486bd1410100000000c6
1789376516.0852,416.640,3683.0,1086.5,28.24,8.14,18.00,2.40,34.1,59.7,4.72,14.10,0.000,97.0,48.0,1,0,0,0,0,0,0,NONE,,RPM:486bd1410c398c96 TPS:486bd14111481e ADV:486bd1410ea477 MIL:486bd1410100000000c6
1789376516.3797,416.935,4093.0,1392.0,28.63,1.33,20.00,2.40,34.1,59.9,4.72,14.10,0.000,97.0,48.0,1,0,0,0,0,0,0,NONE,,RPM:486bd1410c3ff404 TPS:486bd14111491f ADV:486bd1410ea87b MIL:486bd1410100000000c6
1789376516.8371,417.392,4693.0,1311.9,37.25,18.86,24.00,2.40,34.1,64.9,4.72,14.10,0.000,97.0,48.0,1,0,0,0,0,0,0,NONE,,RPM:486bd1410c49546e TPS:486bd141115f35 ADV:486bd1410eb083 MIL:486bd1410100000000c6
1789376517.1163,417.672,5192.0,1787.3,40.39,11.24,28.50,2.40,34.1,66.7,4.74,14.10,0.000,96.0,48.0,1,0,0,0,0,0,0,NONE,,RPM:486bd1410c512042 TPS:486bd14111673d ADV:486bd1410eb98c MIL:486bd1410100000000c6
1789376517.4357,417.991,5497.0,954.9,3.53,-115.41,27.50,2.40,34.1,45.3,4.74,14.10,0.000,96.0,48.0,1,0,0,0,0,0,0,NONE,,RPM:486bd1410c55e40a TPS:486bd1411109df ADV:486bd1410eb78a MIL:486bd1410100000000c6
1789376517.7072,418.262,4415.0,-3985.7,41.18,138.68,20.00,2.40,71.4,67.2,8.09,14.10,0.000,96.0,48.0,1,0,0,0,0,0,0,NONE,,RPM:486bd1410c44fc11 TPS:486bd14111693f ADV:486bd1410ea87b MIL:486bd1410100000000c6
1789376517.9939,418.549,4674.0,903.4,32.16,-31.46,22.50,2.40,71.4,62.0,8.09,14.10,0.000,96.0,48.0,1,0,0,0,0,0,0,NONE,,RPM:486bd1410c490822 TPS:486bd141115228 ADV:486bd1410ead80 MIL:486bd1410100000000c6
1789376518.3648,418.920,4633.0,-110.5,3.53,-77.18,60.00,2.40,71.4,45.3,8.09,14.10,0.000,96.0,48.0,1,0,0,0,0,0,0,NONE,,RPM:486bd1410c48647d TPS:486bd1411109df ADV:486bd1410ef8cb MIL:486bd1410100000000c6
1789376518.8506,419.406,4447.0,-382.9,3.53,0.00,60.00,2.40,71.4,45.3,8.09,14.10,0.000,96.0,48.0,1,0,0,0,0,0,0,NONE,,RPM:486bd1410c457c92 TPS:486bd1411109df ADV:486bd1410ef8cb MIL:486bd1410100000000c6
1789376519.1469,419.702,4228.0,-739.2,3.53,0.00,60.00,2.40,71.4,45.3,8.09,14.10,0.000,96.0,46.0,1,0,0,0,0,0,0,NONE,,RPM:486bd1410c421023 TPS:486bd1411109df ADV:486bd1410ef8cb MIL:486bd1410100000000c6
1789376519.4324,419.988,3897.0,-1159.2,3.53,0.00,58.50,2.40,71.4,45.3,8.09,14.10,0.000,96.0,46.0,1,0,0,0,0,0,0,NONE,,RPM:486bd1410c3ce4f1 TPS:486bd1411109df ADV:486bd1410ef5c8 MIL:486bd1410100000000c6
1789376519.7534,420.309,3766.0,-408.0,3.53,0.00,56.50,2.40,71.4,45.3,8.09,14.10,0.000,96.0,46.0,1,0,0,0,0,0,0,NONE,,RPM:486bd1410c3ad8e3 TPS: ADV:486bd1410ef1c4 MIL:486bd1410100000000c6
1789376520.2639,420.819,3546.0,-431.0,3.53,0.00,55.00,2.40,71.4,45.3,8.09,14.10,0.000,96.0,46.0,1,0,0,0,0,0,0,NONE,,RPM:486bd1410c376870 TPS:486bd1411109df ADV:486bd1410eeec1 MIL:486bd1410100000000c6
1789376520.5386,421.094,3436.0,-400.5,3.53,0.00,53.50,2.40,71.4,45.3,8.09,14.10,0.000,96.0,46.0,1,0,0,0,0,0,0,NONE,,RPM:486bd1410c35b0b6 TPS:486bd1411109df ADV:486bd1410eebbe MIL:486bd1410100000000c6
1789376520.9667,421.522,3348.0,-205.5,3.53,0.00,51.00,2.40,71.4,45.3,8.09,14.10,0.000,96.0,46.0,1,0,0,0,0,0,0,NONE,,RPM:486bd1410c345055 TPS:486bd1411109df ADV:486bd1410ee6b9 MIL:486bd1410100000000c6
1789376521.2393,421.795,3186.0,-594.2,3.53,0.00,48.50,2.40,71.4,45.3,8.09,14.10,0.000,96.0,46.0,1,0,0,0,0,0,0,NONE,,RPM:486bd1410c31c8ca TPS:486bd1411109df ADV:486bd1410ee1b4 MIL:486bd1410100000000c6
1789376521.5432,422.098,2782.0,-1329.7,3.53,0.00,38.00,2.40,71.4,45.3,8.09,14.10,0.000,96.0,46.0,1,0,0,0,0,0,0,NONE,,RPM:486bd1410c2b7874 TPS:486bd1411109df ADV:486bd1410ecc9f MIL:486bd1410100000000c6
1789376521.8315,422.387,3169.0,1342.2,3.53,0.00,56.00,2.40,11.8,45.3,2.73,14.10,0.000,96.0,46.0,1,0,0,0,0,0,0,NONE,,RPM:486bd1410c318486 TPS:486bd1411109df ADV:486bd1410ef0c3 MIL:486bd1410100000000c6
1789376522.1188,422.674,3674.0,1757.8,3.53,0.00,56.00,2.40,11.8,45.3,2.73,14.10,0.000,96.0,46.0,1,0,0,0,0,0,0,NONE,,RPM:486bd1410c396872 TPS:486bd1411109df ADV:486bd1410ef0c3 MIL:486bd1410100000000c6
1789376522.3912,422.946,3550.0,-455.2,4.71,4.32,50.50,2.40,11.8,46.0,2.73,14.10,0.000,96.0,46.0,1,0,0,0,0,0,0,NONE,,RPM:486bd1410c377880 TPS:486bd141110ce2 ADV:486bd1410ee5b8 MIL:486bd1410100000000c6
1789376522.8657,423.421,3662.0,236.0,9.41,9.92,16.50,2.40,11.8,48.8,2.73,14.10,0.000,96.0,46.0,1,0,0,0,0,0,0,NONE,,RPM:486bd1410c393842 TPS:486bd1411118ee ADV:486bd1410ea174 MIL:486bd1410100000000c6
1789376523.2024,423.758,3683.0,62.4,9.02,-1.16,21.00,2.40,11.8,48.5,2.73,14.10,0.000,96.0,46.0,1,0,0,0,0,0,0,NONE,,RPM:486bd1410c398c96 TPS:486bd1411117ed ADV:486bd1410eaa7d MIL:486bd1410100000000c6
1789376523.4760,424.031,3773.0,329.0,9.41,1.43,23.00,2.40,11.8,48.8,2.73,14.10,0.000,96.0,46.0,1,0,0,0,0,0,0,NONE,,RPM:486bd1410c3af4ff TPS:486bd1411118ee ADV:486bd1410eae81 MIL:486bd1410100000000c6
1789376523.7553,424.311,3801.0,100.3,12.16,9.83,24.00,2.40,11.8,50.4,2.73,14.10,0.000,96.0,46.0,1,0,0,0,0,0,0,NONE,,RPM:486bd1410c3b6470 TPS:486bd141111ff5 ADV:486bd1410eb083 MIL:486bd1410100000000c6
1789376524.1838,424.739,4139.0,788.7,14.90,6.41,31.00,2.40,11.8,51.9,2.73,14.10,0.000,96.0,46.0,1,0,0,0,0,0,0,NONE,,RPM:486bd1410c40acbd TPS:486bd1411126fc ADV:486bd1410ebe91 MIL:486bd1410100000000c6
1789376524.5004,425.056,4309.0,537.0,20.78,18.58,30.50,2.40,11.8,55.4,2.73,14.10,0.000,96.0,46.0,1,0,0,0,0,0,0,NONE,,RPM:486bd1410c435468 TPS:486bd14111350b ADV:486bd1410ebd90 MIL:486bd1410100000000c6
1789376524.9578,425.513,4594.0,623.1,27.84,15.43,24.00,2.40,11.8,59.4,2.73,14.10,0.000,96.0,46.0,1,0,0,0,0,0,0,NONE,,RPM:486bd1410c47c8e0 TPS:486bd14111471d ADV:486bd1410eb083 MIL:486bd1410100000000c6
1789376525.2370,425.792,4844.0,895.6,31.76,14.05,36.00,2.40,11.8,61.7,2.76,14.10,0.000,94.0,46.0,1,0,0,0,0,0,0,NONE,,RPM:486bd1410c4bb0cc TPS:486bd141115127 ADV: MIL:486bd1410100000000c6
1789376525.7000,426.255,5367.0,1129.5,38.04,13.55,29.00,2.40,11.8,65.4,2.76,14.10,0.000,94.0,46.0,1,0,0,0,0,0,0,NONE,,RPM:486bd1410c53dc00 TPS:486bd141116137 ADV:486bd1410eba8d MIL:486bd1410100000000c6
1789376525.9739,426.529,5367.0,0.0,36.08,-7.16,20.00,2.40,72.9,64.2,8.27,14.10,0.000,94.0,46.0,1,0,0,0,0,0,0,NONE,,RPM: TPS:486bd141115c32 ADV:486bd1410ea87b MIL:486bd1410100000000c6
1789376526.4421,426.997,4721.0,-1379.9,48.24,25.97,22.50,2.40,72.9,71.3,8.27,14.10,0.000,94.0,46.0,1,0,0,0,0,0,0,NONE,,RPM:486bd1410c49c4de TPS:486bd141117b51 ADV:486bd1410ead80 MIL:486bd1410100000000c6
1789376526.7165,427.272,4923.0,736.1,50.59,8.57,25.00,2.40,72.9,72.6,8.27,14.10,0.000,94.0,46.0,1,0,0,0,0,0,0,NONE,,RPM:486bd1410c4cec09 TPS:486bd141118157 ADV:486bd1410eb285 MIL:486bd1410100000000c6
1789376527.1369,427.692,4923.0,0.0,50.59,0.00,16.50,2.40,72.9,72.6,8.27,14.10,0.000,94.0,46.0,1,0,0,0,0,0,0,NONE,,RPM: TPS:486bd141118157 ADV:486bd1410ea174 MIL:486bd1410100000000c6
1789376527.5885,428.144,4305.0,-1368.6,45.88,-10.42,17.50,2.40,72.9,69.9,8.27,14.10,0.000,94.0,45.0,1,0,0,0,0,0,0,NONE,,RPM:486bd1410c434458 TPS:486bd14111754b ADV:486bd1410ea376 MIL:486bd1410100000000c6
1789376527.8608,428.416,4445.0,514.1,18.82,-99.36,60.00,2.40,72.9,54.2,8.27,14.10,0.000,94.0,45.0,1,0,0,0,0,0,0,NONE,,RPM:486bd1410c45748a TPS:486bd141113006 ADV:486bd1410ef8cb MIL:486bd1410100000000c6
1789376528.1303,428.686,4231.0,-794.0,3.53,-56.74,60.00,2.40,72.9,45.3,8.27,14.10,0.000,94.0,45.0,1,0,0,0,0,0,0,NONE,,RPM:486bd1410c421c2f TPS:486bd1411109df ADV:486bd1410ef8cb MIL:486bd1410100000000c6
1789376528.6063,429.162,4143.0,-184.9,3.53,0.00,60.00,2.40,72.9,45.3,8.27,14.10,0.000,94.0,45.0,1,0,0,0,0,0,0,NONE,,RPM:486bd1410c40bccd TPS:486bd1411109df ADV:486bd1410ef8cb MIL:486bd1410100000000c6
1789376528.8825,429.438,3924.0,-793.0,3.53,0.00,58.00,2.40,72.9,45.3,8.27,14.10,0.000,94.0,45.0,1,0,0,0,0,0,0,NONE,,RPM:486bd1410c3d505e TPS:486bd1411109df ADV:486bd1410ef4c7 MIL:486bd1410100000000c6
1789376529.3575,429.913,3142.0,-1646.3,3.53,0.00,52.50,2.40,72.9,45.3,8.27,14.10,0.000,94.0,45.0,1,0,0,0,0,0,0,NONE,,RPM:486bd1410c31181a TPS:486bd1411109df ADV:486bd1410ee9bc MIL:486bd1410100000000c6
1789376529.6832,430.238,3955.0,2496.2,3.53,0.00,60.00,2.40,72.9,45.3,8.29,14.10,0.000,93.0,45.0,1,0,0,0,0,0,0,NONE,,RPM:486bd1410c3dccda TPS:486bd1411109df ADV:486bd1410ef8cb MIL:486bd1410100000000c6
1789376529.9523,430.508,3875.0,-297.2,3.53,0.00,58.00,2.40,72.9,45.3,8.29,14.10,0.000,93.0,45.0,1,0,0,0,0,0,0,NONE,,RPM:486bd1410c3c8c99 TPS:486bd1411109df ADV:486bd1410ef4c7 MIL:486bd1410100000000c6
1789376530.2246,430.780,3664.0,-775.0,3.53,0.00,55.50,2.40,12.5,45.3,2.85,14.10,0.000,93.0,45.0,1,0,0,0,0,0,0,NONE,,RPM:486bd1410c39404a TPS:486bd1411109df ADV:486bd1410eefc2 MIL:486bd1410100000000c6
1789376530.5144,431.070,3425.0,-824.6,3.53,0.00,49.00,2.40,12.5,45.3,2.85,14.10,0.000,93.0,45.0,1,0,0,0,0,0,0,NONE,,RPM:486bd1410c35848a TPS:486bd1411109df ADV:486bd1410ee2b5 MIL:486bd1410100000000c6
1789376530.8323,431.388,3091.0,-1050.6,3.53,0.00,47.50,2.40,12.5,45.3,2.85,14.10,0.000,93.0,45.0,1,0,0,0,0,0,0,NONE,,RPM:486bd1410c304c4d TPS:486bd1411109df ADV:486bd1410edfb2 MIL:486bd1410100000000c6
1789376531.3038,431.859,2737.0,-750.8,3.53,0.00,25.50,2.40,12.5,45.3,2.85,14.10,0.000,93.0,45.0,1,0,0,0,0,0,0,NONE,,RPM:486bd1410c2ac4bf TPS:486bd1411109df ADV:486bd1410eb386 MIL:486bd1410100000000c6
1789376531.5671,432.122,2560.0,-672.2,3.53,0.00,26.00,2.40,12.5,45.3,2.85,14.10,0.000,93.0,46.0,1,0,0,0,0,0,0,NONE,,RPM:486bd1410c2800f9 TPS:486bd1411109df ADV:486bd1410eb487 MIL:486bd1410100000000c6
1789376531.8401,432.395,2399.0,-589.8,3.53,0.00,22.50,2.40,12.5,45.3,2.85,14.10,0.000,93.0,46.0,1,0,0,0,0,0,0,NONE,,RPM:486bd1410c257c72 TPS:486bd1411109df ADV:486bd1410ead80 MIL:486bd1410100000000c6
1789376532.1428,432.698,2255.0,-475.7,3.53,0.00,18.00,2.40,12.5,45.3,2.85,14.10,0.000,93.0,46.0,1,0,0,0,0,0,0,NONE,,RPM:486bd1410c233c30 TPS:486bd1411109df ADV:486bd1410ea477 MIL:486bd1410100000000c6
1789376532.6191,433.174,1447.0,-1696.5,3.14,-0.82,8.00,2.40,12.5,45.1,2.85,14.10,0.000,93.0,46.0,1,0,0,0,0,0,0,NONE,,RPM:486bd1410c169c83 TPS:486bd1411108de ADV:486bd1410e9063 MIL:486bd1410100000000c6
1789376532.8946,433.450,2087.0,2322.6,3.14,0.00,8.00,2.40,12.5,45.1,2.85,14.10,0.000,93.0,46.0,1,0,0,0,0,0,0,NONE,,RPM:486bd1410c209c8d TPS:486bd1411108de ADV:486bd1410e9063 MIL:486bd1410100000000c6
1789376533.3378,433.893,1959.0,-288.8,3.14,0.00,8.00,2.40,12.5,45.1,2.85,14.10,0.000,93.0,46.0,1,0,0,0,0,0,0,NONE,,RPM:486bd1410c1e9c8b TPS:486bd1411108de ADV:486bd1410e9063 MIL:486bd1410100000000c6
1789376533.6302,434.185,1761.0,-677.3,3.53,1.34,8.00,2.40,12.5,45.3,2.85,14.10,0.000,93.0,46.0,1,0,0,0,0,0,0,NONE,,RPM:486bd1410c1b8470 TPS:486bd1411109df ADV:486bd1410e9063 MIL:486bd1410100000000c6
1789376533.9020,434.457,1426.0,-1232.4,3.14,-1.44,11.50,2.40,12.5,45.1,2.85,14.10,0.000,93.0,46.0,1,0,0,0,0,0,0,NONE,,RPM:486bd1410c16482f TPS:486bd1411108de ADV:486bd1410e976a MIL:486bd1410100000000c6
1789376534.1898,434.745,1332.0,-326.6,3.14,0.00,10.00,2.40,22.7,45.1,3.77,14.10,0.000,93.0,46.0,1,0,0,0,0,0,0,NONE,,RPM:486bd1410c14d0b5 TPS:486bd1411108de ADV:486bd1410e9467 MIL:486bd1410100000000c6
1789376534.4995,435.055,1290.0,-135.6,3.14,0.00,11.00,2.40,22.7,45.1,3.77,14.10,0.000,93.0,46.0,1,0,0,0,0,0,0,NONE,,RPM:486bd1410c14280d TPS:486bd1411108de ADV:486bd1410e9669 MIL:486bd1410100000000c6
1789376534.7827,435.338,1322.0,113.0,3.14,0.00,10.00,2.40,22.7,45.1,3.77,14.10,0.000,93.0,46.0,1,0,0,0,0,0,0,NONE,,RPM:486bd1410c14a88d TPS:486bd1411108de ADV:486bd1410e9467 MIL:486bd1410100000000c6
1789376535.2266,435.782,1257.0,-146.4,3.14,0.00,10.00,2.40,22.7,45.1,3.77,14.10,0.000,93.0,46.0,1,0,0,0,0,0,0,NONE,,RPM:486bd1410c13a488 TPS:486bd1411108de ADV:486bd1410e9467 MIL:486bd1410100000000c6
1789376535.5015,436.057,1280.0,83.7,3.14,0.00,11.50,2.40,22.7,45.1,3.77,14.10,0.000,93.0,46.0,1,0,0,0,0,0,0,NONE,,RPM:486bd1410c1400e5 TPS:486bd1411108de ADV:486bd1410e976a MIL:486bd1410100000000c6
1789376535.7894,436.345,1333.0,184.1,3.53,1.36,10.50,2.40,22.7,45.3,3.77,14.10,0.000,93.0,46.0,1,0,0,0,0,0,0,NONE,,RPM:486bd1410c14d4b9 TPS:486bd1411109df ADV:486bd1410e9568 MIL:486bd1410100000000c6
1789376536.0947,436.650,1316.0,-55.7,4.31,2.57,10.00,2.40,22.7,45.8,3.77,14.10,0.000,93.0,46.0,1,0,0,0,0,0,0,NONE,,RPM:486bd1410c149075 TPS:486bd141110be1 ADV:486bd1410e9467 MIL:486bd1410100000000c6
1789376536.5152,437.070,1763.0,1063.2,5.10,1.87,10.00,2.40,22.7,46.3,3.77,14.10,0.000,93.0,46.0,1,0,0,0,0,0,0,NONE,,RPM:486bd1410c1b8c78 TPS:486bd141110de3 ADV:486bd1410e9467 MIL:486bd1410100000000c6
1789376536.7967,437.352,1717.0,-163.4,5.49,1.39,10.50,2.40,22.7,46.5,3.77,14.10,0.000,93.0,46.0,1,0,0,0,0,0,0,NONE,,RPM:486bd1410c1ad4bf TPS:486bd141110ee4 ADV:486bd1410e9568 MIL:486bd1410100000000c6
1789376537.2356,437.791,1652.0,-148.1,5.88,0.89,10.00,2.40,22.7,46.7,3.77,14.10,0.000,93.0,46.0,1,0,0,0,0,0,0,NONE,,RPM:486bd1410c19d0ba TPS:486bd141110fe5 ADV:486bd1410e9467 MIL:486bd1410100000000c6
1789376537.5500,438.105,1729.0,244.9,6.27,1.25,8.00,2.40,22.7,46.9,3.79,14.10,0.000,92.0,46.0,1,0,0,0,0,0,0,NONE,,RPM:486bd1410c1b04f0 TPS:486bd1411110e6 ADV:486bd1410e9063 MIL:486bd1410100000000c6
1789376537.8202,438.376,1932.0,751.3,6.27,0.00,8.00,2.40,22.7,46.9,3.79,14.10,0.000,92.0,46.0,1,0,0,0,0,0,0,NONE,,RPM:486bd1410c1e301f TPS:486bd1411110e6 ADV:486bd1410e9063 MIL:486bd1410100000000c6
1789376538.0905,438.646,2141.0,773.4,6.27,0.00,13.50,2.40,26.7,46.9,4.14,14.10,0.000,92.0,46.0,1,0,0,0,0,0,0,NONE,,RPM:486bd1410c217466 TPS:486bd1411110e6 ADV:486bd1410e9b6e MIL:486bd1410100000000c6
1789376538.3624,438.918,2355.0,786.9,6.27,0.00,20.00,2.40,26.7,46.9,4.14,14.10,0.000,92.0,46.0,1,0,0,0,0,0,0,NONE,,RPM:486bd1410c24ccc1 TPS:486bd1411110e6 ADV:486bd1410ea87b MIL:486bd1410100000000c6
1789376538.6830,439.238,2574.0,683.0,5.88,-1.22,31.00,2.40,26.7,46.7,4.14,14.10,0.000,92.0,46.0,1,0,0,0,0,0,0,NONE,,RPM:486bd1410c283831 TPS:486bd141110fe5 ADV:486bd1410ebe91 MIL:486bd1410100000000c6
1789376539.1177,439.673,2761.0,430.3,4.71,-2.71,40.50,2.40,26.7,46.0,4.14,14.10,0.000,92.0,46.0,1,0,0,0,0,0,0,NONE,,RPM:486bd1410c2b2420 TPS:486bd141110ce2 ADV:486bd1410ed1a4 MIL:486bd1410100000000c6
1789376539.3854,439.941,2783.0,82.2,4.31,-1.46,41.50,2.40,26.7,45.8,4.14,14.10,0.000,92.0,46.0,1,0,0,0,0,0,0,NONE,,RPM:486bd1410c2b7c78 TPS:486bd141110be1 ADV:486bd1410ed3a6 MIL:486bd1410100000000c6
1789376539.6745,440.230,2767.0,-55.4,3.92,-1.36,41.00,2.40,26.7,45.6,4.14,14.10,0.000,92.0,46.0,1,0,0,0,0,0,0,NONE,,RPM:486bd1410c2b3c38 TPS:486bd141110ae0 ADV:486bd1410ed2a5 MIL:486bd1410100000000c6
1789376539.9783,440.534,2841.0,243.6,3.92,0.00,40.00,2.40,26.7,45.6,4.14,14.10,0.000,92.0,46.0,1,0,0,0,0,0,0,NONE,,RPM:486bd1410c2c6461 TPS:486bd141110ae0 ADV:486bd1410ed0a3 MIL:486bd1410100000000c6
1789376540.4255,440.981,2763.0,-174.4,3.53,-0.88,35.50,2.40,26.7,45.3,4.14,14.10,0.000,92.0,46.0,1,0,0,0,0,0,0,NONE,,RPM:486bd1410c2b2c28 TPS:486bd1411109df ADV:486bd1410ec79a MIL:486bd1410100000000c6
1789376540.6982,441.254,2720.0,-157.6,3.53,0.00,34.00,2.40,26.7,45.3,4.14,14.10,0.000,92.0,46.0,1,0,0,0,0,0,0,NONE,,RPM:486bd1410c2a807b TPS:486bd1411109df ADV:486bd1410ec497 MIL:486bd1410100000000c6
1789376541.1722,441.727,2648.0,-151.9,3.53,0.00,29.00,2.40,26.7,45.3,4.14,14.10,0.000,92.0,46.0,1,0,0,0,0,0,0,NONE,,RPM:486bd1410c29605a TPS:486bd1411109df ADV:486bd1410eba8d MIL:486bd1410100000000c6
1789376541.4509,442.006,2629.0,-68.2,3.53,0.00,26.50,2.40,26.7,45.3,4.14,14.10,0.000,92.0,46.0,1,0,0,0,0,0,0,NONE,,RPM:486bd1410c29140e TPS:486bd1411109df ADV:486bd1410eb588 MIL:486bd1410100000000c6
1789376541.7531,442.308,2539.0,-297.9,3.53,0.00,25.50,2.40,26.7,45.3,4.14,14.10,0.000,92.0,46.0,1,0,0,0,0,0,0,NONE,,RPM:486bd1410c27aca4 TPS:486bd1411109df ADV:486bd1410eb386 MIL:486bd1410100000000c6
1789376542.0567,442.612,2503.0,-118.6,3.53,0.00,24.00,2.40,15.3,45.3,3.12,14.10,0.000,92.0,46.0,1,0,0,0,0,0,0,NONE,,RPM:486bd1410c271c14 TPS:486bd1411109df ADV:486bd1410eb083 MIL:486bd1410100000000c6
1789376542.3701,442.925,2438.0,-207.4,3.53,0.00,23.50,2.40,15.3,45.3,3.12,14.10,0.000,92.0,46.0,1,0,0,0,0,0,0,NONE,,RPM:486bd1410c26180f TPS:486bd1411109df ADV:486bd1410eaf82 MIL:486bd1410100000000c6
1789376542.6484,443.204,2415.0,-82.7,3.53,0.00,23.50,2.40,15.3,45.3,3.12,14.10,0.000,92.0,46.0,1,0,0,0,0,0,0,NONE,,RPM:486bd1410c25bcb2 TPS:486bd1411109df ADV:486bd1410eaf82 MIL:486bd1410100000000c6
1789376543.1326,443.688,2352.0,-130.1,3.14,-0.81,21.50,2.40,15.3,45.1,3.12,14.10,0.000,92.0,46.0,1,0,0,0,0,0,0,NONE,,RPM:486bd1410c24c0b5 TPS:486bd1411108de ADV:486bd1410eab7e MIL:486bd1410100000000c6
1789376543.4271,443.982,2305.0,-159.6,3.53,1.33,21.00,2.40,15.3,45.3,3.12,14.10,0.000,92.0,46.0,1,0,0,0,0,0,0,NONE,,RPM:486bd1410c2404f9 TPS:486bd1411109df ADV:486bd1410eaa7d MIL:486bd1410100000000c6
1789376543.7024,444.258,2230.0,-272.4,3.53,0.00,18.50,2.40,15.3,45.3,3.12,14.10,0.000,92.0,46.0,1,0,0,0,0,0,0,NONE,,RPM:486bd1410c22d8cb TPS:486bd1411109df ADV:486bd1410ea578 MIL:486bd1410100000000c6
1789376544.0226,444.578,1797.0,-1352.3,3.53,0.00,10.00,2.40,15.3,45.3,3.12,14.10,0.000,92.0,46.0,1,0,0,0,0,0,0,NONE,,RPM:486bd1410c1c1401 TPS:486bd1411109df ADV:486bd1410e9467 MIL:486bd1410100000000c6
1789376544.4605,445.016,1279.0,-1183.1,3.14,-0.90,10.00,2.40,15.3,45.1,3.12,14.10,0.000,92.0,46.0,1,0,0,0,0,0,0,NONE,,RPM:486bd1410c13fce0 TPS:486bd1411108de ADV:486bd1410e9467 MIL:486bd1410100000000c6
1789376544.7663,445.322,1326.0,153.7,3.14,0.00,10.50,2.40,15.3,45.1,3.12,14.10,0.000,92.0,46.0,1,0,0,0,0,0,0,NONE,,RPM:486bd1410c14b89d TPS:486bd1411108de ADV:486bd1410e9568 MIL:486bd1410100000000c6
1789376545.2681,445.823,1337.0,21.9,3.14,0.00,11.00,2.40,15.3,45.1,3.12,14.10,0.000,92.0,46.0,1,0,0,0,0,0,0,NONE,,RPM:486bd1410c14e4c9 TPS:486bd1411108de ADV:486bd1410e9669 MIL:486bd1410100000000c6
1789376545.5596,446.115,1338.0,3.4,3.14,0.00,11.00,2.40,15.3,45.1,3.12,14.10,0.000,92.0,46.0,1,0,0,0,0,0,0,NONE,,RPM:486bd1410c14e8cd TPS:486bd1411108de ADV:486bd1410e9669 MIL:486bd1410100000000c6
1789376545.8305,446.386,1316.0,-81.2,3.14,0.00,10.00,2.40,15.3,45.1,3.12,14.10,0.000,92.0,46.0,1,0,0,0,0,0,0,NONE,,RPM:486bd1410c149075 TPS:486bd1411108de ADV:486bd1410e9467 MIL:486bd1410100000000c6
1789376546.1002,446.655,1378.0,229.9,3.14,0.00,11.00,2.40,25.1,45.1,4.00,14.10,0.000,92.0,46.0,1,0,0,0,0,0,0,NONE,,RPM:486bd1410c15886e TPS:486bd1411108de ADV:486bd1410e9669 MIL:486bd1410100000000c6
1789376546.4056,446.961,1385.0,22.9,3.14,0.00,8.50,2.40,25.1,45.1,4.00,14.10,0.000,92.0,46.0,1,0,0,0,0,0,0,NONE,,RPM:486bd1410c15a48a TPS:486bd1411108de ADV:486bd1410e9164 MIL:486bd1410100000000c6
1789376546.6764,447.232,1312.0,-269.6,5.49,8.69,8.00,2.40,25.1,46.5,4.00,14.10,0.000,92.0,46.0,1,0,0,0,0,0,0,NONE,,RPM:486bd1410c148065 TPS:486bd141110ee4 ADV:486bd1410e9063 MIL:486bd1410100000000c6
1789376547.1356,447.691,2241.0,2023.0,7.84,5.12,10.00,2.40,25.1,47.8,4.00,14.10,0.000,92.0,46.0,1,0,0,0,0,0,0,NONE,,RPM:486bd1410c2304f8 TPS:486bd1411114ea ADV:486bd1410e9467 MIL:486bd1410100000000c6
1789376547.4121,447.967,2385.0,520.8,7.84,0.00,11.00,2.40,25.1,47.8,4.00,14.10,0.000,92.0,48.0,1,0,0,0,0,0,0,NONE,,RPM:486bd1410c25443a TPS:486bd1411114ea ADV:486bd1410e9669 MIL:486bd1410100000000c6
1789376547.7328,448.288,2360.0,-77.9,7.45,-1.22,11.50,2.40,25.1,47.6,4.00,14.10,0.000,92.0,48.0,1,0,0,0,0,0,0,NONE,,RPM:486bd1410c24e0d5 TPS:486bd1411113e9 ADV:486bd1410e976a MIL:486bd1410100000000c6
1789376548.0202,448.576,2326.0,-118.3,7.45,0.00,13.50,2.40,25.1,47.6,4.00,14.10,0.000,92.0,48.0,1,0,0,0,0,0,0,NONE,,RPM:486bd1410c24584d TPS:486bd1411113e9 ADV:486bd1410e9b6e MIL:486bd1410100000000c6
1789376548.4746,449.030,2386.0,132.0,7.45,0.00,15.50,2.40,25.1,47.6,4.00,14.10,0.000,92.0,48.0,1,0,0,0,0,0,0,NONE,,RPM:486bd1410c25483e TPS:486bd1411113e9 ADV:486bd1410e9f72 MIL:486bd1410100000000c6
1789376548.7388,449.294,2400.0,53.0,7.45,0.00,15.50,2.40,25.1,47.6,4.00,14.10,0.000,92.0,48.0,1,0,0,0,0,0,0,NONE,,RPM:486bd1410c258076 TPS:486bd1411113e9 ADV:486bd1410e9f72 MIL:486bd1410100000000c6
1789376549.2691,449.824,2432.0,60.3,7.45,0.00,15.00,2.40,25.1,47.6,4.00,14.10,0.000,92.0,48.0,1,0,0,0,0,0,0,NONE,,RPM:486bd1410c2600f7 TPS:486bd1411113e9 ADV:486bd1410e9e71 MIL:486bd1410100000000c6
1789376549.5388,450.094,2440.0,29.7,7.84,1.45,15.00,2.40,25.1,47.8,4.00,14.10,0.000,92.0,48.0,1,0,0,0,0,0,0,NONE,,RPM:486bd1410c262017 TPS:486bd1411114ea ADV:486bd1410e9e71 MIL:486bd1410100000000c6
1789376549.8120,450.367,2398.0,-153.7,7.84,0.00,15.50,2.40,25.1,47.8,4.00,14.10,0.000,92.0,48.0,1,0,0,0,0,0,0,NONE,,RPM:486bd1410c25786e TPS:486bd1411114ea ADV:486bd1410e9f72 MIL:486bd1410100000000c6
1789376550.0828,450.638,2468.0,258.5,8.24,1.45,18.00,2.40,28.6,48.1,4.32,14.10,0.000,92.0,48.0,1,0,0,0,0,0,0,NONE,,RPM:486bd1410c269087 TPS:486bd1411115eb ADV:486bd1410ea477 MIL:486bd1410100000000c6
1789376550.3565,450.912,2580.0,409.2,8.24,0.00,20.50,2.40,28.6,48.1,4.32,14.10,0.000,92.0,48.0,1,0,0,0,0,0,0,NONE,,RPM:486bd1410c285049 TPS:486bd1411115eb ADV:486bd1410ea97c MIL:486bd1410100000000c6
1789376550.6271,451.182,2706.0,465.6,8.24,0.00,23.00,2.40,28.6,48.1,4.32,14.10,0.000,92.0,48.0,1,0,0,0,0,0,0,NONE,,RPM:486bd1410c2a4843 TPS:486bd1411115eb ADV:486bd1410eae81 MIL:486bd1410100000000c6
1789376551.1130,451.668,2924.0,448.7,8.24,0.00,28.50,2.40,28.6,48.1,4.32,14.10,0.000,92.0,48.0,1,0,0,0,0,0,0,NONE,,RPM:486bd1410c2db0ae TPS:486bd1411115eb ADV:486bd1410eb98c MIL:486bd1410100000000c6
1789376551.4318,451.987,3068.0,451.7,8.24,0.00,29.00,2.40,28.6,48.1,4.32,14.10,0.000,92.0,47.0,1,0,0,0,0,0,0,NONE,,RPM:486bd1410c2ff0f0 TPS:486bd1411115eb ADV:486bd1410eba8d MIL:486bd1410100000000c6
1789376551.7092,452.265,3214.0,526.3,8.24,0.00,29.00,2.40,28.6,48.1,4.32,14.10,0.000,92.0,47.0,1,0,0,0,0,0,0,NONE,,RPM:486bd1410c32383b TPS:486bd1411115eb ADV:486bd1410eba8d MIL:486bd1410100000000c6
1789376551.9852,452.541,3346.0,478.2,7.84,-1.42,32.50,2.40,28.6,47.8,4.32,14.10,0.000,92.0,47.0,1,0,0,0,0,0,0,NONE,,RPM:486bd1410c34484d TPS:486bd1411114ea ADV:486bd1410ec194 MIL:486bd1410100000000c6
1789376552.4419,452.997,3502.0,341.6,5.88,-4.29,58.00,2.40,28.6,46.7,4.32,14.10,0.000,92.0,47.0,1,0,0,0,0,0,0,NONE,,RPM:486bd1410c36b8bf TPS:486bd141110fe5 ADV:486bd1410ef4c7 MIL:486bd1410100000000c6
1789376552.7630,453.318,3501.0,-3.1,5.49,-1.22,55.00,2.40,28.6,46.5,4.32,14.10,0.000,92.0,47.0,1,0,0,0,0,0,0,NONE,,RPM:486bd1410c36b4bb TPS:486bd141110ee4 ADV:486bd1410eeec1 MIL:486bd1410100000000c6
1789376553.2018,453.757,3454.0,-107.1,4.71,-1.79,55.50,2.40,28.6,46.0,4.32,14.10,0.000,92.0,47.0,1,0,0,0,0,0,0,NONE,,RPM:486bd1410c35f8fe TPS:486bd141110ce2 ADV:486bd1410eefc2 MIL:486bd1410100000000c6
1789376553.5049,454.060,3390.0,-211.1,3.53,-3.88,51.50,2.40,28.6,45.3,4.32,14.10,0.000,92.0,47.0,1,0,0,0,0,0,0,NONE,,RPM:486bd1410c34f8fd TPS:486bd1411109df ADV:486bd1410ee7ba MIL:486bd1410100000000c6
1789376553.7858,454.341,3308.0,-291.9,3.53,0.00,50.50,2.40,28.6,45.3,4.32,14.10,0.000,92.0,47.0,1,0,0,0,0,0,0,NONE,,RPM:486bd1410c33b0b4 TPS:486bd1411109df ADV:486bd1410ee5b8 MIL:486bd1410100000000c6
1789376554.1106,454.666,3181.0,-391.0,3.53,0.00,48.50,2.40,14.1,45.3,3.01,14.10,0.000,92.0,47.0,1,0,0,0,0,0,0,NONE,,RPM:486bd1410c31b4b6 TPS:486bd1411109df ADV:486bd1410ee1b4 MIL:486bd1410100000000c6
1789376554.3854,454.941,3023.0,-575.1,3.53,0.00,46.50,2.40,14.1,45.3,3.01,14.10,0.000,92.0,47.0,1,0,0,0,0,0,0,NONE,,RPM:486bd1410c2f3c3c TPS:486bd1411109df ADV:486bd1410eddb0 MIL:486bd1410100000000c6
1789376554.6553,455.211,2972.0,-188.9,3.53,0.00,36.00,2.40,14.1,45.3,3.01,14.10,0.000,92.0,47.0,1,0,0,0,0,0,0,NONE,,RPM:486bd1410c2e706f TPS:486bd1411109df ADV:486bd1410ec89b MIL:486bd1410100000000c6
1789376555.1637,455.719,2714.0,-507.6,3.53,0.00,30.00,2.40,14.1,45.3,3.01,14.10,0.000,92.0,47.0,1,0,0,0,0,0,0,NONE,,RPM:486bd1410c2a6863 TPS:486bd1411109df ADV:486bd1410ebc8f MIL:486bd1410100000000c6
1789376555.4365,455.992,2591.0,-450.8,3.53,0.00,27.50,2.40,14.1,45.3,3.01,14.10,0.000,92.0,47.0,1,0,0,0,0,0,0,NONE,,RPM:486bd1410c287c75 TPS:486bd1411109df ADV:486bd1410eb78a MIL:486bd1410100000000c6
1789376555.7411,456.296,2526.0,-213.4,3.53,0.00,25.00,2.40,14.1,45.3,3.01,14.10,0.000,92.0,47.0,1,0,0,0,0,0,0,NONE,,RPM:486bd1410c277870 TPS:486bd1411109df ADV:486bd1410eb285 MIL:486bd1410100000000c6
1789376556.0140,456.569,2448.0,-285.8,3.53,0.00,23.50,2.40,14.1,45.3,3.01,14.10,0.000,92.0,47.0,1,0,0,0,0,0,0,NONE,,RPM:486bd1410c264037 TPS:486bd1411109df ADV:486bd1410eaf82 MIL:486bd1410100000000c6
1789376556.4503,457.006,2124.0,-742.6,3.53,0.00,15.00,2.40,14.1,45.3,3.01,14.10,0.000,92.0,47.0,1,0,0,0,0,0,0,NONE,,RPM:486bd1410c213022 TPS:486bd1411109df ADV:486bd1410e9e71 MIL:486bd1410100000000c6
1789376556.7185,457.274,1580.0,-2028.4,3.14,-1.46,10.00,2.40,14.1,45.1,3.01,14.10,0.000,92.0,47.0,1,0,0,0,0,0,0,NONE,,RPM:486bd1410c18b099 TPS:486bd1411108de ADV:486bd1410e9467 MIL:486bd1410100000000c6
1789376557.1515,457.707,1291.0,-667.4,3.14,0.00,10.50,2.40,14.1,45.1,3.01,14.10,0.000,92.0,47.0,1,0,0,0,0,0,0,NONE,,RPM:486bd1410c142c11 TPS:486bd1411108de ADV:486bd1410e9568 MIL:486bd1410100000000c6
1789376557.4529,458.008,1295.0,13.3,3.14,0.00,11.00,2.40,14.1,45.1,3.01,14.10,0.000,92.0,47.0,1,0,0,0,0,0,0,NONE,,RPM:486bd1410c143c21 TPS:486bd1411108de ADV:486bd1410e9669 MIL:486bd1410100000000c6
1789376557.7258,458.281,1341.0,168.6,3.14,0.00,10.50,2.40,14.1,45.1,3.01,14.10,0.000,92.0,47.0,1,0,0,0,0,0,0,NONE,,RPM:486bd1410c14f4d9 TPS:486bd1411108de ADV:486bd1410e9568 MIL:486bd1410100000000c6
1789376558.0396,458.595,1325.0,-51.0,3.14,0.00,10.00,2.40,22.7,45.1,3.79,14.10,0.000,92.0,47.0,1,0,0,0,0,0,0,NONE,,RPM:486bd1410c14b499 TPS:486bd1411108de ADV:486bd1410e9467 MIL:486bd1410100000000c6
1789376558.3171,458.872,1342.0,61.3,3.14,0.00,10.50,2.40,22.7,45.1,3.79,14.10,0.000,92.0,47.0,1,0,0,0,0,0,0,NONE,,RPM:486bd1410c14f8dd TPS:486bd1411108de ADV:486bd1410e9568 MIL:486bd1410100000000c6
1789376558.5886,459.144,1353.0,40.5,3.14,0.00,10.00,2.40,22.7,45.1,3.79,14.10,0.000,92.0,47.0,1,0,0,0,0,0,0,NONE,,RPM:486bd1410c15240a TPS:486bd1411108de ADV:486bd1410e9467 MIL:486bd1410100000000c6
1789376559.0964,459.652,1337.0,-31.5,3.14,0.00,10.00,2.40,22.7,45.1,3.79,14.10,0.000,92.0,47.0,1,0,0,0,0,0,0,NONE,,RPM:486bd1410c14e4c9 TPS:486bd1411108de ADV:486bd1410e9467 MIL:486bd1410100000000c6
1789376559.3718,459.927,1369.0,116.2,3.14,0.00,10.00,2.40,22.7,45.1,3.79,14.10,0.000,92.0,47.0,1,0,0,0,0,0,0,NONE,,RPM:486bd1410c15644a TPS:486bd1411108de ADV:486bd1410e9467 MIL:486bd1410100000000c6
1789376559.6433,460.199,1299.0,-257.8,3.14,0.00,10.00,2.40,22.7,45.1,3.79,14.10,0.000,92.0,47.0,1,0,0,0,0,0,0,NONE,,RPM:486bd1410c144c31 TPS:486bd1411108de ADV:486bd1410e9467 MIL:486bd1410100000000c6
1789376559.9184,460.474,1359.0,218.1,3.14,0.00,10.00,2.40,22.7,45.1,3.79,14.10,0.000,92.0,47.0,1,0,0,0,0,0,0,NONE,,RPM:486bd1410c153c22 TPS:486bd1411108de ADV:486bd1410e9467 MIL:486bd1410100000000c6
1789376560.4190,460.974,1332.0,-53.9,3.53,0.78,11.50,2.40,22.7,45.3,3.79,14.10,0.000,92.0,47.0,1,0,0,0,0,0,0,NONE,,RPM:486bd1410c14d0b5 TPS:486bd1411109df ADV:486bd1410e976a MIL:486bd1410100000000c6
1789376560.6839,461.239,1454.0,460.5,4.71,4.44,10.00,2.40,22.7,46.0,3.79,14.10,0.000,92.0,47.0,1,0,0,0,0,0,0,NONE,,RPM:486bd1410c16b89f TPS:486bd141110ce2 ADV:486bd1410e9467 MIL:486bd1410100000000c6
1789376561.1758,461.731,1789.0,681.0,6.27,3.19,3.00,2.40,22.7,46.9,3.79,14.10,0.000,92.0,47.0,1,0,0,0,0,0,0,NONE,,RPM:486bd1410c1bf4e0 TPS:486bd1411110e6 ADV:486bd1410e8659 MIL:486bd1410100000000c6
1789376561.4727,462.028,1862.0,245.8,9.02,9.24,0.00,2.40,22.7,48.5,3.77,14.10,0.000,93.0,47.0,1,0,0,0,0,0,0,NONE,,RPM:486bd1410c1d1806 TPS:486bd1411117ed ADV:486bd1410e8053 MIL:486bd1410100000000c6
1789376561.7383,462.294,2044.0,685.4,9.02,0.00,1.50,2.40,22.7,48.5,3.77,14.10,0.000,93.0,47.0,1,0,0,0,0,0,0,NONE,,RPM:486bd1410c1ff0e0 TPS:486bd1411117ed ADV:486bd1410e8356 MIL:486bd1410100000000c6
1789376562.0577,462.613,1923.0,-378.8,8.63,-1.23,3.00,2.40,38.4,48.3,5.18,14.10,0.000,93.0,47.0,1,0,0,0,0,0,0,NONE,,RPM:486bd1410c1e0cfb TPS:486bd1411116ec ADV:486bd1410e8659 MIL:486bd1410100000000c6
1789376562.3423,462.898,1874.0,-172.2,7.84,-2.76,3.00,2.40,38.4,47.8,5.18,14.10,0.000,93.0,47.0,1,0,0,0,0,0,0,NONE,,RPM:486bd1410c1d4836 TPS:486bd1411114ea ADV:486bd1410e8659 MIL:486bd1410100000000c6
1789376562.6447,463.200,1987.0,373.7,7.84,0.00,5.50,2.40,38.4,47.8,5.18,14.10,0.000,93.0,47.0,1,0,0,0,0,0,0,NONE,,RPM:486bd1410c1f0cfc TPS:486bd1411114ea ADV:486bd1410e8b5e MIL:486bd1410100000000c6
1789376563.1718,463.727,2215.0,432.5,7.84,0.00,13.00,2.40,38.4,47.8,5.18,14.10,0.000,93.0,47.0,1,0,0,0,0,0,0,NONE,,RPM:486bd1410c229c8f TPS:486bd1411114ea ADV:486bd1410e9a6d MIL:486bd1410100000000c6
1789376563.4348,463.990,2360.0,551.4,7.84,0.00,16.00,2.40,38.4,47.8,5.18,14.10,0.000,93.0,48.0,1,0,0,0,0,0,0,NONE,,RPM:486bd1410c24e0d5 TPS:486bd1411114ea ADV:486bd1410ea073 MIL:486bd1410100000000c6
1789376563.7045,464.260,2475.0,426.5,6.67,-4.36,22.50,2.40,38.4,47.2,5.18,14.10,0.000,93.0,48.0,1,0,0,0,0,0,0,NONE,,RPM:486bd1410c26aca3 TPS:486bd1411111e7 ADV:486bd1410ead80 MIL:486bd1410100000000c6
1789376563.9759,464.531,2535.0,221.0,5.88,-2.89,31.50,2.40,38.4,46.7,5.18,14.10,0.000,93.0,48.0,1,0,0,0,0,0,0,NONE,,RPM:486bd1410c279c94 TPS:486bd141110fe5 ADV:486bd1410ebf92 MIL:486bd1410100000000c6
1789376564.4250,464.980,2556.0,46.8,5.49,-0.87,28.50,2.40,38.4,46.5,5.18,14.10,0.000,93.0,48.0,1,0,0,0,0,0,0,NONE,,RPM:486bd1410c27f0e8 TPS:486bd141110ee4 ADV:486bd1410eb98c MIL:486bd1410100000000c6
1789376564.6969,465.252,2502.0,-198.6,5.49,0.00,26.50,2.40,38.4,46.5,5.18,14.10,0.000,93.0,48.0,1,0,0,0,0,0,0,NONE,,RPM:486bd1410c271810 TPS:486bd141110ee4 ADV:486bd1410eb588 MIL:486bd1410100000000c6
1789376565.1505,465.706,2470.0,-70.5,5.88,0.86,26.00,2.40,38.4,46.7,5.18,14.10,0.000,93.0,48.0,1,0,0,0,0,0,0,NONE,,RPM:486bd1410c26988f TPS:486bd141110fe5 ADV:486bd1410eb487 MIL:486bd1410100000000c6
1789376565.4188,465.974,2473.0,11.2,5.49,-1.46,25.50,2.40,38.4,46.5,5.18,14.10,0.000,93.0,48.0,1,0,0,0,0,0,0,NONE,,RPM:486bd1410c26a49b TPS:486bd141110ee4 ADV:486bd1410eb386 MIL:486bd1410100000000c6
1789376565.6879,466.243,2456.0,-63.2,4.71,-2.91,28.00,2.40,38.4,46.0,5.18,14.10,0.000,93.0,48.0,1,0,0,0,0,0,0,NONE,,RPM:486bd1410c266057 TPS:486bd141110ce2 ADV:486bd1410eb88b MIL:486bd1410100000000c6
1789376565.9598,466.515,2384.0,-264.8,3.92,-2.88,26.50,2.40,19.2,45.6,3.45,14.10,0.000,93.0,48.0,1,0,0,0,0,0,0,NONE,,RPM:486bd1410c254036 TPS:486bd141110ae0 ADV:486bd1410eb588 MIL:486bd1410100000000c6
1789376566.2830,466.838,2213.0,-529.0,3.92,0.00,23.00,2.40,19.2,45.6,3.45,14.10,0.000,93.0,48.0,1,0,0,0,0,0,0,NONE,,RPM:486bd1410c229487 TPS:486bd141110ae0 ADV:486bd1410eae81 MIL:486bd1410100000000c6
1789376566.5517,467.107,2136.0,-286.6,4.31,1.46,21.50,2.40,19.2,45.8,3.45,14.10,0.000,93.0,48.0,1,0,0,0,0,0,0,NONE,,RPM:486bd1410c216052 TPS:486bd141110be1 ADV:486bd1410eab7e MIL:486bd1410100000000c6
1789376567.0501,467.605,1949.0,-375.2,5.10,1.57,8.50,2.40,19.2,46.3,3.45,14.10,0.000,93.0,48.0,1,0,0,0,0,0,0,NONE,,RPM:486bd1410c1e7463 TPS:486bd141110de3 ADV:486bd1410e9164 MIL:486bd1410100000000c6
1789376567.3235,467.879,1912.0,-135.4,5.88,2.87,4.00,2.40,19.2,46.7,3.45,14.10,0.000,93.0,48.0,1,0,0,0,0,0,0,NONE,,RPM:486bd1410c1de0ce TPS:486bd141110fe5 ADV:486bd1410e885b MIL:486bd1410100000000c6
1789376567.5911,468.146,1848.0,-239.1,7.06,4.40,3.50,2.40,19.2,47.4,3.45,14.10,0.000,93.0,48.0,1,0,0,0,0,0,0,NONE,,RPM:486bd1410c1ce0cd TPS:486bd1411112e8 ADV:486bd1410e875a MIL:486bd1410100000000c6
1789376567.8622,468.417,1929.0,298.8,7.45,1.45,5.00,2.40,19.2,47.6,3.45,14.10,0.000,93.0,48.0,1,0,0,0,0,0,0,NONE,,RPM:486bd1410c1e2413 TPS:486bd1411113e9 ADV:486bd1410e8a5d MIL:486bd1410100000000c6
1789376568.3096,468.865,2118.0,422.4,7.45,0.00,11.00,2.40,19.2,47.6,3.45,14.10,0.000,93.0,48.0,1,0,0,0,0,0,0,NONE,,RPM:486bd1410c21180a TPS:486bd1411113e9 ADV:486bd1410e9669 MIL:486bd1410100000000c6
1789376568.5978,469.153,2279.0,558.8,7.45,0.00,15.50,2.40,19.2,47.6,3.45,14.10,0.000,93.0,48.0,1,0,0,0,0,0,0,NONE,,RPM:486bd1410c239c90 TPS:486bd1411113e9 ADV:486bd1410e9f72 MIL:486bd1410100000000c6
1789376569.0656,469.621,2486.0,442.5,6.27,-2.51,23.00,2.40,19.2,46.9,3.45,14.10,0.000,93.0,48.0,1,0,0,0,0,0,0,NONE,,RPM:486bd1410c26d8cf TPS:486bd1411110e6 ADV:486bd1410eae81 MIL:486bd1410100000000c6
1789376569.3383,469.894,2555.0,253.0,5.88,-1.44,30.00,2.40,19.2,46.7,3.45,14.10,0.000,93.0,48.0,1,0,0,0,0,0,0,NONE,,RPM:486bd1410c27ece4 TPS:486bd141110fe5 ADV:486bd1410ebc8f MIL:486bd1410100000000c6
1789376569.6042,470.160,2583.0,105.3,5.88,0.00,30.50,2.40,19.2,46.7,3.45,14.10,0.000,93.0,48.0,1,0,0,0,0,0,0,NONE,,RPM:486bd1410c285c55 TPS:486bd141110fe5 ADV:486bd1410ebd90 MIL:486bd1410100000000c6
1789376569.9089,470.464,2606.0,75.5,5.88,0.00,29.00,2.40,22.0,46.7,3.70,14.10,0.000,93.0,48.0,1,0,0,0,0,0,0,NONE,,RPM:486bd1410c28b8b1 TPS:486bd141110fe5 ADV:486bd1410eba8d MIL:486bd1410100000000c6
1789376570.1973,470.753,2597.0,-31.2,6.27,1.36,28.00,2.40,22.0,46.9,3.70,14.10,0.000,93.0,48.0,1,0,0,0,0,0,0,NONE,,RPM:486bd1410c28948d TPS:486bd1411110e6 ADV:486bd1410eb88b MIL:486bd1410100000000c6
1789376570.4996,471.055,2594.0,-9.9,6.27,0.00,25.00,2.40,22.0,46.9,3.70,14.10,0.000,93.0,48.0,1,0,0,0,0,0,0,NONE,,RPM:486bd1410c288881 TPS:486bd1411110e6 ADV:486bd1410eb285 MIL:486bd1410100000000c6
1789376570.9657,471.521,2600.0,12.9,6.67,0.84,21.50,2.40,22.0,47.2,3.70,14.10,0.000,93.0,48.0,1,0,0,0,0,0,0,NONE,,RPM:486bd1410c28a099 TPS:486bd1411111e7 ADV:486bd1410eab7e MIL:486bd1410100000000c6
1789376571.2672,471.823,2593.0,-23.2,6.67,0.00,21.00,2.40,22.0,47.2,3.70,14.10,0.000,93.0,46.0,1,0,0,0,0,0,0,NONE,,RPM:486bd1410c28847d TPS:486bd1411111e7 ADV:486bd1410eaa7d MIL:486bd1410100000000c6
1789376571.5391,472.094,2587.0,-22.1,6.67,0.00,21.50,2.40,22.0,47.2,3.70,14.10,0.000,93.0,46.0,1,0,0,0,0,0,0,NONE,,RPM:486bd1410c286c65 TPS:486bd1411111e7 ADV:486bd1410eab7e MIL:486bd1410100000000c6
1789376571.8120,472.367,2630.0,157.5,6.67,0.00,23.50,2.40,22.0,47.2,3.70,14.10,0.000,93.0,46.0,1,0,0,0,0,0,0,NONE,,RPM:486bd1410c291812 TPS:486bd1411111e7 ADV:486bd1410eaf82 MIL:486bd1410100000000c6
1789376572.3039,472.859,2126.0,-1024.7,3.14,-7.18,16.00,2.40,22.0,45.1,3.70,14.10,0.000,93.0,46.0,1,0,0,0,0,0,0,NONE,,RPM:486bd1410c21382a TPS:486bd1411108de ADV:486bd1410ea073 MIL:486bd1410100000000c6
1789376572.5785,473.134,1648.0,-1740.9,3.14,0.00,8.00,2.40,22.0,45.1,3.70,14.10,0.000,93.0,46.0,1,0,0,0,0,0,0,NONE,,RPM:486bd1410c19c0aa TPS:486bd1411108de ADV:486bd1410e9063 MIL:486bd1410100000000c6
1789376573.0519,473.607,1375.0,-576.6,3.14,0.00,9.00,2.40,22.0,45.1,3.70,14.10,0.000,93.0,46.0,1,0,0,0,0,0,0,NONE,,RPM:486bd1410c157c62 TPS:486bd1411108de ADV:486bd1410e9265 MIL:486bd1410100000000c6
1789376573.3307,473.886,1330.0,-161.4,3.14,0.00,10.00,2.40,22.0,45.1,3.70,14.10,0.000,93.0,46.0,1,0,0,0,0,0,0,NONE,,RPM:486bd1410c14c8ad TPS:486bd1411108de ADV:486bd1410e9467 MIL:486bd1410100000000c6
1789376573.6017,474.157,1327.0,-11.1,3.14,0.00,10.00,2.40,22.0,45.1,3.70,14.10,0.000,93.0,46.0,1,0,0,0,0,0,0,NONE,,RPM:486bd1410c14bca1 TPS:486bd1411108de ADV:486bd1410e9467 MIL:486bd1410100000000c6
1789376573.8740,474.429,1384.0,209.3,3.14,0.00,10.00,2.40,22.4,45.1,3.73,14.10,0.000,93.0,46.0,1,0,0,0,0,0,0,NONE,,RPM:486bd1410c15a086 TPS:486bd1411108de ADV:486bd1410e9467 MIL:486bd1410100000000c6
1789376574.1615,474.717,1350.0,-118.3,3.14,0.00,10.00,2.40,22.4,45.1,3.73,14.10,0.000,93.0,46.0,1,0,0,0,0,0,0,NONE,,RPM:486bd1410c1518fe TPS:486bd1411108de ADV:486bd1410e9467 MIL:486bd1410100000000c6
1789376574.4599,475.015,1324.0,-87.1,3.14,0.00,10.00,2.40,22.4,45.1,3.73,14.10,0.000,93.0,46.0,1,0,0,0,0,0,0,NONE,,RPM:486bd1410c14b095 TPS:486bd1411108de ADV:486bd1410e9467 MIL:486bd1410100000000c6
1789376574.9354,475.491,1324.0,0.0,3.14,0.00,10.00,2.40,22.4,45.1,3.73,14.10,0.000,93.0,46.0,1,0,0,0,0,0,0,NONE,,RPM:486bd1410c14b095 TPS:486bd1411108de ADV:486bd1410e9467 MIL:486bd1410100000000c6
1789376575.2717,475.827,1359.0,104.1,3.14,0.00,9.00,2.40,22.4,45.1,3.73,14.10,0.000,93.0,47.0,1,0,0,0,0,0,0,NONE,,RPM:486bd1410c153c22 TPS:486bd1411108de ADV:486bd1410e9265 MIL:486bd1410100000000c6
1789376575.6005,476.156,1281.0,-237.2,3.14,0.00,8.50,2.40,22.4,45.1,3.73,14.10,0.000,93.0,47.0,1,0,0,0,0,0,0,NONE,,RPM:486bd1410c1404e9 TPS:486bd1411108de ADV:486bd1410e9164 MIL:486bd1410100000000c6
1789376575.8719,476.427,1376.0,350.0,3.14,0.00,11.00,2.40,22.4,45.1,3.73,14.10,0.000,93.0,47.0,1,0,0,0,0,0,0,NONE,,RPM:486bd1410c158066 TPS:486bd1411108de ADV:486bd1410e9669 MIL:486bd1410100000000c6
1789376576.3957,476.951,2029.0,1246.9,9.02,11.23,0.00,2.40,22.4,48.5,3.73,14.10,0.000,93.0,47.0,1,0,0,0,0,0,0,NONE,,RPM:486bd1410c1fb4a4 TPS:486bd1411117ed ADV:486bd1410e8053 MIL:486bd1410100000000c6
1789376576.6720,477.227,2058.0,104.9,8.63,-1.42,-1.50,2.40,22.4,48.3,3.73,14.10,0.000,93.0,47.0,1,0,0,0,0,0,0,NONE,,RPM:486bd1410c202819 TPS:486bd1411116ec ADV:486bd1410e7d50 MIL:486bd1410100000000c6
1789376577.1719,477.727,1959.0,-198.0,8.63,0.00,1.00,2.40,22.4,48.3,3.73,14.10,0.000,93.0,47.0,1,0,0,0,0,0,0,NONE,,RPM:486bd1410c1e9c8b TPS:486bd1411116ec ADV:486bd1410e8255 MIL:486bd1410100000000c6
1789376577.4406,477.996,2004.0,167.5,8.63,0.00,4.00,2.40,22.4,48.3,3.71,14.10,0.000,94.0,47.0,1,0,0,0,0,0,0,NONE,,RPM:486bd1410c1f5040 TPS:486bd1411116ec ADV:486bd1410e885b MIL:486bd1410100000000c6
1789376577.7103,478.266,2134.0,481.9,8.63,0.00,8.00,2.40,22.4,48.3,3.71,14.10,0.000,94.0,47.0,1,0,0,0,0,0,0,NONE,,RPM:486bd1410c21584a TPS:486bd1411116ec ADV:486bd1410e9063 MIL:486bd1410100000000c6
1789376577.9833,478.539,2320.0,681.4,8.24,-1.44,13.00,2.40,34.5,48.1,4.81,14.10,0.000,94.0,47.0,1,0,0,0,0,0,0,NONE,,RPM:486bd1410c244035 TPS:486bd1411115eb ADV:486bd1410e9a6d MIL:486bd1410100000000c6
1789376578.2551,478.810,2229.0,-334.7,8.24,0.00,7.50,2.40,34.5,48.1,4.81,14.10,0.000,94.0,47.0,1,0,0,0,0,0,0,NONE,,RPM:486bd1410c22d4c7 TPS:486bd1411115eb ADV:486bd1410e8f62 MIL:486bd1410100000000c6
1789376578.5741,479.129,2211.0,-56.4,8.24,0.00,11.00,2.40,34.5,48.1,4.81,14.10,0.000,94.0,47.0,1,0,0,0,0,0,0,NONE,,RPM:486bd1410c228c7f TPS:486bd1411115eb ADV:486bd1410e9669 MIL:486bd1410100000000c6
1789376579.0391,479.594,2431.0,473.1,8.24,0.00,17.50,2.40,34.5,48.1,4.81,14.10,0.000,94.0,47.0,1,0,0,0,0,0,0,NONE,,RPM:486bd1410c25fcf2 TPS:486bd1411115eb ADV:486bd1410ea376 MIL:486bd1410100000000c6
1789376579.3143,479.870,2543.0,406.9,8.24,0.00,19.00,2.40,34.5,48.1,4.81,14.10,0.000,94.0,48.0,1,0,0,0,0,0,0,NONE,,RPM:486bd1410c27bcb4 TPS:486bd1411115eb ADV:486bd1410ea679 MIL:486bd1410100000000c6
1789376579.5829,480.138,2660.0,435.6,8.24,0.00,21.00,2.40,34.5,48.1,4.81,14.10,0.000,94.0,48.0,1,0,0,0,0,0,0,NONE,,RPM:486bd1410c29908a TPS:486bd1411115eb ADV:486bd1410eaa7d MIL:486bd1410100000000c6
1789376579.8540,480.409,2756.0,354.1,8.63,1.45,23.50,2.40,34.5,48.3,4.81,14.10,0.000,94.0,48.0,1,0,0,0,0,0,0,NONE,,RPM:486bd1410c2b100c TPS:486bd1411116ec ADV:486bd1410eaf82 MIL:486bd1410100000000c6
1789376580.2985,480.854,2971.0,483.7,8.63,0.00,28.00,2.40,34.5,48.3,4.81,14.10,0.000,94.0,48.0,1,0,0,0,0,0,0,NONE,,RPM:486bd1410c2e6c6b TPS:486bd1411116ec ADV:486bd1410eb88b MIL:486bd1410100000000c6
1789376580.5751,481.130,3095.0,448.3,8.63,0.00,28.50,2.40,34.5,48.3,4.81,14.10,0.000,94.0,48.0,1,0,0,0,0,0,0,NONE,,RPM:486bd1410c305c5d TPS:486bd1411116ec ADV:486bd1410eb98c MIL:486bd1410100000000c6
1789376581.0704,481.626,3389.0,593.6,8.24,-0.79,30.50,2.40,34.5,48.1,4.81,14.10,0.000,94.0,48.0,1,0,0,0,0,0,0,NONE,,RPM:486bd1410c34f4f9 TPS:486bd1411115eb ADV:486bd1410ebd90 MIL:486bd1410100000000c6
1789376581.3433,481.899,3466.0,282.1,7.84,-1.44,31.50,2.40,34.5,47.8,4.81,14.10,0.000,94.0,48.0,1,0,0,0,0,0,0,NONE,,RPM:486bd1410c36282f TPS:486bd1411114ea ADV:486bd1410ebf92 MIL:486bd1410100000000c6
1789376581.6131,482.168,3514.0,177.9,7.84,0.00,33.00,2.40,34.5,47.8,4.81,14.10,0.000,94.0,48.0,1,0,0,0,0,0,0,NONE,,RPM:486bd1410c36e8ef TPS:486bd1411114ea ADV:486bd1410ec295 MIL:486bd1410100000000c6
1789376581.8835,482.439,3605.0,336.5,7.84,0.00,33.50,2.40,24.7,47.8,3.93,14.10,0.000,94.0,48.0,1,0,0,0,0,0,0,NONE,,RPM:486bd1410c38545d TPS:486bd1411114ea ADV:486bd1410ec396 MIL:486bd1410100000000c6
1789376582.1560,482.711,3629.0,88.1,7.84,0.00,34.00,2.40,24.7,47.8,3.93,14.10,0.000,94.0,48.0,1,0,0,0,0,0,0,NONE,,RPM:486bd1410c38b4bd TPS:486bd1411114ea ADV:486bd1410ec497 MIL:486bd1410100000000c6
1789376582.4440,482.999,3691.0,215.2,7.84,0.00,35.00,2.40,24.7,47.8,3.93,14.10,0.000,94.0,48.0,1,0,0,0,0,0,0,NONE,,RPM:486bd1410c39acb6 TPS:486bd1411114ea ADV:486bd1410ec699 MIL:486bd1410100000000c6
1789376582.8846,483.440,3723.0,72.6,7.45,-0.89,36.50,2.40,24.7,47.6,3.93,14.10,0.000,94.0,48.0,1,0,0,0,0,0,0,NONE,,RPM:486bd1410c3a2c37 TPS:486bd1411113e9 ADV:486bd1410ec99c MIL:486bd1410100000000c6
1789376583.1800,483.735,3754.0,105.0,7.06,-1.33,43.50,2.40,24.7,47.4,3.93,14.10,0.000,94.0,47.0,1,0,0,0,0,0,0,NONE,,RPM:486bd1410c3aa8b3 TPS:486bd1411112e8 ADV:486bd1410ed7aa MIL:486bd1410100000000c6
1789376583.4897,484.045,3725.0,-93.6,6.67,-1.27,43.50,2.40,24.7,47.2,3.93,14.10,0.000,94.0,47.0,1,0,0,0,0,0,0,NONE,,RPM:486bd1410c3a343f TPS:486bd1411111e7 ADV:486bd1410ed7aa MIL:486bd1410100000000c6
1789376583.7542,484.309,3713.0,-45.4,6.67,0.00,43.00,2.40,24.7,47.2,3.93,14.10,0.000,94.0,47.0,1,0,0,0,0,0,0,NONE,,RPM:486bd1410c3a040f TPS:486bd1411111e7 ADV:486bd1410ed6a9 MIL:486bd1410100000000c6
1789376584.1929,484.748,3637.0,-173.2,6.27,-0.89,48.00,2.40,24.7,46.9,3.93,14.10,0.000,94.0,47.0,1,0,0,0,0,0,0,NONE,,RPM:486bd1410c38d4dd TPS:486bd1411110e6 ADV:486bd1410ee0b3 MIL:486bd1410100000000c6
1789376584.5316,485.087,3619.0,-53.1,3.53,-8.10,56.50,2.40,24.7,45.3,3.93,14.10,0.000,94.0,47.0,1,0,0,0,0,0,0,NONE,,RPM:486bd1410c388c95 TPS:486bd1411109df ADV:486bd1410ef1c4 MIL:486bd1410100000000c6
1789376585.0069,485.562,2647.0,-2044.8,3.53,0.00,25.50,2.40,24.7,45.3,3.93,14.10,0.000,94.0,47.0,1,0,0,0,0,0,0,NONE,,RPM:486bd1410c295c56 TPS:486bd1411109df ADV:486bd1410eb386 MIL:486bd1410100000000c6
1789376585.2791,485.834,2136.0,-1877.4,3.14,-1.44,15.00,2.40,24.7,45.1,3.93,14.10,0.000,94.0,47.0,1,0,0,0,0,0,0,NONE,,RPM:486bd1410c216052 TPS:486bd1411108de ADV:486bd1410e9e71 MIL:486bd1410100000000c6
1789376585.5453,486.101,1512.0,-2344.0,3.14,0.00,10.50,2.40,24.7,45.1,3.93,14.10,0.000,94.0,47.0,1,0,0,0,0,0,0,NONE,,RPM:486bd1410c17a088 TPS:486bd1411108de ADV:486bd1410e9568 MIL:486bd1410100000000c6
1789376585.8661,486.421,1331.0,-564.2,3.14,0.00,10.50,2.40,23.9,45.1,3.86,14.10,0.000,94.0,47.0,1,0,0,0,0,0,0,NONE,,RPM:486bd1410c14ccb1 TPS:486bd1411108de ADV:486bd1410e9568 MIL:486bd1410100000000c6
1789376586.1531,486.708,1322.0,-31.4,3.14,0.00,9.00,2.40,23.9,45.1,3.86,14.10,0.000,94.0,47.0,1,0,0,0,0,0,0,NONE,,RPM:486bd1410c14a88d TPS:486bd1411108de ADV:486bd1410e9265 MIL:486bd1410100000000c6
1789376586.4243,486.980,1289.0,-121.7,3.14,0.00,9.00,2.40,23.9,45.1,3.86,14.10,0.000,94.0,47.0,1,0,0,0,0,0,0,NONE,,RPM:486bd1410c142409 TPS:486bd1411108de ADV:486bd1410e9265 MIL:486bd1410100000000c6
1789376586.9179,487.473,1272.0,-34.4,3.14,0.00,8.50,2.40,23.9,45.1,3.86,14.10,0.000,94.0,47.0,1,0,0,0,0,0,0,NONE,,RPM:486bd1410c13e0c4 TPS:486bd1411108de ADV:486bd1410e9164 MIL:486bd1410100000000c6
1789376587.1920,487.747,1315.0,156.9,3.14,0.00,8.50,2.40,23.9,45.1,3.86,14.10,0.000,94.0,47.0,1,0,0,0,0,0,0,NONE,,RPM:486bd1410c148c71 TPS:486bd1411108de ADV:486bd1410e9164 MIL:486bd1410100000000c6
1789376587.4777,488.033,1301.0,-49.0,3.14,0.00,8.50,2.40,23.9,45.1,3.86,14.10,0.000,94.0,47.0,1,0,0,0,0,0,0,NONE,,RPM:486bd1410c145439 TPS:486bd1411108de ADV:486bd1410e9164 MIL:486bd1410100000000c6
1789376587.7518,488.307,1320.0,69.3,3.14,0.00,8.50,2.40,23.9,45.1,3.86,14.10,0.000,94.0,47.0,1,0,0,0,0,0,0,NONE,,RPM:486bd1410c14a085 TPS:486bd1411108de ADV:486bd1410e9164 MIL:486bd1410100000000c6
1789376588.1793,488.735,1358.0,88.9,3.14,0.00,8.50,2.40,23.9,45.1,3.86,14.10,0.000,94.0,47.0,1,0,0,0,0,0,0,NONE,,RPM:486bd1410c15381e TPS:486bd1411108de ADV:486bd1410e9164 MIL:486bd1410100000000c6
1789376588.5032,489.059,1320.0,-117.3,3.14,0.00,8.50,2.40,23.9,45.1,3.86,14.10,0.000,94.0,47.0,1,0,0,0,0,0,0,NONE,,RPM:486bd1410c14a085 TPS:486bd1411108de ADV:486bd1410e9164 MIL:486bd1410100000000c6
1789376588.9666,489.522,1352.0,69.1,3.14,0.00,8.50,2.40,23.9,45.1,3.86,14.10,0.000,94.0,47.0,1,0,0,0,0,0,0,NONE,,RPM:486bd1410c152006 TPS:486bd1411108de ADV:486bd1410e9164 MIL:486bd1410100000000c6
1789376589.2877,489.843,1373.0,65.4,3.14,0.00,8.50,2.40,23.9,45.1,3.84,14.10,0.000,95.0,47.0,1,0,0,0,0,0,0,NONE,,RPM:486bd1410c15745a TPS:486bd1411108de ADV:486bd1410e9164 MIL:486bd1410100000000c6
1789376589.5595,490.115,1349.0,-88.3,3.14,0.00,8.50,2.40,23.9,45.1,3.84,14.10,0.000,95.0,47.0,1,0,0,0,0,0,0,NONE,,RPM:486bd1410c1514fa TPS:486bd1411108de ADV:486bd1410e9164 MIL:486bd1410100000000c6
1789376589.8379,490.393,1322.0,-97.0,3.14,0.00,8.50,2.40,22.7,45.1,3.73,14.10,0.000,95.0,47.0,1,0,0,0,0,0,0,NONE,,RPM:486bd1410c14a88d TPS:486bd1411108de ADV:486bd1410e9164 MIL:486bd1410100000000c6
1789376590.1521,490.707,1371.0,156.0,3.14,0.00,8.50,2.40,22.7,45.1,3.73,14.10,0.000,95.0,47.0,1,0,0,0,0,0,0,NONE,,RPM:486bd1410c156c52 TPS:486bd1411108de ADV:486bd1410e9164 MIL:486bd1410100000000c6
1789376590.4331,490.988,1390.0,67.6,3.14,0.00,8.50,2.40,22.7,45.1,3.73,14.10,0.000,95.0,47.0,1,0,0,0,0,0,0,NONE,,RPM:486bd1410c15b89e TPS:486bd1411108de ADV:486bd1410e9164 MIL:486bd1410100000000c6
1789376590.8749,491.430,1342.0,-108.7,3.14,0.00,8.50,2.40,22.7,45.1,3.73,14.10,0.000,95.0,47.0,1,0,0,0,0,0,0,NONE,,RPM:486bd1410c14f8dd TPS:486bd1411108de ADV:486bd1410e9164 MIL:486bd1410100000000c6
1789376591.1736,491.729,1362.0,66.9,3.14,0.00,8.50,2.40,22.7,45.1,3.73,14.10,0.000,95.0,49.0,1,0,0,0,0,0,0,NONE,,RPM:486bd1410c15482e TPS:486bd1411108de ADV:486bd1410e9164 MIL:486bd1410100000000c6
1789376591.4464,492.002,1351.0,-40.3,3.14,0.00,8.50,2.40,22.7,45.1,3.73,14.10,0.000,95.0,49.0,1,0,0,0,0,0,0,NONE,,RPM:486bd1410c151c02 TPS:486bd1411108de ADV:486bd1410e9164 MIL:486bd1410100000000c6
1789376591.7176,492.273,1367.0,59.0,3.14,0.00,8.00,2.40,22.7,45.1,3.73,14.10,0.000,95.0,49.0,1,0,0,0,0,0,0,NONE,,RPM:486bd1410c155c42 TPS:486bd1411108de ADV:486bd1410e9063 MIL:486bd1410100000000c6
1789376592.1868,492.742,1344.0,-49.0,3.14,0.00,8.50,2.40,22.7,45.1,3.73,14.10,0.000,95.0,49.0,1,0,0,0,0,0,0,NONE,,RPM:486bd1410c1500e6 TPS:486bd1411108de ADV:486bd1410e9164 MIL:486bd1410100000000c6
1789376592.4530,493.008,1327.0,-63.9,3.14,0.00,8.00,2.40,22.7,45.1,3.73,14.10,0.000,95.0,49.0,1,0,0,0,0,0,0,NONE,,RPM:486bd1410c14bca1 TPS:486bd1411108de ADV:486bd1410e9063 MIL:486bd1410100000000c6
1789376592.8842,493.440,1365.0,88.1,3.14,0.00,8.00,2.40,22.7,45.1,3.73,14.10,0.000,95.0,49.0,1,0,0,0,0,0,0,NONE,,RPM:486bd1410c15543a TPS:486bd1411108de ADV:486bd1410e9063 MIL:486bd1410100000000c6
1789376593.1884,493.744,1333.0,-105.2,3.14,0.00,8.50,2.40,22.7,45.1,3.71,14.10,0.000,96.0,49.0,1,0,0,0,0,0,0,NONE,,RPM:486bd1410c14d4b9 TPS:486bd1411108de ADV:486bd1410e9164 MIL:486bd1410100000000c6
1789376593.5182,494.074,1346.0,39.4,3.14,0.00,8.50,2.40,22.7,45.1,3.71,14.10,0.000,96.0,49.0,1,0,0,0,0,0,0,NONE,,RPM:486bd1410c1508ee TPS:486bd1411108de ADV:486bd1410e9164 MIL:486bd1410100000000c6
1789376593.7970,494.352,1343.0,-10.8,3.14,0.00,8.50,2.40,22.7,45.1,3.71,14.10,0.000,96.0,49.0,1,0,0,0,0,0,0,NONE,,RPM:486bd1410c14fce1 TPS:486bd1411108de ADV:486bd1410e9164 MIL:486bd1410100000000c6
1789376594.0694,494.625,1369.0,95.5,3.14,0.00,8.50,2.40,22.7,45.1,3.71,14.10,0.000,96.0,49.0,1,0,0,0,0,0,0,NONE,,RPM:486bd1410c15644a TPS:486bd1411108de ADV:486bd1410e9164 MIL:486bd1410100000000c6
1789376594.3414,494.897,1384.0,55.1,3.14,0.00,8.50,2.40,22.7,45.1,3.71,14.10,0.000,96.0,49.0,1,0,0,0,0,0,0,NONE,,RPM:486bd1410c15a086 TPS:486bd1411108de ADV:486bd1410e9164 MIL:486bd1410100000000c6
1789376594.7734,495.329,1357.0,-62.5,3.14,0.00,8.50,2.40,22.7,45.1,3.71,14.10,0.000,96.0,49.0,1,0,0,0,0,0,0,NONE,,RPM:486bd1410c15341a TPS:486bd1411108de ADV:486bd1410e9164 MIL:486bd1410100000000c6
1789376595.0754,495.631,1342.0,-49.7,3.14,0.00,8.50,2.40,22.7,45.1,3.71,14.10,0.000,96.0,51.0,1,0,0,0,0,0,0,NONE,,RPM:486bd1410c14f8dd TPS:486bd1411108de ADV:486bd1410e9164 MIL:486bd1410100000000c6
1789376595.3466,495.902,1313.0,-107.0,3.14,0.00,8.50,2.40,22.7,45.1,3.71,14.10,0.000,96.0,51.0,1,0,0,0,0,0,0,NONE,,RPM:486bd1410c148469 TPS:486bd1411108de ADV:486bd1410e9164 MIL:486bd1410100000000c6
1789376595.6184,496.174,1354.0,150.8,3.14,0.00,8.50,2.40,22.7,45.1,3.71,14.10,0.000,96.0,51.0,1,0,0,0,0,0,0,NONE,,RPM:486bd1410c15280e TPS:486bd1411108de ADV:486bd1410e9164 MIL:486bd1410100000000c6
1789376596.0871,496.642,1328.0,-55.5,3.14,0.00,8.50,2.40,22.7,45.1,3.71,14.10,0.000,96.0,51.0,1,0,0,0,0,0,0,NONE,,RPM:486bd1410c14c0a5 TPS:486bd1411108de ADV:486bd1410e9164 MIL:486bd1410100000000c6
1789376596.3618,496.917,1333.0,18.2,3.14,0.00,8.50,2.40,22.7,45.1,3.71,14.10,0.000,96.0,51.0,1,0,0,0,0,0,0,NONE,,RPM:486bd1410c14d4b9 TPS:486bd1411108de ADV:486bd1410e9164 MIL:486bd1410100000000c6
1789376596.8831,497.438,1323.0,-19.2,3.14,0.00,8.50,2.40,22.7,45.1,3.71,14.10,0.000,96.0,51.0,1,0,0,0,0,0,0,NONE,,RPM:486bd1410c14ac91 TPS:486bd1411108de ADV:486bd1410e9164 MIL:486bd1410100000000c6
1789376597.1552,497.711,1352.0,106.6,3.14,0.00,8.50,2.40,22.7,45.1,3.71,14.10,0.000,96.0,51.0,1,0,0,0,0,0,0,NONE,,RPM:486bd1410c152006 TPS:486bd1411108de ADV:486bd1410e9164 MIL:486bd1410100000000c6
1789376597.4256,497.981,1338.0,-51.8,3.14,0.00,8.50,2.40,22.7,45.1,3.71,14.10,0.000,96.0,51.0,1,0,0,0,0,0,0,NONE,,RPM:486bd1410c14e8cd TPS:486bd1411108de ADV:486bd1410e9164 MIL:486bd1410100000000c6
1789376597.6998,498.255,1349.0,40.1,3.14,0.00,8.00,2.40,22.0,45.1,3.64,14.10,0.000,96.0,51.0,1,0,0,0,0,0,0,NONE,,RPM:486bd1410c1514fa TPS:486bd1411108de ADV:486bd1410e9063 MIL:486bd1410100000000c6
1789376597.9698,498.525,1352.0,11.1,3.14,0.00,8.50,2.40,22.0,45.1,3.64,14.10,0.000,96.0,51.0,1,0,0,0,0,0,0,NONE,,RPM:486bd1410c152006 TPS:486bd1411108de ADV:486bd1410e9164 MIL:486bd1410100000000c6
1789376598.2565,498.812,1342.0,-34.9,3.14,0.00,8.50,2.40,22.0,45.1,3.64,14.10,0.000,96.0,51.0,1,0,0,0,0,0,0,NONE,,RPM:486bd1410c14f8dd TPS:486bd1411108de ADV:486bd1410e9164 MIL:486bd1410100000000c6
1789376598.7375,499.293,1341.0,-2.1,3.14,0.00,8.50,2.40,22.0,45.1,3.64,14.10,0.000,96.0,51.0,1,0,0,0,0,0,0,NONE,,RPM:486bd1410c14f4d9 TPS:486bd1411108de ADV:486bd1410e9164 MIL:486bd1410100000000c6
1789376599.0084,499.564,1357.0,59.1,3.14,0.00,8.50,2.40,22.0,45.1,3.64,14.10,0.000,96.0,52.0,1,0,0,0,0,0,0,NONE,,RPM:486bd1410c15341a TPS:486bd1411108de ADV:486bd1410e9164 MIL:486bd1410100000000c6
1789376599.2815,499.837,1339.0,-65.9,3.14,0.00,8.00,2.40,22.0,45.1,3.64,14.10,0.000,96.0,52.0,1,0,0,0,0,0,0,NONE,,RPM:486bd1410c14ecd1 TPS:486bd1411108de ADV:486bd1410e9063 MIL:486bd1410100000000c6
1789376599.6005,500.156,1345.0,18.8,3.14,0.00,8.50,2.40,22.0,45.1,3.64,14.10,0.000,96.0,52.0,1,0,0,0,0,0,0,NONE,,RPM:486bd1410c1504ea TPS:486bd1411108de ADV:486bd1410e9164 MIL:486bd1410100000000c6
1789376600.0684,500.624,1325.0,-42.7,3.14,0.00,8.50,2.40,22.0,45.1,3.64,14.10,0.000,96.0,52.0,1,0,0,0,0,0,0,NONE,,RPM:486bd1410c14b499 TPS:486bd1411108de ADV:486bd1410e9164 MIL:486bd1410100000000c6
1789376600.3571,500.912,1358.0,114.3,3.14,0.00,8.50,2.40,22.0,45.1,3.64,14.10,0.000,96.0,52.0,1,0,0,0,0,0,0,NONE,,RPM:486bd1410c15381e TPS:486bd1411108de ADV:486bd1410e9164 MIL:486bd1410100000000c6
1789376600.8618,501.417,1351.0,-13.9,3.14,0.00,9.00,2.40,22.0,45.1,3.64,14.10,0.000,96.0,52.0,1,0,0,0,0,0,0,NONE,,RPM:486bd1410c151c02 TPS:486bd1411108de ADV:486bd1410e9265 MIL:486bd1410100000000c6
1789376601.1492,501.705,1366.0,52.2,3.14,0.00,8.50,2.40,22.0,45.1,3.63,14.10,0.000,97.0,52.0,1,0,0,0,0,0,0,NONE,,RPM:486bd1410c15583e TPS:486bd1411108de ADV:486bd1410e9164 MIL:486bd1410100000000c6
1789376601.4211,501.976,1314.0,-191.3,3.14,0.00,8.50,2.40,22.0,45.1,3.63,14.10,0.000,97.0,52.0,1,0,0,0,0,0,0,NONE,,RPM:486bd1410c14886d TPS:486bd1411108de ADV:486bd1410e9164 MIL:486bd1410100000000c6
1789376601.7305,502.286,1381.0,216.6,3.14,0.00,9.00,2.40,23.9,45.1,3.80,14.10,0.000,97.0,52.0,1,0,0,0,0,0,0,NONE,,RPM:486bd1410c15947a TPS:486bd1411108de ADV:486bd1410e9265 MIL:486bd1410100000000c6
1789376602.0039,502.559,1347.0,-124.4,3.14,0.00,8.50,2.40,23.9,45.1,3.80,14.10,0.000,97.0,52.0,1,0,0,0,0,0,0,NONE,,RPM:486bd1410c150cf2 TPS:486bd1411108de ADV:486bd1410e9164 MIL:486bd1410100000000c6
1789376602.2774,502.833,1295.0,-190.1,3.14,0.00,8.00,2.40,23.9,45.1,3.80,14.10,0.000,97.0,52.0,1,0,0,0,0,0,0,NONE,,RPM:486bd1410c143c21 TPS:486bd1411108de ADV:486bd1410e9063 MIL:486bd1410100000000c6
1789376602.6982,503.254,1286.0,-21.4,3.14,0.00,8.50,2.40,23.9,45.1,3.80,14.10,0.000,97.0,52.0,1,0,0,0,0,0,0,NONE,,RPM:486bd1410c1418fd TPS:486bd1411108de ADV:486bd1410e9164 MIL:486bd1410100000000c6
1789376603.0213,503.577,1341.0,170.3,3.14,0.00,8.50,2.40,23.9,45.1,3.80,14.10,0.000,97.0,53.0,1,0,0,0,0,0,0,NONE,,RPM:486bd1410c14f4d9 TPS:486bd1411108de ADV:486bd1410e9164 MIL:486bd1410100000000c6
1789376603.3601,503.915,1375.0,100.3,3.14,0.00,8.50,2.40,23.9,45.1,3.80,14.10,0.000,97.0,53.0,1,0,0,0,0,0,0,NONE,,RPM:486bd1410c157c62 TPS:486bd1411108de ADV:486bd1410e9164 MIL:486bd1410100000000c6
1789376603.6275,504.183,1318.0,-213.2,3.14,0.00,8.50,2.40,23.9,45.1,3.80,14.10,0.000,97.0,53.0,1,0,0,0,0,0,0,NONE,,RPM:486bd1410c14987d TPS:486bd1411108de ADV:486bd1410e9164 MIL:486bd1410100000000c6
1789376604.0962,504.652,1380.0,132.3,3.14,0.00,8.50,2.40,23.9,45.1,3.80,14.10,0.000,97.0,53.0,1,0,0,0,0,0,0,NONE,,RPM:486bd1410c159076 TPS:486bd1411108de ADV:486bd1410e9164 MIL:486bd1410100000000c6
1789376604.4201,504.975,1353.0,-83.4,3.14,0.00,8.50,2.40,23.9,45.1,3.80,14.10,0.000,97.0,53.0,1,0,0,0,0,0,0,NONE,,RPM:486bd1410c15240a TPS:486bd1411108de ADV:486bd1410e9164 MIL:486bd1410100000000c6
1789376604.8470,505.402,1356.0,7.0,3.14,0.00,8.50,2.40,23.9,45.1,3.80,14.10,0.000,97.0,53.0,1,0,0,0,0,0,0,NONE,,RPM:486bd1410c153016 TPS:486bd1411108de ADV:486bd1410e9164 MIL:486bd1410100000000c6
1789376605.1315,505.687,1315.0,-144.1,3.14,0.00,8.00,2.40,23.9,45.1,3.80,14.10,0.000,97.0,53.0,1,0,0,0,0,0,0,NONE,,RPM:486bd1410c148c71 TPS:486bd1411108de ADV:486bd1410e9063 MIL:486bd1410100000000c6
1789376605.4041,505.959,1383.0,249.4,3.14,0.00,8.50,2.40,23.9,45.1,3.80,14.10,0.000,97.0,53.0,1,0,0,0,0,0,0,NONE,,RPM:486bd1410c159c82 TPS:486bd1411108de ADV:486bd1410e9164 MIL:486bd1410100000000c6
1789376605.6828,506.238,1313.0,-251.2,3.14,0.00,8.50,2.40,22.0,45.1,3.63,14.10,0.000,97.0,53.0,1,0,0,0,0,0,0,NONE,,RPM:486bd1410c148469 TPS:486bd1411108de ADV:486bd1410e9164 MIL:486bd1410100000000c6
1789376605.9847,506.540,1323.0,33.1,3.14,0.00,8.50,2.40,22.0,45.1,3.63,14.10,0.000,97.0,53.0,1,0,0,0,0,0,0,NONE,,RPM:486bd1410c14ac91 TPS:486bd1411108de ADV:486bd1410e9164 MIL:486bd1410100000000c6
1789376606.2519,506.807,1334.0,41.2,3.14,0.00,8.50,2.40,22.0,45.1,3.63,14.10,0.000,97.0,53.0,1,0,0,0,0,0,0,NONE,,RPM:486bd1410c14d8bd TPS:486bd1411108de ADV:486bd1410e9164 MIL:486bd1410100000000c6
1789376606.7747,507.330,1328.0,-11.5,3.14,0.00,8.50,2.40,22.0,45.1,3.63,14.10,0.000,97.0,53.0,1,0,0,0,0,0,0,NONE,,RPM:486bd1410c14c0a5 TPS:486bd1411108de ADV:486bd1410e9164 MIL:486bd1410100000000c6
1789376607.0507,507.606,1333.0,18.1,3.14,0.00,8.50,2.40,22.0,45.1,3.63,14.10,0.000,97.0,54.0,1,0,0,0,0,0,0,NONE,,RPM:486bd1410c14d4b9 TPS:486bd1411108de ADV:486bd1410e9164 MIL:486bd1410100000000c6
1789376607.3407,507.896,1348.0,51.7,3.14,0.00,8.50,2.40,22.0,45.1,3.63,14.10,0.000,97.0,54.0,1,0,0,0,0,0,0,NONE,,RPM:486bd1410c1510f6 TPS:486bd1411108de ADV:486bd1410e9164 MIL:486bd1410100000000c6
1789376607.6271,508.182,1368.0,69.8,3.14,0.00,8.50,2.40,22.0,45.1,3.63,14.10,0.000,97.0,54.0,1,0,0,0,0,0,0,NONE,,RPM:486bd1410c156046 TPS:486bd1411108de ADV:486bd1410e9164 MIL:486bd1410100000000c6
1789376608.0842,508.640,1349.0,-41.6,3.14,0.00,8.50,2.40,22.0,45.1,3.63,14.10,0.000,97.0,54.0,1,0,0,0,0,0,0,NONE,,RPM:486bd1410c1514fa TPS:486bd1411108de ADV:486bd1410e9164 MIL:486bd1410100000000c6
1789376608.4052,508.961,1310.0,-121.5,3.14,0.00,8.00,2.40,22.0,45.1,3.63,14.10,0.000,97.0,54.0,1,0,0,0,0,0,0,NONE,,RPM:486bd1410c14785d TPS:486bd1411108de ADV:486bd1410e9063 MIL:486bd1410100000000c6
1789376608.8335,509.389,1317.0,16.3,3.14,0.00,8.50,2.40,22.0,45.1,3.63,14.10,0.000,97.0,54.0,1,0,0,0,0,0,0,NONE,,RPM:486bd1410c149479 TPS:486bd1411108de ADV:486bd1410e9164 MIL:486bd1410100000000c6
1789376609.1283,509.684,1344.0,91.6,3.14,0.00,8.50,2.40,22.0,45.1,3.61,14.10,0.000,98.0,54.0,1,0,0,0,0,0,0,NONE,,RPM:486bd1410c1500e6 TPS:486bd1411108de ADV:486bd1410e9164 MIL:486bd1410100000000c6
1789376609.4010,509.956,1338.0,-22.0,3.14,0.00,8.50,2.40,22.0,45.1,3.61,14.10,0.000,98.0,54.0,1,0,0,0,0,0,0,NONE,,RPM:486bd1410c14e8cd TPS:486bd1411108de ADV:486bd1410e9164 MIL:486bd1410100000000c6
1789376609.6735,510.229,1338.0,0.0,3.14,0.00,8.50,2.40,22.4,45.1,3.64,14.10,0.000,98.0,54.0,1,0,0,0,0,0,0,NONE,,RPM:486bd1410c14e8cd TPS:486bd1411108de ADV:486bd1410e9164 MIL:486bd1410100000000c6
1789376609.9444,510.500,1311.0,-99.7,3.14,0.00,8.00,2.40,22.4,45.1,3.64,14.10,0.000,98.0,54.0,1,0,0,0,0,0,0,NONE,,RPM:486bd1410c147c61 TPS:486bd1411108de ADV:486bd1410e9063 MIL:486bd1410100000000c6
1789376610.2392,510.795,1365.0,183.1,3.14,0.00,8.50,2.40,22.4,45.1,3.64,14.10,0.000,98.0,54.0,1,0,0,0,0,0,0,NONE,,RPM:486bd1410c15543a TPS:486bd1411108de ADV:486bd1410e9164 MIL:486bd1410100000000c6
1789376610.7254,511.281,1333.0,-65.8,3.14,0.00,8.50,2.40,22.4,45.1,3.64,14.10,0.000,98.0,54.0,1,0,0,0,0,0,0,NONE,,RPM:486bd1410c14d4b9 TPS:486bd1411108de ADV:486bd1410e9164 MIL:486bd1410100000000c6
1789376610.9988,511.554,1329.0,-14.6,3.14,0.00,8.50,2.40,22.4,45.1,3.64,14.10,0.000,98.0,54.0,1,0,0,0,0,0,0,NONE,,RPM:486bd1410c14c4a9 TPS:486bd1411108de ADV:486bd1410e9164 MIL:486bd1410100000000c6
1789376611.2706,511.826,1375.0,169.2,3.14,0.00,8.50,2.40,22.4,45.1,3.64,14.10,0.000,98.0,54.0,1,0,0,0,0,0,0,NONE,,RPM:486bd1410c157c62 TPS:486bd1411108de ADV:486bd1410e9164 MIL:486bd1410100000000c6
1789376611.5592,512.115,1334.0,-142.0,3.14,0.00,8.50,2.40,22.4,45.1,3.64,14.10,0.000,98.0,54.0,1,0,0,0,0,0,0,NONE,,RPM:486bd1410c14d8bd TPS:486bd1411108de ADV:486bd1410e9164 MIL:486bd1410100000000c6
1789376612.0273,512.583,1331.0,-6.4,3.14,0.00,8.00,2.40,22.4,45.1,3.64,14.10,0.000,98.0,54.0,1,0,0,0,0,0,0,NONE,,RPM:486bd1410c14ccb1 TPS:486bd1411108de ADV:486bd1410e9063 MIL:486bd1410100000000c6
1789376612.2946,512.850,1352.0,78.5,3.14,0.00,8.00,2.40,22.4,45.1,3.64,14.10,0.000,98.0,54.0,1,0,0,0,0,0,0,NONE,,RPM:486bd1410c152006 TPS:486bd1411108de ADV:486bd1410e9063 MIL:486bd1410100000000c6
1789376612.8004,513.356,1343.0,-17.8,3.14,0.00,8.50,2.40,22.4,45.1,3.64,14.10,0.000,98.0,54.0,1,0,0,0,0,0,0,NONE,,RPM:486bd1410c14fce1 TPS:486bd1411108de ADV:486bd1410e9164 MIL:486bd1410100000000c6
1789376613.0774,513.633,1336.0,-25.3,3.14,0.00,8.50,2.40,22.4,45.1,3.63,14.10,0.000,99.0,54.0,1,0,0,0,0,0,0,NONE,,RPM:486bd1410c14e0c5 TPS:486bd1411108de ADV:486bd1410e9164 MIL:486bd1410100000000c6
1789376613.3508,513.906,1370.0,124.4,3.14,0.00,8.50,2.40,22.4,45.1,3.63,14.10,0.000,99.0,54.0,1,0,0,0,0,0,0,NONE,,RPM:486bd1410c15684e TPS:486bd1411108de ADV:486bd1410e9164 MIL:486bd1410100000000c6
1789376613.6204,514.176,1329.0,-152.0,3.14,0.00,8.00,2.40,21.2,45.1,3.52,14.10,0.000,99.0,54.0,1,0,0,0,0,0,0,NONE,,RPM:486bd1410c14c4a9 TPS:486bd1411108de ADV:486bd1410e9063 MIL:486bd1410100000000c6
1789376613.8940,514.449,1363.0,124.3,3.14,0.00,9.00,2.40,21.2,45.1,3.52,14.10,0.000,99.0,54.0,1,0,0,0,0,0,0,NONE,,RPM:486bd1410c154c32 TPS:486bd1411108de ADV:486bd1410e9265 MIL:486bd1410100000000c6
1789376614.2137,514.769,1342.0,-65.7,3.14,0.00,8.50,2.40,21.2,45.1,3.52,14.10,0.000,99.0,54.0,1,0,0,0,0,0,0,NONE,,RPM:486bd1410c14f8dd TPS:486bd1411108de ADV:486bd1410e9164 MIL:486bd1410100000000c6
1789376614.6611,515.216,1375.0,73.8,3.14,0.00,8.50,2.40,21.2,45.1,3.52,14.10,0.000,99.0,54.0,1,0,0,0,0,0,0,NONE,,RPM:486bd1410c157c62 TPS:486bd1411108de ADV:486bd1410e9164 MIL:486bd1410100000000c6
1789376614.9326,515.488,1318.0,-209.9,3.14,0.00,8.50,2.40,21.2,45.1,3.52,14.10,0.000,99.0,55.0,1,0,0,0,0,0,0,NONE,,RPM:486bd1410c14987d TPS:486bd1411108de ADV:486bd1410e9164 MIL:486bd1410100000000c6
1789376615.2209,515.776,1322.0,13.9,3.14,0.00,8.50,2.40,21.2,45.1,3.52,14.10,0.000,99.0,55.0,1,0,0,0,0,0,0,NONE,,RPM:486bd1410c14a88d TPS:486bd1411108de ADV:486bd1410e9164 MIL:486bd1410100000000c6
1789376615.5246,516.080,1310.0,-39.5,3.14,0.00,8.50,2.40,21.2,45.1,3.52,14.10,0.000,99.0,55.0,1,0,0,0,0,0,0,NONE,,RPM:486bd1410c14785d TPS:486bd1411108de ADV:486bd1410e9164 MIL:486bd1410100000000c6
1789376616.0268,516.582,1341.0,61.7,3.14,0.00,8.50,2.40,21.2,45.1,3.52,14.10,0.000,99.0,55.0,1,0,0,0,0,0,0,NONE,,RPM:486bd1410c14f4d9 TPS:486bd1411108de ADV:486bd1410e9164 MIL:486bd1410100000000c6
1789376616.2916,516.847,1333.0,-30.2,3.14,0.00,8.50,2.40,21.2,45.1,3.52,14.10,0.000,99.0,55.0,1,0,0,0,0,0,0,NONE,,RPM:486bd1410c14d4b9 TPS:486bd1411108de ADV:486bd1410e9164 MIL:486bd1410100000000c6
1789376616.7487,517.304,1320.0,-28.4,3.14,0.00,8.50,2.40,21.2,45.1,3.52,14.10,0.000,99.0,55.0,1,0,0,0,0,0,0,NONE,,RPM:486bd1410c14a085 TPS:486bd1411108de ADV:486bd1410e9164 MIL:486bd1410100000000c6
