timestamp,elapsed_sec,rpm,drpm_dt,tps_pct,dtps_dt,timing_advance_deg,coil_dwell_ms,engine_load_pct,map_kpa,injection_time_ms,battery_volts,dvolts_dt,coolant_temp_c,air_temp_c,crank_sync,efi_light,coil_1_fault,coil_2_fault,coil_3_fault,coil_4_fault,tip_over,active_dtcs,trigger_event,raw_hex
1789375681.0702,0.000,0.0,0.0,3.14,0.00,8.50,2.73,0.0,101.3,4.57,12.50,0.000,35.0,22.0,1,0,0,0,0,0,0,NONE,,RPM:486bd1410c0000d1 TPS:486bd1411108de ADV:486bd1410e9164 MIL:486bd1410100000000c6
1789375681.3510,0.281,0.0,0.0,3.14,0.00,8.50,2.73,0.0,101.3,2.32,12.50,0.000,69.0,22.0,1,0,0,0,0,0,0,NONE,,RPM:486bd1410c0000d1 TPS:486bd1411108de ADV:486bd1410e9164 MIL:486bd1410100000000c6
1789375681.6565,0.586,0.0,0.0,3.14,0.00,8.50,2.73,0.0,101.3,2.32,12.50,0.000,69.0,22.0,1,0,0,0,0,0,0,NONE,,RPM:486bd1410c0000d1 TPS:486bd1411108de ADV:486bd1410e9164 MIL:486bd1410100000000c6
1789375681.9582,0.888,0.0,0.0,3.14,0.00,8.50,2.73,23.1,101.3,4.40,12.50,0.000,69.0,22.0,1,0,0,0,0,0,0,NONE,,RPM:486bd1410c0000d1 TPS:486bd1411108de ADV:486bd1410e9164 MIL:486bd1410100000000c6
1789375682.2462,1.176,0.0,0.0,3.14,0.00,8.50,2.73,23.1,101.3,4.40,12.50,0.000,69.0,22.0,1,0,0,0,0,0,0,NONE,,RPM:486bd1410c0000d1 TPS:486bd1411108de ADV:486bd1410e9164 MIL:486bd1410100000000c6
1789375682.5330,1.463,0.0,0.0,3.14,0.00,8.50,2.73,23.1,101.3,4.40,12.50,0.000,69.0,22.0,1,0,0,0,0,0,0,NONE,,RPM:486bd1410c0000d1 TPS:486bd1411108de ADV:486bd1410e9164 MIL:486bd1410100000000c6
1789375682.9669,1.897,0.0,0.0,3.14,0.00,8.50,2.73,23.1,101.3,4.40,12.50,0.000,69.0,22.0,1,0,0,0,0,0,0,NONE,,RPM:486bd1410c0000d1 TPS:486bd1411108de ADV:486bd1410e9164 MIL:486bd1410100000000c6
1789375683.3120,2.242,0.0,0.0,3.14,0.00,8.50,2.73,23.1,101.3,4.40,12.50,0.000,69.0,46.0,1,0,0,0,0,0,0,NONE,,RPM:486bd1410c0000d1 TPS:486bd1411108de ADV:486bd1410e9164 MIL:486bd1410100000000c6
1789375683.5948,2.525,0.0,0.0,3.14,0.00,8.50,2.73,23.1,101.3,4.40,12.50,0.000,69.0,46.0,1,0,0,0,0,0,0,NONE,,RPM:486bd1410c0000d1 TPS:486bd1411108de ADV:486bd1410e9164 MIL:486bd1410100000000c6
1789375683.8934,2.823,0.0,0.0,3.14,0.00,8.50,2.73,23.1,101.3,4.40,12.50,0.000,69.0,46.0,1,0,0,0,0,0,0,NONE,,RPM:486bd1410c0000d1 TPS:486bd1411108de ADV:486bd1410e9164 MIL:486bd1410100000000c6
1789375684.3498,3.280,0.0,0.0,3.14,0.00,8.50,2.73,23.1,101.3,4.40,12.50,0.000,69.0,46.0,1,0,0,0,0,0,0,NONE,,RPM:486bd1410c0000d1 TPS:486bd1411108de ADV:486bd1410e9164 MIL:486bd1410100000000c6
1789375684.6172,3.547,0.0,0.0,3.14,0.00,8.50,2.73,23.1,101.3,4.40,12.50,0.000,69.0,46.0,1,0,0,0,0,0,0,NONE,,RPM:486bd1410c0000d1 TPS:486bd1411108de ADV:486bd1410e9164 MIL:486bd1410100000000c6
1789375685.0614,3.991,0.0,0.0,3.14,0.00,8.50,2.73,23.1,101.3,4.40,12.50,0.000,69.0,46.0,1,0,0,0,0,0,0,NONE,,RPM:486bd1410c0000d1 TPS:486bd1411108de ADV:486bd1410e9164 MIL:486bd1410100000000c6
1789375685.3313,4.261,0.0,0.0,3.14,0.00,8.50,2.73,23.1,101.3,4.40,12.50,0.000,69.0,46.0,1,0,0,0,0,0,0,NONE,,RPM:486bd1410c0000d1 TPS:486bd1411108de ADV:486bd1410e9164 MIL:486bd1410100000000c6
1789375685.6040,4.534,0.0,0.0,3.14,0.00,8.50,2.73,23.1,101.3,4.40,12.50,0.000,69.0,46.0,1,0,0,0,0,0,0,NONE,,RPM:486bd1410c0000d1 TPS:486bd1411108de ADV:486bd1410e9164 MIL:486bd1410100000000c6
1789375685.9167,4.847,0.0,0.0,3.14,0.00,8.50,2.73,23.1,101.3,4.40,12.50,0.000,69.0,46.0,1,0,0,0,0,0,0,NONE,,RPM:486bd1410c0000d1 TPS:486bd1411108de ADV:486bd1410e9164 MIL:486bd1410100000000c6
1789375686.2267,5.156,0.0,0.0,3.14,0.00,8.50,2.73,23.1,101.3,4.40,12.50,0.000,69.0,46.0,1,0,0,0,0,0,0,NONE,,RPM:486bd1410c0000d1 TPS:486bd1411108de ADV:486bd1410e9164 MIL:486bd1410100000000c6
1789375686.4967,5.427,0.0,0.0,3.14,0.00,8.50,2.73,23.1,101.3,4.40,12.50,0.000,69.0,46.0,1,0,0,0,0,0,0,NONE,,RPM:486bd1410c0000d1 TPS:486bd1411108de ADV:486bd1410e9164 MIL:486bd1410100000000c6
1789375686.9600,5.890,0.0,0.0,3.14,0.00,8.50,2.73,23.1,101.3,4.40,12.50,0.000,69.0,46.0,1,0,0,0,0,0,0,NONE,,RPM:486bd1410c0000d1 TPS:486bd1411108de ADV:486bd1410e9164 MIL:486bd1410100000000c6
1789375687.2333,6.163,0.0,0.0,3.14,0.00,8.50,2.73,23.1,101.3,4.40,12.50,0.000,69.0,46.0,1,0,0,0,0,0,0,NONE,,RPM:486bd1410c0000d1 TPS:486bd1411108de ADV:486bd1410e9164 MIL:486bd1410100000000c6
1789375687.5038,6.434,0.0,0.0,3.14,0.00,8.50,2.73,23.1,101.3,4.40,12.50,0.000,69.0,46.0,1,0,0,0,0,0,0,NONE,,RPM:486bd1410c0000d1 TPS:486bd1411108de ADV:486bd1410e9164 MIL:486bd1410100000000c6
1789375687.8100,6.740,0.0,0.0,3.14,0.00,8.50,2.73,23.1,101.3,4.40,12.50,0.000,69.0,46.0,1,0,0,0,0,0,0,NONE,,RPM:486bd1410c0000d1 TPS:486bd1411108de ADV:486bd1410e9164 MIL:486bd1410100000000c6
1789375688.2589,7.189,0.0,0.0,3.14,0.00,8.50,2.73,23.1,101.3,4.40,12.50,0.000,69.0,46.0,1,0,0,0,0,0,0,NONE,,RPM:486bd1410c0000d1 TPS:486bd1411108de ADV:486bd1410e9164 MIL:486bd1410100000000c6
1789375688.5275,7.457,0.0,0.0,3.14,0.00,8.50,2.73,23.1,101.3,4.40,12.50,0.000,69.0,46.0,1,0,0,0,0,0,0,NONE,,RPM:486bd1410c0000d1 TPS:486bd1411108de ADV:486bd1410e9164 MIL:486bd1410100000000c6
1789375689.0167,7.946,0.0,0.0,3.14,0.00,8.50,2.73,23.1,101.3,4.40,12.50,0.000,69.0,46.0,1,0,0,0,0,0,0,NONE,,RPM:486bd1410c0000d1 TPS:486bd1411108de ADV:486bd1410e9164 MIL:486bd1410100000000c6
1789375689.3430,8.273,0.0,0.0,3.14,0.00,8.50,2.73,23.1,101.3,4.40,12.50,0.000,69.0,46.0,1,0,0,0,0,0,0,NONE,,RPM:486bd1410c0000d1 TPS:486bd1411108de ADV:486bd1410e9164 MIL:486bd1410100000000c6
1789375689.6139,8.544,0.0,0.0,3.14,0.00,8.50,2.73,23.1,101.3,4.40,12.50,0.000,69.0,46.0,1,0,0,0,0,0,0,NONE,,RPM:486bd1410c0000d1 TPS:486bd1411108de ADV:486bd1410e9164 MIL:486bd1410100000000c6
1789375689.9019,8.832,0.0,0.0,3.14,0.00,8.50,2.73,23.1,101.3,4.40,12.50,0.000,69.0,46.0,1,0,0,0,0,0,0,NONE,,RPM:486bd1410c0000d1 TPS:486bd1411108de ADV:486bd1410e9164 MIL:486bd1410100000000c6
1789375690.1903,9.120,0.0,0.0,3.14,0.00,8.50,2.73,23.1,101.3,4.40,12.50,0.000,69.0,46.0,1,0,0,0,0,0,0,NONE,,RPM:486bd1410c0000d1 TPS:486bd1411108de ADV:486bd1410e9164 MIL:486bd1410100000000c6
1789375690.4607,9.391,0.0,0.0,3.14,0.00,8.50,2.73,23.1,101.3,4.40,12.50,0.000,69.0,46.0,1,0,0,0,0,0,0,NONE,,RPM:486bd1410c0000d1 TPS:486bd1411108de ADV:486bd1410e9164 MIL:486bd1410100000000c6
1789375690.9060,9.836,0.0,0.0,3.14,0.00,8.50,2.73,23.1,101.3,4.40,12.50,0.000,69.0,46.0,1,0,0,0,0,0,0,NONE,,RPM:486bd1410c0000d1 TPS:486bd1411108de ADV:486bd1410e9164 MIL:486bd1410100000000c6
1789375691.2190,10.149,0.0,0.0,3.14,0.00,8.50,2.73,23.1,101.3,4.40,12.50,0.000,69.0,46.0,1,0,0,0,0,0,0,NONE,,RPM:486bd1410c0000d1 TPS:486bd1411108de ADV:486bd1410e9164 MIL:486bd1410100000000c6
1789375691.4922,10.422,0.0,0.0,3.14,0.00,8.50,2.73,23.1,101.3,4.40,12.50,0.000,69.0,46.0,1,0,0,0,0,0,0,NONE,,RPM:486bd1410c0000d1 TPS:486bd1411108de ADV:486bd1410e9164 MIL:486bd1410100000000c6
1789375691.7736,10.703,0.0,0.0,3.14,0.00,8.50,2.73,23.1,101.3,4.40,12.50,0.000,69.0,46.0,1,0,0,0,0,0,0,NONE,,RPM:486bd1410c0000d1 TPS:486bd1411108de ADV:486bd1410e9164 MIL:486bd1410100000000c6
1789375692.1969,11.127,0.0,0.0,3.14,0.00,8.50,2.73,23.1,101.3,4.40,12.50,0.000,69.0,46.0,1,0,0,0,0,0,0,NONE,,RPM:486bd1410c0000d1 TPS:486bd1411108de ADV:486bd1410e9164 MIL:486bd1410100000000c6
1789375692.4737,11.404,0.0,0.0,3.14,0.00,8.50,2.73,23.1,101.3,4.40,12.50,0.000,69.0,46.0,1,0,0,0,0,0,0,NONE,,RPM:486bd1410c0000d1 TPS:486bd1411108de ADV:486bd1410e9164 MIL:486bd1410100000000c6
1789375692.9192,11.849,0.0,0.0,3.14,0.00,8.50,2.73,23.1,101.3,4.40,12.50,0.000,69.0,46.0,1,0,0,0,0,0,0,NONE,,RPM:486bd1410c0000d1 TPS:486bd1411108de ADV:486bd1410e9164 MIL:486bd1410100000000c6
1789375693.1946,12.124,0.0,0.0,3.14,0.00,8.50,2.73,23.1,101.3,4.40,12.50,0.000,69.0,46.0,1,0,0,0,0,0,0,NONE,,RPM:486bd1410c0000d1 TPS:486bd1411108de ADV:486bd1410e9164 MIL:486bd1410100000000c6
1789375693.4662,12.396,0.0,0.0,3.14,0.00,8.50,2.73,23.1,101.3,4.40,12.50,0.000,69.0,46.0,1,0,0,0,0,0,0,NONE,,RPM:486bd1410c0000d1 TPS:486bd1411108de ADV:486bd1410e9164 MIL:486bd1410100000000c6
1789375693.7381,12.668,0.0,0.0,3.14,0.00,8.50,2.73,23.1,101.3,4.40,12.50,0.000,69.0,46.0,1,0,0,0,0,0,0,NONE,,RPM:486bd1410c0000d1 TPS:486bd1411108de ADV:486bd1410e9164 MIL:486bd1410100000000c6
1789375694.0436,12.973,0.0,0.0,3.14,0.00,8.50,2.73,23.1,101.3,4.40,12.50,0.000,69.0,46.0,1,0,0,0,0,0,0,NONE,,RPM:486bd1410c0000d1 TPS:486bd1411108de ADV:486bd1410e9164 MIL:486bd1410100000000c6
1789375694.3265,13.256,0.0,0.0,3.14,0.00,8.50,2.73,23.1,101.3,4.40,12.50,0.000,69.0,46.0,1,0,0,0,0,0,0,NONE,,RPM:486bd1410c0000d1 TPS:486bd1411108de ADV:486bd1410e9164 MIL:486bd1410100000000c6
1789375694.7789,13.709,0.0,0.0,3.14,0.00,8.50,2.73,23.1,101.3,4.40,12.50,0.000,69.0,46.0,1,0,0,0,0,0,0,NONE,,RPM:486bd1410c0000d1 TPS:486bd1411108de ADV:486bd1410e9164 MIL:486bd1410100000000c6
1789375695.0646,13.994,0.0,0.0,3.14,0.00,8.50,2.73,23.1,101.3,4.40,12.50,0.000,69.0,46.0,1,0,0,0,0,0,0,NONE,,RPM:486bd1410c0000d1 TPS:486bd1411108de ADV:486bd1410e9164 MIL:486bd1410100000000c6
1789375695.3747,14.304,0.0,0.0,3.14,0.00,8.50,2.73,23.1,101.3,4.40,12.50,0.000,69.0,46.0,1,0,0,0,0,0,0,NONE,,RPM:486bd1410c0000d1 TPS:486bd1411108de ADV:486bd1410e9164 MIL:486bd1410100000000c6
1789375695.6521,14.582,0.0,0.0,3.14,0.00,8.50,2.73,23.1,101.3,4.40,12.50,0.000,69.0,46.0,1,0,0,0,0,0,0,NONE,,RPM:486bd1410c0000d1 TPS:486bd1411108de ADV:486bd1410e9164 MIL:486bd1410100000000c6
1789375696.1069,15.037,0.0,0.0,3.14,0.00,8.50,2.73,23.1,101.3,4.40,12.50,0.000,69.0,46.0,1,0,0,0,0,0,0,NONE,,RPM:486bd1410c0000d1 TPS:486bd1411108de ADV:486bd1410e9164 MIL:486bd1410100000000c6
1789375696.3776,15.307,0.0,0.0,3.14,0.00,8.50,2.73,23.1,101.3,4.40,12.50,0.000,69.0,46.0,1,0,0,0,0,0,0,NONE,,RPM:486bd1410c0000d1 TPS:486bd1411108de ADV:486bd1410e9164 MIL:486bd1410100000000c6
1789375696.8316,15.761,0.0,0.0,3.14,0.00,8.50,2.73,23.1,101.3,4.40,12.50,0.000,69.0,46.0,1,0,0,0,0,0,0,NONE,,RPM:486bd1410c0000d1 TPS:486bd1411108de ADV:486bd1410e9164 MIL:486bd1410100000000c6
1789375697.1000,16.030,0.0,0.0,3.14,0.00,8.50,2.73,23.1,101.3,4.40,12.50,0.000,69.0,46.0,1,0,0,0,0,0,0,NONE,,RPM:486bd1410c0000d1 TPS:486bd1411108de ADV:486bd1410e9164 MIL:486bd1410100000000c6
1789375697.3695,16.299,0.0,0.0,3.14,0.00,8.50,2.73,23.1,101.3,4.40,12.50,0.000,69.0,46.0,1,0,0,0,0,0,0,NONE,,RPM:486bd1410c0000d1 TPS:486bd1411108de ADV:486bd1410e9164 MIL:486bd1410100000000c6
1789375697.6389,16.569,0.0,0.0,3.14,0.00,8.50,2.73,23.1,101.3,4.40,12.50,0.000,69.0,46.0,1,0,0,0,0,0,0,NONE,,RPM:486bd1410c0000d1 TPS:486bd1411108de ADV:486bd1410e9164 MIL:486bd1410100000000c6
1789375697.9590,16.889,0.0,0.0,3.14,0.00,8.50,2.73,23.1,101.3,4.40,12.50,0.000,69.0,46.0,1,0,0,0,0,0,0,NONE,,RPM:486bd1410c0000d1 TPS:486bd1411108de ADV:486bd1410e9164 MIL:486bd1410100000000c6
1789375698.2300,17.160,0.0,0.0,3.14,0.00,8.50,2.73,23.1,101.3,4.40,12.50,0.000,69.0,46.0,1,0,0,0,0,0,0,NONE,,RPM:486bd1410c0000d1 TPS:486bd1411108de ADV:486bd1410e9164 MIL:486bd1410100000000c6
1789375698.6922,17.622,0.0,0.0,3.14,0.00,8.50,2.73,23.1,101.3,4.40,12.50,0.000,69.0,46.0,1,0,0,0,0,0,0,NONE,,RPM:486bd1410c0000d1 TPS:486bd1411108de ADV:486bd1410e9164 MIL:486bd1410100000000c6
1789375698.9656,17.895,0.0,0.0,3.14,0.00,8.50,2.73,23.1,101.3,4.40,12.50,0.000,69.0,46.0,1,0,0,0,0,0,0,NONE,,RPM:486bd1410c0000d1 TPS:486bd1411108de ADV:486bd1410e9164 MIL:486bd1410100000000c6
1789375699.2689,18.199,0.0,0.0,3.14,0.00,8.50,2.73,23.1,101.3,4.40,12.50,0.000,69.0,46.0,1,0,0,0,0,0,0,NONE,,RPM:486bd1410c0000d1 TPS:486bd1411108de ADV:486bd1410e9164 MIL:486bd1410100000000c6
1789375699.5582,18.488,0.0,0.0,3.14,0.00,8.50,2.73,23.1,101.3,4.40,12.50,0.000,69.0,46.0,1,0,0,0,0,0,0,NONE,,RPM:486bd1410c0000d1 TPS:486bd1411108de ADV:486bd1410e9164 MIL:486bd1410100000000c6
1789375700.0055,18.935,0.0,0.0,3.14,0.00,8.50,2.73,23.1,101.3,4.40,12.50,0.000,69.0,46.0,1,0,0,0,0,0,0,NONE,,RPM:486bd1410c0000d1 TPS:486bd1411108de ADV:486bd1410e9164 MIL:486bd1410100000000c6
1789375700.2764,19.206,0.0,0.0,3.14,0.00,8.50,2.73,23.1,101.3,4.40,12.50,0.000,69.0,46.0,1,0,0,0,0,0,0,NONE,,RPM:486bd1410c0000d1 TPS:486bd1411108de ADV:486bd1410e9164 MIL:486bd1410100000000c6
1789375700.7805,19.710,0.0,0.0,3.14,0.00,8.50,2.73,23.1,101.3,4.40,12.50,0.000,69.0,46.0,1,0,0,0,0,0,0,NONE,,RPM:486bd1410c0000d1 TPS:486bd1411108de ADV:486bd1410e9164 MIL:486bd1410100000000c6
1789375701.0441,19.974,0.0,0.0,3.14,0.00,8.50,2.73,23.1,101.3,4.40,12.50,0.000,69.0,46.0,1,0,0,0,0,0,0,NONE,,RPM:486bd1410c0000d1 TPS:486bd1411108de ADV:486bd1410e9164 MIL:486bd1410100000000c6
1789375701.3148,20.245,0.0,0.0,3.14,0.00,8.50,2.73,23.1,101.3,4.40,12.50,0.000,69.0,46.0,1,0,0,0,0,0,0,NONE,,RPM:486bd1410c0000d1 TPS:486bd1411108de ADV:486bd1410e9164 MIL:486bd1410100000000c6
1789375701.5865,20.516,0.0,0.0,3.14,0.00,8.50,2.73,23.1,101.3,4.40,12.50,0.000,69.0,46.0,1,0,0,0,0,0,0,NONE,,RPM:486bd1410c0000d1 TPS:486bd1411108de ADV:486bd1410e9164 MIL:486bd1410100000000c6
1789375701.8909,20.821,0.0,0.0,3.14,0.00,8.50,2.73,23.1,101.3,4.40,12.50,0.000,69.0,46.0,1,0,0,0,0,0,0,NONE,,RPM:486bd1410c0000d1 TPS:486bd1411108de ADV:486bd1410e9164 MIL:486bd1410100000000c6
1789375702.1619,21.092,0.0,0.0,3.14,0.00,8.50,2.73,23.1,101.3,4.40,12.50,0.000,69.0,46.0,1,0,0,0,0,0,0,NONE,,RPM:486bd1410c0000d1 TPS:486bd1411108de ADV:486bd1410e9164 MIL:486bd1410100000000c6
1789375702.6222,21.552,0.0,0.0,3.14,0.00,8.50,2.73,23.1,101.3,4.40,12.50,0.000,69.0,46.0,1,0,0,0,0,0,0,NONE,,RPM:486bd1410c0000d1 TPS:486bd1411108de ADV:486bd1410e9164 MIL:486bd1410100000000c6
1789375702.8974,21.827,0.0,0.0,3.14,0.00,8.50,2.73,23.1,101.3,4.40,12.50,0.000,69.0,46.0,1,0,0,0,0,0,0,NONE,,RPM:486bd1410c0000d1 TPS:486bd1411108de ADV:486bd1410e9164 MIL:486bd1410100000000c6
1789375703.2172,22.147,0.0,0.0,3.14,0.00,8.50,2.73,23.1,101.3,4.40,12.50,0.000,69.0,46.0,1,0,0,0,0,0,0,NONE,,RPM:486bd1410c0000d1 TPS:486bd1411108de ADV:486bd1410e9164 MIL:486bd1410100000000c6
1789375703.4879,22.418,0.0,0.0,3.14,0.00,8.50,2.73,23.1,101.3,4.40,12.50,0.000,69.0,46.0,1,0,0,0,0,0,0,NONE,,RPM:486bd1410c0000d1 TPS:486bd1411108de ADV:486bd1410e9164 MIL:486bd1410100000000c6
1789375703.9400,22.870,0.0,0.0,3.14,0.00,8.50,2.73,23.1,101.3,4.40,12.50,0.000,69.0,46.0,1,0,0,0,0,0,0,NONE,,RPM:486bd1410c0000d1 TPS:486bd1411108de ADV:486bd1410e9164 MIL:486bd1410100000000c6
1789375704.2157,23.146,0.0,0.0,3.14,0.00,8.50,2.73,23.1,101.3,4.40,12.50,0.000,69.0,46.0,1,0,0,0,0,0,0,NONE,,RPM:486bd1410c0000d1 TPS:486bd1411108de ADV:486bd1410e9164 MIL:486bd1410100000000c6
1789375704.6362,23.566,0.0,0.0,3.14,0.00,8.50,2.73,23.1,101.3,4.40,12.50,0.000,69.0,46.0,1,0,0,0,0,0,0,NONE,,RPM:486bd1410c0000d1 TPS:486bd1411108de ADV:486bd1410e9164 MIL:486bd1410100000000c6
1789375704.9424,23.872,0.0,0.0,3.14,0.00,8.50,2.73,23.1,101.3,4.40,12.50,0.000,69.0,46.0,1,0,0,0,0,0,0,NONE,,RPM:486bd1410c0000d1 TPS:486bd1411108de ADV:486bd1410e9164 MIL:486bd1410100000000c6
1789375705.2192,24.149,0.0,0.0,3.14,0.00,8.50,2.73,23.1,101.3,4.40,12.50,0.000,69.0,46.0,1,0,0,0,0,0,0,NONE,,RPM:486bd1410c0000d1 TPS:486bd1411108de ADV:486bd1410e9164 MIL:486bd1410100000000c6
1789375705.4858,24.416,0.0,0.0,3.14,0.00,8.50,2.73,23.1,101.3,4.40,12.50,0.000,69.0,46.0,1,0,0,0,0,0,0,NONE,,RPM:486bd1410c0000d1 TPS:486bd1411108de ADV:486bd1410e9164 MIL:486bd1410100000000c6
1789375705.7888,24.719,0.0,0.0,3.14,0.00,8.50,2.73,23.1,101.3,4.40,12.50,0.000,69.0,46.0,1,0,0,0,0,0,0,NONE,,RPM:486bd1410c0000d1 TPS:486bd1411108de ADV:486bd1410e9164 MIL:486bd1410100000000c6
1789375706.0618,24.992,0.0,0.0,3.14,0.00,8.50,2.73,23.1,101.3,4.40,12.50,0.000,69.0,46.0,1,0,0,0,0,0,0,NONE,,RPM:486bd1410c0000d1 TPS:486bd1411108de ADV:486bd1410e9164 MIL:486bd1410100000000c6
1789375706.5479,25.478,0.0,0.0,3.14,0.00,8.50,2.73,23.1,101.3,4.40,12.50,0.000,69.0,46.0,1,0,0,0,0,0,0,NONE,,RPM:486bd1410c0000d1 TPS:486bd1411108de ADV:486bd1410e9164 MIL:486bd1410100000000c6
1789375706.8140,25.744,0.0,0.0,3.14,0.00,8.50,2.73,23.1,101.3,4.40,12.50,0.000,69.0,46.0,1,0,0,0,0,0,0,NONE,,RPM:486bd1410c0000d1 TPS:486bd1411108de ADV:486bd1410e9164 MIL:486bd1410100000000c6
1789375707.1171,26.047,0.0,0.0,3.14,0.00,8.50,2.73,23.1,101.3,4.40,12.50,0.000,69.0,46.0,1,0,0,0,0,0,0,NONE,,RPM:486bd1410c0000d1 TPS:486bd1411108de ADV:486bd1410e9164 MIL:486bd1410100000000c6
1789375707.3959,26.326,0.0,0.0,3.14,0.00,8.50,2.73,23.1,101.3,4.40,12.50,0.000,69.0,46.0,1,0,0,0,0,0,0,NONE,,RPM:486bd1410c0000d1 TPS:486bd1411108de ADV:486bd1410e9164 MIL:486bd1410100000000c6
1789375707.8536,26.783,0.0,0.0,3.14,0.00,8.50,2.73,23.1,101.3,4.40,12.50,0.000,69.0,46.0,1,0,0,0,0,0,0,NONE,,RPM:486bd1410c0000d1 TPS:486bd1411108de ADV:486bd1410e9164 MIL:486bd1410100000000c6
1789375708.1239,27.054,0.0,0.0,3.14,0.00,8.50,2.73,23.1,101.3,4.40,12.50,0.000,69.0,46.0,1,0,0,0,0,0,0,NONE,,RPM:486bd1410c0000d1 TPS:486bd1411108de ADV:486bd1410e9164 MIL:486bd1410100000000c6
1789375708.6293,27.559,0.0,0.0,3.14,0.00,8.50,2.73,23.1,101.3,4.40,12.50,0.000,69.0,46.0,1,0,0,0,0,0,0,NONE,,RPM:486bd1410c0000d1 TPS:486bd1411108de ADV:486bd1410e9164 MIL:486bd1410100000000c6
1789375708.9080,27.838,0.0,0.0,3.14,0.00,8.50,2.73,23.1,101.3,4.40,12.50,0.000,69.0,46.0,1,0,0,0,0,0,0,NONE,,RPM:486bd1410c0000d1 TPS:486bd1411108de ADV:486bd1410e9164 MIL:486bd1410100000000c6
1789375709.1945,28.124,0.0,0.0,3.14,0.00,8.50,2.73,23.1,101.3,4.40,12.50,0.000,69.0,46.0,1,0,0,0,0,0,0,NONE,,RPM:486bd1410c0000d1 TPS:486bd1411108de ADV:486bd1410e9164 MIL:486bd1410100000000c6
1789375709.4659,28.396,0.0,0.0,3.14,0.00,8.50,2.73,23.1,101.3,4.40,12.50,0.000,69.0,46.0,1,0,0,0,0,0,0,NONE,,RPM:486bd1410c0000d1 TPS:486bd1411108de ADV:486bd1410e9164 MIL:486bd1410100000000c6
1789375709.7553,28.685,0.0,0.0,3.14,0.00,8.50,2.73,23.1,101.3,4.40,12.50,0.000,69.0,46.0,1,0,0,0,0,0,0,NONE,,RPM:486bd1410c0000d1 TPS:486bd1411108de ADV:486bd1410e9164 MIL:486bd1410100000000c6
1789375710.0574,28.987,0.0,0.0,3.14,0.00,8.50,2.73,23.1,101.3,4.40,12.50,0.000,69.0,46.0,1,0,0,0,0,0,0,NONE,,RPM:486bd1410c0000d1 TPS:486bd1411108de ADV:486bd1410e9164 MIL:486bd1410100000000c6
1789375710.5109,29.441,0.0,0.0,3.14,0.00,8.50,2.73,23.1,101.3,4.40,12.50,0.000,69.0,46.0,1,0,0,0,0,0,0,NONE,,RPM:486bd1410c0000d1 TPS:486bd1411108de ADV:486bd1410e9164 MIL:486bd1410100000000c6
1789375710.8257,29.755,0.0,0.0,3.14,0.00,8.50,2.73,23.1,101.3,4.40,12.50,0.000,69.0,46.0,1,0,0,0,0,0,0,NONE,,RPM:486bd1410c0000d1 TPS:486bd1411108de ADV:486bd1410e9164 MIL:486bd1410100000000c6
1789375711.1446,30.074,0.0,0.0,3.14,0.00,8.50,2.73,23.1,101.3,4.40,12.50,0.000,69.0,46.0,1,0,0,0,0,0,0,NONE,,RPM:486bd1410c0000d1 TPS:486bd1411108de ADV:486bd1410e9164 MIL:486bd1410100000000c6
1789375711.4157,30.346,0.0,0.0,3.14,0.00,8.50,2.73,23.1,101.3,4.40,12.50,0.000,69.0,46.0,1,0,0,0,0,0,0,NONE,,RPM:486bd1410c0000d1 TPS:486bd1411108de ADV:486bd1410e9164 MIL:486bd1410100000000c6
1789375711.9048,30.835,0.0,0.0,3.14,0.00,8.50,2.73,23.1,101.3,4.40,12.50,0.000,69.0,46.0,1,0,0,0,0,0,0,NONE,,RPM:486bd1410c0000d1 TPS:486bd1411108de ADV:486bd1410e9164 MIL:486bd1410100000000c6
1789375712.1996,31.129,0.0,0.0,3.14,0.00,8.50,2.73,23.1,101.3,4.40,12.50,0.000,69.0,46.0,1,0,0,0,0,0,0,NONE,,RPM:486bd1410c0000d1 TPS:486bd1411108de ADV:486bd1410e9164 MIL:486bd1410100000000c6
1789375712.6790,31.609,0.0,0.0,3.14,0.00,8.50,2.73,23.1,101.3,4.40,12.50,0.000,69.0,46.0,1,0,0,0,0,0,0,NONE,,RPM:486bd1410c0000d1 TPS:486bd1411108de ADV:486bd1410e9164 MIL:486bd1410100000000c6
1789375712.9510,31.881,0.0,0.0,3.14,0.00,8.50,2.73,23.1,101.3,4.40,12.50,0.000,69.0,46.0,1,0,0,0,0,0,0,NONE,,RPM:486bd1410c0000d1 TPS:486bd1411108de ADV:486bd1410e9164 MIL:486bd1410100000000c6
1789375713.2658,32.196,0.0,0.0,3.14,0.00,8.50,2.73,23.1,101.3,4.40,12.50,0.000,69.0,46.0,1,0,0,0,0,0,0,NONE,,RPM:486bd1410c0000d1 TPS:486bd1411108de ADV:486bd1410e9164 MIL:486bd1410100000000c6
1789375713.5768,32.507,0.0,0.0,3.14,0.00,8.50,2.73,23.1,101.3,4.40,12.50,0.000,69.0,46.0,1,0,0,0,0,0,0,NONE,,RPM:486bd1410c0000d1 TPS:486bd1411108de ADV:486bd1410e9164 MIL:486bd1410100000000c6
1789375713.8458,32.776,0.0,0.0,3.14,0.00,8.50,2.73,23.1,101.3,4.40,12.50,0.000,69.0,46.0,1,0,0,0,0,0,0,NONE,,RPM:486bd1410c0000d1 TPS:486bd1411108de ADV:486bd1410e9164 MIL:486bd1410100000000c6
1789375714.1490,33.079,0.0,0.0,3.14,0.00,8.50,2.73,23.1,101.3,4.40,12.50,0.000,69.0,46.0,1,0,0,0,0,0,0,NONE,,RPM:486bd1410c0000d1 TPS:486bd1411108de ADV:486bd1410e9164 MIL:486bd1410100000000c6
1789375714.6185,33.548,0.0,0.0,3.14,0.00,8.50,2.73,23.1,101.3,4.40,12.50,0.000,69.0,46.0,1,0,0,0,0,0,0,NONE,,RPM:486bd1410c0000d1 TPS:486bd1411108de ADV:486bd1410e9164 MIL:486bd1410100000000c6
1789375714.9332,33.863,0.0,0.0,3.14,0.00,8.50,2.73,23.1,101.3,4.40,12.50,0.000,69.0,46.0,1,0,0,0,0,0,0,NONE,,RPM:486bd1410c0000d1 TPS:486bd1411108de ADV:486bd1410e9164 MIL:486bd1410100000000c6
1789375715.2049,34.135,0.0,0.0,3.14,0.00,8.50,2.73,23.1,101.3,4.40,12.50,0.000,69.0,46.0,1,0,0,0,0,0,0,NONE,,RPM:486bd1410c0000d1 TPS:486bd1411108de ADV:486bd1410e9164 MIL:486bd1410100000000c6
1789375715.4773,34.407,0.0,0.0,3.14,0.00,8.50,2.73,23.1,101.3,4.40,12.50,0.000,69.0,46.0,1,0,0,0,0,0,0,NONE,,RPM:486bd1410c0000d1 TPS:486bd1411108de ADV:486bd1410e9164 MIL:486bd1410100000000c6
1789375715.9249,34.855,0.0,0.0,3.14,0.00,8.50,2.73,23.1,101.3,4.40,12.50,0.000,69.0,46.0,1,0,0,0,0,0,0,NONE,,RPM:486bd1410c0000d1 TPS:486bd1411108de ADV:486bd1410e9164 MIL:486bd1410100000000c6
1789375716.1952,35.125,0.0,0.0,3.14,0.00,8.50,2.73,23.1,101.3,4.40,12.50,0.000,69.0,46.0,1,0,0,0,0,0,0,NONE,,RPM:486bd1410c0000d1 TPS:486bd1411108de ADV:486bd1410e9164 MIL:486bd1410100000000c6
1789375716.6683,35.598,0.0,0.0,3.14,0.00,8.50,2.73,23.1,101.3,4.40,12.50,0.000,69.0,46.0,1,0,0,0,0,0,0,NONE,,RPM:486bd1410c0000d1 TPS:486bd1411108de ADV:486bd1410e9164 MIL:486bd1410100000000c6
1789375716.9653,35.895,0.0,0.0,3.14,0.00,8.50,2.73,23.1,101.3,4.40,12.50,0.000,69.0,46.0,1,0,0,0,0,0,0,NONE,,RPM:486bd1410c0000d1 TPS:486bd1411108de ADV:486bd1410e9164 MIL:486bd1410100000000c6
1789375717.2334,36.163,0.0,0.0,3.14,0.00,8.50,2.73,23.1,101.3,4.40,12.50,0.000,69.0,46.0,1,0,0,0,0,0,0,NONE,,RPM:486bd1410c0000d1 TPS:486bd1411108de ADV:486bd1410e9164 MIL:486bd1410100000000c6
1789375717.5383,36.468,0.0,0.0,3.14,0.00,8.50,2.73,23.1,101.3,4.40,12.50,0.000,69.0,46.0,1,0,0,0,0,0,0,NONE,,RPM:486bd1410c0000d1 TPS:486bd1411108de ADV:486bd1410e9164 MIL:486bd1410100000000c6
1789375717.8102,36.740,0.0,0.0,3.14,0.00,8.50,2.73,23.1,101.3,4.40,12.50,0.000,69.0,46.0,1,0,0,0,0,0,0,NONE,,RPM:486bd1410c0000d1 TPS:486bd1411108de ADV:486bd1410e9164 MIL:486bd1410100000000c6
1789375718.0964,37.026,0.0,0.0,3.14,0.00,8.50,2.73,23.1,101.3,4.40,12.50,0.000,69.0,46.0,1,0,0,0,0,0,0,NONE,,RPM:486bd1410c0000d1 TPS:486bd1411108de ADV:486bd1410e9164 MIL:486bd1410100000000c6
1789375718.5576,37.487,0.0,0.0,3.14,0.00,8.50,2.73,23.1,101.3,4.40,12.50,0.000,69.0,46.0,1,0,0,0,0,0,0,NONE,,RPM:486bd1410c0000d1 TPS:486bd1411108de ADV:486bd1410e9164 MIL:486bd1410100000000c6
1789375718.8492,37.779,0.0,0.0,3.14,0.00,8.50,2.73,23.1,101.3,4.40,12.50,0.000,69.0,46.0,1,0,0,0,0,0,0,NONE,,RPM:486bd1410c0000d1 TPS:486bd1411108de ADV:486bd1410e9164 MIL:486bd1410100000000c6
1789375719.1270,38.057,0.0,0.0,3.14,0.00,8.50,2.73,23.1,101.3,4.40,12.50,0.000,69.0,46.0,1,0,0,0,0,0,0,NONE,,RPM:486bd1410c0000d1 TPS:486bd1411108de ADV:486bd1410e9164 MIL:486bd1410100000000c6
1789375719.4198,38.350,0.0,0.0,3.14,0.00,8.50,2.73,23.1,101.3,4.40,12.50,0.000,69.0,46.0,1,0,0,0,0,0,0,NONE,,RPM:486bd1410c0000d1 TPS:486bd1411108de ADV:486bd1410e9164 MIL:486bd1410100000000c6
1789375719.8599,38.790,0.0,0.0,3.14,0.00,8.50,2.73,23.1,101.3,4.40,12.50,0.000,69.0,46.0,1,0,0,0,0,0,0,NONE,,RPM:486bd1410c0000d1 TPS:486bd1411108de ADV:486bd1410e9164 MIL:486bd1410100000000c6
1789375720.1615,39.091,0.0,0.0,3.14,0.00,8.50,2.73,23.1,101.3,4.40,12.50,0.000,69.0,46.0,1,0,0,0,0,0,0,NONE,,RPM:486bd1410c0000d1 TPS:486bd1411108de ADV:486bd1410e9164 MIL:486bd1410100000000c6
1789375720.6125,39.542,0.0,0.0,3.14,0.00,8.50,2.73,23.1,101.3,4.40,12.50,0.000,69.0,46.0,1,0,0,0,0,0,0,NONE,,RPM:486bd1410c0000d1 TPS:486bd1411108de ADV:486bd1410e9164 MIL:486bd1410100000000c6
1789375720.8777,39.807,0.0,0.0,3.14,0.00,8.50,2.73,23.1,101.3,4.40,12.50,0.000,69.0,46.0,1,0,0,0,0,0,0,NONE,,RPM:486bd1410c0000d1 TPS:486bd1411108de ADV:486bd1410e9164 MIL:486bd1410100000000c6
1789375721.1819,40.112,0.0,0.0,3.14,0.00,8.50,2.73,23.1,101.3,4.40,12.50,0.000,69.0,46.0,1,0,0,0,0,0,0,NONE,,RPM:486bd1410c0000d1 TPS:486bd1411108de ADV:486bd1410e9164 MIL:486bd1410100000000c6
1789375721.4654,40.395,0.0,0.0,3.14,0.00,8.50,2.73,23.1,101.3,4.40,12.50,0.000,69.0,46.0,1,0,0,0,0,0,0,NONE,,RPM:486bd1410c0000d1 TPS:486bd1411108de ADV:486bd1410e9164 MIL:486bd1410100000000c6
1789375721.7603,40.690,0.0,0.0,3.14,0.00,8.50,2.73,23.1,101.3,4.40,12.50,0.000,69.0,46.0,1,0,0,0,0,0,0,NONE,,RPM:486bd1410c0000d1 TPS:486bd1411108de ADV:486bd1410e9164 MIL:486bd1410100000000c6
1789375722.0293,40.959,0.0,0.0,3.14,0.00,8.50,2.73,23.1,101.3,4.40,12.50,0.000,69.0,46.0,1,0,0,0,0,0,0,NONE,,RPM:486bd1410c0000d1 TPS:486bd1411108de ADV:486bd1410e9164 MIL:486bd1410100000000c6
1789375722.4828,41.413,0.0,0.0,3.14,0.00,8.50,2.73,23.1,101.3,4.40,12.50,0.000,69.0,46.0,1,0,0,0,0,0,0,NONE,,RPM:486bd1410c0000d1 TPS:486bd1411108de ADV:486bd1410e9164 MIL:486bd1410100000000c6
1789375722.7869,41.717,0.0,0.0,3.14,0.00,8.50,2.73,23.1,101.3,4.40,12.50,0.000,69.0,46.0,1,0,0,0,0,0,0,NONE,,RPM:486bd1410c0000d1 TPS:486bd1411108de ADV:486bd1410e9164 MIL:486bd1410100000000c6
1789375723.0520,41.982,0.0,0.0,3.14,0.00,8.50,2.73,23.1,101.3,4.40,12.50,0.000,69.0,46.0,1,0,0,0,0,0,0,NONE,,RPM:486bd1410c0000d1 TPS:486bd1411108de ADV:486bd1410e9164 MIL:486bd1410100000000c6
1789375723.3244,42.254,0.0,0.0,3.14,0.00,8.50,2.73,23.1,101.3,4.40,12.50,0.000,69.0,46.0,1,0,0,0,0,0,0,NONE,,RPM:486bd1410c0000d1 TPS:486bd1411108de ADV:486bd1410e9164 MIL:486bd1410100000000c6
1789375723.7827,42.713,0.0,0.0,3.14,0.00,8.50,2.73,23.1,101.3,4.40,12.50,0.000,69.0,46.0,1,0,0,0,0,0,0,NONE,,RPM:486bd1410c0000d1 TPS:486bd1411108de ADV:486bd1410e9164 MIL:486bd1410100000000c6
1789375724.0591,42.989,0.0,0.0,3.14,0.00,8.50,2.73,23.1,101.3,4.40,12.50,0.000,69.0,46.0,1,0,0,0,0,0,0,NONE,,RPM:486bd1410c0000d1 TPS:486bd1411108de ADV:486bd1410e9164 MIL:486bd1410100000000c6
1789375724.5170,43.447,0.0,0.0,3.14,0.00,8.50,2.73,23.1,101.3,4.40,12.50,0.000,69.0,46.0,1,0,0,0,0,0,0,NONE,,RPM:486bd1410c0000d1 TPS:486bd1411108de ADV:486bd1410e9164 MIL:486bd1410100000000c6
1789375724.7778,43.708,0.0,0.0,3.14,0.00,8.50,2.73,23.1,101.3,4.40,12.50,0.000,69.0,46.0,1,0,0,0,0,0,0,NONE,,RPM:486bd1410c0000d1 TPS:486bd1411108de ADV:486bd1410e9164 MIL:486bd1410100000000c6
1789375725.1013,44.031,0.0,0.0,3.14,0.00,8.50,2.73,23.1,101.3,4.40,12.50,0.000,69.0,46.0,1,0,0,0,0,0,0,NONE,,RPM:486bd1410c0000d1 TPS:486bd1411108de ADV:486bd1410e9164 MIL:486bd1410100000000c6
1789375725.4062,44.336,0.0,0.0,3.14,0.00,8.50,2.73,23.1,101.3,4.40,12.50,0.000,69.0,46.0,1,0,0,0,0,0,0,NONE,,RPM:486bd1410c0000d1 TPS:486bd1411108de ADV:486bd1410e9164 MIL:486bd1410100000000c6
1789375725.7058,44.636,0.0,0.0,3.14,0.00,8.50,2.73,23.1,101.3,4.40,12.50,0.000,69.0,46.0,1,0,0,0,0,0,0,NONE,,RPM:486bd1410c0000d1 TPS:486bd1411108de ADV:486bd1410e9164 MIL:486bd1410100000000c6
1789375726.0204,44.950,0.0,0.0,3.14,0.00,8.50,2.73,23.1,101.3,4.40,12.50,0.000,69.0,46.0,1,0,0,0,0,0,0,NONE,,RPM:486bd1410c0000d1 TPS:486bd1411108de ADV:486bd1410e9164 MIL:486bd1410100000000c6
1789375726.4589,45.389,0.0,0.0,3.14,0.00,8.50,2.73,23.1,101.3,4.40,12.50,0.000,69.0,46.0,1,0,0,0,0,0,0,NONE,,RPM:486bd1410c0000d1 TPS:486bd1411108de ADV:486bd1410e9164 MIL:486bd1410100000000c6
1789375726.7769,45.707,0.0,0.0,3.14,0.00,8.50,2.73,23.1,101.3,4.40,12.50,0.000,69.0,46.0,1,0,0,0,0,0,0,NONE,,RPM:486bd1410c0000d1 TPS:486bd1411108de ADV:486bd1410e9164 MIL:486bd1410100000000c6
1789375727.0474,45.977,0.0,0.0,3.14,0.00,8.50,2.73,23.1,101.3,4.40,12.50,0.000,69.0,46.0,1,0,0,0,0,0,0,NONE,,RPM:486bd1410c0000d1 TPS:486bd1411108de ADV:486bd1410e9164 MIL:486bd1410100000000c6
1789375727.3198,46.250,0.0,0.0,3.14,0.00,8.50,2.73,23.1,101.3,4.40,12.50,0.000,69.0,46.0,1,0,0,0,0,0,0,NONE,,RPM:486bd1410c0000d1 TPS:486bd1411108de ADV:486bd1410e9164 MIL:486bd1410100000000c6
1789375727.7629,46.693,0.0,0.0,3.14,0.00,8.50,2.73,23.1,101.3,4.40,12.50,0.000,69.0,46.0,1,0,0,0,0,0,0,NONE,,RPM:486bd1410c0000d1 TPS:486bd1411108de ADV:486bd1410e9164 MIL:486bd1410100000000c6
1789375728.0701,47.000,0.0,0.0,3.14,0.00,8.50,2.73,23.1,101.3,4.40,12.50,0.000,69.0,46.0,1,0,0,0,0,0,0,NONE,,RPM:486bd1410c0000d1 TPS:486bd1411108de ADV:486bd1410e9164 MIL:486bd1410100000000c6
1789375728.5055,47.435,0.0,0.0,3.14,0.00,8.50,2.73,23.1,101.3,4.40,12.50,0.000,69.0,46.0,1,0,0,0,0,0,0,NONE,,RPM:486bd1410c0000d1 TPS:486bd1411108de ADV:486bd1410e9164 MIL:486bd1410100000000c6
1789375728.8063,47.736,0.0,0.0,3.14,0.00,8.50,2.73,23.1,101.3,4.40,12.50,0.000,69.0,46.0,1,0,0,0,0,0,0,NONE,,RPM:486bd1410c0000d1 TPS:486bd1411108de ADV:486bd1410e9164 MIL:486bd1410100000000c6
1789375729.0939,48.024,0.0,0.0,3.14,0.00,8.50,2.73,23.1,101.3,4.40,12.50,0.000,69.0,46.0,1,0,0,0,0,0,0,NONE,,RPM:486bd1410c0000d1 TPS:486bd1411108de ADV:486bd1410e9164 MIL:486bd1410100000000c6
1789375729.3822,48.312,0.0,0.0,3.14,0.00,8.50,2.73,23.1,101.3,4.40,12.50,0.000,69.0,46.0,1,0,0,0,0,0,0,NONE,,RPM:486bd1410c0000d1 TPS:486bd1411108de ADV:486bd1410e9164 MIL:486bd1410100000000c6
1789375729.6535,48.583,0.0,0.0,3.14,0.00,8.50,2.73,23.1,101.3,4.40,12.50,0.000,69.0,46.0,1,0,0,0,0,0,0,NONE,,RPM:486bd1410c0000d1 TPS:486bd1411108de ADV:486bd1410e9164 MIL:486bd1410100000000c6
1789375729.9256,48.855,0.0,0.0,3.14,0.00,8.50,2.73,23.1,101.3,4.40,12.50,0.000,69.0,46.0,1,0,0,0,0,0,0,NONE,,RPM:486bd1410c0000d1 TPS:486bd1411108de ADV:486bd1410e9164 MIL:486bd1410100000000c6
1789375730.3527,49.282,0.0,0.0,3.14,0.00,8.50,2.73,23.1,101.3,4.40,12.50,0.000,69.0,46.0,1,0,0,0,0,0,0,NONE,,RPM:486bd1410c0000d1 TPS:486bd1411108de ADV:486bd1410e9164 MIL:486bd1410100000000c6
1789375730.6887,49.619,0.0,0.0,3.14,0.00,8.50,2.73,23.1,101.3,4.40,12.50,0.000,69.0,46.0,1,0,0,0,0,0,0,NONE,,RPM:486bd1410c0000d1 TPS:486bd1411108de ADV:486bd1410e9164 MIL:486bd1410100000000c6
1789375730.9700,49.900,0.0,0.0,3.14,0.00,8.50,2.73,23.1,101.3,4.40,12.50,0.000,69.0,46.0,1,0,0,0,0,0,0,NONE,,RPM:486bd1410c0000d1 TPS:486bd1411108de ADV:486bd1410e9164 MIL:486bd1410100000000c6
1789375731.2530,50.183,0.0,0.0,3.14,0.00,8.50,2.73,23.1,101.3,4.40,12.50,0.000,69.0,46.0,1,0,0,0,0,0,0,NONE,,RPM:486bd1410c0000d1 TPS:486bd1411108de ADV:486bd1410e9164 MIL:486bd1410100000000c6
1789375731.6878,50.618,0.0,0.0,3.14,0.00,8.50,2.73,23.1,101.3,4.40,12.50,0.000,69.0,46.0,1,0,0,0,0,0,0,NONE,,RPM:486bd1410c0000d1 TPS:486bd1411108de ADV:486bd1410e9164 MIL:486bd1410100000000c6
1789375732.0197,50.950,0.0,0.0,3.14,0.00,8.50,2.73,23.1,101.3,4.40,12.50,0.000,69.0,46.0,1,0,0,0,0,0,0,NONE,,RPM:486bd1410c0000d1 TPS:486bd1411108de ADV:486bd1410e9164 MIL:486bd1410100000000c6
1789375732.4841,51.414,0.0,0.0,3.14,0.00,8.50,2.73,23.1,101.3,4.40,12.50,0.000,69.0,46.0,1,0,0,0,0,0,0,NONE,,RPM:486bd1410c0000d1 TPS:486bd1411108de ADV:486bd1410e9164 MIL:486bd1410100000000c6
1789375732.7540,51.684,0.0,0.0,3.14,0.00,8.50,2.73,23.1,101.3,4.40,12.50,0.000,69.0,46.0,1,0,0,0,0,0,0,NONE,,RPM:486bd1410c0000d1 TPS:486bd1411108de ADV:486bd1410e9164 MIL:486bd1410100000000c6
1789375733.0250,51.955,0.0,0.0,3.14,0.00,8.50,2.73,23.1,101.3,4.40,12.50,0.000,69.0,46.0,1,0,0,0,0,0,0,NONE,,RPM:486bd1410c0000d1 TPS:486bd1411108de ADV:486bd1410e9164 MIL:486bd1410100000000c6
1789375733.3149,52.245,0.0,0.0,3.14,0.00,8.50,2.73,23.1,101.3,4.40,12.50,0.000,69.0,46.0,1,0,0,0,0,0,0,NONE,,RPM:486bd1410c0000d1 TPS:486bd1411108de ADV:486bd1410e9164 MIL:486bd1410100000000c6
1789375733.5857,52.515,0.0,0.0,3.14,0.00,8.50,2.73,23.1,101.3,4.40,12.50,0.000,69.0,46.0,1,0,0,0,0,0,0,NONE,,RPM:486bd1410c0000d1 TPS:486bd1411108de ADV:486bd1410e9164 MIL:486bd1410100000000c6
1789375733.8576,52.787,0.0,0.0,3.14,0.00,8.50,2.73,23.1,101.3,4.40,12.50,0.000,69.0,46.0,1,0,0,0,0,0,0,NONE,,RPM:486bd1410c0000d1 TPS:486bd1411108de ADV:486bd1410e9164 MIL:486bd1410100000000c6
1789375734.2944,53.224,0.0,0.0,3.14,0.00,8.50,2.73,23.1,101.3,4.40,12.50,0.000,69.0,46.0,1,0,0,0,0,0,0,NONE,,RPM:486bd1410c0000d1 TPS:486bd1411108de ADV:486bd1410e9164 MIL:486bd1410100000000c6
1789375734.5603,53.490,0.0,0.0,3.14,0.00,8.50,2.73,23.1,101.3,4.40,12.50,0.000,69.0,46.0,1,0,0,0,0,0,0,NONE,,RPM:486bd1410c0000d1 TPS:486bd1411108de ADV:486bd1410e9164 MIL:486bd1410100000000c6
1789375734.8646,53.794,0.0,0.0,3.14,0.00,8.50,2.73,23.1,101.3,4.40,12.50,0.000,69.0,46.0,1,0,0,0,0,0,0,NONE,,RPM:486bd1410c0000d1 TPS:486bd1411108de ADV:486bd1410e9164 MIL:486bd1410100000000c6
1789375735.1430,54.073,0.0,0.0,3.14,0.00,8.50,2.73,23.1,101.3,4.40,12.50,0.000,69.0,46.0,1,0,0,0,0,0,0,NONE,,RPM:486bd1410c0000d1 TPS:486bd1411108de ADV:486bd1410e9164 MIL:486bd1410100000000c6
1789375735.5951,54.525,0.0,0.0,3.14,0.00,8.50,2.73,23.1,101.3,4.40,12.50,0.000,69.0,46.0,1,0,0,0,0,0,0,NONE,,RPM:486bd1410c0000d1 TPS:486bd1411108de ADV:486bd1410e9164 MIL:486bd1410100000000c6
1789375735.8713,54.801,0.0,0.0,3.14,0.00,8.50,2.73,23.1,101.3,4.40,12.50,0.000,69.0,46.0,1,0,0,0,0,0,0,NONE,,RPM:486bd1410c0000d1 TPS:486bd1411108de ADV:486bd1410e9164 MIL:486bd1410100000000c6
1789375736.3601,55.290,0.0,0.0,3.14,0.00,8.50,2.73,23.1,101.3,4.40,12.50,0.000,69.0,46.0,1,0,0,0,0,0,0,NONE,,RPM:486bd1410c0000d1 TPS:486bd1411108de ADV:486bd1410e9164 MIL:486bd1410100000000c6
1789375736.6380,55.568,0.0,0.0,3.14,0.00,8.50,2.73,23.1,101.3,4.40,12.50,0.000,69.0,46.0,1,0,0,0,0,0,0,NONE,,RPM:486bd1410c0000d1 TPS:486bd1411108de ADV:486bd1410e9164 MIL:486bd1410100000000c6
1789375736.9420,55.872,0.0,0.0,3.14,0.00,8.50,2.73,23.1,101.3,4.40,12.50,0.000,69.0,46.0,1,0,0,0,0,0,0,NONE,,RPM:486bd1410c0000d1 TPS:486bd1411108de ADV:486bd1410e9164 MIL:486bd1410100000000c6
1789375737.2454,56.175,0.0,0.0,3.14,0.00,8.50,2.73,23.1,101.3,4.40,12.50,0.000,69.0,46.0,1,0,0,0,0,0,0,NONE,,RPM:486bd1410c0000d1 TPS:486bd1411108de ADV:486bd1410e9164 MIL:486bd1410100000000c6
1789375737.5322,56.462,0.0,0.0,3.14,0.00,8.50,2.73,23.1,101.3,4.40,12.50,0.000,69.0,46.0,1,0,0,0,0,0,0,NONE,,RPM:486bd1410c0000d1 TPS:486bd1411108de ADV:486bd1410e9164 MIL:486bd1410100000000c6
1789375737.8372,56.767,0.0,0.0,3.14,0.00,8.50,2.73,23.1,101.3,4.40,12.50,0.000,69.0,46.0,1,0,0,0,0,0,0,NONE,,RPM:486bd1410c0000d1 TPS:486bd1411108de ADV:486bd1410e9164 MIL:486bd1410100000000c6
1789375738.2722,57.202,0.0,0.0,3.14,0.00,8.50,2.73,23.1,101.3,4.40,12.50,0.000,69.0,46.0,1,0,0,0,0,0,0,NONE,,RPM:486bd1410c0000d1 TPS:486bd1411108de ADV:486bd1410e9164 MIL:486bd1410100000000c6
1789375738.5780,57.508,0.0,0.0,3.14,0.00,8.50,2.73,23.1,101.3,4.40,12.50,0.000,69.0,46.0,1,0,0,0,0,0,0,NONE,,RPM:486bd1410c0000d1 TPS:486bd1411108de ADV:486bd1410e9164 MIL:486bd1410100000000c6
1789375738.8435,57.773,0.0,0.0,3.14,0.00,8.50,2.73,23.1,101.3,4.40,12.50,0.000,69.0,46.0,1,0,0,0,0,0,0,NONE,,RPM:486bd1410c0000d1 TPS:486bd1411108de ADV:486bd1410e9164 MIL:486bd1410100000000c6
1789375739.1316,58.061,0.0,0.0,3.14,0.00,8.50,2.73,23.1,101.3,4.40,12.50,0.000,69.0,46.0,1,0,0,0,0,0,0,NONE,,RPM:486bd1410c0000d1 TPS:486bd1411108de ADV:486bd1410e9164 MIL:486bd1410100000000c6
1789375739.5808,58.511,0.0,0.0,3.14,0.00,8.50,2.73,23.1,101.3,4.40,12.50,0.000,69.0,46.0,1,0,0,0,0,0,0,NONE,,RPM:486bd1410c0000d1 TPS:486bd1411108de ADV:486bd1410e9164 MIL:486bd1410100000000c6
1789375739.8498,58.780,0.0,0.0,3.14,0.00,8.50,2.73,23.1,101.3,4.40,12.50,0.000,69.0,46.0,1,0,0,0,0,0,0,NONE,,RPM:486bd1410c0000d1 TPS:486bd1411108de ADV:486bd1410e9164 MIL:486bd1410100000000c6
1789375740.3627,59.292,0.0,0.0,3.14,0.00,8.50,2.73,23.1,101.3,4.40,12.50,0.000,69.0,46.0,1,0,0,0,0,0,0,NONE,,RPM:486bd1410c0000d1 TPS:486bd1411108de ADV:486bd1410e9164 MIL:486bd1410100000000c6
1789375740.6345,59.564,0.0,0.0,3.14,0.00,8.50,2.73,23.1,101.3,4.40,12.50,0.000,69.0,46.0,1,0,0,0,0,0,0,NONE,,RPM:486bd1410c0000d1 TPS:486bd1411108de ADV:486bd1410e9164 MIL:486bd1410100000000c6
1789375740.9240,59.854,0.0,0.0,3.14,0.00,8.50,2.73,23.1,101.3,4.40,12.50,0.000,69.0,46.0,1,0,0,0,0,0,0,NONE,,RPM:486bd1410c0000d1 TPS:486bd1411108de ADV:486bd1410e9164 MIL:486bd1410100000000c6
1789375741.2014,60.131,0.0,0.0,3.14,0.00,8.50,2.73,23.1,101.3,4.40,12.50,0.000,69.0,46.0,1,0,0,0,0,0,0,NONE,,RPM:486bd1410c0000d1 TPS:486bd1411108de ADV:486bd1410e9164 MIL:486bd1410100000000c6
1789375741.4971,60.427,0.0,0.0,3.14,0.00,8.50,2.73,23.1,101.3,4.40,12.50,0.000,69.0,46.0,1,0,0,0,0,0,0,NONE,,RPM:486bd1410c0000d1 TPS:486bd1411108de ADV:486bd1410e9164 MIL:486bd1410100000000c6
1789375741.7685,60.698,0.0,0.0,3.14,0.00,8.50,2.73,23.1,101.3,4.40,12.50,0.000,69.0,46.0,1,0,0,0,0,0,0,NONE,,RPM:486bd1410c0000d1 TPS:486bd1411108de ADV:486bd1410e9164 MIL:486bd1410100000000c6
1789375742.2634,61.193,0.0,0.0,3.14,0.00,8.50,2.73,23.1,101.3,4.40,12.50,0.000,69.0,46.0,1,0,0,0,0,0,0,NONE,,RPM:486bd1410c0000d1 TPS:486bd1411108de ADV:486bd1410e9164 MIL:486bd1410100000000c6
1789375742.5363,61.466,0.0,0.0,3.14,0.00,8.50,2.73,23.1,101.3,4.40,12.50,0.000,69.0,46.0,1,0,0,0,0,0,0,NONE,,RPM:486bd1410c0000d1 TPS:486bd1411108de ADV:486bd1410e9164 MIL:486bd1410100000000c6
1789375742.8553,61.785,0.0,0.0,3.14,0.00,8.50,2.73,23.1,101.3,4.40,12.50,0.000,69.0,46.0,1,0,0,0,0,0,0,NONE,,RPM:486bd1410c0000d1 TPS:486bd1411108de ADV:486bd1410e9164 MIL:486bd1410100000000c6
1789375743.1273,62.057,0.0,0.0,3.14,0.00,8.50,2.73,23.1,101.3,4.40,12.50,0.000,69.0,46.0,1,0,0,0,0,0,0,NONE,,RPM:486bd1410c0000d1 TPS:486bd1411108de ADV:486bd1410e9164 MIL:486bd1410100000000c6
1789375743.5965,62.526,0.0,0.0,3.14,0.00,8.50,2.73,23.1,101.3,4.40,12.50,0.000,69.0,46.0,1,0,0,0,0,0,0,NONE,,RPM:486bd1410c0000d1 TPS:486bd1411108de ADV:486bd1410e9164 MIL:486bd1410100000000c6
1789375743.8793,62.809,0.0,0.0,3.14,0.00,8.50,2.73,23.1,101.3,4.40,12.50,0.000,69.0,46.0,1,0,0,0,0,0,0,NONE,,RPM:486bd1410c0000d1 TPS:486bd1411108de ADV:486bd1410e9164 MIL:486bd1410100000000c6
1789375744.3398,63.270,0.0,0.0,3.14,0.00,8.50,2.73,23.1,101.3,4.40,12.50,0.000,69.0,46.0,1,0,0,0,0,0,0,NONE,,RPM:486bd1410c0000d1 TPS:486bd1411108de ADV:486bd1410e9164 MIL:486bd1410100000000c6
1789375744.6140,63.544,0.0,0.0,3.14,0.00,8.50,2.73,23.1,101.3,4.40,12.50,0.000,69.0,46.0,1,0,0,0,0,0,0,NONE,,RPM:486bd1410c0000d1 TPS:486bd1411108de ADV:486bd1410e9164 MIL:486bd1410100000000c6
1789375744.9268,63.857,0.0,0.0,3.14,0.00,8.50,2.73,23.1,101.3,4.40,12.50,0.000,69.0,46.0,1,0,0,0,0,0,0,NONE,,RPM:486bd1410c0000d1 TPS:486bd1411108de ADV:486bd1410e9164 MIL:486bd1410100000000c6
1789375745.2355,64.165,0.0,0.0,3.14,0.00,8.50,2.73,23.1,101.3,4.40,12.50,0.000,69.0,46.0,1,0,0,0,0,0,0,NONE,,RPM:486bd1410c0000d1 TPS:486bd1411108de ADV:486bd1410e9164 MIL:486bd1410100000000c6
1789375745.5090,64.439,0.0,0.0,3.14,0.00,8.50,2.73,23.1,101.3,4.40,12.50,0.000,69.0,46.0,1,0,0,0,0,0,0,NONE,,RPM:486bd1410c0000d1 TPS:486bd1411108de ADV:486bd1410e9164 MIL:486bd1410100000000c6
1789375745.8133,64.743,0.0,0.0,3.14,0.00,8.50,2.73,23.1,101.3,4.40,12.50,0.000,69.0,46.0,1,0,0,0,0,0,0,NONE,,RPM:486bd1410c0000d1 TPS:486bd1411108de ADV:486bd1410e9164 MIL:486bd1410100000000c6
1789375746.2513,65.181,0.0,0.0,3.14,0.00,8.50,2.73,23.1,101.3,4.40,12.50,0.000,69.0,46.0,1,0,0,0,0,0,0,NONE,,RPM:486bd1410c0000d1 TPS:486bd1411108de ADV:486bd1410e9164 MIL:486bd1410100000000c6
1789375746.5633,65.493,0.0,0.0,3.14,0.00,8.50,2.73,23.1,101.3,4.40,12.50,0.000,69.0,46.0,1,0,0,0,0,0,0,NONE,,RPM:486bd1410c0000d1 TPS:486bd1411108de ADV:486bd1410e9164 MIL:486bd1410100000000c6
1789375746.8351,65.765,0.0,0.0,3.14,0.00,8.50,2.73,23.1,101.3,4.40,12.50,0.000,69.0,46.0,1,0,0,0,0,0,0,NONE,,RPM:486bd1410c0000d1 TPS:486bd1411108de ADV:486bd1410e9164 MIL:486bd1410100000000c6
1789375747.1238,66.054,0.0,0.0,3.14,0.00,8.50,2.73,23.1,101.3,4.40,12.50,0.000,69.0,46.0,1,0,0,0,0,0,0,NONE,,RPM:486bd1410c0000d1 TPS:486bd1411108de ADV:486bd1410e9164 MIL:486bd1410100000000c6
1789375747.5857,66.516,0.0,0.0,3.14,0.00,8.50,2.73,23.1,101.3,4.40,12.50,0.000,69.0,46.0,1,0,0,0,0,0,0,NONE,,RPM:486bd1410c0000d1 TPS:486bd1411108de ADV:486bd1410e9164 MIL:486bd1410100000000c6
1789375747.8584,66.788,0.0,0.0,3.14,0.00,8.50,2.73,23.1,101.3,4.40,12.50,0.000,69.0,46.0,1,0,0,0,0,0,0,NONE,,RPM:486bd1410c0000d1 TPS:486bd1411108de ADV:486bd1410e9164 MIL:486bd1410100000000c6
1789375748.2874,67.217,0.0,0.0,3.14,0.00,8.50,2.73,23.1,101.3,4.40,12.50,0.000,69.0,46.0,1,0,0,0,0,0,0,NONE,,RPM:486bd1410c0000d1 TPS:486bd1411108de ADV:486bd1410e9164 MIL:486bd1410100000000c6
1789375748.5942,67.524,0.0,0.0,3.14,0.00,8.50,2.73,23.1,101.3,4.40,12.50,0.000,69.0,46.0,1,0,0,0,0,0,0,NONE,,RPM:486bd1410c0000d1 TPS:486bd1411108de ADV:486bd1410e9164 MIL:486bd1410100000000c6
1789375748.8656,67.795,0.0,0.0,3.14,0.00,8.50,2.73,23.1,101.3,4.40,12.50,0.000,69.0,46.0,1,0,0,0,0,0,0,NONE,,RPM:486bd1410c0000d1 TPS:486bd1411108de ADV:486bd1410e9164 MIL:486bd1410100000000c6
1789375749.1722,68.102,0.0,0.0,3.14,0.00,8.50,2.73,23.1,101.3,4.40,12.50,0.000,69.0,46.0,1,0,0,0,0,0,0,NONE,,RPM:486bd1410c0000d1 TPS:486bd1411108de ADV:486bd1410e9164 MIL:486bd1410100000000c6
1789375749.4432,68.373,0.0,0.0,3.14,0.00,8.50,2.73,23.1,101.3,4.40,12.50,0.000,69.0,46.0,1,0,0,0,0,0,0,NONE,,RPM:486bd1410c0000d1 TPS:486bd1411108de ADV:486bd1410e9164 MIL:486bd1410100000000c6
1789375749.7135,68.643,0.0,0.0,3.14,0.00,8.50,2.73,23.1,101.3,4.40,12.50,0.000,69.0,46.0,1,0,0,0,0,0,0,NONE,,RPM:486bd1410c0000d1 TPS:486bd1411108de ADV:486bd1410e9164 MIL:486bd1410100000000c6
1789375750.2041,69.134,0.0,0.0,3.14,0.00,8.50,2.73,23.1,101.3,4.40,12.50,0.000,69.0,46.0,1,0,0,0,0,0,0,NONE,,RPM:486bd1410c0000d1 TPS:486bd1411108de ADV:486bd1410e9164 MIL:486bd1410100000000c6
1789375750.4778,69.408,0.0,0.0,3.14,0.00,8.50,2.73,23.1,101.3,4.40,12.50,0.000,69.0,46.0,1,0,0,0,0,0,0,NONE,,RPM:486bd1410c0000d1 TPS:486bd1411108de ADV:486bd1410e9164 MIL:486bd1410100000000c6
1789375750.7566,69.686,0.0,0.0,3.14,0.00,8.50,2.73,23.1,101.3,4.40,12.50,0.000,69.0,46.0,1,0,0,0,0,0,0,NONE,,RPM:486bd1410c0000d1 TPS:486bd1411108de ADV:486bd1410e9164 MIL:486bd1410100000000c6
1789375751.0232,69.953,0.0,0.0,3.14,0.00,8.50,2.73,23.1,101.3,4.40,12.50,0.000,69.0,46.0,1,0,0,0,0,0,0,NONE,,RPM:486bd1410c0000d1 TPS:486bd1411108de ADV:486bd1410e9164 MIL:486bd1410100000000c6
1789375751.4635,70.393,0.0,0.0,3.14,0.00,8.50,2.73,23.1,101.3,4.40,12.50,0.000,69.0,46.0,1,0,0,0,0,0,0,NONE,,RPM:486bd1410c0000d1 TPS:486bd1411108de ADV:486bd1410e9164 MIL:486bd1410100000000c6
1789375751.7736,70.703,0.0,0.0,3.14,0.00,8.50,2.73,23.1,101.3,4.40,12.50,0.000,69.0,46.0,1,0,0,0,0,0,0,NONE,,RPM:486bd1410c0000d1 TPS:486bd1411108de ADV:486bd1410e9164 MIL:486bd1410100000000c6
1789375752.2241,71.154,0.0,0.0,3.14,0.00,8.50,2.73,23.1,101.3,4.40,12.50,0.000,69.0,46.0,1,0,0,0,0,0,0,NONE,,RPM:486bd1410c0000d1 TPS:486bd1411108de ADV:486bd1410e9164 MIL:486bd1410100000000c6
1789375752.4944,71.424,0.0,0.0,3.14,0.00,8.50,2.73,23.1,101.3,4.40,12.50,0.000,69.0,46.0,1,0,0,0,0,0,0,NONE,,RPM:486bd1410c0000d1 TPS:486bd1411108de ADV:486bd1410e9164 MIL:486bd1410100000000c6
1789375752.7978,71.728,0.0,0.0,3.14,0.00,8.50,2.73,23.1,101.3,4.40,12.50,0.000,69.0,46.0,1,0,0,0,0,0,0,NONE,,RPM:486bd1410c0000d1 TPS:486bd1411108de ADV:486bd1410e9164 MIL:486bd1410100000000c6
1789375753.0965,72.026,0.0,0.0,3.14,0.00,8.50,2.73,23.1,101.3,4.40,12.50,0.000,69.0,46.0,1,0,0,0,0,0,0,NONE,,RPM:486bd1410c0000d1 TPS:486bd1411108de ADV:486bd1410e9164 MIL:486bd1410100000000c6
1789375753.4085,72.338,0.0,0.0,3.14,0.00,8.50,2.73,23.1,101.3,4.40,12.50,0.000,69.0,46.0,1,0,0,0,0,0,0,NONE,,RPM:486bd1410c0000d1 TPS:486bd1411108de ADV:486bd1410e9164 MIL:486bd1410100000000c6
1789375753.6846,72.614,0.0,0.0,3.14,0.00,8.50,2.73,23.1,101.3,4.40,12.50,0.000,69.0,46.0,1,0,0,0,0,0,0,NONE,,RPM:486bd1410c0000d1 TPS:486bd1411108de ADV:486bd1410e9164 MIL:486bd1410100000000c6
1789375754.1771,73.107,0.0,0.0,3.14,0.00,8.50,2.73,23.1,101.3,4.40,12.50,0.000,69.0,46.0,1,0,0,0,0,0,0,NONE,,RPM:486bd1410c0000d1 TPS:486bd1411108de ADV:486bd1410e9164 MIL:486bd1410100000000c6
1789375754.4909,73.421,0.0,0.0,3.14,0.00,8.50,2.73,23.1,101.3,4.40,12.50,0.000,69.0,46.0,1,0,0,0,0,0,0,NONE,,RPM:486bd1410c0000d1 TPS:486bd1411108de ADV:486bd1410e9164 MIL:486bd1410100000000c6
1789375754.7629,73.693,0.0,0.0,3.14,0.00,8.50,2.73,23.1,101.3,4.40,12.50,0.000,69.0,46.0,1,0,0,0,0,0,0,NONE,,RPM:486bd1410c0000d1 TPS:486bd1411108de ADV:486bd1410e9164 MIL:486bd1410100000000c6
1789375755.0518,73.982,0.0,0.0,3.14,0.00,8.50,2.73,23.1,101.3,4.40,12.50,0.000,69.0,46.0,1,0,0,0,0,0,0,NONE,,RPM:486bd1410c0000d1 TPS:486bd1411108de ADV:486bd1410e9164 MIL:486bd1410100000000c6
1789375755.5004,74.430,0.0,0.0,3.14,0.00,8.50,2.73,23.1,101.3,4.40,12.50,0.000,69.0,46.0,1,0,0,0,0,0,0,NONE,,RPM:486bd1410c0000d1 TPS:486bd1411108de ADV:486bd1410e9164 MIL:486bd1410100000000c6
1789375755.8138,74.744,0.0,0.0,3.14,0.00,8.50,2.73,23.1,101.3,4.40,12.50,0.000,69.0,46.0,1,0,0,0,0,0,0,NONE,,RPM:486bd1410c0000d1 TPS:486bd1411108de ADV:486bd1410e9164 MIL:486bd1410100000000c6
1789375756.2772,75.207,0.0,0.0,3.14,0.00,8.50,2.73,23.1,101.3,4.40,12.50,0.000,69.0,46.0,1,0,0,0,0,0,0,NONE,,RPM:486bd1410c0000d1 TPS:486bd1411108de ADV:486bd1410e9164 MIL:486bd1410100000000c6
1789375756.5596,75.489,0.0,0.0,3.14,0.00,8.50,2.73,23.1,101.3,4.40,12.50,0.000,69.0,46.0,1,0,0,0,0,0,0,NONE,,RPM:486bd1410c0000d1 TPS:486bd1411108de ADV:486bd1410e9164 MIL:486bd1410100000000c6
1789375756.8602,75.790,0.0,0.0,3.14,0.00,8.50,2.73,23.1,101.3,4.40,12.50,0.000,69.0,46.0,1,0,0,0,0,0,0,NONE,,RPM:486bd1410c0000d1 TPS:486bd1411108de ADV:486bd1410e9164 MIL:486bd1410100000000c6
1789375757.1296,76.059,0.0,0.0,3.14,0.00,8.50,2.73,23.1,101.3,4.40,12.50,0.000,69.0,46.0,1,0,0,0,0,0,0,NONE,,RPM:486bd1410c0000d1 TPS:486bd1411108de ADV:486bd1410e9164 MIL:486bd1410100000000c6
1789375757.4014,76.331,0.0,0.0,3.14,0.00,8.50,2.73,23.1,101.3,4.40,12.50,0.000,69.0,46.0,1,0,0,0,0,0,0,NONE,,RPM:486bd1410c0000d1 TPS:486bd1411108de ADV:486bd1410e9164 MIL:486bd1410100000000c6
1789375757.6895,76.619,0.0,0.0,3.14,0.00,8.50,2.73,23.1,101.3,4.40,12.50,0.000,69.0,46.0,1,0,0,0,0,0,0,NONE,,RPM:486bd1410c0000d1 TPS:486bd1411108de ADV:486bd1410e9164 MIL:486bd1410100000000c6
1789375758.1556,77.085,0.0,0.0,3.14,0.00,8.50,2.73,23.1,101.3,4.40,12.50,0.000,69.0,46.0,1,0,0,0,0,0,0,NONE,,RPM:486bd1410c0000d1 TPS:486bd1411108de ADV:486bd1410e9164 MIL:486bd1410100000000c6
1789375758.4232,77.353,0.0,0.0,3.14,0.00,8.50,2.73,23.1,101.3,4.40,12.50,0.000,69.0,46.0,1,0,0,0,0,0,0,NONE,,RPM:486bd1410c0000d1 TPS:486bd1411108de ADV:486bd1410e9164 MIL:486bd1410100000000c6
1789375758.6954,77.625,0.0,0.0,3.14,0.00,8.50,2.73,23.1,101.3,4.40,12.50,0.000,69.0,46.0,1,0,0,0,0,0,0,NONE,,RPM:486bd1410c0000d1 TPS:486bd1411108de ADV:486bd1410e9164 MIL:486bd1410100000000c6
1789375758.9676,77.897,0.0,0.0,3.14,0.00,8.50,2.73,23.1,101.3,4.40,12.50,0.000,69.0,46.0,1,0,0,0,0,0,0,NONE,,RPM:486bd1410c0000d1 TPS:486bd1411108de ADV:486bd1410e9164 MIL:486bd1410100000000c6
1789375759.4332,78.363,0.0,0.0,3.14,0.00,8.50,2.73,23.1,101.3,4.40,12.50,0.000,69.0,46.0,1,0,0,0,0,0,0,NONE,,RPM:486bd1410c0000d1 TPS:486bd1411108de ADV:486bd1410e9164 MIL:486bd1410100000000c6
1789375759.7263,78.656,0.0,0.0,3.14,0.00,8.50,2.73,23.1,101.3,4.40,12.50,0.000,69.0,46.0,1,0,0,0,0,0,0,NONE,,RPM:486bd1410c0000d1 TPS:486bd1411108de ADV:486bd1410e9164 MIL:486bd1410100000000c6
1789375760.2067,79.136,0.0,0.0,3.14,0.00,8.50,2.73,23.1,101.3,4.40,12.50,0.000,69.0,46.0,1,0,0,0,0,0,0,NONE,,RPM:486bd1410c0000d1 TPS:486bd1411108de ADV:486bd1410e9164 MIL:486bd1410100000000c6
1789375760.4866,79.416,0.0,0.0,3.14,0.00,8.50,2.73,23.1,101.3,4.40,12.50,0.000,69.0,46.0,1,0,0,0,0,0,0,NONE,,RPM:486bd1410c0000d1 TPS:486bd1411108de ADV:486bd1410e9164 MIL:486bd1410100000000c6
1789375760.7737,79.703,0.0,0.0,3.14,0.00,8.50,2.73,23.1,101.3,4.40,12.50,0.000,69.0,46.0,1,0,0,0,0,0,0,NONE,,RPM:486bd1410c0000d1 TPS:486bd1411108de ADV:486bd1410e9164 MIL:486bd1410100000000c6
1789375761.0651,79.995,0.0,0.0,3.14,0.00,8.50,2.73,23.1,101.3,4.40,12.50,0.000,69.0,46.0,1,0,0,0,0,0,0,NONE,,RPM:486bd1410c0000d1 TPS:486bd1411108de ADV:486bd1410e9164 MIL:486bd1410100000000c6
1789375761.3329,80.263,0.0,0.0,3.14,0.00,8.50,2.73,23.1,101.3,4.40,12.50,0.000,69.0,46.0,1,0,0,0,0,0,0,NONE,,RPM:486bd1410c0000d1 TPS:486bd1411108de ADV:486bd1410e9164 MIL:486bd1410100000000c6
1789375761.6211,80.551,0.0,0.0,3.14,0.00,8.50,2.73,23.1,101.3,4.40,12.50,0.000,69.0,46.0,1,0,0,0,0,0,0,NONE,,RPM:486bd1410c0000d1 TPS:486bd1411108de ADV:486bd1410e9164 MIL:486bd1410100000000c6
1789375762.0947,81.025,0.0,0.0,3.14,0.00,8.50,2.73,23.1,101.3,4.40,12.50,0.000,69.0,46.0,1,0,0,0,0,0,0,NONE,,RPM:486bd1410c0000d1 TPS:486bd1411108de ADV:486bd1410e9164 MIL:486bd1410100000000c6
1789375762.4054,81.335,0.0,0.0,3.14,0.00,8.50,2.73,23.1,101.3,4.40,12.50,0.000,69.0,46.0,1,0,0,0,0,0,0,NONE,,RPM:486bd1410c0000d1 TPS:486bd1411108de ADV:486bd1410e9164 MIL:486bd1410100000000c6
1789375762.6753,81.605,0.0,0.0,3.14,0.00,8.50,2.73,23.1,101.3,4.40,12.50,0.000,69.0,46.0,1,0,0,0,0,0,0,NONE,,RPM:486bd1410c0000d1 TPS:486bd1411108de ADV:486bd1410e9164 MIL:486bd1410100000000c6
1789375762.9482,81.878,0.0,0.0,3.14,0.00,8.50,2.73,23.1,101.3,4.40,12.50,0.000,69.0,46.0,1,0,0,0,0,0,0,NONE,,RPM:486bd1410c0000d1 TPS:486bd1411108de ADV:486bd1410e9164 MIL:486bd1410100000000c6
1789375763.4028,82.333,0.0,0.0,3.14,0.00,8.50,2.73,23.1,101.3,4.40,12.50,0.000,69.0,46.0,1,0,0,0,0,0,0,NONE,,RPM:486bd1410c0000d1 TPS:486bd1411108de ADV:486bd1410e9164 MIL:486bd1410100000000c6
1789375763.7153,82.645,0.0,0.0,3.14,0.00,8.50,2.73,23.1,101.3,4.40,12.50,0.000,69.0,46.0,1,0,0,0,0,0,0,NONE,,RPM:486bd1410c0000d1 TPS:486bd1411108de ADV:486bd1410e9164 MIL:486bd1410100000000c6
1789375764.1763,83.106,0.0,0.0,3.14,0.00,8.50,2.73,23.1,101.3,4.40,12.50,0.000,69.0,46.0,1,0,0,0,0,0,0,NONE,,RPM:486bd1410c0000d1 TPS:486bd1411108de ADV:486bd1410e9164 MIL:486bd1410100000000c6
1789375764.4507,83.381,0.0,0.0,3.14,0.00,8.50,2.73,23.1,101.3,4.40,12.50,0.000,69.0,46.0,1,0,0,0,0,0,0,NONE,,RPM:486bd1410c0000d1 TPS:486bd1411108de ADV:486bd1410e9164 MIL:486bd1410100000000c6
1789375764.7545,83.684,0.0,0.0,3.14,0.00,8.50,2.73,23.1,101.3,4.40,12.50,0.000,69.0,46.0,1,0,0,0,0,0,0,NONE,,RPM:486bd1410c0000d1 TPS:486bd1411108de ADV:486bd1410e9164 MIL:486bd1410100000000c6
1789375765.0374,83.967,0.0,0.0,3.14,0.00,8.50,2.73,23.1,101.3,4.40,12.50,0.000,69.0,46.0,1,0,0,0,0,0,0,NONE,,RPM:486bd1410c0000d1 TPS:486bd1411108de ADV:486bd1410e9164 MIL:486bd1410100000000c6
1789375765.3457,84.275,0.0,0.0,3.14,0.00,8.50,2.73,23.1,101.3,4.40,12.50,0.000,69.0,46.0,1,0,0,0,0,0,0,NONE,,RPM:486bd1410c0000d1 TPS:486bd1411108de ADV:486bd1410e9164 MIL:486bd1410100000000c6
1789375765.6192,84.549,0.0,0.0,3.14,0.00,8.50,2.73,23.1,101.3,4.40,12.50,0.000,69.0,46.0,1,0,0,0,0,0,0,NONE,,RPM:486bd1410c0000d1 TPS:486bd1411108de ADV:486bd1410e9164 MIL:486bd1410100000000c6
1789375766.0449,84.975,0.0,0.0,3.14,0.00,8.50,2.73,23.1,101.3,4.40,12.50,0.000,69.0,46.0,1,0,0,0,0,0,0,NONE,,RPM:486bd1410c0000d1 TPS:486bd1411108de ADV:486bd1410e9164 MIL:486bd1410100000000c6
1789375766.3204,85.250,0.0,0.0,3.14,0.00,8.50,2.73,23.1,101.3,4.40,12.50,0.000,69.0,46.0,1,0,0,0,0,0,0,NONE,,RPM:486bd1410c0000d1 TPS:486bd1411108de ADV:486bd1410e9164 MIL:486bd1410100000000c6
1789375766.6252,85.555,0.0,0.0,3.14,0.00,8.50,2.73,23.1,101.3,4.40,12.50,0.000,69.0,46.0,1,0,0,0,0,0,0,NONE,,RPM:486bd1410c0000d1 TPS:486bd1411108de ADV:486bd1410e9164 MIL:486bd1410100000000c6
1789375766.9277,85.858,0.0,0.0,3.14,0.00,8.50,2.73,23.1,101.3,4.40,12.50,0.000,69.0,46.0,1,0,0,0,0,0,0,NONE,,RPM:486bd1410c0000d1 TPS:486bd1411108de ADV:486bd1410e9164 MIL:486bd1410100000000c6
1789375767.3829,86.313,0.0,0.0,3.14,0.00,8.50,2.73,23.1,101.3,4.40,12.50,0.000,69.0,46.0,1,0,0,0,0,0,0,NONE,,RPM:486bd1410c0000d1 TPS:486bd1411108de ADV:486bd1410e9164 MIL:486bd1410100000000c6
1789375767.6470,86.577,0.0,0.0,3.14,0.00,8.50,2.73,23.1,101.3,4.40,12.50,0.000,69.0,46.0,1,0,0,0,0,0,0,NONE,,RPM:486bd1410c0000d1 TPS:486bd1411108de ADV:486bd1410e9164 MIL:486bd1410100000000c6
1789375768.1152,87.045,0.0,0.0,3.14,0.00,8.50,2.73,23.1,101.3,4.40,12.50,0.000,69.0,46.0,1,0,0,0,0,0,0,NONE,,RPM:486bd1410c0000d1 TPS:486bd1411108de ADV:486bd1410e9164 MIL:486bd1410100000000c6
1789375768.4138,87.344,0.0,0.0,3.14,0.00,8.50,2.73,23.1,101.3,4.40,12.50,0.000,69.0,46.0,1,0,0,0,0,0,0,NONE,,RPM:486bd1410c0000d1 TPS:486bd1411108de ADV:486bd1410e9164 MIL:486bd1410100000000c6
1789375768.7245,87.654,0.0,0.0,3.14,0.00,8.50,2.73,23.1,101.3,4.40,12.50,0.000,69.0,46.0,1,0,0,0,0,0,0,NONE,,RPM:486bd1410c0000d1 TPS:486bd1411108de ADV:486bd1410e9164 MIL:486bd1410100000000c6
1789375769.0187,87.949,0.0,0.0,3.14,0.00,8.50,2.73,23.1,101.3,4.40,12.50,0.000,69.0,46.0,1,0,0,0,0,0,0,NONE,,RPM:486bd1410c0000d1 TPS:486bd1411108de ADV:486bd1410e9164 MIL:486bd1410100000000c6
1789375769.2937,88.223,0.0,0.0,3.14,0.00,8.50,2.73,23.1,101.3,4.40,12.50,0.000,69.0,46.0,1,0,0,0,0,0,0,NONE,,RPM:486bd1410c0000d1 TPS:486bd1411108de ADV:486bd1410e9164 MIL:486bd1410100000000c6
1789375769.5812,88.511,0.0,0.0,3.14,0.00,8.50,2.73,23.1,101.3,4.40,12.50,0.000,69.0,46.0,1,0,0,0,0,0,0,NONE,,RPM:486bd1410c0000d1 TPS:486bd1411108de ADV:486bd1410e9164 MIL:486bd1410100000000c6
1789375770.0380,88.968,0.0,0.0,3.14,0.00,8.50,2.73,23.1,101.3,4.40,12.50,0.000,69.0,46.0,1,0,0,0,0,0,0,NONE,,RPM:486bd1410c0000d1 TPS:486bd1411108de ADV:486bd1410e9164 MIL:486bd1410100000000c6
1789375770.3766,89.306,0.0,0.0,3.14,0.00,8.50,2.73,23.1,101.3,4.40,12.50,0.000,69.0,46.0,1,0,0,0,0,0,0,NONE,,RPM:486bd1410c0000d1 TPS:486bd1411108de ADV:486bd1410e9164 MIL:486bd1410100000000c6
1789375770.6717,89.601,0.0,0.0,3.14,0.00,8.50,2.73,23.1,101.3,4.40,12.50,0.000,69.0,46.0,1,0,0,0,0,0,0,NONE,,RPM:486bd1410c0000d1 TPS:486bd1411108de ADV:486bd1410e9164 MIL:486bd1410100000000c6
1789375770.9401,89.870,0.0,0.0,3.14,0.00,8.50,2.73,23.1,101.3,4.40,12.50,0.000,69.0,46.0,1,0,0,0,0,0,0,NONE,,RPM:486bd1410c0000d1 TPS:486bd1411108de ADV:486bd1410e9164 MIL:486bd1410100000000c6
1789375771.4000,90.330,0.0,0.0,3.14,0.00,8.50,2.73,23.1,101.3,4.40,12.50,0.000,69.0,46.0,1,0,0,0,0,0,0,NONE,,RPM:486bd1410c0000d1 TPS:486bd1411108de ADV:486bd1410e9164 MIL:486bd1410100000000c6
1789375771.6830,90.613,0.0,0.0,3.14,0.00,8.50,2.73,23.1,101.3,4.40,12.50,0.000,69.0,46.0,1,0,0,0,0,0,0,NONE,,RPM:486bd1410c0000d1 TPS:486bd1411108de ADV:486bd1410e9164 MIL:486bd1410100000000c6
1789375772.1355,91.065,0.0,0.0,3.14,0.00,8.50,2.73,23.1,101.3,4.40,12.50,0.000,69.0,46.0,1,0,0,0,0,0,0,NONE,,RPM:486bd1410c0000d1 TPS:486bd1411108de ADV:486bd1410e9164 MIL:486bd1410100000000c6
1789375772.4105,91.340,0.0,0.0,3.14,0.00,8.50,2.73,23.1,101.3,4.40,12.50,0.000,69.0,46.0,1,0,0,0,0,0,0,NONE,,RPM:486bd1410c0000d1 TPS:486bd1411108de ADV:486bd1410e9164 MIL:486bd1410100000000c6
1789375772.6970,91.627,0.0,0.0,3.14,0.00,8.50,2.73,23.1,101.3,4.40,12.50,0.000,69.0,46.0,1,0,0,0,0,0,0,NONE,,RPM:486bd1410c0000d1 TPS:486bd1411108de ADV:486bd1410e9164 MIL:486bd1410100000000c6
1789375772.9863,91.916,0.0,0.0,3.14,0.00,8.50,2.73,23.1,101.3,4.40,12.50,0.000,69.0,46.0,1,0,0,0,0,0,0,NONE,,RPM:486bd1410c0000d1 TPS:486bd1411108de ADV:486bd1410e9164 MIL:486bd1410100000000c6
1789375773.2731,92.203,0.0,0.0,3.14,0.00,8.50,2.73,23.1,101.3,4.40,12.50,0.000,69.0,46.0,1,0,0,0,0,0,0,NONE,,RPM:486bd1410c0000d1 TPS:486bd1411108de ADV:486bd1410e9164 MIL:486bd1410100000000c6
1789375773.5882,92.518,0.0,0.0,3.14,0.00,8.50,2.73,23.1,101.3,4.40,12.50,0.000,69.0,46.0,1,0,0,0,0,0,0,NONE,,RPM:486bd1410c0000d1 TPS:486bd1411108de ADV:486bd1410e9164 MIL:486bd1410100000000c6
1789375774.0621,92.992,0.0,0.0,3.14,0.00,8.50,2.73,23.1,101.3,4.40,12.50,0.000,69.0,46.0,1,0,0,0,0,0,0,NONE,,RPM:486bd1410c0000d1 TPS:486bd1411108de ADV:486bd1410e9164 MIL:486bd1410100000000c6
1789375774.3600,93.290,0.0,0.0,3.14,0.00,8.50,2.73,23.1,101.3,4.40,12.50,0.000,69.0,46.0,1,0,0,0,0,0,0,NONE,,RPM:486bd1410c0000d1 TPS:486bd1411108de ADV:486bd1410e9164 MIL:486bd1410100000000c6
1789375774.6319,93.562,0.0,0.0,3.14,0.00,8.50,2.73,23.1,101.3,4.40,12.50,0.000,69.0,46.0,1,0,0,0,0,0,0,NONE,,RPM:486bd1410c0000d1 TPS:486bd1411108de ADV:486bd1410e9164 MIL:486bd1410100000000c6
1789375774.9045,93.834,0.0,0.0,3.14,0.00,8.50,2.73,23.1,101.3,4.40,12.50,0.000,69.0,46.0,1,0,0,0,0,0,0,NONE,,RPM:486bd1410c0000d1 TPS:486bd1411108de ADV:486bd1410e9164 MIL:486bd1410100000000c6
1789375775.4111,94.341,0.0,0.0,3.14,0.00,8.50,2.73,23.1,101.3,4.40,12.50,0.000,69.0,46.0,1,0,0,0,0,0,0,NONE,,RPM:486bd1410c0000d1 TPS:486bd1411108de ADV:486bd1410e9164 MIL:486bd1410100000000c6
1789375775.6798,94.610,0.0,0.0,3.14,0.00,8.50,2.73,23.1,101.3,4.40,12.50,0.000,69.0,46.0,1,0,0,0,0,0,0,NONE,,RPM:486bd1410c0000d1 TPS:486bd1411108de ADV:486bd1410e9164 MIL:486bd1410100000000c6
1789375776.1959,95.126,0.0,0.0,3.14,0.00,8.50,2.73,23.1,101.3,4.40,12.50,0.000,69.0,46.0,1,0,0,0,0,0,0,NONE,,RPM:486bd1410c0000d1 TPS:486bd1411108de ADV:486bd1410e9164 MIL:486bd1410100000000c6
1789375776.4712,95.401,0.0,0.0,3.14,0.00,8.50,2.73,23.1,101.3,4.40,12.50,0.000,69.0,46.0,1,0,0,0,0,0,0,NONE,,RPM:486bd1410c0000d1 TPS:486bd1411108de ADV:486bd1410e9164 MIL:486bd1410100000000c6
1789375776.7733,95.703,0.0,0.0,3.14,0.00,8.50,2.73,23.1,101.3,4.40,12.50,0.000,69.0,46.0,1,0,0,0,0,0,0,NONE,,RPM:486bd1410c0000d1 TPS:486bd1411108de ADV:486bd1410e9164 MIL:486bd1410100000000c6
1789375777.0451,95.975,0.0,0.0,3.14,0.00,8.50,2.73,23.1,101.3,4.40,12.50,0.000,69.0,46.0,1,0,0,0,0,0,0,NONE,,RPM:486bd1410c0000d1 TPS:486bd1411108de ADV:486bd1410e9164 MIL:486bd1410100000000c6
1789375777.3318,96.262,0.0,0.0,3.14,0.00,8.50,2.73,23.1,101.3,4.40,12.50,0.000,69.0,46.0,1,0,0,0,0,0,0,NONE,,RPM:486bd1410c0000d1 TPS:486bd1411108de ADV:486bd1410e9164 MIL:486bd1410100000000c6
1789375777.6215,96.551,0.0,0.0,3.14,0.00,8.50,2.73,23.1,101.3,4.40,12.50,0.000,69.0,46.0,1,0,0,0,0,0,0,NONE,,RPM:486bd1410c0000d1 TPS:486bd1411108de ADV:486bd1410e9164 MIL:486bd1410100000000c6
1789375778.1291,97.059,0.0,0.0,3.14,0.00,8.50,2.73,23.1,101.3,4.40,12.50,0.000,69.0,46.0,1,0,0,0,0,0,0,NONE,,RPM:486bd1410c0000d1 TPS:486bd1411108de ADV:486bd1410e9164 MIL:486bd1410100000000c6
1789375778.4041,97.334,0.0,0.0,3.14,0.00,8.50,2.73,23.1,101.3,4.40,12.50,0.000,69.0,46.0,1,0,0,0,0,0,0,NONE,,RPM:486bd1410c0000d1 TPS:486bd1411108de ADV:486bd1410e9164 MIL:486bd1410100000000c6
1789375778.7235,97.653,0.0,0.0,3.14,0.00,8.50,2.73,23.1,101.3,4.40,12.50,0.000,69.0,46.0,1,0,0,0,0,0,0,NONE,,RPM:486bd1410c0000d1 TPS:486bd1411108de ADV:486bd1410e9164 MIL:486bd1410100000000c6
1789375778.9963,97.926,0.0,0.0,3.14,0.00,8.50,2.73,23.1,101.3,4.40,12.50,0.000,69.0,46.0,1,0,0,0,0,0,0,NONE,,RPM:486bd1410c0000d1 TPS:486bd1411108de ADV:486bd1410e9164 MIL:486bd1410100000000c6
1789375779.4468,98.377,0.0,0.0,3.14,0.00,8.50,2.73,23.1,101.3,4.40,12.50,0.000,69.0,46.0,1,0,0,0,0,0,0,NONE,,RPM:486bd1410c0000d1 TPS:486bd1411108de ADV:486bd1410e9164 MIL:486bd1410100000000c6
1789375779.7139,98.644,0.0,0.0,3.14,0.00,8.50,2.73,23.1,101.3,4.40,12.50,0.000,69.0,46.0,1,0,0,0,0,0,0,NONE,,RPM:486bd1410c0000d1 TPS:486bd1411108de ADV:486bd1410e9164 MIL:486bd1410100000000c6
1789375780.1739,99.104,0.0,0.0,3.14,0.00,8.50,2.73,23.1,101.3,4.40,12.50,0.000,69.0,46.0,1,0,0,0,0,0,0,NONE,,RPM:486bd1410c0000d1 TPS:486bd1411108de ADV:486bd1410e9164 MIL:486bd1410100000000c6
1789375780.4815,99.411,0.0,0.0,3.14,0.00,8.50,2.73,23.1,101.3,4.40,12.50,0.000,69.0,46.0,1,0,0,0,0,0,0,NONE,,RPM:486bd1410c0000d1 TPS:486bd1411108de ADV:486bd1410e9164 MIL:486bd1410100000000c6
1789375780.7537,99.683,0.0,0.0,3.14,0.00,8.50,2.73,23.1,101.3,4.40,12.50,0.000,69.0,46.0,1,0,0,0,0,0,0,NONE,,RPM:486bd1410c0000d1 TPS:486bd1411108de ADV:486bd1410e9164 MIL:486bd1410100000000c6
1789375781.0733,100.003,0.0,0.0,3.14,0.00,8.50,2.73,23.1,101.3,4.40,12.50,0.000,69.0,46.0,1,0,0,0,0,0,0,NONE,,RPM:486bd1410c0000d1 TPS:486bd1411108de ADV:486bd1410e9164 MIL:486bd1410100000000c6
1789375781.3449,100.275,0.0,0.0,3.14,0.00,8.50,2.73,23.1,101.3,4.40,12.50,0.000,69.0,46.0,1,0,0,0,0,0,0,NONE,,RPM:486bd1410c0000d1 TPS:486bd1411108de ADV:486bd1410e9164 MIL:486bd1410100000000c6
1789375781.6158,100.546,0.0,0.0,3.14,0.00,8.50,2.73,23.1,101.3,4.40,12.50,0.000,69.0,46.0,1,0,0,0,0,0,0,NONE,,RPM:486bd1410c0000d1 TPS:486bd1411108de ADV:486bd1410e9164 MIL:486bd1410100000000c6
1789375782.0746,101.004,0.0,0.0,3.14,0.00,8.50,2.73,23.1,101.3,4.40,12.50,0.000,69.0,46.0,1,0,0,0,0,0,0,NONE,,RPM:486bd1410c0000d1 TPS:486bd1411108de ADV:486bd1410e9164 MIL:486bd1410100000000c6
1789375782.3509,101.281,0.0,0.0,3.14,0.00,8.50,2.73,23.1,101.3,4.40,12.50,0.000,69.0,46.0,1,0,0,0,0,0,0,NONE,,RPM:486bd1410c0000d1 TPS:486bd1411108de ADV:486bd1410e9164 MIL:486bd1410100000000c6
1789375782.6553,101.585,0.0,0.0,3.14,0.00,8.50,2.73,23.1,101.3,4.40,12.50,0.000,69.0,46.0,1,0,0,0,0,0,0,NONE,,RPM:486bd1410c0000d1 TPS:486bd1411108de ADV:486bd1410e9164 MIL:486bd1410100000000c6
1789375782.9279,101.858,0.0,0.0,3.14,0.00,0.00,2.73,23.1,101.3,4.40,12.50,0.000,69.0,46.0,1,0,0,0,0,0,0,NONE,,RPM:486bd1410c0000d1 TPS:486bd1411108de ADV:486bd1410e8053 MIL:486bd1410100000000c6
1789375783.3780,102.308,97.0,215.5,3.14,0.00,0.00,2.66,23.1,101.3,4.40,12.80,0.667,69.0,46.0,1,0,0,0,0,0,0,NONE,,RPM:486bd1410c018456 TPS:486bd1411108de ADV:486bd1410e8053 MIL:486bd1410100000000c6
1789375783.6454,102.575,339.0,905.0,3.14,0.00,0.00,2.66,23.1,45.1,4.40,12.80,0.000,69.0,46.0,1,0,0,0,0,0,0,NONE,,RPM:486bd1410c054c22 TPS:486bd1411108de ADV:486bd1410e8053 MIL:486bd1410100000000c6
1789375784.0968,103.027,2022.0,3728.2,3.14,0.00,8.50,2.40,23.1,45.1,4.40,14.10,2.880,69.0,46.0,1,0,0,0,0,0,0,NONE,,RPM:486bd1410c1f9888 TPS:486bd1411108de ADV:486bd1410e9164 MIL:486bd1410100000000c6
1789375784.3655,103.295,2082.0,223.3,3.14,0.00,8.50,2.40,23.1,45.1,4.40,14.10,0.000,69.0,46.0,1,0,0,0,0,0,0,NONE,,RPM:486bd1410c208879 TPS:486bd1411108de ADV:486bd1410e9164 MIL:486bd1410100000000c6
1789375784.6379,103.568,2109.0,99.1,3.14,0.00,8.50,2.40,23.1,45.1,4.40,14.10,0.000,69.0,46.0,1,0,0,0,0,0,0,NONE,,RPM:486bd1410c20f4e5 TPS:486bd1411108de ADV:486bd1410e9164 MIL:486bd1410100000000c6
1789375784.9155,103.845,2077.0,-115.3,3.14,0.00,8.50,2.40,24.3,45.1,4.51,14.10,0.000,69.0,46.0,1,0,0,0,0,0,0,NONE,,RPM:486bd1410c207465 TPS:486bd1411108de ADV:486bd1410e9164 MIL:486bd1410100000000c6
1789375785.2307,104.161,1952.0,-396.5,3.14,0.00,8.50,2.40,24.3,45.1,4.51,14.10,0.000,69.0,46.0,1,0,0,0,0,0,0,NONE,,RPM:486bd1410c1e806f TPS:486bd1411108de ADV:486bd1410e9164 MIL:486bd1410100000000c6
1789375785.4994,104.429,1820.0,-491.3,3.14,0.00,8.50,2.40,24.3,45.1,4.51,14.10,0.000,69.0,46.0,1,0,0,0,0,0,0,NONE,,RPM:486bd1410c1c705d TPS:486bd1411108de ADV:486bd1410e9164 MIL:486bd1410100000000c6
1789375785.9952,104.925,1544.0,-556.7,3.14,0.00,6.50,2.40,24.3,45.1,4.51,14.10,0.000,69.0,46.0,1,0,0,0,0,0,0,NONE,,RPM:486bd1410c182009 TPS:486bd1411108de ADV:486bd1410e8d60 MIL:486bd1410100000000c6
1789375786.2680,105.198,1462.0,-300.6,3.14,0.00,6.50,2.40,24.3,45.1,4.51,14.10,0.000,69.0,47.0,1,0,0,0,0,0,0,NONE,,RPM:486bd1410c16d8bf TPS:486bd1411108de ADV:486bd1410e8d60 MIL:486bd1410100000000c6
1789375786.5878,105.518,1488.0,81.3,3.14,0.00,8.00,2.40,24.3,45.1,4.51,14.10,0.000,69.0,47.0,1,0,0,0,0,0,0,NONE,,RPM:486bd1410c174028 TPS:486bd1411108de ADV:486bd1410e9063 MIL:486bd1410100000000c6
1789375786.8721,105.802,1456.0,-112.6,3.14,0.00,6.50,2.40,24.3,45.1,4.51,14.10,0.000,69.0,47.0,1,0,0,0,0,0,0,NONE,,RPM:486bd1410c16c0a7 TPS:486bd1411108de ADV:486bd1410e8d60 MIL:486bd1410100000000c6
1789375787.3234,106.253,1389.0,-148.5,3.14,0.00,8.00,2.40,24.3,45.1,4.51,14.10,0.000,69.0,47.0,1,0,0,0,0,0,0,NONE,,RPM:486bd1410c15b49a TPS:486bd1411108de ADV:486bd1410e9063 MIL:486bd1410100000000c6
1789375787.6110,106.541,1473.0,292.1,3.14,0.00,10.00,2.40,24.3,45.1,4.51,14.10,0.000,69.0,47.0,1,0,0,0,0,0,0,NONE,,RPM:486bd1410c1704ec TPS:486bd1411108de ADV:486bd1410e9467 MIL:486bd1410100000000c6
1789375788.0836,107.013,1491.0,38.1,4.71,3.32,8.50,2.40,24.3,46.0,4.51,14.10,0.000,69.0,47.0,1,0,0,0,0,0,0,NONE,,RPM:486bd1410c174c34 TPS:486bd141110ce2 ADV:486bd1410e9164 MIL:486bd1410100000000c6
1789375788.4098,107.340,1856.0,1119.1,4.71,0.00,8.00,2.40,24.3,46.0,4.54,14.10,0.000,68.0,47.0,1,0,0,0,0,0,0,NONE,,RPM:486bd1410c1d00ee TPS:486bd141110ce2 ADV:486bd1410e9063 MIL:486bd1410100000000c6
1789375788.7188,107.649,1921.0,210.3,4.31,-1.27,10.50,2.40,24.3,45.8,4.54,14.10,0.000,68.0,47.0,1,0,0,0,0,0,0,NONE,,RPM:486bd1410c1e04f3 TPS:486bd141110be1 ADV:486bd1410e9568 MIL:486bd1410100000000c6
1789375788.9847,107.914,1934.0,48.9,4.31,0.00,10.00,2.40,26.3,45.8,4.72,14.10,0.000,68.0,47.0,1,0,0,0,0,0,0,NONE,,RPM:486bd1410c1e3827 TPS:486bd141110be1 ADV:486bd1410e9467 MIL:486bd1410100000000c6
1789375789.2563,108.186,1911.0,-84.7,3.92,-1.44,11.00,2.40,26.3,45.6,4.72,14.10,0.000,68.0,47.0,1,0,0,0,0,0,0,NONE,,RPM:486bd1410c1ddcca TPS:486bd141110ae0 ADV:486bd1410e9669 MIL:486bd1410100000000c6
1789375789.5271,108.457,1738.0,-638.7,3.53,-1.45,10.00,2.40,26.3,45.3,4.72,14.10,0.000,68.0,47.0,1,0,0,0,0,0,0,NONE,,RPM:486bd1410c1b2814 TPS:486bd1411109df ADV:486bd1410e9467 MIL:486bd1410100000000c6
1789375789.9701,108.900,1483.0,-575.7,3.53,0.00,8.00,2.40,26.3,45.3,4.72,14.10,0.000,68.0,47.0,1,0,0,0,0,0,0,NONE,,RPM:486bd1410c172c14 TPS:486bd1411109df ADV:486bd1410e9063 MIL:486bd1410100000000c6
1789375790.2554,109.185,1305.0,-623.8,3.53,0.00,10.00,2.40,26.3,45.3,4.72,14.10,0.000,68.0,47.0,1,0,0,0,0,0,0,NONE,,RPM:486bd1410c146449 TPS:486bd1411109df ADV:486bd1410e9467 MIL:486bd1410100000000c6
1789375790.5511,109.481,1409.0,351.7,3.53,0.00,11.00,2.40,26.3,45.3,4.72,14.10,0.000,68.0,47.0,1,0,0,0,0,0,0,NONE,,RPM:486bd1410c1604eb TPS:486bd1411109df ADV:486bd1410e9669 MIL:486bd1410100000000c6
1789375790.8710,109.801,1347.0,-193.8,3.53,0.00,8.50,2.40,26.3,45.3,4.72,14.10,0.000,68.0,47.0,1,0,0,0,0,0,0,NONE,,RPM:486bd1410c150cf2 TPS:486bd1411109df ADV:486bd1410e9164 MIL:486bd1410100000000c6
1789375791.3150,110.245,1330.0,-38.3,3.53,0.00,10.00,2.40,26.3,45.3,4.72,14.10,0.000,68.0,47.0,1,0,0,0,0,0,0,NONE,,RPM:486bd1410c14c8ad TPS:486bd1411109df ADV:486bd1410e9467 MIL:486bd1410100000000c6
1789375791.5896,110.519,1384.0,196.7,3.53,0.00,10.00,2.40,26.3,45.3,4.72,14.10,0.000,68.0,47.0,1,0,0,0,0,0,0,NONE,,RPM:486bd1410c15a086 TPS:486bd1411109df ADV:486bd1410e9467 MIL:486bd1410100000000c6
1789375792.0564,110.986,1486.0,218.5,4.31,1.68,11.50,2.40,26.3,45.8,4.72,14.10,0.000,68.0,47.0,1,0,0,0,0,0,0,NONE,,RPM:486bd1410c173820 TPS:486bd141110be1 ADV:486bd1410e976a MIL:486bd1410100000000c6
1789375792.3605,111.290,1791.0,1003.1,3.14,-3.87,8.00,2.40,26.3,45.1,4.72,14.10,0.000,68.0,47.0,1,0,0,0,0,0,0,NONE,,RPM:486bd1410c1bfce8 TPS:486bd1411108de ADV:486bd1410e9063 MIL:486bd1410100000000c6
1789375792.6294,111.559,1423.0,-1368.2,3.14,0.00,9.00,2.40,26.3,45.1,4.72,14.10,0.000,68.0,47.0,1,0,0,0,0,0,0,NONE,,RPM:486bd1410c163c23 TPS:486bd1411108de ADV:486bd1410e9265 MIL:486bd1410100000000c6
1789375792.9489,111.879,1474.0,159.7,3.53,1.23,8.50,2.40,24.7,45.3,4.58,14.10,0.000,68.0,47.0,1,0,0,0,0,0,0,NONE,,RPM:486bd1410c1708f0 TPS:486bd1411109df ADV:486bd1410e9164 MIL:486bd1410100000000c6
1789375793.2301,112.160,1387.0,-309.3,8.63,18.13,6.00,2.40,24.7,48.3,4.58,14.10,0.000,68.0,47.0,1,0,0,0,0,0,0,NONE,,RPM:486bd1410c15ac92 TPS:486bd1411116ec ADV:486bd1410e8c5f MIL:486bd1410100000000c6
1789375793.4927,112.423,1863.0,1812.5,9.02,1.49,-3.50,2.40,24.7,48.5,4.58,14.10,0.000,68.0,47.0,1,0,0,0,0,0,0,NONE,,RPM:486bd1410c1d1c0a TPS:486bd1411117ed ADV:486bd1410e794c MIL:486bd1410100000000c6
1789375793.9758,112.906,1968.0,217.4,8.63,-0.81,-1.50,2.40,24.7,48.3,4.58,14.10,0.000,68.0,47.0,1,0,0,0,0,0,0,NONE,,RPM:486bd1410c1ec0af TPS:486bd1411116ec ADV:486bd1410e7d50 MIL:486bd1410100000000c6
1789375794.2626,113.192,2129.0,561.3,8.63,0.00,4.00,2.40,24.7,48.3,4.58,14.10,0.000,68.0,47.0,1,0,0,0,0,0,0,NONE,,RPM:486bd1410c214436 TPS:486bd1411116ec ADV:486bd1410e885b MIL:486bd1410100000000c6
1789375794.5388,113.469,2195.0,239.0,6.27,-8.52,10.50,2.40,24.7,46.9,4.58,14.10,0.000,68.0,47.0,1,0,0,0,0,0,0,NONE,,RPM:486bd1410c224c3f TPS:486bd1411110e6 ADV:486bd1410e9568 MIL:486bd1410100000000c6
1789375794.8247,113.755,2162.0,-115.4,5.88,-1.37,13.00,2.40,24.7,46.7,4.58,14.10,0.000,68.0,47.0,1,0,0,0,0,0,0,NONE,,RPM:486bd1410c21c8ba TPS:486bd141110fe5 ADV:486bd1410e9a6d MIL:486bd1410100000000c6
1789375795.2534,114.183,2104.0,-135.3,4.31,-3.66,10.00,2.40,24.7,45.8,4.58,14.10,0.000,68.0,47.0,1,0,0,0,0,0,0,NONE,,RPM:486bd1410c20e0d1 TPS:486bd141110be1 ADV:486bd1410e9467 MIL:486bd1410100000000c6
1789375795.5264,114.456,1903.0,-736.2,3.92,-1.44,9.00,2.40,24.7,45.6,4.58,14.10,0.000,68.0,47.0,1,0,0,0,0,0,0,NONE,,RPM:486bd1410c1dbcaa TPS:486bd141110ae0 ADV:486bd1410e9265 MIL:486bd1410100000000c6
1789375795.9769,114.907,1710.0,-428.4,4.31,0.87,12.50,2.40,24.7,45.8,4.58,14.10,0.000,68.0,47.0,1,0,0,0,0,0,0,NONE,,RPM:486bd1410c1ab8a3 TPS:486bd141110be1 ADV:486bd1410e996c MIL:486bd1410100000000c6
1789375796.2809,115.211,1681.0,-95.4,4.31,0.00,12.50,2.40,24.7,45.8,4.58,14.10,0.000,68.0,47.0,1,0,0,0,0,0,0,NONE,,RPM:486bd1410c1a442f TPS:486bd141110be1 ADV:486bd1410e996c MIL:486bd1410100000000c6
1789375796.6009,115.531,1626.0,-171.8,4.31,0.00,13.00,2.40,24.7,45.8,4.58,14.10,0.000,68.0,47.0,1,0,0,0,0,0,0,NONE,,RPM:486bd1410c196852 TPS:486bd141110be1 ADV:486bd1410e9a6d MIL:486bd1410100000000c6
1789375796.8889,115.819,1645.0,66.0,3.53,-2.72,10.00,2.40,23.1,45.3,4.44,14.10,0.000,68.0,47.0,1,0,0,0,0,0,0,NONE,,RPM:486bd1410c19b49e TPS:486bd1411109df ADV:486bd1410e9467 MIL:486bd1410100000000c6
1789375797.2322,116.162,1606.0,-113.6,3.14,-1.14,8.00,2.40,23.1,45.1,4.44,14.10,0.000,68.0,47.0,1,0,0,0,0,0,0,NONE,,RPM:486bd1410c191802 TPS:486bd1411108de ADV:486bd1410e9063 MIL:486bd1410100000000c6
1789375797.5188,116.449,1375.0,-805.8,3.14,0.00,9.00,2.40,23.1,45.1,4.44,14.10,0.000,68.0,47.0,1,0,0,0,0,0,0,NONE,,RPM:486bd1410c157c62 TPS:486bd1411108de ADV:486bd1410e9265 MIL:486bd1410100000000c6
1789375798.0013,116.931,1365.0,-20.7,3.14,0.00,9.00,2.40,23.1,45.1,4.44,14.10,0.000,68.0,47.0,1,0,0,0,0,0,0,NONE,,RPM:486bd1410c15543a TPS:486bd1411108de ADV:486bd1410e9265 MIL:486bd1410100000000c6
1789375798.2745,117.204,1514.0,545.4,3.14,0.00,8.50,2.40,23.1,45.1,4.44,14.10,0.000,68.0,46.0,1,0,0,0,0,0,0,NONE,,RPM:486bd1410c17a890 TPS:486bd1411108de ADV:486bd1410e9164 MIL:486bd1410100000000c6
1789375798.5435,117.473,1389.0,-464.7,3.14,0.00,8.00,2.40,23.1,45.1,4.44,14.10,0.000,68.0,46.0,1,0,0,0,0,0,0,NONE,,RPM:486bd1410c15b49a TPS:486bd1411108de ADV:486bd1410e9063 MIL:486bd1410100000000c6
1789375798.8634,117.793,1454.0,203.2,3.14,0.00,8.50,2.40,23.1,45.1,4.44,14.10,0.000,68.0,46.0,1,0,0,0,0,0,0,NONE,,RPM:486bd1410c16b89f TPS:486bd1411108de ADV:486bd1410e9164 MIL:486bd1410100000000c6
1789375799.3440,118.274,1464.0,20.8,3.14,0.00,8.00,2.40,23.1,45.1,4.44,14.10,0.000,68.0,46.0,1,0,0,0,0,0,0,NONE,,RPM:486bd1410c16e0c7 TPS:486bd1411108de ADV:486bd1410e9063 MIL:486bd1410100000000c6
1789375799.6140,118.544,1450.0,-51.9,3.14,0.00,8.50,2.40,23.1,45.1,4.44,14.10,0.000,68.0,46.0,1,0,0,0,0,0,0,NONE,,RPM:486bd1410c16a88f TPS:486bd1411108de ADV:486bd1410e9164 MIL:486bd1410100000000c6
1789375800.0634,118.993,1478.0,62.3,3.14,0.00,8.00,2.40,23.1,45.1,4.44,14.10,0.000,68.0,46.0,1,0,0,0,0,0,0,NONE,,RPM:486bd1410c171800 TPS:486bd1411108de ADV:486bd1410e9063 MIL:486bd1410100000000c6
1789375800.3459,119.276,1458.0,-70.8,3.14,0.00,9.00,2.40,23.1,45.1,4.44,14.10,0.000,68.0,46.0,1,0,0,0,0,0,0,NONE,,RPM:486bd1410c16c8af TPS:486bd1411108de ADV:486bd1410e9265 MIL:486bd1410100000000c6
1789375800.6539,119.584,1459.0,3.2,3.14,0.00,8.50,2.40,23.1,45.1,4.44,14.10,0.000,68.0,46.0,1,0,0,0,0,0,0,NONE,,RPM:486bd1410c16ccb3 TPS:486bd1411108de ADV:486bd1410e9164 MIL:486bd1410100000000c6
1789375800.9247,119.855,1433.0,-96.0,3.14,0.00,8.00,2.40,23.5,45.1,4.47,14.10,0.000,68.0,46.0,1,0,0,0,0,0,0,NONE,,RPM:486bd1410c16644b TPS:486bd1411108de ADV:486bd1410e9063 MIL:486bd1410100000000c6
1789375801.1958,120.126,1470.0,136.5,3.14,0.00,8.00,2.40,23.5,45.1,4.47,14.10,0.000,68.0,46.0,1,0,0,0,0,0,0,NONE,,RPM:486bd1410c16f8df TPS:486bd1411108de ADV:486bd1410e9063 MIL:486bd1410100000000c6
1789375801.5008,120.431,1448.0,-72.1,3.14,0.00,7.50,2.40,23.5,45.1,4.47,14.10,0.000,68.0,46.0,1,0,0,0,0,0,0,NONE,,RPM:486bd1410c16a087 TPS:486bd1411108de ADV:486bd1410e8f62 MIL:486bd1410100000000c6
1789375801.9603,120.890,1389.0,-128.4,3.14,0.00,6.50,2.40,23.5,45.1,4.47,14.10,0.000,68.0,46.0,1,0,0,0,0,0,0,NONE,,RPM:486bd1410c15b49a TPS:486bd1411108de ADV:486bd1410e8d60 MIL:486bd1410100000000c6
1789375802.2351,121.165,1424.0,127.3,3.14,0.00,7.50,2.40,23.5,45.1,4.47,14.10,0.000,68.0,47.0,1,0,0,0,0,0,0,NONE,,RPM:486bd1410c164027 TPS:486bd1411108de ADV:486bd1410e8f62 MIL:486bd1410100000000c6
1789375802.5551,121.485,1421.0,-9.4,3.14,0.00,6.50,2.40,23.5,45.1,4.47,14.10,0.000,68.0,47.0,1,0,0,0,0,0,0,NONE,,RPM:486bd1410c16341b TPS:486bd1411108de ADV:486bd1410e8d60 MIL:486bd1410100000000c6
1789375802.8404,121.770,1458.0,129.7,3.14,0.00,6.50,2.40,23.5,45.1,4.47,14.10,0.000,68.0,47.0,1,0,0,0,0,0,0,NONE,,RPM:486bd1410c16c8af TPS:486bd1411108de ADV:486bd1410e8d60 MIL:486bd1410100000000c6
1789375803.2872,122.217,1435.0,-51.5,3.14,0.00,7.50,2.40,23.5,45.1,4.47,14.10,0.000,68.0,47.0,1,0,0,0,0,0,0,NONE,,RPM:486bd1410c166c53 TPS:486bd1411108de ADV:486bd1410e8f62 MIL:486bd1410100000000c6
1789375803.5943,122.524,1443.0,26.1,3.14,0.00,8.00,2.40,23.5,45.1,4.47,14.10,0.000,68.0,47.0,1,0,0,0,0,0,0,NONE,,RPM:486bd1410c168c73 TPS:486bd1411108de ADV:486bd1410e9063 MIL:486bd1410100000000c6
1789375804.0253,122.955,1435.0,-18.6,3.14,0.00,6.50,2.40,23.5,45.1,4.47,14.10,0.000,68.0,47.0,1,0,0,0,0,0,0,NONE,,RPM:486bd1410c166c53 TPS:486bd1411108de ADV:486bd1410e8d60 MIL:486bd1410100000000c6
1789375804.3289,123.259,1461.0,85.6,3.14,0.00,8.00,2.40,23.5,45.1,4.44,14.10,0.000,69.0,47.0,1,0,0,0,0,0,0,NONE,,RPM:486bd1410c16d4bb TPS:486bd1411108de ADV:486bd1410e9063 MIL:486bd1410100000000c6
1789375804.6059,123.536,1462.0,3.6,3.14,0.00,6.50,2.40,23.5,45.1,4.44,14.10,0.000,69.0,47.0,1,0,0,0,0,0,0,NONE,,RPM:486bd1410c16d8bf TPS:486bd1411108de ADV:486bd1410e8d60 MIL:486bd1410100000000c6
1789375804.9174,123.847,1422.0,-128.4,3.14,0.00,8.00,2.40,23.9,45.1,4.47,14.10,0.000,69.0,47.0,1,0,0,0,0,0,0,NONE,,RPM:486bd1410c16381f TPS:486bd1411108de ADV:486bd1410e9063 MIL:486bd1410100000000c6
1789375805.1951,124.125,1421.0,-3.6,3.14,0.00,7.50,2.40,23.9,45.1,4.47,14.10,0.000,69.0,47.0,1,0,0,0,0,0,0,NONE,,RPM:486bd1410c16341b TPS:486bd1411108de ADV:486bd1410e8f62 MIL:486bd1410100000000c6
1789375805.4636,124.393,1456.0,130.3,3.14,0.00,7.50,2.40,23.9,45.1,4.47,14.10,0.000,69.0,47.0,1,0,0,0,0,0,0,NONE,,RPM:486bd1410c16c0a7 TPS:486bd1411108de ADV:486bd1410e8f62 MIL:486bd1410100000000c6
1789375805.9738,124.904,1445.0,-21.6,3.14,0.00,8.00,2.40,23.9,45.1,4.47,14.10,0.000,69.0,47.0,1,0,0,0,0,0,0,NONE,,RPM:486bd1410c16947b TPS:486bd1411108de ADV:486bd1410e9063 MIL:486bd1410100000000c6
1789375806.2770,125.207,1467.0,72.5,3.14,0.00,7.50,2.40,23.9,45.1,4.47,14.10,0.000,69.0,48.0,1,0,0,0,0,0,0,NONE,,RPM:486bd1410c16ecd3 TPS:486bd1411108de ADV:486bd1410e8f62 MIL:486bd1410100000000c6
1789375806.5522,125.482,1427.0,-145.4,3.14,0.00,7.50,2.40,23.9,45.1,4.47,14.10,0.000,69.0,48.0,1,0,0,0,0,0,0,NONE,,RPM:486bd1410c164c33 TPS:486bd1411108de ADV:486bd1410e8f62 MIL:486bd1410100000000c6
1789375806.8720,125.802,1439.0,37.5,3.14,0.00,7.50,2.40,23.9,45.1,4.47,14.10,0.000,69.0,48.0,1,0,0,0,0,0,0,NONE,,RPM:486bd1410c167c63 TPS:486bd1411108de ADV:486bd1410e8f62 MIL:486bd1410100000000c6
1789375807.3108,126.241,1404.0,-79.8,3.14,0.00,7.50,2.40,23.9,45.1,4.47,14.10,0.000,69.0,48.0,1,0,0,0,0,0,0,NONE,,RPM:486bd1410c15f0d6 TPS:486bd1411108de ADV:486bd1410e8f62 MIL:486bd1410100000000c6
1789375807.5898,126.520,1443.0,139.8,3.14,0.00,8.00,2.40,23.9,45.1,4.47,14.10,0.000,69.0,48.0,1,0,0,0,0,0,0,NONE,,RPM:486bd1410c168c73 TPS:486bd1411108de ADV:486bd1410e9063 MIL:486bd1410100000000c6
1789375808.0555,126.985,1413.0,-64.4,3.14,0.00,7.50,2.40,23.9,45.1,4.47,14.10,0.000,69.0,48.0,1,0,0,0,0,0,0,NONE,,RPM:486bd1410c1614fb TPS:486bd1411108de ADV:486bd1410e8f62 MIL:486bd1410100000000c6
1789375808.3377,127.267,1436.0,81.5,3.14,0.00,7.50,2.40,23.9,45.1,4.47,14.10,0.000,69.0,48.0,1,0,0,0,0,0,0,NONE,,RPM:486bd1410c167057 TPS:486bd1411108de ADV:486bd1410e8f62 MIL:486bd1410100000000c6
1789375808.6377,127.567,1397.0,-130.0,3.14,0.00,8.00,2.40,23.9,45.1,4.47,14.10,0.000,69.0,48.0,1,0,0,0,0,0,0,NONE,,RPM:486bd1410c15d4ba TPS:486bd1411108de ADV:486bd1410e9063 MIL:486bd1410100000000c6
1789375808.9883,127.918,1427.0,85.5,3.14,0.00,6.50,2.40,23.5,45.1,4.44,14.10,0.000,69.0,48.0,1,0,0,0,0,0,0,NONE,,RPM:486bd1410c164c33 TPS:486bd1411108de ADV:486bd1410e8d60 MIL:486bd1410100000000c6
1789375809.2837,128.214,1421.0,-20.3,3.14,0.00,8.00,2.40,23.5,45.1,4.44,14.10,0.000,69.0,48.0,1,0,0,0,0,0,0,NONE,,RPM:486bd1410c16341b TPS:486bd1411108de ADV:486bd1410e9063 MIL:486bd1410100000000c6
1789375809.5561,128.486,1415.0,-22.0,3.14,0.00,7.50,2.40,23.5,45.1,4.44,14.10,0.000,69.0,48.0,1,0,0,0,0,0,0,NONE,,RPM:486bd1410c161c03 TPS:486bd1411108de ADV:486bd1410e8f62 MIL:486bd1410100000000c6
1789375810.0563,128.986,1413.0,-4.0,3.14,0.00,7.50,2.40,23.5,45.1,4.44,14.10,0.000,69.0,48.0,1,0,0,0,0,0,0,NONE,,RPM:486bd1410c1614fb TPS:486bd1411108de ADV:486bd1410e8f62 MIL:486bd1410100000000c6
1789375810.3871,129.317,1417.0,12.1,3.53,1.19,8.00,2.40,23.5,45.3,4.44,14.10,0.000,69.0,48.0,1,0,0,0,0,0,0,NONE,,RPM:486bd1410c16240b TPS:486bd1411109df ADV:486bd1410e9063 MIL:486bd1410100000000c6
1789375810.6593,129.589,1421.0,14.7,3.14,-1.44,8.00,2.40,23.5,45.1,4.44,14.10,0.000,69.0,48.0,1,0,0,0,0,0,0,NONE,,RPM:486bd1410c16341b TPS:486bd1411108de ADV:486bd1410e9063 MIL:486bd1410100000000c6
1789375810.9288,129.859,1412.0,-33.4,3.14,0.00,8.00,2.40,23.5,45.1,4.44,14.10,0.000,69.0,48.0,1,0,0,0,0,0,0,NONE,,RPM:486bd1410c1610f7 TPS:486bd1411108de ADV:486bd1410e9063 MIL:486bd1410100000000c6
1789375811.3739,130.304,1399.0,-29.2,3.14,0.00,7.50,2.40,23.5,45.1,4.44,14.10,0.000,69.0,48.0,1,0,0,0,0,0,0,NONE,,RPM:486bd1410c15dcc2 TPS:486bd1411108de ADV:486bd1410e8f62 MIL:486bd1410100000000c6
1789375811.6506,130.580,1410.0,39.8,3.14,0.00,8.00,2.40,23.5,45.1,4.44,14.10,0.000,69.0,48.0,1,0,0,0,0,0,0,NONE,,RPM:486bd1410c1608ef TPS:486bd1411108de ADV:486bd1410e9063 MIL:486bd1410100000000c6
1789375812.1424,131.072,1413.0,6.1,3.14,0.00,8.00,2.40,23.5,45.1,4.44,14.10,0.000,69.0,48.0,1,0,0,0,0,0,0,NONE,,RPM:486bd1410c1614fb TPS:486bd1411108de ADV:486bd1410e9063 MIL:486bd1410100000000c6
1789375812.4176,131.347,1404.0,-32.7,3.14,0.00,8.00,2.40,23.5,45.1,4.40,14.10,0.000,70.0,48.0,1,0,0,0,0,0,0,NONE,,RPM:486bd1410c15f0d6 TPS:486bd1411108de ADV:486bd1410e9063 MIL:486bd1410100000000c6
1789375812.7203,131.650,1421.0,56.2,3.14,0.00,8.00,2.40,23.5,45.1,4.40,14.10,0.000,70.0,48.0,1,0,0,0,0,0,0,NONE,,RPM:486bd1410c16341b TPS:486bd1411108de ADV:486bd1410e9063 MIL:486bd1410100000000c6
1789375812.9932,131.923,1428.0,25.6,3.14,0.00,7.50,2.40,23.5,45.1,4.40,14.10,0.000,70.0,48.0,1,0,0,0,0,0,0,NONE,,RPM:486bd1410c165037 TPS:486bd1411108de ADV:486bd1410e8f62 MIL:486bd1410100000000c6
1789375813.2791,132.209,1443.0,52.5,3.14,0.00,8.00,2.40,23.5,45.1,4.40,14.10,0.000,70.0,48.0,1,0,0,0,0,0,0,NONE,,RPM:486bd1410c168c73 TPS:486bd1411108de ADV:486bd1410e9063 MIL:486bd1410100000000c6
1789375813.5746,132.504,1444.0,3.4,3.14,0.00,6.50,2.40,23.5,45.1,4.40,14.10,0.000,70.0,48.0,1,0,0,0,0,0,0,NONE,,RPM:486bd1410c169077 TPS:486bd1411108de ADV:486bd1410e8d60 MIL:486bd1410100000000c6
1789375814.0145,132.944,1453.0,20.5,3.14,0.00,7.50,2.40,23.5,45.1,4.40,14.10,0.000,70.0,48.0,1,0,0,0,0,0,0,NONE,,RPM:486bd1410c16b49b TPS:486bd1411108de ADV:486bd1410e8f62 MIL:486bd1410100000000c6
1789375814.3298,133.260,1424.0,-92.0,3.14,0.00,7.50,2.40,23.5,45.1,4.40,14.10,0.000,70.0,48.0,1,0,0,0,0,0,0,NONE,,RPM:486bd1410c164027 TPS:486bd1411108de ADV:486bd1410e8f62 MIL:486bd1410100000000c6
1789375814.6281,133.558,1428.0,13.4,3.14,0.00,7.50,2.40,23.5,45.1,4.40,14.10,0.000,70.0,48.0,1,0,0,0,0,0,0,NONE,,RPM:486bd1410c165037 TPS:486bd1411108de ADV:486bd1410e8f62 MIL:486bd1410100000000c6
1789375814.8936,133.823,1421.0,-26.4,3.14,0.00,8.00,2.40,23.5,45.1,4.40,14.10,0.000,70.0,48.0,1,0,0,0,0,0,0,NONE,,RPM:486bd1410c16341b TPS:486bd1411108de ADV:486bd1410e9063 MIL:486bd1410100000000c6
1789375815.3668,134.297,1419.0,-4.2,3.14,0.00,8.00,2.40,23.5,45.1,4.40,14.10,0.000,70.0,48.0,1,0,0,0,0,0,0,NONE,,RPM:486bd1410c162c13 TPS:486bd1411108de ADV:486bd1410e9063 MIL:486bd1410100000000c6
1789375815.6762,134.606,1419.0,0.0,3.14,0.00,7.50,2.40,23.5,45.1,4.40,14.10,0.000,70.0,48.0,1,0,0,0,0,0,0,NONE,,RPM:486bd1410c162c13 TPS:486bd1411108de ADV:486bd1410e8f62 MIL:486bd1410100000000c6
1789375816.1459,135.076,1418.0,-2.1,3.14,0.00,7.50,2.40,23.5,45.1,4.40,14.10,0.000,70.0,48.0,1,0,0,0,0,0,0,NONE,,RPM:486bd1410c16280f TPS:486bd1411108de ADV:486bd1410e8f62 MIL:486bd1410100000000c6
1789375816.4696,135.399,1416.0,-6.2,3.14,0.00,8.00,2.40,23.5,45.1,4.37,14.10,0.000,71.0,48.0,1,0,0,0,0,0,0,NONE,,RPM:486bd1410c162007 TPS:486bd1411108de ADV:486bd1410e9063 MIL:486bd1410100000000c6
1789375816.7491,135.679,1412.0,-14.3,3.14,0.00,6.50,2.40,23.5,45.1,4.37,14.10,0.000,71.0,48.0,1,0,0,0,0,0,0,NONE,,RPM:486bd1410c1610f7 TPS:486bd1411108de ADV:486bd1410e8d60 MIL:486bd1410100000000c6
1789375817.0725,136.002,1392.0,-61.8,3.14,0.00,8.00,2.40,23.5,45.1,4.37,14.10,0.000,71.0,48.0,1,0,0,0,0,0,0,NONE,,RPM:486bd1410c15c0a6 TPS:486bd1411108de ADV:486bd1410e9063 MIL:486bd1410100000000c6
1789375817.3412,136.271,1388.0,-14.9,3.14,0.00,8.00,2.40,23.5,45.1,4.37,14.10,0.000,71.0,48.0,1,0,0,0,0,0,0,NONE,,RPM:486bd1410c15b096 TPS:486bd1411108de ADV:486bd1410e9063 MIL:486bd1410100000000c6
1789375817.6119,136.542,1440.0,192.1,3.14,0.00,8.50,2.40,23.5,45.1,4.37,14.10,0.000,71.0,48.0,1,0,0,0,0,0,0,NONE,,RPM:486bd1410c168067 TPS:486bd1411108de ADV:486bd1410e9164 MIL:486bd1410100000000c6
1789375818.0648,136.995,1412.0,-61.8,3.14,0.00,8.00,2.40,23.5,45.1,4.37,14.10,0.000,71.0,48.0,1,0,0,0,0,0,0,NONE,,RPM:486bd1410c1610f7 TPS:486bd1411108de ADV:486bd1410e9063 MIL:486bd1410100000000c6
1789375818.3309,137.261,1423.0,41.3,3.14,0.00,6.50,2.40,23.5,45.1,4.37,14.10,0.000,71.0,48.0,1,0,0,0,0,0,0,NONE,,RPM:486bd1410c163c23 TPS:486bd1411108de ADV:486bd1410e8d60 MIL:486bd1410100000000c6
1789375818.6030,137.533,1426.0,11.0,3.14,0.00,8.00,2.40,23.5,45.1,4.37,14.10,0.000,71.0,48.0,1,0,0,0,0,0,0,NONE,,RPM:486bd1410c16482f TPS:486bd1411108de ADV:486bd1410e9063 MIL:486bd1410100000000c6
1789375818.9057,137.836,1392.0,-112.3,3.14,0.00,8.00,2.40,23.5,45.1,4.37,14.10,0.000,71.0,48.0,1,0,0,0,0,0,0,NONE,,RPM:486bd1410c15c0a6 TPS:486bd1411108de ADV:486bd1410e9063 MIL:486bd1410100000000c6
1789375819.3452,138.275,1408.0,36.4,3.14,0.00,8.00,2.40,23.5,45.1,4.37,14.10,0.000,71.0,48.0,1,0,0,0,0,0,0,NONE,,RPM:486bd1410c1600e7 TPS:486bd1411108de ADV:486bd1410e9063 MIL:486bd1410100000000c6
1789375819.6091,138.539,1421.0,49.3,3.14,0.00,7.50,2.40,23.5,45.1,4.37,14.10,0.000,71.0,48.0,1,0,0,0,0,0,0,NONE,,RPM:486bd1410c16341b TPS:486bd1411108de ADV:486bd1410e8f62 MIL:486bd1410100000000c6
1789375820.0458,138.976,1436.0,34.4,3.14,0.00,7.50,2.40,23.5,45.1,4.37,14.10,0.000,71.0,48.0,1,0,0,0,0,0,0,NONE,,RPM:486bd1410c167057 TPS:486bd1411108de ADV:486bd1410e8f62 MIL:486bd1410100000000c6
1789375820.3283,139.258,1438.0,7.1,3.14,0.00,7.50,2.40,23.5,45.1,4.34,14.10,0.000,72.0,48.0,1,0,0,0,0,0,0,NONE,,RPM:486bd1410c16785f TPS:486bd1411108de ADV:486bd1410e8f62 MIL:486bd1410100000000c6
1789375820.6011,139.531,1403.0,-128.3,3.14,0.00,7.50,2.40,23.5,45.1,4.34,14.10,0.000,72.0,48.0,1,0,0,0,0,0,0,NONE,,RPM:486bd1410c15ecd2 TPS:486bd1411108de ADV:486bd1410e8f62 MIL:486bd1410100000000c6
1789375820.8723,139.802,1425.0,81.1,3.14,0.00,6.50,2.40,23.5,45.1,4.34,14.10,0.000,72.0,48.0,1,0,0,0,0,0,0,NONE,,RPM:486bd1410c16442b TPS:486bd1411108de ADV:486bd1410e8d60 MIL:486bd1410100000000c6
1789375821.1459,140.076,1412.0,-47.5,3.14,0.00,8.00,2.40,23.5,45.1,4.34,14.10,0.000,72.0,48.0,1,0,0,0,0,0,0,NONE,,RPM:486bd1410c1610f7 TPS:486bd1411108de ADV:486bd1410e9063 MIL:486bd1410100000000c6
1789375821.4504,140.380,1433.0,69.0,3.14,0.00,7.50,2.40,23.5,45.1,4.34,14.10,0.000,72.0,48.0,1,0,0,0,0,0,0,NONE,,RPM:486bd1410c16644b TPS:486bd1411108de ADV:486bd1410e8f62 MIL:486bd1410100000000c6
1789375821.8786,140.808,1439.0,14.0,3.14,0.00,6.50,2.40,23.5,45.1,4.34,14.10,0.000,72.0,48.0,1,0,0,0,0,0,0,NONE,,RPM:486bd1410c167c63 TPS:486bd1411108de ADV:486bd1410e8d60 MIL:486bd1410100000000c6
1789375822.1680,141.098,1408.0,-107.1,3.14,0.00,8.00,2.40,23.5,45.1,4.34,14.10,0.000,72.0,48.0,1,0,0,0,0,0,0,NONE,,RPM:486bd1410c1600e7 TPS:486bd1411108de ADV:486bd1410e9063 MIL:486bd1410100000000c6
1789375822.4395,141.369,1428.0,73.7,3.14,0.00,7.50,2.40,23.5,45.1,4.34,14.10,0.000,72.0,48.0,1,0,0,0,0,0,0,NONE,,RPM:486bd1410c165037 TPS:486bd1411108de ADV:486bd1410e8f62 MIL:486bd1410100000000c6
1789375822.7106,141.640,1392.0,-132.8,3.14,0.00,8.00,2.40,23.5,45.1,4.34,14.10,0.000,72.0,48.0,1,0,0,0,0,0,0,NONE,,RPM:486bd1410c15c0a6 TPS:486bd1411108de ADV:486bd1410e9063 MIL:486bd1410100000000c6
1789375823.1709,142.101,1407.0,32.6,3.14,0.00,8.00,2.40,23.5,45.1,4.34,14.10,0.000,72.0,48.0,1,0,0,0,0,0,0,NONE,,RPM:486bd1410c15fce2 TPS:486bd1411108de ADV:486bd1410e9063 MIL:486bd1410100000000c6
1789375823.4457,142.375,1416.0,32.8,3.14,0.00,7.50,2.40,23.5,45.1,4.34,14.10,0.000,72.0,48.0,1,0,0,0,0,0,0,NONE,,RPM:486bd1410c162007 TPS:486bd1411108de ADV:486bd1410e8f62 MIL:486bd1410100000000c6
1789375823.9047,142.834,1404.0,-26.1,3.14,0.00,7.50,2.40,23.5,45.1,4.34,14.10,0.000,72.0,48.0,1,0,0,0,0,0,0,NONE,,RPM:486bd1410c15f0d6 TPS:486bd1411108de ADV:486bd1410e8f62 MIL:486bd1410100000000c6
1789375824.2174,143.147,1396.0,-25.6,3.14,0.00,8.50,2.40,23.5,45.1,4.31,14.10,0.000,73.0,48.0,1,0,0,0,0,0,0,NONE,,RPM:486bd1410c15d0b6 TPS:486bd1411108de ADV:486bd1410e9164 MIL:486bd1410100000000c6
1789375824.4845,143.414,1336.0,-224.7,3.14,0.00,8.00,2.40,23.5,45.1,4.31,14.10,0.000,73.0,48.0,1,0,0,0,0,0,0,NONE,,RPM:486bd1410c14e0c5 TPS:486bd1411108de ADV:486bd1410e9063 MIL:486bd1410100000000c6
1789375824.7881,143.718,1381.0,148.2,3.14,0.00,8.50,2.40,23.1,45.1,4.27,14.10,0.000,73.0,48.0,1,0,0,0,0,0,0,NONE,,RPM:486bd1410c15947a TPS:486bd1411108de ADV:486bd1410e9164 MIL:486bd1410100000000c6
1789375825.0604,143.990,1388.0,25.7,3.14,0.00,8.00,2.40,23.1,45.1,4.27,14.10,0.000,73.0,48.0,1,0,0,0,0,0,0,NONE,,RPM:486bd1410c15b096 TPS:486bd1411108de ADV:486bd1410e9063 MIL:486bd1410100000000c6
1789375825.3399,144.270,1413.0,89.4,3.14,0.00,8.50,2.40,23.1,45.1,4.27,14.10,0.000,73.0,48.0,1,0,0,0,0,0,0,NONE,,RPM:486bd1410c1614fb TPS:486bd1411108de ADV:486bd1410e9164 MIL:486bd1410100000000c6
1789375825.7810,144.711,1369.0,-99.8,3.14,0.00,7.50,2.40,23.1,45.1,4.27,14.10,0.000,73.0,48.0,1,0,0,0,0,0,0,NONE,,RPM:486bd1410c15644a TPS:486bd1411108de ADV:486bd1410e8f62 MIL:486bd1410100000000c6
1789375826.0522,144.982,1441.0,265.5,3.14,0.00,8.50,2.40,23.1,45.1,4.27,14.10,0.000,73.0,48.0,1,0,0,0,0,0,0,NONE,,RPM:486bd1410c16846b TPS:486bd1411108de ADV:486bd1410e9164 MIL:486bd1410100000000c6
1789375826.3383,145.268,1353.0,-307.5,3.14,0.00,8.00,2.40,23.1,45.1,4.27,14.10,0.000,73.0,48.0,1,0,0,0,0,0,0,NONE,,RPM:486bd1410c15240a TPS:486bd1411108de ADV:486bd1410e9063 MIL:486bd1410100000000c6
1789375826.6540,145.584,1442.0,281.9,3.14,0.00,7.50,2.40,23.1,45.1,4.27,14.10,0.000,73.0,48.0,1,0,0,0,0,0,0,NONE,,RPM:486bd1410c16886f TPS:486bd1411108de ADV:486bd1410e8f62 MIL:486bd1410100000000c6
1789375827.1064,146.036,1370.0,-159.1,3.14,0.00,8.00,2.40,23.1,45.1,4.27,14.10,0.000,73.0,48.0,1,0,0,0,0,0,0,NONE,,RPM:486bd1410c15684e TPS:486bd1411108de ADV:486bd1410e9063 MIL:486bd1410100000000c6
1789375827.4101,146.340,1380.0,32.9,3.14,0.00,8.50,2.40,23.1,45.1,4.27,14.10,0.000,73.0,48.0,1,0,0,0,0,0,0,NONE,,RPM:486bd1410c159076 TPS:486bd1411108de ADV:486bd1410e9164 MIL:486bd1410100000000c6
1789375827.8816,146.811,1400.0,42.4,3.14,0.00,8.00,2.40,23.1,45.1,4.27,14.10,0.000,73.0,48.0,1,0,0,0,0,0,0,NONE,,RPM:486bd1410c15e0c6 TPS:486bd1411108de ADV:486bd1410e9063 MIL:486bd1410100000000c6
1789375828.1613,147.091,1382.0,-64.4,3.14,0.00,8.00,2.40,23.1,45.1,4.27,14.10,0.000,73.0,48.0,1,0,0,0,0,0,0,NONE,,RPM:486bd1410c15987e TPS:486bd1411108de ADV:486bd1410e9063 MIL:486bd1410100000000c6
1789375828.4813,147.411,1391.0,28.1,3.14,0.00,8.50,2.40,23.1,45.1,4.27,14.10,0.000,73.0,48.0,1,0,0,0,0,0,0,NONE,,RPM:486bd1410c15bca2 TPS:486bd1411108de ADV:486bd1410e9164 MIL:486bd1410100000000c6
1789375828.7639,147.694,1379.0,-42.5,3.14,0.00,8.00,2.40,23.1,45.1,4.27,14.10,0.000,73.0,48.0,1,0,0,0,0,0,0,NONE,,RPM:486bd1410c158c72 TPS:486bd1411108de ADV:486bd1410e9063 MIL:486bd1410100000000c6
1789375829.0588,147.989,1379.0,0.0,3.14,0.00,8.50,2.40,23.1,45.1,4.27,14.10,0.000,73.0,48.0,1,0,0,0,0,0,0,NONE,,RPM:486bd1410c158c72 TPS:486bd1411108de ADV:486bd1410e9164 MIL:486bd1410100000000c6
1789375829.3278,148.258,1429.0,185.8,3.14,0.00,8.00,2.40,23.1,45.1,4.27,14.10,0.000,73.0,48.0,1,0,0,0,0,0,0,NONE,,RPM:486bd1410c16543b TPS:486bd1411108de ADV:486bd1410e9063 MIL:486bd1410100000000c6
1789375829.8078,148.738,1410.0,-39.6,3.14,0.00,8.00,2.40,23.1,45.1,4.27,14.10,0.000,73.0,48.0,1,0,0,0,0,0,0,NONE,,RPM:486bd1410c1608ef TPS:486bd1411108de ADV:486bd1410e9063 MIL:486bd1410100000000c6
1789375830.0787,149.009,1397.0,-48.0,3.14,0.00,7.50,2.40,23.1,45.1,4.27,14.10,0.000,73.0,48.0,1,0,0,0,0,0,0,NONE,,RPM:486bd1410c15d4ba TPS:486bd1411108de ADV:486bd1410e8f62 MIL:486bd1410100000000c6
1789375830.3512,149.281,1402.0,18.3,3.14,0.00,7.50,2.40,23.1,45.1,4.27,14.10,0.000,73.0,48.0,1,0,0,0,0,0,0,NONE,,RPM:486bd1410c15e8ce TPS:486bd1411108de ADV:486bd1410e8f62 MIL:486bd1410100000000c6
1789375830.6543,149.584,1349.0,-174.9,3.14,0.00,8.50,2.40,23.1,45.1,4.27,14.10,0.000,73.0,48.0,1,0,0,0,0,0,0,NONE,,RPM:486bd1410c1514fa TPS:486bd1411108de ADV:486bd1410e9164 MIL:486bd1410100000000c6
1789375831.1032,150.033,1400.0,113.6,3.14,0.00,8.00,2.40,23.1,45.1,4.27,14.10,0.000,73.0,48.0,1,0,0,0,0,0,0,NONE,,RPM:486bd1410c15e0c6 TPS:486bd1411108de ADV:486bd1410e9063 MIL:486bd1410100000000c6
1789375831.3741,150.304,1375.0,-92.3,3.14,0.00,7.50,2.40,23.1,45.1,4.27,14.10,0.000,73.0,48.0,1,0,0,0,0,0,0,NONE,,RPM:486bd1410c157c62 TPS:486bd1411108de ADV:486bd1410e8f62 MIL:486bd1410100000000c6
1789375831.8921,150.822,1371.0,-7.7,3.14,0.00,8.50,2.40,23.1,45.1,4.27,14.10,0.000,73.0,48.0,1,0,0,0,0,0,0,NONE,,RPM:486bd1410c156c52 TPS:486bd1411108de ADV:486bd1410e9164 MIL:486bd1410100000000c6
1789375832.1624,151.092,1410.0,144.3,3.14,0.00,6.50,2.40,23.1,45.1,4.27,14.10,0.000,73.0,48.0,1,0,0,0,0,0,0,NONE,,RPM:486bd1410c1608ef TPS:486bd1411108de ADV:486bd1410e8d60 MIL:486bd1410100000000c6
1789375832.4283,151.358,1346.0,-240.8,3.14,0.00,8.50,2.40,23.1,45.1,4.27,14.10,0.000,73.0,48.0,1,0,0,0,0,0,0,NONE,,RPM:486bd1410c1508ee TPS:486bd1411108de ADV:486bd1410e9164 MIL:486bd1410100000000c6
1789375832.7008,151.631,1391.0,165.1,3.14,0.00,7.50,2.40,23.1,45.1,4.27,14.10,0.000,73.0,48.0,1,0,0,0,0,0,0,NONE,,RPM:486bd1410c15bca2 TPS:486bd1411108de ADV:486bd1410e8f62 MIL:486bd1410100000000c6
1789375833.0040,151.934,1374.0,-56.1,3.14,0.00,8.00,2.40,23.1,45.1,4.27,14.10,0.000,73.0,48.0,1,0,0,0,0,0,0,NONE,,RPM:486bd1410c15785e TPS:486bd1411108de ADV:486bd1410e9063 MIL:486bd1410100000000c6
1789375833.2927,152.223,1395.0,72.7,3.14,0.00,7.50,2.40,23.1,45.1,4.27,14.10,0.000,73.0,48.0,1,0,0,0,0,0,0,NONE,,RPM:486bd1410c15ccb2 TPS:486bd1411108de ADV:486bd1410e8f62 MIL:486bd1410100000000c6
1789375833.7364,152.666,1377.0,-40.6,3.14,0.00,8.50,2.40,23.1,45.1,4.27,14.10,0.000,73.0,48.0,1,0,0,0,0,0,0,NONE,,RPM:486bd1410c15846a TPS:486bd1411108de ADV:486bd1410e9164 MIL:486bd1410100000000c6
1789375834.0272,152.957,1398.0,72.2,3.14,0.00,7.50,2.40,23.1,45.1,4.27,14.10,0.000,73.0,48.0,1,0,0,0,0,0,0,NONE,,RPM:486bd1410c15d8be TPS:486bd1411108de ADV:486bd1410e8f62 MIL:486bd1410100000000c6
1789375834.3155,153.245,1398.0,0.0,3.14,0.00,8.00,2.40,23.1,45.1,4.27,14.10,0.000,73.0,48.0,1,0,0,0,0,0,0,NONE,,RPM:486bd1410c15d8be TPS:486bd1411108de ADV:486bd1410e9063 MIL:486bd1410100000000c6
1789375834.5874,153.517,1397.0,-3.7,3.14,0.00,7.50,2.40,23.1,45.1,4.27,14.10,0.000,73.0,48.0,1,0,0,0,0,0,0,NONE,,RPM:486bd1410c15d4ba TPS:486bd1411108de ADV:486bd1410e8f62 MIL:486bd1410100000000c6
1789375835.0414,153.971,1400.0,6.6,3.14,0.00,8.00,2.40,23.1,45.1,4.27,14.10,0.000,73.0,48.0,1,0,0,0,0,0,0,NONE,,RPM:486bd1410c15e0c6 TPS:486bd1411108de ADV:486bd1410e9063 MIL:486bd1410100000000c6
1789375835.3066,154.236,1391.0,-33.9,3.14,0.00,7.50,2.40,23.1,45.1,4.27,14.10,0.000,73.0,48.0,1,0,0,0,0,0,0,NONE,,RPM:486bd1410c15bca2 TPS:486bd1411108de ADV:486bd1410e8f62 MIL:486bd1410100000000c6
1789375835.7476,154.677,1397.0,13.6,3.14,0.00,8.00,2.40,23.1,45.1,4.27,14.10,0.000,73.0,48.0,1,0,0,0,0,0,0,NONE,,RPM:486bd1410c15d4ba TPS:486bd1411108de ADV:486bd1410e9063 MIL:486bd1410100000000c6
1789375836.0249,154.955,1409.0,43.3,3.14,0.00,7.50,2.40,23.1,45.1,4.27,14.10,0.000,73.0,48.0,1,0,0,0,0,0,0,NONE,,RPM:486bd1410c1604eb TPS:486bd1411108de ADV:486bd1410e8f62 MIL:486bd1410100000000c6
1789375836.3046,155.234,1403.0,-21.5,3.14,0.00,8.00,2.40,23.1,45.1,4.27,14.10,0.000,73.0,48.0,1,0,0,0,0,0,0,NONE,,RPM:486bd1410c15ecd2 TPS:486bd1411108de ADV:486bd1410e9063 MIL:486bd1410100000000c6
1789375836.5772,155.507,1378.0,-91.7,3.14,0.00,8.50,2.40,23.1,45.1,4.27,14.10,0.000,73.0,48.0,1,0,0,0,0,0,0,NONE,,RPM:486bd1410c15886e TPS:486bd1411108de ADV:486bd1410e9164 MIL:486bd1410100000000c6
1789375836.8873,155.817,1395.0,54.8,3.14,0.00,7.50,2.40,23.1,45.1,4.27,14.10,0.000,73.0,48.0,1,0,0,0,0,0,0,NONE,,RPM:486bd1410c15ccb2 TPS:486bd1411108de ADV:486bd1410e8f62 MIL:486bd1410100000000c6
1789375837.1599,156.090,1389.0,-22.0,3.14,0.00,8.00,2.40,23.1,45.1,4.27,14.10,0.000,73.0,48.0,1,0,0,0,0,0,0,NONE,,RPM:486bd1410c15b49a TPS:486bd1411108de ADV:486bd1410e9063 MIL:486bd1410100000000c6
1789375837.6047,156.535,1421.0,71.9,3.14,0.00,8.00,2.40,23.1,45.1,4.27,14.10,0.000,73.0,48.0,1,0,0,0,0,0,0,NONE,,RPM:486bd1410c16341b TPS:486bd1411108de ADV:486bd1410e9063 MIL:486bd1410100000000c6
1789375837.8786,156.808,1438.0,62.1,3.14,0.00,6.50,2.40,23.1,45.1,4.27,14.10,0.000,73.0,48.0,1,0,0,0,0,0,0,NONE,,RPM:486bd1410c16785f TPS:486bd1411108de ADV:486bd1410e8d60 MIL:486bd1410100000000c6
1789375838.1642,157.094,1414.0,-84.0,3.14,0.00,7.50,2.40,23.1,45.1,4.27,14.10,0.000,73.0,48.0,1,0,0,0,0,0,0,NONE,,RPM:486bd1410c1618ff TPS:486bd1411108de ADV:486bd1410e8f62 MIL:486bd1410100000000c6
1789375838.4695,157.399,1409.0,-16.4,3.14,0.00,8.00,2.40,23.1,45.1,4.27,14.10,0.000,73.0,48.0,1,0,0,0,0,0,0,NONE,,RPM:486bd1410c1604eb TPS:486bd1411108de ADV:486bd1410e9063 MIL:486bd1410100000000c6
1789375838.9675,157.897,1371.0,-76.3,3.14,0.00,8.00,2.40,23.1,45.1,4.27,14.10,0.000,73.0,48.0,1,0,0,0,0,0,0,NONE,,RPM:486bd1410c156c52 TPS:486bd1411108de ADV:486bd1410e9063 MIL:486bd1410100000000c6
1789375839.2374,158.167,1409.0,140.8,3.14,0.00,7.50,2.40,23.1,45.1,4.27,14.10,0.000,73.0,48.0,1,0,0,0,0,0,0,NONE,,RPM:486bd1410c1604eb TPS:486bd1411108de ADV:486bd1410e8f62 MIL:486bd1410100000000c6
1789375839.7063,158.636,1403.0,-12.8,3.14,0.00,8.00,2.40,23.1,45.1,4.27,14.10,0.000,73.0,48.0,1,0,0,0,0,0,0,NONE,,RPM:486bd1410c15ecd2 TPS:486bd1411108de ADV:486bd1410e9063 MIL:486bd1410100000000c6
1789375840.0107,158.940,1377.0,-85.4,3.14,0.00,8.50,2.40,23.1,45.1,4.27,14.10,0.000,73.0,48.0,1,0,0,0,0,0,0,NONE,,RPM:486bd1410c15846a TPS:486bd1411108de ADV:486bd1410e9164 MIL:486bd1410100000000c6
1789375840.2776,159.207,1400.0,86.2,3.14,0.00,8.50,2.40,23.1,45.1,4.27,14.10,0.000,73.0,48.0,1,0,0,0,0,0,0,NONE,,RPM:486bd1410c15e0c6 TPS:486bd1411108de ADV:486bd1410e9164 MIL:486bd1410100000000c6
1789375840.5965,159.526,1408.0,25.1,3.14,0.00,8.00,2.40,23.1,45.1,4.27,14.10,0.000,73.0,48.0,1,0,0,0,0,0,0,NONE,,RPM:486bd1410c1600e7 TPS:486bd1411108de ADV:486bd1410e9063 MIL:486bd1410100000000c6
1789375840.8819,159.812,1390.0,-63.1,3.14,0.00,8.00,2.40,23.1,45.1,4.27,14.10,0.000,73.0,48.0,1,0,0,0,0,0,0,NONE,,RPM:486bd1410c15b89e TPS:486bd1411108de ADV:486bd1410e9063 MIL:486bd1410100000000c6
1789375841.1772,160.107,1363.0,-91.5,3.14,0.00,8.00,2.40,23.1,45.1,4.27,14.10,0.000,73.0,48.0,1,0,0,0,0,0,0,NONE,,RPM:486bd1410c154c32 TPS:486bd1411108de ADV:486bd1410e9063 MIL:486bd1410100000000c6
1789375841.6290,160.559,1354.0,-19.9,3.14,0.00,8.50,2.40,23.1,45.1,4.27,14.10,0.000,73.0,48.0,1,0,0,0,0,0,0,NONE,,RPM:486bd1410c15280e TPS:486bd1411108de ADV:486bd1410e9164 MIL:486bd1410100000000c6
1789375841.9470,160.877,1372.0,56.6,3.14,0.00,8.50,2.40,23.1,45.1,4.27,14.10,0.000,73.0,48.0,1,0,0,0,0,0,0,NONE,,RPM:486bd1410c157056 TPS:486bd1411108de ADV:486bd1410e9164 MIL:486bd1410100000000c6
1789375842.2878,161.218,1403.0,91.0,3.14,0.00,8.00,2.40,23.1,45.1,4.27,14.10,0.000,73.0,48.0,1,0,0,0,0,0,0,NONE,,RPM:486bd1410c15ecd2 TPS:486bd1411108de ADV:486bd1410e9063 MIL:486bd1410100000000c6
1789375842.5979,161.528,1373.0,-96.8,3.14,0.00,8.00,2.40,23.1,45.1,4.27,14.10,0.000,73.0,48.0,1,0,0,0,0,0,0,NONE,,RPM:486bd1410c15745a TPS:486bd1411108de ADV:486bd1410e9063 MIL:486bd1410100000000c6
1789375843.0214,161.951,1362.0,-26.0,3.14,0.00,8.00,2.40,23.1,45.1,4.27,14.10,0.000,73.0,48.0,1,0,0,0,0,0,0,NONE,,RPM:486bd1410c15482e TPS:486bd1411108de ADV:486bd1410e9063 MIL:486bd1410100000000c6
1789375843.3147,162.244,1420.0,197.8,3.14,0.00,8.50,2.40,23.1,45.1,4.27,14.10,0.000,73.0,48.0,1,0,0,0,0,0,0,NONE,,RPM:486bd1410c163017 TPS:486bd1411108de ADV:486bd1410e9164 MIL:486bd1410100000000c6
1789375843.7843,162.714,1364.0,-119.2,3.14,0.00,8.50,2.40,23.1,45.1,4.27,14.10,0.000,73.0,48.0,1,0,0,0,0,0,0,NONE,,RPM:486bd1410c155036 TPS:486bd1411108de ADV:486bd1410e9164 MIL:486bd1410100000000c6
1789375844.0506,162.980,1413.0,184.0,3.14,0.00,7.50,2.40,23.1,45.1,4.27,14.10,0.000,73.0,48.0,1,0,0,0,0,0,0,NONE,,RPM:486bd1410c1614fb TPS:486bd1411108de ADV:486bd1410e8f62 MIL:486bd1410100000000c6
1789375844.3251,163.255,1383.0,-109.3,3.14,0.00,8.00,2.40,23.1,45.1,4.27,14.10,0.000,73.0,48.0,1,0,0,0,0,0,0,NONE,,RPM:486bd1410c159c82 TPS:486bd1411108de ADV:486bd1410e9063 MIL:486bd1410100000000c6
1789375844.5950,163.525,1349.0,-126.0,3.14,0.00,8.50,2.40,23.1,45.1,4.27,14.10,0.000,73.0,48.0,1,0,0,0,0,0,0,NONE,,RPM:486bd1410c1514fa TPS:486bd1411108de ADV:486bd1410e9164 MIL:486bd1410100000000c6
1789375844.8645,163.794,1416.0,248.6,3.14,0.00,8.00,2.40,23.1,45.1,4.27,14.10,0.000,73.0,48.0,1,0,0,0,0,0,0,NONE,,RPM:486bd1410c162007 TPS:486bd1411108de ADV:486bd1410e9063 MIL:486bd1410100000000c6
1789375845.1681,164.098,1371.0,-148.2,3.14,0.00,8.50,2.40,23.1,45.1,4.27,14.10,0.000,73.0,48.0,1,0,0,0,0,0,0,NONE,,RPM:486bd1410c156c52 TPS:486bd1411108de ADV:486bd1410e9164 MIL:486bd1410100000000c6
1789375845.6352,164.565,1417.0,98.5,3.14,0.00,8.50,2.40,23.1,45.1,4.27,14.10,0.000,73.0,48.0,1,0,0,0,0,0,0,NONE,,RPM:486bd1410c16240b TPS:486bd1411108de ADV:486bd1410e9164 MIL:486bd1410100000000c6
1789375845.9067,164.837,1376.0,-151.0,3.14,0.00,8.50,2.40,23.1,45.1,4.27,14.10,0.000,73.0,49.0,1,0,0,0,0,0,0,NONE,,RPM:486bd1410c158066 TPS:486bd1411108de ADV:486bd1410e9164 MIL:486bd1410100000000c6
1789375846.1751,165.105,1377.0,3.7,3.14,0.00,8.00,2.40,23.1,45.1,4.27,14.10,0.000,73.0,49.0,1,0,0,0,0,0,0,NONE,,RPM:486bd1410c15846a TPS:486bd1411108de ADV:486bd1410e9063 MIL:486bd1410100000000c6
1789375846.4793,165.409,1394.0,55.9,3.14,0.00,8.50,2.40,23.1,45.1,4.27,14.10,0.000,73.0,49.0,1,0,0,0,0,0,0,NONE,,RPM:486bd1410c15c8ae TPS:486bd1411108de ADV:486bd1410e9164 MIL:486bd1410100000000c6
1789375846.9497,165.879,1409.0,31.9,3.14,0.00,7.50,2.40,23.1,45.1,4.27,14.10,0.000,73.0,49.0,1,0,0,0,0,0,0,NONE,,RPM:486bd1410c1604eb TPS:486bd1411108de ADV:486bd1410e8f62 MIL:486bd1410100000000c6
1789375847.2619,166.192,1376.0,-105.7,3.14,0.00,8.00,2.40,23.1,45.1,4.27,14.10,0.000,73.0,49.0,1,0,0,0,0,0,0,NONE,,RPM:486bd1410c158066 TPS:486bd1411108de ADV:486bd1410e9063 MIL:486bd1410100000000c6
1789375847.7055,166.635,1423.0,105.9,3.14,0.00,8.00,2.40,23.1,45.1,4.27,14.10,0.000,73.0,49.0,1,0,0,0,0,0,0,NONE,,RPM:486bd1410c163c23 TPS:486bd1411108de ADV:486bd1410e9063 MIL:486bd1410100000000c6
1789375847.9838,166.914,1402.0,-75.5,3.14,0.00,6.50,2.40,23.1,45.1,4.27,14.10,0.000,73.0,49.0,1,0,0,0,0,0,0,NONE,,RPM:486bd1410c15e8ce TPS:486bd1411108de ADV:486bd1410e8d60 MIL:486bd1410100000000c6
1789375848.2854,167.215,1335.0,-222.2,3.14,0.00,8.00,2.40,23.1,45.1,4.27,14.10,0.000,73.0,49.0,1,0,0,0,0,0,0,NONE,,RPM:486bd1410c14dcc1 TPS:486bd1411108de ADV:486bd1410e9063 MIL:486bd1410100000000c6
1789375848.5575,167.487,1424.0,327.1,3.14,0.00,8.00,2.40,23.1,45.1,4.27,14.10,0.000,73.0,49.0,1,0,0,0,0,0,0,NONE,,RPM:486bd1410c164027 TPS:486bd1411108de ADV:486bd1410e9063 MIL:486bd1410100000000c6
1789375848.8275,167.757,1379.0,-166.6,3.14,0.00,8.00,2.40,23.1,45.1,4.27,14.10,0.000,73.0,49.0,1,0,0,0,0,0,0,NONE,,RPM:486bd1410c158c72 TPS:486bd1411108de ADV:486bd1410e9063 MIL:486bd1410100000000c6
1789375849.1005,168.030,1410.0,113.6,3.14,0.00,7.50,2.40,23.1,45.1,4.27,14.10,0.000,73.0,49.0,1,0,0,0,0,0,0,NONE,,RPM:486bd1410c1608ef TPS:486bd1411108de ADV:486bd1410e8f62 MIL:486bd1410100000000c6
1789375849.5596,168.489,1361.0,-106.7,3.14,0.00,7.50,2.40,23.1,45.1,4.27,14.10,0.000,73.0,49.0,1,0,0,0,0,0,0,NONE,,RPM:486bd1410c15442a TPS:486bd1411108de ADV:486bd1410e8f62 MIL:486bd1410100000000c6
1789375849.8354,168.765,1379.0,65.3,3.14,0.00,8.00,2.40,23.1,45.1,4.27,14.10,0.000,73.0,49.0,1,0,0,0,0,0,0,NONE,,RPM:486bd1410c158c72 TPS:486bd1411108de ADV:486bd1410e9063 MIL:486bd1410100000000c6
1789375850.1466,169.076,1400.0,67.5,3.14,0.00,8.00,2.40,23.1,45.1,4.27,14.10,0.000,73.0,49.0,1,0,0,0,0,0,0,NONE,,RPM:486bd1410c15e0c6 TPS:486bd1411108de ADV:486bd1410e9063 MIL:486bd1410100000000c6
1789375850.4455,169.375,1394.0,-20.1,3.14,0.00,7.50,2.40,23.1,45.1,4.27,14.10,0.000,73.0,49.0,1,0,0,0,0,0,0,NONE,,RPM:486bd1410c15c8ae TPS:486bd1411108de ADV:486bd1410e8f62 MIL:486bd1410100000000c6
1789375850.8695,169.799,1349.0,-106.1,3.14,0.00,7.50,2.40,23.1,45.1,4.27,14.10,0.000,73.0,49.0,1,0,0,0,0,0,0,NONE,,RPM:486bd1410c1514fa TPS:486bd1411108de ADV:486bd1410e8f62 MIL:486bd1410100000000c6
1789375851.1780,170.108,1393.0,142.6,3.14,0.00,8.50,2.40,23.1,45.1,4.27,14.10,0.000,73.0,49.0,1,0,0,0,0,0,0,NONE,,RPM:486bd1410c15c4aa TPS:486bd1411108de ADV:486bd1410e9164 MIL:486bd1410100000000c6
1789375851.6168,170.547,1375.0,-41.0,3.14,0.00,8.00,2.40,23.1,45.1,4.27,14.10,0.000,73.0,49.0,1,0,0,0,0,0,0,NONE,,RPM:486bd1410c157c62 TPS:486bd1411108de ADV:486bd1410e9063 MIL:486bd1410100000000c6
1789375851.8967,170.826,1385.0,35.7,3.14,0.00,8.50,2.40,23.1,45.1,4.27,14.10,0.000,73.0,49.0,1,0,0,0,0,0,0,NONE,,RPM:486bd1410c15a48a TPS:486bd1411108de ADV:486bd1410e9164 MIL:486bd1410100000000c6
1789375852.2015,171.131,1383.0,-6.6,3.14,0.00,8.00,2.40,23.1,45.1,4.27,14.10,0.000,73.0,49.0,1,0,0,0,0,0,0,NONE,,RPM:486bd1410c159c82 TPS:486bd1411108de ADV:486bd1410e9063 MIL:486bd1410100000000c6
1789375852.4735,171.403,1326.0,-209.6,3.14,0.00,8.50,2.40,23.5,45.1,4.31,14.10,0.000,73.0,49.0,1,0,0,0,0,0,0,NONE,,RPM:486bd1410c14b89d TPS:486bd1411108de ADV:486bd1410e9164 MIL:486bd1410100000000c6
1789375852.7441,171.674,1359.0,121.9,3.14,0.00,8.50,2.40,23.5,45.1,4.31,14.10,0.000,73.0,49.0,1,0,0,0,0,0,0,NONE,,RPM:486bd1410c153c22 TPS:486bd1411108de ADV:486bd1410e9164 MIL:486bd1410100000000c6
1789375853.0244,171.954,1350.0,-32.1,3.14,0.00,8.50,2.40,23.5,45.1,4.31,14.10,0.000,73.0,49.0,1,0,0,0,0,0,0,NONE,,RPM:486bd1410c1518fe TPS:486bd1411108de ADV:486bd1410e9164 MIL:486bd1410100000000c6
1789375853.4787,172.408,1379.0,63.8,3.14,0.00,8.00,2.40,23.5,45.1,4.31,14.10,0.000,73.0,49.0,1,0,0,0,0,0,0,NONE,,RPM:486bd1410c158c72 TPS:486bd1411108de ADV:486bd1410e9063 MIL:486bd1410100000000c6
1789375853.8071,172.737,1359.0,-60.9,3.14,0.00,8.50,2.40,23.5,45.1,4.31,14.10,0.000,73.0,48.0,1,0,0,0,0,0,0,NONE,,RPM:486bd1410c153c22 TPS:486bd1411108de ADV:486bd1410e9164 MIL:486bd1410100000000c6
1789375854.1029,173.033,1381.0,74.4,3.14,0.00,8.50,2.40,23.5,45.1,4.31,14.10,0.000,73.0,48.0,1,0,0,0,0,0,0,NONE,,RPM:486bd1410c15947a TPS:486bd1411108de ADV:486bd1410e9164 MIL:486bd1410100000000c6
1789375854.4295,173.359,1414.0,101.0,3.14,0.00,9.00,2.40,23.5,45.1,4.31,14.10,0.000,73.0,48.0,1,0,0,0,0,0,0,NONE,,RPM:486bd1410c1618ff TPS:486bd1411108de ADV:486bd1410e9265 MIL:486bd1410100000000c6
1789375854.8884,173.818,1413.0,-2.2,7.84,10.26,6.50,2.40,23.5,47.8,4.31,14.10,0.000,73.0,48.0,1,0,0,0,0,0,0,NONE,,RPM:486bd1410c1614fb TPS:486bd1411114ea ADV:486bd1410e8d60 MIL:486bd1410100000000c6
1789375855.1746,174.104,1730.0,1107.8,8.24,1.37,-2.50,2.40,23.5,48.1,4.31,14.10,0.000,73.0,48.0,1,0,0,0,0,0,0,NONE,,RPM:486bd1410c1b08f4 TPS:486bd1411115eb ADV:486bd1410e7b4e MIL:486bd1410100000000c6
1789375855.6087,174.539,2473.0,1711.4,9.02,1.81,13.50,2.40,23.5,48.5,4.31,14.10,0.000,73.0,48.0,1,0,0,0,0,0,0,NONE,,RPM:486bd1410c26a49b TPS:486bd1411117ed ADV:486bd1410e9b6e MIL:486bd1410100000000c6
1789375855.9101,174.840,2676.0,673.6,9.80,2.60,15.00,2.40,23.5,49.0,4.28,14.10,0.000,74.0,48.0,1,0,0,0,0,0,0,NONE,,RPM:486bd1410c29d0ca TPS:486bd1411119ef ADV:486bd1410e9e71 MIL:486bd1410100000000c6
1789375856.1817,175.112,2612.0,-235.6,9.80,0.00,15.00,2.40,23.5,49.0,4.28,14.10,0.000,74.0,48.0,1,0,0,0,0,0,0,NONE,,RPM:486bd1410c28d0c9 TPS:486bd1411119ef ADV:486bd1410e9e71 MIL:486bd1410100000000c6
1789375856.4853,175.415,2413.0,-655.6,9.80,0.00,12.50,2.40,37.6,49.0,5.55,14.10,0.000,74.0,48.0,1,0,0,0,0,0,0,NONE,,RPM:486bd1410c25b4aa TPS:486bd1411119ef ADV:486bd1410e996c MIL:486bd1410100000000c6
1789375856.7557,175.685,2344.0,-255.2,9.80,0.00,10.00,2.40,37.6,49.0,5.55,14.10,0.000,74.0,48.0,1,0,0,0,0,0,0,NONE,,RPM:486bd1410c24a095 TPS:486bd1411119ef ADV:486bd1410e9467 MIL:486bd1410100000000c6
1789375857.0289,175.959,2221.0,-450.3,9.80,0.00,6.00,2.40,37.6,49.0,5.55,14.10,0.000,74.0,48.0,1,0,0,0,0,0,0,NONE,,RPM:486bd1410c22b4a7 TPS:486bd1411119ef ADV:486bd1410e8c5f MIL:486bd1410100000000c6
1789375857.4825,176.412,2191.0,-66.1,10.20,0.86,6.00,2.40,37.6,49.2,5.55,14.10,0.000,74.0,48.0,1,0,0,0,0,0,0,NONE,,RPM:486bd1410c223c2f TPS:486bd141111af0 ADV:486bd1410e8c5f MIL:486bd1410100000000c6
1789375857.7499,176.680,2176.0,-56.1,10.20,0.00,4.00,2.40,37.6,49.2,5.55,14.10,0.000,74.0,48.0,1,0,0,0,0,0,0,NONE,,RPM:486bd1410c2200f3 TPS:486bd141111af0 ADV:486bd1410e885b MIL:486bd1410100000000c6
1789375858.0185,176.948,2155.0,-78.2,10.20,0.00,7.50,2.40,37.6,49.2,5.55,14.10,0.000,74.0,48.0,1,0,0,0,0,0,0,NONE,,RPM:486bd1410c21ac9e TPS:486bd141111af0 ADV:486bd1410e8f62 MIL:486bd1410100000000c6
1789375858.3226,177.252,2313.0,519.7,10.20,0.00,15.50,2.40,37.6,49.2,5.55,14.10,0.000,74.0,48.0,1,0,0,0,0,0,0,NONE,,RPM:486bd1410c242419 TPS:486bd141111af0 ADV:486bd1410e9f72 MIL:486bd1410100000000c6
1789375858.7995,177.729,2663.0,733.8,9.80,-0.82,20.50,2.40,37.6,49.0,5.55,14.10,0.000,74.0,48.0,1,0,0,0,0,0,0,NONE,,RPM:486bd1410c299c96 TPS:486bd1411119ef ADV:486bd1410ea97c MIL:486bd1410100000000c6
1789375859.0808,178.011,2834.0,608.0,8.63,-4.18,26.00,2.40,37.6,48.3,5.55,14.10,0.000,74.0,48.0,1,0,0,0,0,0,0,NONE,,RPM:486bd1410c2c4845 TPS:486bd1411116ec ADV:486bd1410eb487 MIL:486bd1410100000000c6
1789375859.5023,178.432,3073.0,567.0,7.06,-3.72,31.50,2.40,37.6,47.4,5.55,14.10,0.000,74.0,48.0,1,0,0,0,0,0,0,NONE,,RPM:486bd1410c300405 TPS:486bd1411112e8 ADV:486bd1410ebf92 MIL:486bd1410100000000c6
1789375859.8465,178.776,3145.0,209.2,6.67,-1.14,32.50,2.40,37.6,47.2,5.52,14.10,0.000,75.0,48.0,1,0,0,0,0,0,0,NONE,,RPM:486bd1410c312426 TPS:486bd1411111e7 ADV:486bd1410ec194 MIL:486bd1410100000000c6
1789375860.1910,179.121,3178.0,95.8,6.27,-1.14,35.50,2.40,37.6,46.9,5.52,14.10,0.000,75.0,48.0,1,0,0,0,0,0,0,NONE,,RPM:486bd1410c31a8aa TPS:486bd1411110e6 ADV:486bd1410ec79a MIL:486bd1410100000000c6
1789375860.4686,179.398,3169.0,-32.4,6.27,0.00,38.50,2.40,20.8,46.9,4.00,14.10,0.000,75.0,48.0,1,0,0,0,0,0,0,NONE,,RPM:486bd1410c318486 TPS:486bd1411110e6 ADV:486bd1410ecda0 MIL:486bd1410100000000c6
1789375860.7524,179.682,3192.0,81.0,5.49,-2.76,46.00,2.40,20.8,46.5,4.00,14.10,0.000,75.0,48.0,1,0,0,0,0,0,0,NONE,,RPM:486bd1410c31e0e2 TPS:486bd141110ee4 ADV:486bd1410edcaf MIL:486bd1410100000000c6
1789375861.0308,179.961,2926.0,-955.4,3.14,-8.45,35.00,2.40,20.8,45.1,4.00,14.10,0.000,75.0,48.0,1,0,0,0,0,0,0,NONE,,RPM:486bd1410c2db8b6 TPS:486bd1411108de ADV:486bd1410ec699 MIL:486bd1410100000000c6
1789375861.5642,180.494,1892.0,-1938.5,3.14,0.00,10.00,2.40,20.8,45.1,4.00,14.10,0.000,75.0,48.0,1,0,0,0,0,0,0,NONE,,RPM:486bd1410c1d907e TPS:486bd1411108de ADV:486bd1410e9467 MIL:486bd1410100000000c6
1789375861.8526,180.782,1375.0,-1792.9,3.14,0.00,10.50,2.40,20.8,45.1,4.00,14.10,0.000,75.0,47.0,1,0,0,0,0,0,0,NONE,,RPM:486bd1410c157c62 TPS:486bd1411108de ADV:486bd1410e9568 MIL:486bd1410100000000c6
1789375862.1349,181.065,1307.0,-240.9,3.14,0.00,9.00,2.40,20.8,45.1,4.00,14.10,0.000,75.0,47.0,1,0,0,0,0,0,0,NONE,,RPM:486bd1410c146c51 TPS:486bd1411108de ADV:486bd1410e9265 MIL:486bd1410100000000c6
1789375862.4171,181.347,1401.0,333.0,3.14,0.00,10.00,2.40,20.8,45.1,4.00,14.10,0.000,75.0,47.0,1,0,0,0,0,0,0,NONE,,RPM:486bd1410c15e4ca TPS:486bd1411108de ADV:486bd1410e9467 MIL:486bd1410100000000c6
1789375862.8693,181.799,1435.0,75.2,3.14,0.00,9.00,2.40,20.8,45.1,4.00,14.10,0.000,75.0,47.0,1,0,0,0,0,0,0,NONE,,RPM:486bd1410c166c53 TPS:486bd1411108de ADV:486bd1410e9265 MIL:486bd1410100000000c6
1789375863.1661,182.096,1311.0,-417.8,3.14,0.00,10.00,2.40,20.8,45.1,4.00,14.10,0.000,75.0,47.0,1,0,0,0,0,0,0,NONE,,RPM:486bd1410c147c61 TPS:486bd1411108de ADV:486bd1410e9467 MIL:486bd1410100000000c6
1789375863.6196,182.549,1402.0,200.7,3.14,0.00,10.00,2.40,20.8,45.1,4.00,14.10,0.000,75.0,47.0,1,0,0,0,0,0,0,NONE,,RPM:486bd1410c15e8ce TPS:486bd1411108de ADV:486bd1410e9467 MIL:486bd1410100000000c6
1789375863.9005,182.830,1305.0,-345.2,3.92,2.79,10.00,2.40,20.8,45.6,3.98,14.10,0.000,76.0,47.0,1,0,0,0,0,0,0,NONE,,RPM:486bd1410c146449 TPS:486bd141110ae0 ADV:486bd1410e9467 MIL:486bd1410100000000c6
1789375864.1726,183.102,1537.0,852.8,4.31,1.44,10.00,2.40,20.8,45.8,3.98,14.10,0.000,76.0,47.0,1,0,0,0,0,0,0,NONE,,RPM:486bd1410c1804ed TPS:486bd141110be1 ADV:486bd1410e9467 MIL:486bd1410100000000c6
1789375864.4762,183.406,1752.0,708.1,5.88,5.17,6.00,2.40,33.3,46.7,5.11,14.10,0.000,76.0,47.0,1,0,0,0,0,0,0,NONE,,RPM:486bd1410c1b604c TPS:486bd141110fe5 ADV:486bd1410e8c5f MIL:486bd1410100000000c6
1789375864.7633,183.693,1844.0,320.4,6.27,1.37,3.50,2.40,33.3,46.9,5.11,14.10,0.000,76.0,47.0,1,0,0,0,0,0,0,NONE,,RPM:486bd1410c1cd0bd TPS:486bd1411110e6 ADV:486bd1410e875a MIL:486bd1410100000000c6
1789375865.0700,184.000,1887.0,140.2,7.06,2.56,3.50,2.40,33.3,47.4,5.11,14.10,0.000,76.0,47.0,1,0,0,0,0,0,0,NONE,,RPM:486bd1410c1d7c6a TPS:486bd1411112e8 ADV:486bd1410e875a MIL:486bd1410100000000c6
1789375865.5027,184.432,1812.0,-173.4,7.45,0.91,3.50,2.40,33.3,47.6,5.11,14.10,0.000,76.0,47.0,1,0,0,0,0,0,0,NONE,,RPM:486bd1410c1c503d TPS:486bd1411113e9 ADV:486bd1410e875a MIL:486bd1410100000000c6
1789375865.7709,184.701,1895.0,309.4,7.45,0.00,2.50,2.40,33.3,47.6,5.11,14.10,0.000,76.0,47.0,1,0,0,0,0,0,0,NONE,,RPM:486bd1410c1d9c8a TPS:486bd1411113e9 ADV:486bd1410e8558 MIL:486bd1410100000000c6
1789375866.0430,184.973,2001.0,389.6,7.06,-1.44,6.50,2.40,33.3,47.4,5.11,14.10,0.000,76.0,47.0,1,0,0,0,0,0,0,NONE,,RPM:486bd1410c1f4434 TPS:486bd1411112e8 ADV:486bd1410e8d60 MIL:486bd1410100000000c6
1789375866.3152,185.245,2130.0,473.9,6.67,-1.44,10.00,2.40,33.3,47.2,5.11,14.10,0.000,76.0,47.0,1,0,0,0,0,0,0,NONE,,RPM:486bd1410c21483a TPS:486bd1411111e7 ADV:486bd1410e9467 MIL:486bd1410100000000c6
1789375866.7670,185.697,2250.0,265.6,6.67,0.00,13.00,2.40,33.3,47.2,5.11,14.10,0.000,76.0,47.0,1,0,0,0,0,0,0,NONE,,RPM:486bd1410c23281c TPS:486bd1411111e7 ADV:486bd1410e9a6d MIL:486bd1410100000000c6
1789375867.0653,185.995,2288.0,127.4,6.67,0.00,13.50,2.40,33.3,47.2,5.11,14.10,0.000,76.0,47.0,1,0,0,0,0,0,0,NONE,,RPM:486bd1410c23c0b4 TPS:486bd1411111e7 ADV:486bd1410e9b6e MIL:486bd1410100000000c6
1789375867.5010,186.431,2322.0,78.0,7.06,0.90,13.50,2.40,33.3,47.4,5.11,14.10,0.000,76.0,47.0,1,0,0,0,0,0,0,NONE,,RPM:486bd1410c24483d TPS:486bd1411112e8 ADV:486bd1410e9b6e MIL:486bd1410100000000c6
1789375867.7697,186.700,2333.0,40.9,7.06,0.00,14.00,2.40,33.3,47.4,5.11,14.10,0.000,76.0,47.0,1,0,0,0,0,0,0,NONE,,RPM:486bd1410c247469 TPS:486bd1411112e8 ADV:486bd1410e9c6f MIL:486bd1410100000000c6
1789375868.0399,186.970,2379.0,170.3,7.06,0.00,15.50,2.40,33.3,47.4,5.11,14.10,0.000,76.0,47.0,1,0,0,0,0,0,0,NONE,,RPM:486bd1410c252c22 TPS:486bd1411112e8 ADV:486bd1410e9f72 MIL:486bd1410100000000c6
1789375868.3124,187.242,2406.0,99.1,7.84,2.88,14.00,2.40,33.3,47.8,5.11,14.10,0.000,76.0,47.0,1,0,0,0,0,0,0,NONE,,RPM:486bd1410c25988e TPS:486bd1411114ea ADV:486bd1410e9c6f MIL:486bd1410100000000c6
1789375868.5830,187.513,2435.0,107.2,8.24,1.45,16.50,2.40,33.3,48.1,5.11,14.10,0.000,76.0,47.0,1,0,0,0,0,0,0,NONE,,RPM:486bd1410c260c03 TPS:486bd1411115eb ADV:486bd1410ea174 MIL:486bd1410100000000c6
1789375868.8611,187.791,2451.0,57.5,8.24,0.00,17.50,2.40,33.3,48.1,5.11,14.10,0.000,76.0,47.0,1,0,0,0,0,0,0,NONE,,RPM:486bd1410c264c43 TPS:486bd1411115eb ADV:486bd1410ea376 MIL:486bd1410100000000c6
1789375869.3297,188.260,2561.0,234.7,7.45,-1.67,18.00,2.40,33.3,47.6,5.11,14.10,0.000,76.0,47.0,1,0,0,0,0,0,0,NONE,,RPM:486bd1410c2804fd TPS:486bd1411113e9 ADV:486bd1410ea477 MIL:486bd1410100000000c6
1789375869.6402,188.570,2593.0,103.1,7.45,0.00,20.00,2.40,33.3,47.6,5.11,14.10,0.000,76.0,46.0,1,0,0,0,0,0,0,NONE,,RPM:486bd1410c28847d TPS:486bd1411113e9 ADV:486bd1410ea87b MIL:486bd1410100000000c6
1789375869.9279,188.858,2596.0,10.4,7.45,0.00,20.50,2.40,33.3,47.6,5.11,14.10,0.000,76.0,46.0,1,0,0,0,0,0,0,NONE,,RPM:486bd1410c289089 TPS:486bd1411113e9 ADV:486bd1410ea97c MIL:486bd1410100000000c6
1789375870.2155,189.145,2619.0,80.0,7.45,0.00,20.00,2.40,33.3,47.6,5.11,14.10,0.000,76.0,46.0,1,0,0,0,0,0,0,NONE,,RPM:486bd1410c28ece5 TPS:486bd1411113e9 ADV:486bd1410ea87b MIL:486bd1410100000000c6
1789375870.6842,189.614,2600.0,-40.5,7.45,0.00,20.00,2.40,33.3,47.6,5.11,14.10,0.000,76.0,46.0,1,0,0,0,0,0,0,NONE,,RPM:486bd1410c28a099 TPS:486bd1411113e9 ADV:486bd1410ea87b MIL:486bd1410100000000c6
1789375870.9780,189.908,2644.0,149.8,7.84,1.33,21.00,2.40,33.3,47.8,5.11,14.10,0.000,76.0,46.0,1,0,0,0,0,0,0,NONE,,RPM:486bd1410c29504a TPS:486bd1411114ea ADV:486bd1410eaa7d MIL:486bd1410100000000c6
1789375871.4318,190.362,2587.0,-125.6,7.84,0.00,20.00,2.40,33.3,47.8,5.11,14.10,0.000,76.0,46.0,1,0,0,0,0,0,0,NONE,,RPM:486bd1410c286c65 TPS:486bd1411114ea ADV:486bd1410ea87b MIL:486bd1410100000000c6
1789375871.7497,190.679,2659.0,226.5,7.84,0.00,21.00,2.40,33.3,47.8,5.08,14.10,0.000,77.0,46.0,1,0,0,0,0,0,0,NONE,,RPM:486bd1410c298c86 TPS:486bd1411114ea ADV:486bd1410eaa7d MIL:486bd1410100000000c6
1789375872.0214,190.951,2673.0,51.5,8.24,1.44,21.50,2.40,33.3,48.1,5.08,14.10,0.000,77.0,46.0,1,0,0,0,0,0,0,NONE,,RPM:486bd1410c29c4be TPS:486bd1411115eb ADV:486bd1410eab7e MIL:486bd1410100000000c6
1789375872.2937,191.223,2698.0,91.8,8.63,1.44,20.00,2.40,31.4,48.3,4.90,14.10,0.000,77.0,46.0,1,0,0,0,0,0,0,NONE,,RPM:486bd1410c2a2823 TPS:486bd1411116ec ADV:486bd1410ea87b MIL:486bd1410100000000c6
1789375872.6126,191.542,2773.0,235.2,10.59,6.15,21.00,2.40,31.4,49.4,4.90,14.10,0.000,77.0,46.0,1,0,0,0,0,0,0,NONE,,RPM:486bd1410c2b5450 TPS:486bd141111bf1 ADV:486bd1410eaa7d MIL:486bd1410100000000c6
1789375872.9336,191.863,2896.0,383.2,11.76,3.67,21.00,2.40,31.4,50.1,4.90,14.10,0.000,77.0,46.0,1,0,0,0,0,0,0,NONE,,RPM:486bd1410c2d403e TPS:486bd141111ef4 ADV:486bd1410eaa7d MIL:486bd1410100000000c6
1789375873.3806,192.310,3163.0,597.3,11.37,-0.88,23.50,2.40,31.4,49.9,4.90,14.10,0.000,77.0,46.0,1,0,0,0,0,0,0,NONE,,RPM:486bd1410c316c6e TPS:486bd141111df3 ADV:486bd1410eaf82 MIL:486bd1410100000000c6
1789375873.6510,192.581,3361.0,732.1,10.59,-2.90,25.00,2.40,31.4,49.4,4.90,14.10,0.000,77.0,46.0,1,0,0,0,0,0,0,NONE,,RPM:486bd1410c348489 TPS:486bd141111bf1 ADV:486bd1410eb285 MIL:486bd1410100000000c6
1789375873.9235,192.853,3524.0,598.2,10.20,-1.44,26.00,2.40,31.4,49.2,4.90,14.10,0.000,77.0,46.0,1,0,0,0,0,0,0,NONE,,RPM:486bd1410c371018 TPS:486bd141111af0 ADV:486bd1410eb487 MIL:486bd1410100000000c6
1789375874.1953,193.125,3617.0,342.2,3.53,-24.53,60.00,2.40,31.4,45.3,4.90,14.10,0.000,77.0,46.0,1,0,0,0,0,0,0,NONE,,RPM:486bd1410c38848d TPS:486bd1411109df ADV:486bd1410ef8cb MIL:486bd1410100000000c6
1789375874.6719,193.602,2621.0,-2089.9,16.47,27.15,15.50,2.40,31.4,52.9,4.90,14.10,0.000,77.0,46.0,1,0,0,0,0,0,0,NONE,,RPM:486bd1410c28f4ed TPS:486bd141112a00 ADV:486bd1410e9f72 MIL:486bd1410100000000c6
1789375874.9457,193.875,2491.0,-474.8,17.25,2.86,15.00,2.40,31.4,53.3,4.90,14.10,0.000,77.0,46.0,1,0,0,0,0,0,0,NONE,,RPM:486bd1410c26ece3 TPS:486bd141112c02 ADV:486bd1410e9e71 MIL:486bd1410100000000c6
1789375875.3834,194.313,2644.0,349.5,16.08,-2.69,15.00,2.40,31.4,52.6,4.90,14.10,0.000,77.0,46.0,1,0,0,0,0,0,0,NONE,,RPM:486bd1410c29504a TPS:486bd1411129ff ADV:486bd1410e9e71 MIL:486bd1410100000000c6
1789375875.6662,194.596,2690.0,162.7,15.29,-2.77,16.00,2.40,31.4,52.2,4.90,14.10,0.000,77.0,46.0,1,0,0,0,0,0,0,NONE,,RPM:486bd1410c2a0803 TPS:486bd1411127fd ADV:486bd1410ea073 MIL:486bd1410100000000c6
1789375875.9663,194.896,2793.0,343.2,16.08,2.61,17.50,2.40,31.4,52.6,4.90,14.10,0.000,77.0,46.0,1,0,0,0,0,0,0,NONE,,RPM:486bd1410c2ba4a0 TPS:486bd1411129ff ADV:486bd1410ea376 MIL:486bd1410100000000c6
1789375876.2705,195.200,2853.0,197.2,15.69,-1.29,18.00,2.40,39.6,52.4,5.64,14.10,0.000,77.0,46.0,1,0,0,0,0,0,0,NONE,,RPM:486bd1410c2c9491 TPS:486bd1411128fe ADV:486bd1410ea477 MIL:486bd1410100000000c6
1789375876.5444,195.474,2951.0,357.8,14.51,-4.30,19.00,2.40,39.6,51.7,5.64,14.10,0.000,77.0,46.0,1,0,0,0,0,0,0,NONE,,RPM:486bd1410c2e1c1b TPS:486bd1411125fb ADV:486bd1410ea679 MIL:486bd1410100000000c6
1789375876.8490,195.779,2950.0,-3.3,13.33,-3.86,21.00,2.40,39.6,51.0,5.64,14.10,0.000,77.0,46.0,1,0,0,0,0,0,0,NONE,,RPM:486bd1410c2e1817 TPS:486bd1411122f8 ADV:486bd1410eaa7d MIL:486bd1410100000000c6
1789375877.3630,196.293,3109.0,309.3,11.76,-3.05,23.50,2.40,39.6,50.1,5.64,14.10,0.000,77.0,46.0,1,0,0,0,0,0,0,NONE,,RPM:486bd1410c309495 TPS:486bd141111ef4 ADV:486bd1410eaf82 MIL:486bd1410100000000c6
1789375877.6315,196.561,3144.0,130.3,7.06,-17.52,47.50,2.40,39.6,47.4,5.64,14.10,0.000,77.0,45.0,1,0,0,0,0,0,0,NONE,,RPM:486bd1410c312022 TPS:486bd1411112e8 ADV:486bd1410edfb2 MIL:486bd1410100000000c6
1789375877.9134,196.843,3106.0,-134.8,4.31,-9.74,57.50,2.40,39.6,45.8,5.64,14.10,0.000,77.0,45.0,1,0,0,0,0,0,0,NONE,,RPM:486bd1410c308889 TPS:486bd141110be1 ADV:486bd1410ef3c6 MIL:486bd1410100000000c6
1789375878.1853,197.115,2930.0,-647.3,3.53,-2.88,51.50,2.40,39.6,45.3,5.64,14.10,0.000,77.0,45.0,1,0,0,0,0,0,0,NONE,,RPM:486bd1410c2dc8c6 TPS:486bd1411109df ADV:486bd1410ee7ba MIL:486bd1410100000000c6
1789375878.6491,197.579,2724.0,-444.1,3.53,0.00,37.50,2.40,39.6,45.3,5.64,14.10,0.000,77.0,45.0,1,0,0,0,0,0,0,NONE,,RPM:486bd1410c2a908b TPS:486bd1411109df ADV:486bd1410ecb9e MIL:486bd1410100000000c6
1789375878.9261,197.856,2585.0,-501.8,3.53,0.00,31.00,2.40,39.6,45.3,5.64,14.10,0.000,77.0,45.0,1,0,0,0,0,0,0,NONE,,RPM:486bd1410c28645d TPS:486bd1411109df ADV:486bd1410ebe91 MIL:486bd1410100000000c6
1789375884.6743,203.604,2585.0,0.0,3.53,0.00,17.42,2.40,39.6,45.3,5.64,14.10,0.000,77.0,45.0,1,0,0,0,0,0,0,NONE,,RPM: TPS: ADV: MIL:
1789375885.6169,204.547,2585.0,0.0,3.53,0.00,17.42,2.40,39.6,45.3,5.64,14.10,0.000,77.0,45.0,1,0,0,0,0,0,0,NONE,,RPM: TPS: ADV: MIL:
1789375886.5617,205.492,2585.0,0.0,3.53,0.00,17.42,2.40,39.6,45.3,5.64,14.10,0.000,77.0,45.0,1,0,0,0,0,0,0,NONE,,RPM: TPS: ADV: MIL:
1789375887.5168,206.447,2585.0,0.0,3.53,0.00,17.42,2.40,8.7,45.3,2.86,14.10,0.000,77.0,45.0,1,0,0,0,0,0,0,NONE,,RPM: TPS: ADV: MIL:
1789375888.4489,207.379,2585.0,0.0,3.53,0.00,17.42,2.40,8.7,45.3,2.86,14.10,0.000,77.0,45.0,1,0,0,0,0,0,0,NONE,,RPM: TPS: ADV: MIL:
1789375889.3993,208.329,2585.0,0.0,3.53,0.00,17.42,2.40,8.7,45.3,2.86,14.10,0.000,77.0,45.0,1,0,0,0,0,0,0,NONE,,RPM: TPS: ADV: MIL:
1789375896.7077,215.637,2585.0,0.0,3.53,0.00,17.42,2.40,8.7,45.3,2.86,14.10,0.000,77.0,45.0,1,0,0,0,0,0,0,NONE,,RPM: TPS: ADV: MIL:
1789375897.5960,216.526,2585.0,0.0,3.53,0.00,17.42,2.40,8.7,45.3,2.86,14.10,0.000,77.0,45.0,1,0,0,0,0,0,0,NONE,,RPM: TPS: ADV: MIL:
1789375898.4996,217.429,2585.0,0.0,3.53,0.00,17.42,2.40,8.7,45.3,2.86,14.10,0.000,77.0,45.0,1,0,0,0,0,0,0,NONE,,RPM: TPS: ADV: MIL:
1789375899.4379,218.368,2585.0,0.0,3.53,0.00,17.42,2.40,8.7,45.3,2.86,14.10,0.000,77.0,45.0,1,0,0,0,0,0,0,NONE,,RPM: TPS: ADV: MIL:
1789375900.3416,219.271,2585.0,0.0,3.53,0.00,17.42,2.40,8.7,45.3,2.86,14.10,0.000,77.0,45.0,1,0,0,0,0,0,0,NONE,,RPM: TPS: ADV: MIL:
1789375901.2891,220.219,2585.0,0.0,3.53,0.00,17.42,2.40,8.7,45.3,2.86,14.10,0.000,77.0,45.0,1,0,0,0,0,0,0,NONE,,RPM: TPS: ADV: MIL:
1789375902.2771,221.207,2585.0,0.0,3.53,0.00,17.42,2.40,8.7,45.3,2.86,14.10,0.000,77.0,45.0,1,0,0,0,0,0,0,NONE,,RPM: TPS: ADV: MIL:
1789375903.2338,222.164,2585.0,0.0,3.53,0.00,17.42,2.40,8.7,45.3,2.86,14.10,0.000,77.0,45.0,1,0,0,0,0,0,0,NONE,,RPM: TPS: ADV: MIL:
1789375904.2496,223.179,2585.0,0.0,3.53,0.00,17.42,2.40,8.7,45.3,2.86,14.10,0.000,77.0,45.0,1,0,0,0,0,0,0,NONE,,RPM: TPS: ADV: MIL:
1789375905.2004,224.130,2585.0,0.0,3.53,0.00,17.42,2.40,8.7,45.3,2.86,14.10,0.000,77.0,45.0,1,0,0,0,0,0,0,NONE,,RPM: TPS: ADV: MIL:
1789375906.1581,225.088,2585.0,0.0,3.53,0.00,17.42,2.40,8.7,45.3,2.86,14.10,0.000,77.0,45.0,1,0,0,0,0,0,0,NONE,,RPM: TPS: ADV: MIL:
1789375907.0919,226.022,2585.0,0.0,3.53,0.00,17.42,2.40,8.7,45.3,2.86,14.10,0.000,77.0,45.0,1,0,0,0,0,0,0,NONE,,RPM: TPS: ADV: MIL:
1789375908.1172,227.047,2585.0,0.0,3.53,0.00,17.42,2.40,8.7,45.3,2.86,14.10,0.000,77.0,45.0,1,0,0,0,0,0,0,NONE,,RPM: TPS: ADV: MIL:
1789375909.0994,228.029,2585.0,0.0,3.53,0.00,17.42,2.40,8.7,45.3,2.86,14.10,0.000,77.0,45.0,1,0,0,0,0,0,0,NONE,,RPM: TPS: ADV: MIL:
1789375910.0353,228.965,2585.0,0.0,3.53,0.00,17.42,2.40,8.7,45.3,2.86,14.10,0.000,77.0,45.0,1,0,0,0,0,0,0,NONE,,RPM: TPS: ADV: MIL:
1789375911.0200,229.950,2585.0,0.0,3.53,0.00,17.42,2.40,8.7,45.3,2.86,14.10,0.000,77.0,45.0,1,0,0,0,0,0,0,NONE,,RPM: TPS: ADV: MIL:
1789375912.0148,230.945,2585.0,0.0,3.53,0.00,17.42,2.40,8.7,45.3,2.86,14.10,0.000,77.0,45.0,1,0,0,0,0,0,0,NONE,,RPM: TPS: ADV: MIL:
1789375913.0051,231.935,2585.0,0.0,3.53,0.00,17.42,2.40,8.7,45.3,2.86,14.10,0.000,77.0,45.0,1,0,0,0,0,0,0,NONE,,RPM: TPS: ADV: MIL:
1789375913.9847,232.915,2585.0,0.0,3.53,0.00,17.42,2.40,8.7,45.3,2.86,14.10,0.000,77.0,45.0,1,0,0,0,0,0,0,NONE,,RPM: TPS: ADV: MIL:
1789375914.9601,233.890,2585.0,0.0,3.53,0.00,17.42,2.40,8.7,45.3,2.86,14.10,0.000,77.0,45.0,1,0,0,0,0,0,0,NONE,,RPM: TPS: ADV: MIL:
1789375915.9755,234.905,2585.0,0.0,3.53,0.00,17.42,2.40,8.7,45.3,2.86,14.10,0.000,77.0,45.0,1,0,0,0,0,0,0,NONE,,RPM: TPS: ADV: MIL:
1789375916.9896,235.919,2585.0,0.0,3.53,0.00,17.42,2.40,8.7,45.3,2.86,14.10,0.000,77.0,45.0,1,0,0,0,0,0,0,NONE,,RPM: TPS: ADV: MIL:
1789375917.9570,236.887,2585.0,0.0,3.53,0.00,17.42,2.40,8.7,45.3,2.86,14.10,0.000,77.0,45.0,1,0,0,0,0,0,0,NONE,,RPM: TPS: ADV: MIL:
1789375918.8941,237.824,2585.0,0.0,3.53,0.00,17.42,2.40,8.7,45.3,2.86,14.10,0.000,77.0,45.0,1,0,0,0,0,0,0,NONE,,RPM: TPS: ADV: MIL:
1789375919.8372,238.767,2585.0,0.0,3.53,0.00,17.42,2.40,8.7,45.3,2.86,14.10,0.000,77.0,45.0,1,0,0,0,0,0,0,NONE,,RPM: TPS: ADV: MIL:
1789375920.8201,239.750,2585.0,0.0,3.53,0.00,17.42,2.40,8.7,45.3,2.86,14.10,0.000,77.0,45.0,1,0,0,0,0,0,0,NONE,,RPM: TPS: ADV: MIL:
1789375921.7931,240.723,2585.0,0.0,3.53,0.00,17.42,2.40,8.7,45.3,2.86,14.10,0.000,77.0,45.0,1,0,0,0,0,0,0,NONE,,RPM: TPS: ADV: MIL:
1789375922.7678,241.698,2585.0,0.0,3.53,0.00,17.42,2.40,8.7,45.3,2.86,14.10,0.000,77.0,45.0,1,0,0,0,0,0,0,NONE,,RPM: TPS: ADV: MIL:
1789375923.7262,242.656,2585.0,0.0,3.53,0.00,17.42,2.40,8.7,45.3,2.86,14.10,0.000,77.0,45.0,1,0,0,0,0,0,0,NONE,,RPM: TPS: ADV: MIL:
1789375924.6733,243.603,2585.0,0.0,3.53,0.00,17.42,2.40,8.7,45.3,2.86,14.10,0.000,77.0,45.0,1,0,0,0,0,0,0,NONE,,RPM: TPS: ADV: MIL:
1789375925.6384,244.568,2585.0,0.0,3.53,0.00,17.42,2.40,8.7,45.3,2.86,14.10,0.000,77.0,45.0,1,0,0,0,0,0,0,NONE,,RPM: TPS: ADV: MIL:
1789375926.5749,245.505,2585.0,0.0,3.53,0.00,17.42,2.40,8.7,45.3,2.86,14.10,0.000,77.0,45.0,1,0,0,0,0,0,0,NONE,,RPM: TPS: ADV: MIL:
1789375927.5314,246.461,2585.0,0.0,3.53,0.00,17.42,2.40,8.7,45.3,2.86,14.10,0.000,77.0,45.0,1,0,0,0,0,0,0,NONE,,RPM: TPS: ADV: MIL:
1789375928.4928,247.423,2585.0,0.0,3.53,0.00,17.42,2.40,8.7,45.3,2.86,14.10,0.000,77.0,45.0,1,0,0,0,0,0,0,NONE,,RPM: TPS: ADV: MIL:
1789375929.5149,248.445,2585.0,0.0,3.53,0.00,17.42,2.40,8.7,45.3,2.86,14.10,0.000,77.0,45.0,1,0,0,0,0,0,0,NONE,,RPM: TPS: ADV: MIL:
1789375930.4688,249.399,2585.0,0.0,3.53,0.00,17.42,2.40,8.7,45.3,2.86,14.10,0.000,77.0,45.0,1,0,0,0,0,0,0,NONE,,RPM: TPS: ADV: MIL:
1789375931.4320,250.362,2585.0,0.0,3.53,0.00,17.42,2.40,8.7,45.3,2.86,14.10,0.000,77.0,45.0,1,0,0,0,0,0,0,NONE,,RPM: TPS: ADV: MIL:
1789375932.4070,251.337,2585.0,0.0,3.53,0.00,17.42,2.40,8.7,45.3,2.86,14.10,0.000,77.0,45.0,1,0,0,0,0,0,0,NONE,,RPM: TPS: ADV: MIL:
1789375933.3565,252.286,2585.0,0.0,3.53,0.00,17.42,2.40,8.7,45.3,2.86,14.10,0.000,77.0,45.0,1,0,0,0,0,0,0,NONE,,RPM: TPS: ADV: MIL:
1789375934.3929,253.323,2585.0,0.0,3.53,0.00,17.42,2.40,8.7,45.3,2.86,14.10,0.000,77.0,45.0,1,0,0,0,0,0,0,NONE,,RPM: TPS: ADV: MIL:
1789375935.3633,254.293,2585.0,0.0,3.53,0.00,17.42,2.40,8.7,45.3,2.86,14.10,0.000,77.0,45.0,1,0,0,0,0,0,0,NONE,,RPM: TPS: ADV: MIL:
1789375936.3313,255.261,2585.0,0.0,3.53,0.00,17.42,2.40,8.7,45.3,2.86,14.10,0.000,77.0,45.0,1,0,0,0,0,0,0,NONE,,RPM: TPS: ADV: MIL:
