timestamp,elapsed_sec,rpm,drpm_dt,tps_pct,dtps_dt,battery_volts,dvolts_dt,coolant_temp_c,air_temp_c,crank_sync,coil_1_fault,coil_2_fault,coil_3_fault,coil_4_fault,tip_over,active_dtcs,trigger_event,raw_hex
1789326485.9227,0.000,0.0,0.0,3.14,0.00,12.50,0.000,22.0,22.0,1,0,0,0,0,0,NONE,,RPM:486bd1410c0000d1 TPS:486bd1411108de
1789326486.4104,0.488,0.0,0.0,3.14,0.00,12.50,0.000,22.0,22.0,1,0,0,0,0,0,NONE,,RPM:486bd1410c0000d1 TPS:486bd1411108de
1789326486.5458,0.623,0.0,0.0,3.14,0.00,12.50,0.000,22.0,22.0,1,0,0,0,0,0,NONE,,RPM:486bd1410c0000d1 TPS:486bd1411108de
1789326486.6888,0.766,0.0,0.0,3.14,0.00,12.50,0.000,22.0,22.0,1,0,0,0,0,0,NONE,,RPM:486bd1410c0000d1 TPS:486bd1411108de
1789326486.8352,0.913,0.0,0.0,3.14,0.00,12.50,0.000,22.0,22.0,1,0,0,0,0,0,NONE,,RPM:486bd1410c0000d1 TPS:486bd1411108de
1789326486.9935,1.071,0.0,0.0,3.14,0.00,12.50,0.000,22.0,22.0,1,0,0,0,0,0,NONE,,RPM:486bd1410c0000d1 TPS:486bd1411108de
1789326487.1488,1.226,0.0,0.0,3.14,0.00,12.50,0.000,22.0,22.0,1,0,0,0,0,0,NONE,,RPM:486bd1410c0000d1 TPS:486bd1411108de
1789326487.2800,1.357,0.0,0.0,3.14,0.00,12.50,0.000,22.0,22.0,1,0,0,0,0,0,NONE,,RPM:486bd1410c0000d1 TPS:486bd1411108de
1789326487.4416,1.519,0.0,0.0,3.14,0.00,12.50,0.000,22.0,22.0,1,0,0,0,0,0,NONE,,RPM:486bd1410c0000d1 TPS:486bd1411108de
1789326487.9653,2.043,0.0,0.0,3.14,0.00,12.50,0.000,22.0,22.0,1,0,0,0,0,0,NONE,,RPM:486bd1410c0000d1 TPS:486bd1411108de
1789326488.1119,2.189,0.0,0.0,3.14,0.00,12.50,0.000,22.0,22.0,1,0,0,0,0,0,NONE,,RPM:486bd1410c0000d1 TPS:486bd1411108de
1789326488.2580,2.335,0.0,0.0,3.14,0.00,12.50,0.000,22.0,22.0,1,0,0,0,0,0,NONE,,RPM:486bd1410c0000d1 TPS:486bd1411108de
1789326488.4225,2.500,0.0,0.0,3.14,0.00,12.50,0.000,22.0,22.0,1,0,0,0,0,0,NONE,,RPM:486bd1410c0000d1 TPS:486bd1411108de
1789326488.5602,2.637,0.0,0.0,3.14,0.00,12.50,0.000,22.0,22.0,1,0,0,0,0,0,NONE,,RPM:486bd1410c0000d1 TPS:486bd1411108de
1789326488.7054,2.783,0.0,0.0,3.14,0.00,12.50,0.000,22.0,22.0,1,0,0,0,0,0,NONE,,RPM:486bd1410c0000d1 TPS:486bd1411108de
1789326488.8653,2.943,0.0,0.0,3.14,0.00,12.50,0.000,22.0,22.0,1,0,0,0,0,0,NONE,,RPM:486bd1410c0000d1 TPS:486bd1411108de
1789326489.0086,3.086,0.0,0.0,3.14,0.00,12.50,0.000,22.0,22.0,1,0,0,0,0,0,NONE,,RPM:486bd1410c0000d1 TPS:486bd1411108de
1789326489.5156,3.593,0.0,0.0,3.14,0.00,12.50,0.000,22.0,22.0,1,0,0,0,0,0,NONE,,RPM:486bd1410c0000d1 TPS:486bd1411108de
1789326489.6639,3.741,0.0,0.0,3.14,0.00,12.50,0.000,22.0,22.0,1,0,0,0,0,0,NONE,,RPM:486bd1410c0000d1 TPS:486bd1411108de
1789326489.8075,3.885,0.0,0.0,3.14,0.00,12.50,0.000,22.0,22.0,1,0,0,0,0,0,NONE,,RPM:486bd1410c0000d1 TPS:486bd1411108de
1789326489.9691,4.046,0.0,0.0,3.14,0.00,12.50,0.000,22.0,22.0,1,0,0,0,0,0,NONE,,RPM:486bd1410c0000d1 TPS:486bd1411108de
1789326490.1210,4.198,0.0,0.0,3.14,0.00,12.50,0.000,22.0,22.0,1,0,0,0,0,0,NONE,,RPM:486bd1410c0000d1 TPS:486bd1411108de
1789326490.2690,4.346,0.0,0.0,3.14,0.00,12.50,0.000,22.0,22.0,1,0,0,0,0,0,NONE,,RPM:486bd1410c0000d1 TPS:486bd1411108de
1789326490.4150,4.492,0.0,0.0,3.14,0.00,12.50,0.000,22.0,22.0,1,0,0,0,0,0,NONE,,RPM:486bd1410c0000d1 TPS:486bd1411108de
1789326490.5654,4.643,0.0,0.0,3.14,0.00,12.50,0.000,22.0,22.0,1,0,0,0,0,0,NONE,,RPM:486bd1410c0000d1 TPS:486bd1411108de
1789326491.0567,5.134,0.0,0.0,3.14,0.00,12.50,0.000,22.0,22.0,1,0,0,0,0,0,NONE,,RPM:486bd1410c0000d1 TPS:486bd1411108de
1789326491.1994,5.277,0.0,0.0,3.14,0.00,12.50,0.000,22.0,22.0,1,0,0,0,0,0,NONE,,RPM:486bd1410c0000d1 TPS:486bd1411108de
1789326491.3598,5.437,0.0,0.0,3.14,0.00,12.50,0.000,22.0,22.0,1,0,0,0,0,0,NONE,,RPM:486bd1410c0000d1 TPS:486bd1411108de
1789326491.5041,5.581,0.0,0.0,3.14,0.00,12.50,0.000,22.0,22.0,1,0,0,0,0,0,NONE,,RPM:486bd1410c0000d1 TPS:486bd1411108de
1789326491.6721,5.749,0.0,0.0,3.14,0.00,12.50,0.000,22.0,22.0,1,0,0,0,0,0,NONE,,RPM:486bd1410c0000d1 TPS:486bd1411108de
1789326491.8391,5.916,0.0,0.0,3.14,0.00,12.50,0.000,22.0,22.0,1,0,0,0,0,0,NONE,,RPM:486bd1410c0000d1 TPS:486bd1411108de
1789326491.9984,6.076,0.0,0.0,3.14,0.00,12.50,0.000,22.0,22.0,1,0,0,0,0,0,NONE,,RPM:486bd1410c0000d1 TPS:486bd1411108de
1789326492.1596,6.237,0.0,0.0,3.14,0.00,12.50,0.000,22.0,22.0,1,0,0,0,0,0,NONE,,RPM:486bd1410c0000d1 TPS:486bd1411108de
1789326492.7286,6.806,0.0,0.0,3.14,0.00,12.50,0.000,22.0,22.0,1,0,0,0,0,0,NONE,,RPM:486bd1410c0000d1 TPS:486bd1411108de
1789326492.8616,6.939,0.0,0.0,3.14,0.00,12.50,0.000,22.0,22.0,1,0,0,0,0,0,NONE,,RPM:486bd1410c0000d1 TPS:486bd1411108de
1789326493.0218,7.099,0.0,0.0,3.14,0.00,12.50,0.000,22.0,22.0,1,0,0,0,0,0,NONE,,RPM:486bd1410c0000d1 TPS:486bd1411108de
1789326493.1787,7.256,0.0,0.0,3.14,0.00,12.50,0.000,22.0,22.0,1,0,0,0,0,0,NONE,,RPM:486bd1410c0000d1 TPS:486bd1411108de
1789326493.3255,7.403,0.0,0.0,3.14,0.00,12.50,0.000,22.0,22.0,1,0,0,0,0,0,NONE,,RPM:486bd1410c0000d1 TPS:486bd1411108de
1789326493.4857,7.563,0.0,0.0,3.14,0.00,12.50,0.000,22.0,22.0,1,0,0,0,0,0,NONE,,RPM:486bd1410c0000d1 TPS:486bd1411108de
1789326493.6433,7.721,0.0,0.0,3.14,0.00,12.50,0.000,22.0,22.0,1,0,0,0,0,0,NONE,,RPM:486bd1410c0000d1 TPS:486bd1411108de
1789326493.7895,7.867,0.0,0.0,3.14,0.00,12.50,0.000,22.0,22.0,1,0,0,0,0,0,NONE,,RPM:486bd1410c0000d1 TPS:486bd1411108de
1789326494.3294,8.407,0.0,0.0,3.14,0.00,12.50,0.000,22.0,22.0,1,0,0,0,0,0,NONE,,RPM:486bd1410c0000d1 TPS:486bd1411108de
1789326494.4966,8.574,0.0,0.0,3.14,0.00,12.50,0.000,22.0,22.0,1,0,0,0,0,0,NONE,,RPM:486bd1410c0000d1 TPS:486bd1411108de
1789326494.6374,8.715,0.0,0.0,3.14,0.00,12.50,0.000,22.0,22.0,1,0,0,0,0,0,NONE,,RPM:486bd1410c0000d1 TPS:486bd1411108de
1789326494.7968,8.874,0.0,0.0,3.14,0.00,12.50,0.000,22.0,22.0,1,0,0,0,0,0,NONE,,RPM:486bd1410c0000d1 TPS:486bd1411108de
1789326494.9481,9.025,0.0,0.0,3.14,0.00,12.50,0.000,22.0,22.0,1,0,0,0,0,0,NONE,,RPM:486bd1410c0000d1 TPS:486bd1411108de
1789326495.0896,9.167,0.0,0.0,3.14,0.00,12.50,0.000,22.0,22.0,1,0,0,0,0,0,NONE,,RPM:486bd1410c0000d1 TPS:486bd1411108de
1789326495.2290,9.306,0.0,0.0,3.14,0.00,12.50,0.000,22.0,22.0,1,0,0,0,0,0,NONE,,RPM:486bd1410c0000d1 TPS:486bd1411108de
1789326495.3727,9.450,0.0,0.0,3.14,0.00,12.50,0.000,22.0,22.0,1,0,0,0,0,0,NONE,,RPM:486bd1410c0000d1 TPS:486bd1411108de
1789326495.8878,9.965,0.0,0.0,3.14,0.00,12.50,0.000,22.0,22.0,1,0,0,0,0,0,NONE,,RPM:486bd1410c0000d1 TPS:486bd1411108de
1789326496.0284,10.106,0.0,0.0,3.14,0.00,12.50,0.000,22.0,22.0,1,0,0,0,0,0,NONE,,RPM:486bd1410c0000d1 TPS:486bd1411108de
1789326496.1730,10.250,0.0,0.0,3.14,0.00,12.50,0.000,22.0,22.0,1,0,0,0,0,0,NONE,,RPM:486bd1410c0000d1 TPS:486bd1411108de
1789326496.3145,10.392,0.0,0.0,3.14,0.00,12.50,0.000,22.0,22.0,1,0,0,0,0,0,NONE,,RPM:486bd1410c0000d1 TPS:486bd1411108de
1789326496.4912,10.568,0.0,0.0,3.14,0.00,12.50,0.000,22.0,22.0,1,0,0,0,0,0,NONE,,RPM:486bd1410c0000d1 TPS:486bd1411108de
1789326496.6502,10.727,0.0,0.0,3.14,0.00,12.50,0.000,22.0,22.0,1,0,0,0,0,0,NONE,,RPM:486bd1410c0000d1 TPS:486bd1411108de
1789326496.7972,10.874,0.0,0.0,3.14,0.00,12.50,0.000,22.0,22.0,1,0,0,0,0,0,NONE,,RPM:486bd1410c0000d1 TPS:486bd1411108de
1789326496.9565,11.034,0.0,0.0,3.14,0.00,12.50,0.000,22.0,22.0,1,0,0,0,0,0,NONE,,RPM:486bd1410c0000d1 TPS:486bd1411108de
1789326497.4848,11.562,0.0,0.0,3.14,0.00,12.50,0.000,22.0,22.0,1,0,0,0,0,0,NONE,,RPM:486bd1410c0000d1 TPS:486bd1411108de
1789326497.6432,11.720,0.0,0.0,3.14,0.00,12.50,0.000,22.0,22.0,1,0,0,0,0,0,NONE,,RPM:486bd1410c0000d1 TPS:486bd1411108de
1789326497.7874,11.865,0.0,0.0,3.14,0.00,12.50,0.000,22.0,22.0,1,0,0,0,0,0,NONE,,RPM:486bd1410c0000d1 TPS:486bd1411108de
1789326497.9309,12.008,0.0,0.0,3.14,0.00,12.50,0.000,22.0,22.0,1,0,0,0,0,0,NONE,,RPM:486bd1410c0000d1 TPS:486bd1411108de
1789326498.0874,12.165,0.0,0.0,3.14,0.00,12.50,0.000,22.0,22.0,1,0,0,0,0,0,NONE,,RPM:486bd1410c0000d1 TPS:486bd1411108de
1789326498.2340,12.311,0.0,0.0,3.14,0.00,12.50,0.000,22.0,22.0,1,0,0,0,0,0,NONE,,RPM:486bd1410c0000d1 TPS:486bd1411108de
1789326498.3784,12.456,0.0,0.0,3.14,0.00,12.50,0.000,22.0,22.0,1,0,0,0,0,0,NONE,,RPM:486bd1410c0000d1 TPS:486bd1411108de
1789326498.5511,12.628,0.0,0.0,3.14,0.00,12.50,0.000,22.0,22.0,1,0,0,0,0,0,NONE,,RPM:486bd1410c0000d1 TPS:486bd1411108de
1789326499.0500,13.127,0.0,0.0,3.14,0.00,12.50,0.000,22.0,22.0,1,0,0,0,0,0,NONE,,RPM:486bd1410c0000d1 TPS:486bd1411108de
1789326499.1941,13.271,0.0,0.0,3.14,0.00,12.50,0.000,22.0,22.0,1,0,0,0,0,0,NONE,,RPM:486bd1410c0000d1 TPS:486bd1411108de
1789326499.3539,13.431,0.0,0.0,3.14,0.00,12.50,0.000,22.0,22.0,1,0,0,0,0,0,NONE,,RPM:486bd1410c0000d1 TPS:486bd1411108de
1789326499.4968,13.574,0.0,0.0,3.14,0.00,12.50,0.000,22.0,22.0,1,0,0,0,0,0,NONE,,RPM:486bd1410c0000d1 TPS:486bd1411108de
1789326499.6658,13.743,0.0,0.0,3.14,0.00,12.50,0.000,22.0,22.0,1,0,0,0,0,0,NONE,,RPM:486bd1410c0000d1 TPS:486bd1411108de
1789326499.8012,13.878,0.0,0.0,3.14,0.00,12.50,0.000,22.0,22.0,1,0,0,0,0,0,NONE,,RPM:486bd1410c0000d1 TPS:486bd1411108de
1789326499.9459,14.023,0.0,0.0,3.14,0.00,12.50,0.000,22.0,22.0,1,0,0,0,0,0,NONE,,RPM:486bd1410c0000d1 TPS:486bd1411108de
1789326500.1048,14.182,0.0,0.0,3.14,0.00,12.50,0.000,22.0,22.0,1,0,0,0,0,0,NONE,,RPM:486bd1410c0000d1 TPS:486bd1411108de
1789326500.5951,14.672,0.0,0.0,3.14,0.00,12.50,0.000,22.0,22.0,1,0,0,0,0,0,NONE,,RPM:486bd1410c0000d1 TPS:486bd1411108de
1789326500.7455,14.823,0.0,0.0,3.14,0.00,12.50,0.000,22.0,22.0,1,0,0,0,0,0,NONE,,RPM:486bd1410c0000d1 TPS:486bd1411108de
1789326500.8989,14.976,0.0,0.0,3.14,0.00,12.50,0.000,22.0,22.0,1,0,0,0,0,0,NONE,,RPM:486bd1410c0000d1 TPS:486bd1411108de
1789326501.0566,15.134,0.0,0.0,3.14,0.00,12.50,0.000,22.0,22.0,1,0,0,0,0,0,NONE,,RPM:486bd1410c0000d1 TPS:486bd1411108de
1789326501.1923,15.270,0.0,0.0,3.14,0.00,12.50,0.000,22.0,22.0,1,0,0,0,0,0,NONE,,RPM:486bd1410c0000d1 TPS:486bd1411108de
1789326501.3363,15.414,0.0,0.0,3.14,0.00,12.50,0.000,22.0,22.0,1,0,0,0,0,0,NONE,,RPM:486bd1410c0000d1 TPS:486bd1411108de
1789326501.4954,15.573,0.0,0.0,3.14,0.00,12.50,0.000,22.0,22.0,1,0,0,0,0,0,NONE,,RPM:486bd1410c0000d1 TPS:486bd1411108de
1789326501.6493,15.727,0.0,0.0,3.14,0.00,12.50,0.000,22.0,22.0,1,0,0,0,0,0,NONE,,RPM:486bd1410c0000d1 TPS:486bd1411108de
1789326502.1560,16.233,0.0,0.0,3.14,0.00,12.50,0.000,22.0,22.0,1,0,0,0,0,0,NONE,,RPM:486bd1410c0000d1 TPS:486bd1411108de
1789326502.2960,16.373,0.0,0.0,3.14,0.00,12.50,0.000,22.0,22.0,1,0,0,0,0,0,NONE,,RPM:486bd1410c0000d1 TPS:486bd1411108de
1789326502.4395,16.517,0.0,0.0,3.14,0.00,12.50,0.000,22.0,22.0,1,0,0,0,0,0,NONE,,RPM:486bd1410c0000d1 TPS:486bd1411108de
1789326502.5991,16.676,0.0,0.0,3.14,0.00,12.50,0.000,22.0,22.0,1,0,0,0,0,0,NONE,,RPM:486bd1410c0000d1 TPS:486bd1411108de
1789326502.7726,16.850,0.0,0.0,3.14,0.00,12.50,0.000,22.0,22.0,1,0,0,0,0,0,NONE,,RPM:486bd1410c0000d1 TPS:486bd1411108de
1789326502.9185,16.996,0.0,0.0,3.14,0.00,12.50,0.000,22.0,22.0,1,0,0,0,0,0,NONE,,RPM:486bd1410c0000d1 TPS:486bd1411108de
1789326503.0623,17.140,0.0,0.0,3.14,0.00,12.50,0.000,22.0,22.0,1,0,0,0,0,0,NONE,,RPM:486bd1410c0000d1 TPS:486bd1411108de
1789326503.2066,17.284,0.0,0.0,3.14,0.00,12.50,0.000,22.0,22.0,1,0,0,0,0,0,NONE,,RPM:486bd1410c0000d1 TPS:486bd1411108de
1789326503.7162,17.793,0.0,0.0,3.14,0.00,12.50,0.000,22.0,22.0,1,0,0,0,0,0,NONE,,RPM:486bd1410c0000d1 TPS:486bd1411108de
1789326503.8623,17.940,0.0,0.0,3.14,0.00,12.50,0.000,22.0,22.0,1,0,0,0,0,0,NONE,,RPM:486bd1410c0000d1 TPS:486bd1411108de
1789326504.0224,18.100,0.0,0.0,3.14,0.00,12.50,0.000,22.0,22.0,1,0,0,0,0,0,NONE,,RPM:486bd1410c0000d1 TPS:486bd1411108de
1789326504.1671,18.244,0.0,0.0,3.14,0.00,12.50,0.000,22.0,22.0,1,0,0,0,0,0,NONE,,RPM:486bd1410c0000d1 TPS:486bd1411108de
1789326504.3391,18.416,0.0,0.0,3.14,0.00,12.50,0.000,22.0,22.0,1,0,0,0,0,0,NONE,,RPM:486bd1410c0000d1 TPS:486bd1411108de
1789326504.4861,18.563,0.0,0.0,3.14,0.00,12.50,0.000,22.0,22.0,1,0,0,0,0,0,NONE,,RPM:486bd1410c0000d1 TPS:486bd1411108de
1789326504.6619,18.739,0.0,0.0,3.14,0.00,12.50,0.000,22.0,22.0,1,0,0,0,0,0,NONE,,RPM:486bd1410c0000d1 TPS:486bd1411108de
1789326504.8218,18.899,0.0,0.0,3.14,0.00,12.50,0.000,22.0,22.0,1,0,0,0,0,0,NONE,,RPM:486bd1410c0000d1 TPS:486bd1411108de
1789326505.3486,19.426,0.0,0.0,3.14,0.00,12.50,0.000,22.0,22.0,1,0,0,0,0,0,NONE,,RPM:486bd1410c0000d1 TPS:486bd1411108de
1789326505.4935,19.571,0.0,0.0,3.14,0.00,12.50,0.000,22.0,22.0,1,0,0,0,0,0,NONE,,RPM:486bd1410c0000d1 TPS:486bd1411108de
1789326505.6522,19.729,0.0,0.0,3.14,0.00,12.50,0.000,22.0,22.0,1,0,0,0,0,0,NONE,,RPM:486bd1410c0000d1 TPS:486bd1411108de
1789326505.8125,19.890,0.0,0.0,3.14,0.00,12.50,0.000,22.0,22.0,1,0,0,0,0,0,NONE,,RPM:486bd1410c0000d1 TPS:486bd1411108de
1789326505.9721,20.049,0.0,0.0,3.14,0.00,12.50,0.000,22.0,22.0,1,0,0,0,0,0,NONE,,RPM:486bd1410c0000d1 TPS:486bd1411108de
1789326506.1272,20.204,0.0,0.0,3.14,0.00,12.50,0.000,22.0,22.0,1,0,0,0,0,0,NONE,,RPM:486bd1410c0000d1 TPS:486bd1411108de
1789326506.2764,20.354,0.0,0.0,3.14,0.00,12.50,0.000,22.0,22.0,1,0,0,0,0,0,NONE,,RPM:486bd1410c0000d1 TPS:486bd1411108de
1789326506.4331,20.510,0.0,0.0,3.14,0.00,12.50,0.000,22.0,22.0,1,0,0,0,0,0,NONE,,RPM:486bd1410c0000d1 TPS:486bd1411108de
1789326506.9576,21.035,0.0,0.0,3.14,0.00,12.50,0.000,22.0,22.0,1,0,0,0,0,0,NONE,,RPM:486bd1410c0000d1 TPS:486bd1411108de
1789326507.1081,21.185,0.0,0.0,3.14,0.00,12.50,0.000,22.0,22.0,1,0,0,0,0,0,NONE,,RPM:486bd1410c0000d1 TPS:486bd1411108de
1789326507.2507,21.328,0.0,0.0,3.14,0.00,12.50,0.000,22.0,22.0,1,0,0,0,0,0,NONE,,RPM:486bd1410c0000d1 TPS:486bd1411108de
1789326507.4057,21.483,0.0,0.0,3.14,0.00,12.50,0.000,22.0,22.0,1,0,0,0,0,0,NONE,,RPM:486bd1410c0000d1 TPS:486bd1411108de
1789326507.5430,21.620,0.0,0.0,3.14,0.00,12.50,0.000,22.0,22.0,1,0,0,0,0,0,NONE,,RPM:486bd1410c0000d1 TPS:486bd1411108de
1789326507.6834,21.761,0.0,0.0,3.14,0.00,12.50,0.000,22.0,22.0,1,0,0,0,0,0,NONE,,RPM:486bd1410c0000d1 TPS:486bd1411108de
1789326507.8283,21.906,0.0,0.0,3.14,0.00,12.50,0.000,22.0,22.0,1,0,0,0,0,0,NONE,,RPM:486bd1410c0000d1 TPS:486bd1411108de
1789326507.9921,22.069,0.0,0.0,3.14,0.00,12.50,0.000,22.0,22.0,1,0,0,0,0,0,NONE,,RPM:486bd1410c0000d1 TPS:486bd1411108de
1789326508.4868,22.564,0.0,0.0,3.14,0.00,12.50,0.000,22.0,22.0,1,0,0,0,0,0,NONE,,RPM:486bd1410c0000d1 TPS:486bd1411108de
1789326508.6269,22.704,0.0,0.0,3.14,0.00,12.50,0.000,22.0,22.0,1,0,0,0,0,0,NONE,,RPM:486bd1410c0000d1 TPS:486bd1411108de
1789326508.7703,22.848,0.0,0.0,3.14,0.00,12.50,0.000,22.0,22.0,1,0,0,0,0,0,NONE,,RPM:486bd1410c0000d1 TPS:486bd1411108de
1789326508.9150,22.992,0.0,0.0,3.14,0.00,12.50,0.000,22.0,22.0,1,0,0,0,0,0,NONE,,RPM:486bd1410c0000d1 TPS:486bd1411108de
1789326509.0595,23.137,0.0,0.0,3.14,0.00,12.50,0.000,22.0,22.0,1,0,0,0,0,0,NONE,,RPM:486bd1410c0000d1 TPS:486bd1411108de
1789326509.2241,23.301,0.0,0.0,3.14,0.00,12.50,0.000,22.0,22.0,1,0,0,0,0,0,NONE,,RPM:486bd1410c0000d1 TPS:486bd1411108de
1789326509.3625,23.440,0.0,0.0,3.14,0.00,12.50,0.000,22.0,22.0,1,0,0,0,0,0,NONE,,RPM:486bd1410c0000d1 TPS:486bd1411108de
1789326509.5061,23.583,0.0,0.0,3.14,0.00,12.50,0.000,22.0,22.0,1,0,0,0,0,0,NONE,,RPM:486bd1410c0000d1 TPS:486bd1411108de
1789326510.0067,24.084,0.0,0.0,3.14,0.00,12.50,0.000,22.0,22.0,1,0,0,0,0,0,NONE,,RPM:486bd1410c0000d1 TPS:486bd1411108de
1789326510.1615,24.239,0.0,0.0,3.14,0.00,12.50,0.000,22.0,22.0,1,0,0,0,0,0,NONE,,RPM:486bd1410c0000d1 TPS:486bd1411108de
1789326510.3058,24.383,0.0,0.0,3.14,0.00,12.50,0.000,22.0,22.0,1,0,0,0,0,0,NONE,,RPM:486bd1410c0000d1 TPS:486bd1411108de
1789326510.4545,24.532,0.0,0.0,3.14,0.00,12.50,0.000,22.0,22.0,1,0,0,0,0,0,NONE,,RPM:486bd1410c0000d1 TPS:486bd1411108de
1789326510.6105,24.688,0.0,0.0,3.14,0.00,12.50,0.000,22.0,22.0,1,0,0,0,0,0,NONE,,RPM:486bd1410c0000d1 TPS:486bd1411108de
1789326510.7542,24.831,0.0,0.0,3.14,0.00,12.50,0.000,22.0,22.0,1,0,0,0,0,0,NONE,,RPM:486bd1410c0000d1 TPS:486bd1411108de
1789326510.9134,24.991,0.0,0.0,3.14,0.00,12.50,0.000,22.0,22.0,1,0,0,0,0,0,NONE,,RPM:486bd1410c0000d1 TPS:486bd1411108de
1789326511.0574,25.135,0.0,0.0,3.14,0.00,12.50,0.000,22.0,22.0,1,0,0,0,0,0,NONE,,RPM:486bd1410c0000d1 TPS:486bd1411108de
1789326511.5564,25.634,0.0,0.0,3.14,0.00,12.50,0.000,22.0,22.0,1,0,0,0,0,0,NONE,,RPM:486bd1410c0000d1 TPS:486bd1411108de
1789326511.7124,25.790,0.0,0.0,3.14,0.00,12.50,0.000,22.0,22.0,1,0,0,0,0,0,NONE,,RPM:486bd1410c0000d1 TPS:486bd1411108de
1789326511.8562,25.933,0.0,0.0,3.14,0.00,12.50,0.000,22.0,22.0,1,0,0,0,0,0,NONE,,RPM:486bd1410c0000d1 TPS:486bd1411108de
1789326512.0174,26.095,0.0,0.0,3.14,0.00,12.50,0.000,22.0,22.0,1,0,0,0,0,0,NONE,,RPM:486bd1410c0000d1 TPS:486bd1411108de
1789326512.1831,26.260,0.0,0.0,3.14,0.00,12.50,0.000,22.0,22.0,1,0,0,0,0,0,NONE,,RPM:486bd1410c0000d1 TPS:486bd1411108de
1789326512.3205,26.398,0.0,0.0,3.14,0.00,12.50,0.000,22.0,22.0,1,0,0,0,0,0,NONE,,RPM:486bd1410c0000d1 TPS:486bd1411108de
1789326512.4790,26.556,0.0,0.0,3.14,0.00,12.50,0.000,22.0,22.0,1,0,0,0,0,0,NONE,,RPM:486bd1410c0000d1 TPS:486bd1411108de
1789326512.6508,26.728,0.0,0.0,3.14,0.00,12.50,0.000,22.0,22.0,1,0,0,0,0,0,NONE,,RPM:486bd1410c0000d1 TPS:486bd1411108de
1789326513.1351,27.212,0.0,0.0,3.14,0.00,12.50,0.000,22.0,22.0,1,0,0,0,0,0,NONE,,RPM:486bd1410c0000d1 TPS:486bd1411108de
1789326513.2787,27.356,0.0,0.0,3.14,0.00,12.50,0.000,22.0,22.0,1,0,0,0,0,0,NONE,,RPM:486bd1410c0000d1 TPS:486bd1411108de
1789326513.4374,27.515,0.0,0.0,3.14,0.00,12.50,0.000,22.0,22.0,1,0,0,0,0,0,NONE,,RPM:486bd1410c0000d1 TPS:486bd1411108de
1789326513.5833,27.661,0.0,0.0,3.14,0.00,12.50,0.000,22.0,22.0,1,0,0,0,0,0,NONE,,RPM:486bd1410c0000d1 TPS:486bd1411108de
1789326513.7279,27.805,0.0,0.0,3.14,0.00,12.50,0.000,22.0,22.0,1,0,0,0,0,0,NONE,,RPM:486bd1410c0000d1 TPS:486bd1411108de
1789326513.8978,27.975,0.0,0.0,3.14,0.00,12.50,0.000,22.0,22.0,1,0,0,0,0,0,NONE,,RPM:486bd1410c0000d1 TPS:486bd1411108de
1789326514.0470,28.124,0.0,0.0,3.14,0.00,12.50,0.000,22.0,22.0,1,0,0,0,0,0,NONE,,RPM:486bd1410c0000d1 TPS:486bd1411108de
1789326514.1915,28.269,0.0,0.0,3.14,0.00,12.50,0.000,22.0,22.0,1,0,0,0,0,0,NONE,,RPM:486bd1410c0000d1 TPS:486bd1411108de
1789326514.7018,28.779,0.0,0.0,3.14,0.00,12.50,0.000,22.0,22.0,1,0,0,0,0,0,NONE,,RPM:486bd1410c0000d1 TPS:486bd1411108de
1789326514.8468,28.924,0.0,0.0,3.14,0.00,12.50,0.000,22.0,22.0,1,0,0,0,0,0,NONE,,RPM:486bd1410c0000d1 TPS:486bd1411108de
1789326514.9901,29.067,0.0,0.0,3.14,0.00,12.50,0.000,22.0,22.0,1,0,0,0,0,0,NONE,,RPM:486bd1410c0000d1 TPS:486bd1411108de
1789326515.1352,29.212,0.0,0.0,3.14,0.00,12.50,0.000,22.0,22.0,1,0,0,0,0,0,NONE,,RPM:486bd1410c0000d1 TPS:486bd1411108de
1789326515.3049,29.382,0.0,0.0,3.14,0.00,12.50,0.000,22.0,22.0,1,0,0,0,0,0,NONE,,RPM:486bd1410c0000d1 TPS:486bd1411108de
1789326515.4708,29.548,0.0,0.0,3.14,0.00,12.50,0.000,22.0,22.0,1,0,0,0,0,0,NONE,,RPM:486bd1410c0000d1 TPS:486bd1411108de
1789326515.6266,29.704,0.0,0.0,3.14,0.00,12.50,0.000,22.0,22.0,1,0,0,0,0,0,NONE,,RPM:486bd1410c0000d1 TPS:486bd1411108de
1789326515.7733,29.851,0.0,0.0,3.14,0.00,12.50,0.000,22.0,22.0,1,0,0,0,0,0,NONE,,RPM:486bd1410c0000d1 TPS:486bd1411108de
1789326516.3266,30.404,0.0,0.0,3.14,0.00,12.50,0.000,22.0,22.0,1,0,0,0,0,0,NONE,,RPM:486bd1410c0000d1 TPS:486bd1411108de
1789326516.4775,30.555,0.0,0.0,3.14,0.00,12.50,0.000,22.0,22.0,1,0,0,0,0,0,NONE,,RPM:486bd1410c0000d1 TPS:486bd1411108de
1789326516.6366,30.714,0.0,0.0,3.14,0.00,12.50,0.000,22.0,22.0,1,0,0,0,0,0,NONE,,RPM:486bd1410c0000d1 TPS:486bd1411108de
1789326516.8050,30.882,0.0,0.0,3.14,0.00,12.50,0.000,22.0,22.0,1,0,0,0,0,0,NONE,,RPM:486bd1410c0000d1 TPS:486bd1411108de
1789326516.9404,31.018,0.0,0.0,3.14,0.00,12.50,0.000,22.0,22.0,1,0,0,0,0,0,NONE,,RPM:486bd1410c0000d1 TPS:486bd1411108de
1789326517.0845,31.162,0.0,0.0,3.14,0.00,12.50,0.000,22.0,22.0,1,0,0,0,0,0,NONE,,RPM:486bd1410c0000d1 TPS:486bd1411108de
1789326517.2459,31.323,0.0,0.0,3.14,0.00,12.50,0.000,22.0,22.0,1,0,0,0,0,0,NONE,,RPM:486bd1410c0000d1 TPS:486bd1411108de
1789326517.3984,31.476,0.0,0.0,3.14,0.00,12.50,0.000,22.0,22.0,1,0,0,0,0,0,NONE,,RPM:486bd1410c0000d1 TPS:486bd1411108de
1789326517.8923,31.970,0.0,0.0,3.14,0.00,12.50,0.000,22.0,22.0,1,0,0,0,0,0,NONE,,RPM:486bd1410c0000d1 TPS:486bd1411108de
1789326518.0442,32.121,0.0,0.0,3.14,0.00,12.50,0.000,22.0,22.0,1,0,0,0,0,0,NONE,,RPM:486bd1410c0000d1 TPS:486bd1411108de
1789326518.2105,32.288,0.0,0.0,3.14,0.00,12.50,0.000,22.0,22.0,1,0,0,0,0,0,NONE,,RPM:486bd1410c0000d1 TPS:486bd1411108de
1789326518.3464,32.424,0.0,0.0,3.14,0.00,12.50,0.000,22.0,22.0,1,0,0,0,0,0,NONE,,RPM:486bd1410c0000d1 TPS:486bd1411108de
1789326518.4922,32.569,0.0,0.0,3.14,0.00,12.50,0.000,22.0,22.0,1,0,0,0,0,0,NONE,,RPM:486bd1410c0000d1 TPS:486bd1411108de
1789326518.6352,32.712,0.0,0.0,3.14,0.00,12.50,0.000,22.0,22.0,1,0,0,0,0,0,NONE,,RPM:486bd1410c0000d1 TPS:486bd1411108de
1789326518.8022,32.880,0.0,0.0,3.14,0.00,12.50,0.000,22.0,22.0,1,0,0,0,0,0,NONE,,RPM:486bd1410c0000d1 TPS:486bd1411108de
1789326518.9394,33.017,0.0,0.0,3.14,0.00,12.50,0.000,22.0,22.0,1,0,0,0,0,0,NONE,,RPM:486bd1410c0000d1 TPS:486bd1411108de
1789326519.4393,33.517,0.0,0.0,3.14,0.00,12.50,0.000,22.0,22.0,1,0,0,0,0,0,NONE,,RPM:486bd1410c0000d1 TPS:486bd1411108de
1789326519.5950,33.672,0.0,0.0,3.14,0.00,12.50,0.000,22.0,22.0,1,0,0,0,0,0,NONE,,RPM:486bd1410c0000d1 TPS:486bd1411108de
1789326519.7389,33.816,0.0,0.0,3.14,0.00,12.50,0.000,22.0,22.0,1,0,0,0,0,0,NONE,,RPM:486bd1410c0000d1 TPS:486bd1411108de
1789326519.9023,33.980,0.0,0.0,3.14,0.00,12.50,0.000,22.0,22.0,1,0,0,0,0,0,NONE,,RPM:486bd1410c0000d1 TPS:486bd1411108de
1789326520.0421,34.119,0.0,0.0,3.14,0.00,12.50,0.000,22.0,22.0,1,0,0,0,0,0,NONE,,RPM:486bd1410c0000d1 TPS:486bd1411108de
1789326520.2028,34.280,0.0,0.0,3.14,0.00,12.50,0.000,22.0,22.0,1,0,0,0,0,0,NONE,,RPM:486bd1410c0000d1 TPS:486bd1411108de
1789326520.3460,34.423,0.0,0.0,3.14,0.00,12.50,0.000,22.0,22.0,1,0,0,0,0,0,NONE,,RPM:486bd1410c0000d1 TPS:486bd1411108de
1789326520.5015,34.579,0.0,0.0,3.14,0.00,12.50,0.000,22.0,22.0,1,0,0,0,0,0,NONE,,RPM:486bd1410c0000d1 TPS:486bd1411108de
1789326521.0508,35.128,0.0,0.0,3.14,0.00,12.50,0.000,22.0,22.0,1,0,0,0,0,0,NONE,,RPM:486bd1410c0000d1 TPS:486bd1411108de
1789326521.2226,35.300,0.0,0.0,3.14,0.00,12.50,0.000,22.0,22.0,1,0,0,0,0,0,NONE,,RPM:486bd1410c0000d1 TPS:486bd1411108de
1789326521.3714,35.449,0.0,0.0,3.14,0.00,12.50,0.000,22.0,22.0,1,0,0,0,0,0,NONE,,RPM:486bd1410c0000d1 TPS:486bd1411108de
1789326521.5454,35.623,0.0,0.0,3.14,0.00,12.50,0.000,22.0,22.0,1,0,0,0,0,0,NONE,,RPM:486bd1410c0000d1 TPS:486bd1411108de
1789326521.7040,35.781,0.0,0.0,3.14,0.00,12.50,0.000,22.0,22.0,1,0,0,0,0,0,NONE,,RPM:486bd1410c0000d1 TPS:486bd1411108de
1789326521.8812,35.958,0.0,0.0,3.14,0.00,12.50,0.000,22.0,22.0,1,0,0,0,0,0,NONE,,RPM:486bd1410c0000d1 TPS:486bd1411108de
1789326522.0515,36.129,0.0,0.0,3.14,0.00,12.50,0.000,22.0,22.0,1,0,0,0,0,0,NONE,,RPM:486bd1410c0000d1 TPS:486bd1411108de
1789326522.2007,36.278,0.0,0.0,3.14,0.00,12.50,0.000,22.0,22.0,1,0,0,0,0,0,NONE,,RPM:486bd1410c0000d1 TPS:486bd1411108de
1789326522.7425,36.820,0.0,0.0,3.14,0.00,12.50,0.000,22.0,22.0,1,0,0,0,0,0,NONE,,RPM:486bd1410c0000d1 TPS:486bd1411108de
1789326522.8877,36.965,0.0,0.0,3.14,0.00,12.50,0.000,22.0,22.0,1,0,0,0,0,0,NONE,,RPM:486bd1410c0000d1 TPS:486bd1411108de
1789326523.0318,37.109,0.0,0.0,3.14,0.00,12.50,0.000,22.0,22.0,1,0,0,0,0,0,NONE,,RPM:486bd1410c0000d1 TPS:486bd1411108de
1789326523.1929,37.270,0.0,0.0,3.14,0.00,12.50,0.000,22.0,22.0,1,0,0,0,0,0,NONE,,RPM:486bd1410c0000d1 TPS:486bd1411108de
1789326523.3600,37.437,0.0,0.0,3.14,0.00,12.50,0.000,22.0,22.0,1,0,0,0,0,0,NONE,,RPM:486bd1410c0000d1 TPS:486bd1411108de
1789326523.4954,37.573,0.0,0.0,3.14,0.00,12.50,0.000,22.0,22.0,1,0,0,0,0,0,NONE,,RPM:486bd1410c0000d1 TPS:486bd1411108de
1789326523.6556,37.733,0.0,0.0,3.14,0.00,12.50,0.000,22.0,22.0,1,0,0,0,0,0,NONE,,RPM:486bd1410c0000d1 TPS:486bd1411108de
1789326523.7990,37.876,0.0,0.0,3.14,0.00,12.50,0.000,22.0,22.0,1,0,0,0,0,0,NONE,,RPM:486bd1410c0000d1 TPS:486bd1411108de
1789326524.3326,38.410,0.0,0.0,3.14,0.00,12.50,0.000,22.0,22.0,1,0,0,0,0,0,NONE,,RPM:486bd1410c0000d1 TPS:486bd1411108de
1789326524.4713,38.549,0.0,0.0,3.14,0.00,12.50,0.000,22.0,22.0,1,0,0,0,0,0,NONE,,RPM:486bd1410c0000d1 TPS:486bd1411108de
1789326524.6315,38.709,0.0,0.0,3.14,0.00,12.50,0.000,22.0,22.0,1,0,0,0,0,0,NONE,,RPM:486bd1410c0000d1 TPS:486bd1411108de
1789326524.7865,38.864,0.0,0.0,3.14,0.00,12.50,0.000,22.0,22.0,1,0,0,0,0,0,NONE,,RPM:486bd1410c0000d1 TPS:486bd1411108de
1789326524.9348,39.012,0.0,0.0,3.14,0.00,12.50,0.000,22.0,22.0,1,0,0,0,0,0,NONE,,RPM:486bd1410c0000d1 TPS:486bd1411108de
1789326525.0788,39.156,0.0,0.0,3.14,0.00,12.50,0.000,22.0,22.0,1,0,0,0,0,0,NONE,,RPM:486bd1410c0000d1 TPS:486bd1411108de
1789326525.2397,39.317,0.0,0.0,3.14,0.00,12.50,0.000,22.0,22.0,1,0,0,0,0,0,NONE,,RPM:486bd1410c0000d1 TPS:486bd1411108de
1789326525.4088,39.486,0.0,0.0,3.14,0.00,12.50,0.000,22.0,22.0,1,0,0,0,0,0,NONE,,RPM:486bd1410c0000d1 TPS:486bd1411108de
1789326525.9179,39.995,0.0,0.0,3.14,0.00,12.50,0.000,22.0,22.0,1,0,0,0,0,0,NONE,,RPM:486bd1410c0000d1 TPS:486bd1411108de
1789326526.0707,40.148,0.0,0.0,3.14,0.00,12.50,0.000,22.0,22.0,1,0,0,0,0,0,NONE,,RPM:486bd1410c0000d1 TPS:486bd1411108de
1789326526.2142,40.291,0.0,0.0,3.14,0.00,12.50,0.000,22.0,22.0,1,0,0,0,0,0,NONE,,RPM:486bd1410c0000d1 TPS:486bd1411108de
1789326526.3586,40.436,0.0,0.0,3.14,0.00,12.50,0.000,22.0,22.0,1,0,0,0,0,0,NONE,,RPM:486bd1410c0000d1 TPS:486bd1411108de
1789326526.5152,40.593,0.0,0.0,3.14,0.00,12.50,0.000,22.0,22.0,1,0,0,0,0,0,NONE,,RPM:486bd1410c0000d1 TPS:486bd1411108de
1789326526.6606,40.738,0.0,0.0,3.14,0.00,12.50,0.000,22.0,22.0,1,0,0,0,0,0,NONE,,RPM:486bd1410c0000d1 TPS:486bd1411108de
1789326526.8211,40.898,0.0,0.0,3.14,0.00,12.50,0.000,22.0,22.0,1,0,0,0,0,0,NONE,,RPM:486bd1410c0000d1 TPS:486bd1411108de
1789326526.9741,41.051,0.0,0.0,3.14,0.00,12.50,0.000,22.0,22.0,1,0,0,0,0,0,NONE,,RPM:486bd1410c0000d1 TPS:486bd1411108de
1789326527.4611,41.538,0.0,0.0,3.14,0.00,12.50,0.000,22.0,22.0,1,0,0,0,0,0,NONE,,RPM:486bd1410c0000d1 TPS:486bd1411108de
1789326527.6214,41.699,0.0,0.0,3.14,0.00,12.50,0.000,22.0,22.0,1,0,0,0,0,0,NONE,,RPM:486bd1410c0000d1 TPS:486bd1411108de
1789326527.7652,41.842,0.0,0.0,3.14,0.00,12.50,0.000,22.0,22.0,1,0,0,0,0,0,NONE,,RPM:486bd1410c0000d1 TPS:486bd1411108de
1789326527.9192,41.996,0.0,0.0,3.14,0.00,12.50,0.000,22.0,22.0,1,0,0,0,0,0,NONE,,RPM:486bd1410c0000d1 TPS:486bd1411108de
1789326528.0531,42.130,0.0,0.0,3.14,0.00,12.50,0.000,22.0,22.0,1,0,0,0,0,0,NONE,,RPM:486bd1410c0000d1 TPS:486bd1411108de
1789326528.2442,42.321,0.0,0.0,3.14,0.00,12.50,0.000,22.0,22.0,1,0,0,0,0,0,NONE,,RPM:486bd1410c0000d1 TPS:486bd1411108de
1789326528.4038,42.481,0.0,0.0,3.14,0.00,12.50,0.000,22.0,22.0,1,0,0,0,0,0,NONE,,RPM:486bd1410c0000d1 TPS:486bd1411108de
1789326528.5640,42.641,0.0,0.0,3.14,0.00,12.50,0.000,22.0,22.0,1,0,0,0,0,0,NONE,,RPM:486bd1410c0000d1 TPS:486bd1411108de
1789326529.0882,43.165,0.0,0.0,3.14,0.00,12.50,0.000,22.0,22.0,1,0,0,0,0,0,NONE,,RPM:486bd1410c0000d1 TPS:486bd1411108de
1789326529.2519,43.329,0.0,0.0,3.14,0.00,12.50,0.000,22.0,22.0,1,0,0,0,0,0,NONE,,RPM:486bd1410c0000d1 TPS:486bd1411108de
1789326529.3955,43.473,0.0,0.0,3.14,0.00,12.50,0.000,22.0,22.0,1,0,0,0,0,0,NONE,,RPM:486bd1410c0000d1 TPS:486bd1411108de
1789326529.5561,43.633,0.0,0.0,3.14,0.00,12.50,0.000,22.0,22.0,1,0,0,0,0,0,NONE,,RPM:486bd1410c0000d1 TPS:486bd1411108de
1789326529.6987,43.776,0.0,0.0,3.14,0.00,12.50,0.000,22.0,22.0,1,0,0,0,0,0,NONE,,RPM:486bd1410c0000d1 TPS:486bd1411108de
1789326529.8543,43.932,0.0,0.0,3.14,0.00,12.50,0.000,22.0,22.0,1,0,0,0,0,0,NONE,,RPM:486bd1410c0000d1 TPS:486bd1411108de
1789326530.0031,44.080,0.0,0.0,3.14,0.00,12.50,0.000,22.0,22.0,1,0,0,0,0,0,NONE,,RPM:486bd1410c0000d1 TPS:486bd1411108de
1789326530.1461,44.223,0.0,0.0,3.14,0.00,12.50,0.000,22.0,22.0,1,0,0,0,0,0,NONE,,RPM:486bd1410c0000d1 TPS:486bd1411108de
1789326530.6364,44.714,0.0,0.0,3.14,0.00,12.50,0.000,22.0,22.0,1,0,0,0,0,0,NONE,,RPM:486bd1410c0000d1 TPS:486bd1411108de
1789326530.7711,44.848,0.0,0.0,3.14,0.00,12.50,0.000,22.0,22.0,1,0,0,0,0,0,NONE,,RPM:486bd1410c0000d1 TPS:486bd1411108de
1789326530.9236,45.001,0.0,0.0,3.14,0.00,12.50,0.000,22.0,22.0,1,0,0,0,0,0,NONE,,RPM:486bd1410c0000d1 TPS:486bd1411108de
1789326531.0756,45.153,0.0,0.0,3.14,0.00,12.50,0.000,22.0,22.0,1,0,0,0,0,0,NONE,,RPM:486bd1410c0000d1 TPS:486bd1411108de
1789326531.2187,45.296,0.0,0.0,3.14,0.00,12.50,0.000,22.0,22.0,1,0,0,0,0,0,NONE,,RPM:486bd1410c0000d1 TPS:486bd1411108de
1789326531.3777,45.455,0.0,0.0,3.14,0.00,12.50,0.000,22.0,22.0,1,0,0,0,0,0,NONE,,RPM:486bd1410c0000d1 TPS:486bd1411108de
1789326531.5305,45.608,0.0,0.0,3.14,0.00,12.50,0.000,22.0,22.0,1,0,0,0,0,0,NONE,,RPM:486bd1410c0000d1 TPS:486bd1411108de
1789326531.6855,45.763,0.0,0.0,3.14,0.00,12.50,0.000,22.0,22.0,1,0,0,0,0,0,NONE,,RPM:486bd1410c0000d1 TPS:486bd1411108de
1789326532.1944,46.272,0.0,0.0,3.14,0.00,12.50,0.000,22.0,22.0,1,0,0,0,0,0,NONE,,RPM:486bd1410c0000d1 TPS:486bd1411108de
1789326532.3379,46.415,0.0,0.0,3.14,0.00,12.50,0.000,22.0,22.0,1,0,0,0,0,0,NONE,,RPM:486bd1410c0000d1 TPS:486bd1411108de
1789326532.4819,46.559,0.0,0.0,3.14,0.00,12.50,0.000,22.0,22.0,1,0,0,0,0,0,NONE,,RPM:486bd1410c0000d1 TPS:486bd1411108de
1789326532.6262,46.703,0.0,0.0,3.14,0.00,12.50,0.000,22.0,22.0,1,0,0,0,0,0,NONE,,RPM:486bd1410c0000d1 TPS:486bd1411108de
1789326532.7755,46.853,0.0,0.0,3.14,0.00,12.50,0.000,22.0,22.0,1,0,0,0,0,0,NONE,,RPM:486bd1410c0000d1 TPS:486bd1411108de
1789326532.9313,47.009,0.0,0.0,3.14,0.00,12.50,0.000,22.0,22.0,1,0,0,0,0,0,NONE,,RPM:486bd1410c0000d1 TPS:486bd1411108de
1789326533.0734,47.151,0.0,0.0,3.14,0.00,12.50,0.000,22.0,22.0,1,0,0,0,0,0,NONE,,RPM:486bd1410c0000d1 TPS:486bd1411108de
1789326533.2330,47.310,0.0,0.0,3.14,0.00,12.50,0.000,22.0,22.0,1,0,0,0,0,0,NONE,,RPM:486bd1410c0000d1 TPS:486bd1411108de
1789326533.7165,47.794,0.0,0.0,3.14,0.00,12.50,0.000,22.0,22.0,1,0,0,0,0,0,NONE,,RPM:486bd1410c0000d1 TPS:486bd1411108de
1789326533.8571,47.934,0.0,0.0,3.14,0.00,12.50,0.000,22.0,22.0,1,0,0,0,0,0,NONE,,RPM:486bd1410c0000d1 TPS:486bd1411108de
1789326534.0010,48.078,0.0,0.0,3.14,0.00,12.50,0.000,22.0,22.0,1,0,0,0,0,0,NONE,,RPM:486bd1410c0000d1 TPS:486bd1411108de
1789326534.1721,48.249,0.0,0.0,3.14,0.00,12.50,0.000,22.0,22.0,1,0,0,0,0,0,NONE,,RPM:486bd1410c0000d1 TPS:486bd1411108de
1789326534.3033,48.381,0.0,0.0,3.14,0.00,12.50,0.000,22.0,22.0,1,0,0,0,0,0,NONE,,RPM:486bd1410c0000d1 TPS:486bd1411108de
1789326534.4794,48.557,0.0,0.0,3.14,0.00,12.50,0.000,22.0,22.0,1,0,0,0,0,0,NONE,,RPM:486bd1410c0000d1 TPS:486bd1411108de
1789326534.6590,48.736,0.0,0.0,3.14,0.00,12.50,0.000,22.0,22.0,1,0,0,0,0,0,NONE,,RPM:486bd1410c0000d1 TPS:486bd1411108de
1789326534.7998,48.877,0.0,0.0,3.14,0.00,12.50,0.000,22.0,22.0,1,0,0,0,0,0,NONE,,RPM:486bd1410c0000d1 TPS:486bd1411108de
1789326535.3275,49.405,0.0,0.0,3.14,0.00,12.50,0.000,22.0,22.0,1,0,0,0,0,0,NONE,,RPM:486bd1410c0000d1 TPS:486bd1411108de
1789326535.4876,49.565,0.0,0.0,3.14,0.00,12.50,0.000,22.0,22.0,1,0,0,0,0,0,NONE,,RPM:486bd1410c0000d1 TPS:486bd1411108de
1789326535.6421,49.719,0.0,0.0,3.14,0.00,12.50,0.000,22.0,22.0,1,0,0,0,0,0,NONE,,RPM:486bd1410c0000d1 TPS:486bd1411108de
1789326535.7749,49.852,0.0,0.0,3.14,0.00,12.50,0.000,22.0,22.0,1,0,0,0,0,0,NONE,,RPM:486bd1410c0000d1 TPS:486bd1411108de
1789326535.9184,49.996,0.0,0.0,3.14,0.00,12.50,0.000,22.0,22.0,1,0,0,0,0,0,NONE,,RPM:486bd1410c0000d1 TPS:486bd1411108de
1789326536.0788,50.156,0.0,0.0,3.14,0.00,12.50,0.000,22.0,22.0,1,0,0,0,0,0,NONE,,RPM:486bd1410c0000d1 TPS:486bd1411108de
1789326536.2368,50.314,0.0,0.0,3.14,0.00,12.50,0.000,22.0,22.0,1,0,0,0,0,0,NONE,,RPM:486bd1410c0000d1 TPS:486bd1411108de
1789326536.3977,50.475,0.0,0.0,3.14,0.00,12.50,0.000,22.0,22.0,1,0,0,0,0,0,NONE,,RPM:486bd1410c0000d1 TPS:486bd1411108de
1789326536.9030,50.980,0.0,0.0,3.14,0.00,12.50,0.000,22.0,22.0,1,0,0,0,0,0,NONE,,RPM:486bd1410c0000d1 TPS:486bd1411108de
1789326537.0374,51.115,0.0,0.0,3.14,0.00,12.50,0.000,22.0,22.0,1,0,0,0,0,0,NONE,,RPM:486bd1410c0000d1 TPS:486bd1411108de
1789326537.1815,51.259,0.0,0.0,3.14,0.00,12.50,0.000,22.0,22.0,1,0,0,0,0,0,NONE,,RPM:486bd1410c0000d1 TPS:486bd1411108de
1789326537.3264,51.404,0.0,0.0,3.14,0.00,12.50,0.000,22.0,22.0,1,0,0,0,0,0,NONE,,RPM:486bd1410c0000d1 TPS:486bd1411108de
1789326537.4694,51.547,0.0,0.0,3.14,0.00,12.50,0.000,22.0,22.0,1,0,0,0,0,0,NONE,,RPM:486bd1410c0000d1 TPS:486bd1411108de
1789326537.6211,51.698,0.0,0.0,3.14,0.00,12.50,0.000,22.0,22.0,1,0,0,0,0,0,NONE,,RPM:486bd1410c0000d1 TPS:486bd1411108de
1789326537.7760,51.853,0.0,0.0,3.14,0.00,12.50,0.000,22.0,22.0,1,0,0,0,0,0,NONE,,RPM:486bd1410c0000d1 TPS:486bd1411108de
1789326537.9176,51.995,0.0,0.0,3.14,0.00,12.50,0.000,22.0,22.0,1,0,0,0,0,0,NONE,,RPM:486bd1410c0000d1 TPS:486bd1411108de
1789326538.4005,52.478,0.0,0.0,3.14,0.00,12.50,0.000,22.0,22.0,1,0,0,0,0,0,NONE,,RPM:486bd1410c0000d1 TPS:486bd1411108de
1789326538.5409,52.618,0.0,0.0,3.14,0.00,12.50,0.000,22.0,22.0,1,0,0,0,0,0,NONE,,RPM:486bd1410c0000d1 TPS:486bd1411108de
1789326538.7017,52.779,0.0,0.0,3.14,0.00,12.50,0.000,22.0,22.0,1,0,0,0,0,0,NONE,,RPM:486bd1410c0000d1 TPS:486bd1411108de
1789326538.8450,52.922,0.0,0.0,3.14,0.00,12.50,0.000,22.0,22.0,1,0,0,0,0,0,NONE,,RPM:486bd1410c0000d1 TPS:486bd1411108de
1789326539.0170,53.094,0.0,0.0,3.14,0.00,12.50,0.000,22.0,22.0,1,0,0,0,0,0,NONE,,RPM:486bd1410c0000d1 TPS:486bd1411108de
1789326539.1636,53.241,0.0,0.0,3.14,0.00,12.50,0.000,22.0,22.0,1,0,0,0,0,0,NONE,,RPM:486bd1410c0000d1 TPS:486bd1411108de
1789326539.3407,53.418,0.0,0.0,3.14,0.00,12.50,0.000,22.0,22.0,1,0,0,0,0,0,NONE,,RPM:486bd1410c0000d1 TPS:486bd1411108de
1789326539.5043,53.582,0.0,0.0,3.14,0.00,12.50,0.000,22.0,22.0,1,0,0,0,0,0,NONE,,RPM:486bd1410c0000d1 TPS:486bd1411108de
1789326540.0066,54.084,0.0,0.0,3.14,0.00,12.50,0.000,22.0,22.0,1,0,0,0,0,0,NONE,,RPM:486bd1410c0000d1 TPS:486bd1411108de
1789326540.1557,54.233,0.0,0.0,3.14,0.00,12.50,0.000,22.0,22.0,1,0,0,0,0,0,NONE,,RPM:486bd1410c0000d1 TPS:486bd1411108de
1789326540.3152,54.392,0.0,0.0,3.14,0.00,12.50,0.000,22.0,22.0,1,0,0,0,0,0,NONE,,RPM:486bd1410c0000d1 TPS:486bd1411108de
1789326540.4787,54.556,0.0,0.0,3.14,0.00,12.50,0.000,22.0,22.0,1,0,0,0,0,0,NONE,,RPM:486bd1410c0000d1 TPS:486bd1411108de
1789326540.6198,54.697,0.0,0.0,3.14,0.00,12.50,0.000,22.0,22.0,1,0,0,0,0,0,NONE,,RPM:486bd1410c0000d1 TPS:486bd1411108de
1789326540.7621,54.839,0.0,0.0,3.14,0.00,12.50,0.000,22.0,22.0,1,0,0,0,0,0,NONE,,RPM:486bd1410c0000d1 TPS:486bd1411108de
1789326540.9196,54.997,0.0,0.0,3.14,0.00,12.50,0.000,22.0,22.0,1,0,0,0,0,0,NONE,,RPM:486bd1410c0000d1 TPS:486bd1411108de
1789326541.0660,55.143,0.0,0.0,3.14,0.00,12.50,0.000,22.0,22.0,1,0,0,0,0,0,NONE,,RPM:486bd1410c0000d1 TPS:486bd1411108de
1789326541.5534,55.631,0.0,0.0,3.14,0.00,12.50,0.000,22.0,22.0,1,0,0,0,0,0,NONE,,RPM:486bd1410c0000d1 TPS:486bd1411108de
1789326541.7057,55.783,0.0,0.0,3.14,0.00,12.50,0.000,22.0,22.0,1,0,0,0,0,0,NONE,,RPM:486bd1410c0000d1 TPS:486bd1411108de
1789326541.8502,55.928,0.0,0.0,3.14,0.00,12.50,0.000,22.0,22.0,1,0,0,0,0,0,NONE,,RPM:486bd1410c0000d1 TPS:486bd1411108de
1789326542.0110,56.088,0.0,0.0,3.14,0.00,12.50,0.000,22.0,22.0,1,0,0,0,0,0,NONE,,RPM:486bd1410c0000d1 TPS:486bd1411108de
1789326542.1537,56.231,0.0,0.0,3.14,0.00,12.50,0.000,22.0,22.0,1,0,0,0,0,0,NONE,,RPM:486bd1410c0000d1 TPS:486bd1411108de
1789326542.3054,56.383,0.0,0.0,3.14,0.00,12.50,0.000,22.0,22.0,1,0,0,0,0,0,NONE,,RPM:486bd1410c0000d1 TPS:486bd1411108de
1789326542.4601,56.537,0.0,0.0,3.14,0.00,12.50,0.000,22.0,22.0,1,0,0,0,0,0,NONE,,RPM:486bd1410c0000d1 TPS:486bd1411108de
1789326542.6013,56.679,0.0,0.0,3.14,0.00,12.50,0.000,22.0,22.0,1,0,0,0,0,0,NONE,,RPM:486bd1410c0000d1 TPS:486bd1411108de
1789326543.1018,57.179,0.0,0.0,3.14,0.00,12.50,0.000,22.0,22.0,1,0,0,0,0,0,NONE,,RPM:486bd1410c0000d1 TPS:486bd1411108de
1789326543.2584,57.336,0.0,0.0,3.14,0.00,12.50,0.000,22.0,22.0,1,0,0,0,0,0,NONE,,RPM:486bd1410c0000d1 TPS:486bd1411108de
1789326543.4023,57.480,0.0,0.0,3.14,0.00,12.50,0.000,22.0,22.0,1,0,0,0,0,0,NONE,,RPM:486bd1410c0000d1 TPS:486bd1411108de
1789326543.5570,57.634,0.0,0.0,3.14,0.00,12.50,0.000,22.0,22.0,1,0,0,0,0,0,NONE,,RPM:486bd1410c0000d1 TPS:486bd1411108de
1789326543.6882,57.765,0.0,0.0,3.14,0.00,12.50,0.000,22.0,22.0,1,0,0,0,0,0,NONE,,RPM:486bd1410c0000d1 TPS:486bd1411108de
1789326543.8646,57.942,0.0,0.0,3.14,0.00,12.50,0.000,22.0,22.0,1,0,0,0,0,0,NONE,,RPM:486bd1410c0000d1 TPS:486bd1411108de
1789326544.0381,58.115,0.0,0.0,3.14,0.00,12.50,0.000,22.0,22.0,1,0,0,0,0,0,NONE,,RPM:486bd1410c0000d1 TPS:486bd1411108de
1789326544.1851,58.262,0.0,0.0,3.14,0.00,12.50,0.000,22.0,22.0,1,0,0,0,0,0,NONE,,RPM:486bd1410c0000d1 TPS:486bd1411108de
1789326544.7117,58.789,0.0,0.0,3.14,0.00,12.50,0.000,22.0,22.0,1,0,0,0,0,0,NONE,,RPM:486bd1410c0000d1 TPS:486bd1411108de
1789326544.8724,58.950,0.0,0.0,3.14,0.00,12.50,0.000,22.0,22.0,1,0,0,0,0,0,NONE,,RPM:486bd1410c0000d1 TPS:486bd1411108de
1789326545.0167,59.094,0.0,0.0,3.14,0.00,12.50,0.000,22.0,22.0,1,0,0,0,0,0,NONE,,RPM:486bd1410c0000d1 TPS:486bd1411108de
1789326545.1675,59.245,0.0,0.0,3.14,0.00,12.50,0.000,22.0,22.0,1,0,0,0,0,0,NONE,,RPM:486bd1410c0000d1 TPS:486bd1411108de
1789326545.3037,59.381,0.0,0.0,3.14,0.00,12.50,0.000,22.0,22.0,1,0,0,0,0,0,NONE,,RPM:486bd1410c0000d1 TPS:486bd1411108de
1789326545.4793,59.557,0.0,0.0,3.14,0.00,12.50,0.000,22.0,22.0,1,0,0,0,0,0,NONE,,RPM:486bd1410c0000d1 TPS:486bd1411108de
1789326545.6341,59.711,0.0,0.0,3.14,0.00,12.50,0.000,22.0,22.0,1,0,0,0,0,0,NONE,,RPM:486bd1410c0000d1 TPS:486bd1411108de
1789326545.7833,59.861,0.0,0.0,3.14,0.00,12.50,0.000,22.0,22.0,1,0,0,0,0,0,NONE,,RPM:486bd1410c0000d1 TPS:486bd1411108de
1789326546.2731,60.350,0.0,0.0,3.14,0.00,12.50,0.000,22.0,22.0,1,0,0,0,0,0,NONE,,RPM:486bd1410c0000d1 TPS:486bd1411108de
1789326546.4076,60.485,0.0,0.0,3.14,0.00,12.50,0.000,22.0,22.0,1,0,0,0,0,0,NONE,,RPM:486bd1410c0000d1 TPS:486bd1411108de
1789326546.5668,60.644,0.0,0.0,3.14,0.00,12.50,0.000,22.0,22.0,1,0,0,0,0,0,NONE,,RPM:486bd1410c0000d1 TPS:486bd1411108de
1789326546.7138,60.791,0.0,0.0,3.14,0.00,12.50,0.000,22.0,22.0,1,0,0,0,0,0,NONE,,RPM:486bd1410c0000d1 TPS:486bd1411108de
1789326546.8544,60.932,0.0,0.0,3.14,0.00,12.50,0.000,22.0,22.0,1,0,0,0,0,0,NONE,,RPM:486bd1410c0000d1 TPS:486bd1411108de
1789326547.0145,61.092,0.0,0.0,3.14,0.00,12.50,0.000,22.0,22.0,1,0,0,0,0,0,NONE,,RPM:486bd1410c0000d1 TPS:486bd1411108de
1789326547.1662,61.243,0.0,0.0,3.14,0.00,12.50,0.000,22.0,22.0,1,0,0,0,0,0,NONE,,RPM:486bd1410c0000d1 TPS:486bd1411108de
1789326547.3183,61.396,0.0,0.0,3.14,0.00,12.50,0.000,22.0,22.0,1,0,0,0,0,0,NONE,,RPM:486bd1410c0000d1 TPS:486bd1411108de
1789326547.8189,61.896,0.0,0.0,3.14,0.00,12.50,0.000,22.0,22.0,1,0,0,0,0,0,NONE,,RPM:486bd1410c0000d1 TPS:486bd1411108de
1789326547.9579,62.035,0.0,0.0,3.14,0.00,12.50,0.000,22.0,22.0,1,0,0,0,0,0,NONE,,RPM:486bd1410c0000d1 TPS:486bd1411108de
1789326548.1166,62.194,0.0,0.0,3.14,0.00,12.50,0.000,22.0,22.0,1,0,0,0,0,0,NONE,,RPM:486bd1410c0000d1 TPS:486bd1411108de
1789326548.2706,62.348,0.0,0.0,3.14,0.00,12.50,0.000,22.0,22.0,1,0,0,0,0,0,NONE,,RPM:486bd1410c0000d1 TPS:486bd1411108de
1789326548.4208,62.498,0.0,0.0,3.14,0.00,12.50,0.000,22.0,22.0,1,0,0,0,0,0,NONE,,RPM:486bd1410c0000d1 TPS:486bd1411108de
1789326548.5644,62.642,0.0,0.0,3.14,0.00,12.50,0.000,22.0,22.0,1,0,0,0,0,0,NONE,,RPM:486bd1410c0000d1 TPS:486bd1411108de
1789326548.7138,62.791,0.0,0.0,3.14,0.00,12.50,0.000,22.0,22.0,1,0,0,0,0,0,NONE,,RPM:486bd1410c0000d1 TPS:486bd1411108de
1789326548.8510,62.928,0.0,0.0,3.14,0.00,12.50,0.000,22.0,22.0,1,0,0,0,0,0,NONE,,RPM:486bd1410c0000d1 TPS:486bd1411108de
1789326549.3609,63.438,0.0,0.0,3.14,0.00,12.50,0.000,22.0,22.0,1,0,0,0,0,0,NONE,,RPM:486bd1410c0000d1 TPS:486bd1411108de
1789326549.5375,63.615,0.0,0.0,3.14,0.00,12.50,0.000,22.0,22.0,1,0,0,0,0,0,NONE,,RPM:486bd1410c0000d1 TPS:486bd1411108de
1789326549.6826,63.760,0.0,0.0,3.14,0.00,12.50,0.000,22.0,22.0,1,0,0,0,0,0,NONE,,RPM:486bd1410c0000d1 TPS:486bd1411108de
1789326549.8279,63.905,0.0,0.0,3.14,0.00,12.50,0.000,22.0,22.0,1,0,0,0,0,0,NONE,,RPM:486bd1410c0000d1 TPS:486bd1411108de
1789326549.9724,64.050,0.0,0.0,3.14,0.00,12.50,0.000,22.0,22.0,1,0,0,0,0,0,NONE,,RPM:486bd1410c0000d1 TPS:486bd1411108de
1789326550.1364,64.214,0.0,0.0,3.14,0.00,12.50,0.000,22.0,22.0,1,0,0,0,0,0,NONE,,RPM:486bd1410c0000d1 TPS:486bd1411108de
1789326550.2772,64.354,0.0,0.0,3.14,0.00,12.50,0.000,22.0,22.0,1,0,0,0,0,0,NONE,,RPM:486bd1410c0000d1 TPS:486bd1411108de
1789326550.4199,64.497,0.0,0.0,3.14,0.00,12.50,0.000,22.0,22.0,1,0,0,0,0,0,NONE,,RPM:486bd1410c0000d1 TPS:486bd1411108de
1789326550.9206,64.998,0.0,0.0,3.14,0.00,12.50,0.000,22.0,22.0,1,0,0,0,0,0,NONE,,RPM:486bd1410c0000d1 TPS:486bd1411108de
1789326551.0652,65.142,0.0,0.0,3.14,0.00,12.50,0.000,22.0,22.0,1,0,0,0,0,0,NONE,,RPM:486bd1410c0000d1 TPS:486bd1411108de
1789326551.2034,65.281,0.0,0.0,3.14,0.00,12.50,0.000,22.0,22.0,1,0,0,0,0,0,NONE,,RPM:486bd1410c0000d1 TPS:486bd1411108de
1789326551.3469,65.424,0.0,0.0,3.14,0.00,12.50,0.000,22.0,22.0,1,0,0,0,0,0,NONE,,RPM:486bd1410c0000d1 TPS:486bd1411108de
1789326551.5102,65.587,0.0,0.0,3.14,0.00,12.50,0.000,22.0,22.0,1,0,0,0,0,0,NONE,,RPM:486bd1410c0000d1 TPS:486bd1411108de
1789326551.6639,65.741,0.0,0.0,3.14,0.00,12.50,0.000,22.0,22.0,1,0,0,0,0,0,NONE,,RPM:486bd1410c0000d1 TPS:486bd1411108de
1789326551.8093,65.887,0.0,0.0,3.14,0.00,12.50,0.000,22.0,22.0,1,0,0,0,0,0,NONE,,RPM:486bd1410c0000d1 TPS:486bd1411108de
1789326551.9537,66.031,0.0,0.0,3.14,0.00,12.50,0.000,22.0,22.0,1,0,0,0,0,0,NONE,,RPM:486bd1410c0000d1 TPS:486bd1411108de
1789326552.4423,66.520,0.0,0.0,3.14,0.00,12.50,0.000,22.0,22.0,1,0,0,0,0,0,NONE,,RPM:486bd1410c0000d1 TPS:486bd1411108de
1789326552.5935,66.671,0.0,0.0,3.14,0.00,12.50,0.000,22.0,22.0,1,0,0,0,0,0,NONE,,RPM:486bd1410c0000d1 TPS:486bd1411108de
1789326552.7471,66.824,0.0,0.0,3.14,0.00,12.50,0.000,22.0,22.0,1,0,0,0,0,0,NONE,,RPM:486bd1410c0000d1 TPS:486bd1411108de
1789326552.8802,66.957,0.0,0.0,3.14,0.00,12.50,0.000,22.0,22.0,1,0,0,0,0,0,NONE,,RPM:486bd1410c0000d1 TPS:486bd1411108de
1789326553.0264,67.104,0.0,0.0,3.14,0.00,12.50,0.000,22.0,22.0,1,0,0,0,0,0,NONE,,RPM:486bd1410c0000d1 TPS:486bd1411108de
1789326553.1841,67.261,0.0,0.0,3.14,0.00,12.50,0.000,22.0,22.0,1,0,0,0,0,0,NONE,,RPM:486bd1410c0000d1 TPS:486bd1411108de
1789326553.3478,67.425,0.0,0.0,3.14,0.00,12.50,0.000,22.0,22.0,1,0,0,0,0,0,NONE,,RPM:486bd1410c0000d1 TPS:486bd1411108de
1789326553.4880,67.565,0.0,0.0,3.14,0.00,12.50,0.000,22.0,22.0,1,0,0,0,0,0,NONE,,RPM:486bd1410c0000d1 TPS:486bd1411108de
1789326554.0009,68.078,0.0,0.0,3.14,0.00,12.50,0.000,22.0,22.0,1,0,0,0,0,0,NONE,,RPM:486bd1410c0000d1 TPS:486bd1411108de
1789326554.1436,68.221,0.0,0.0,3.14,0.00,12.50,0.000,22.0,22.0,1,0,0,0,0,0,NONE,,RPM:486bd1410c0000d1 TPS:486bd1411108de
1789326554.3046,68.382,0.0,0.0,3.14,0.00,12.50,0.000,22.0,22.0,1,0,0,0,0,0,NONE,,RPM:486bd1410c0000d1 TPS:486bd1411108de
1789326554.4587,68.536,0.0,0.0,3.14,0.00,12.50,0.000,22.0,22.0,1,0,0,0,0,0,NONE,,RPM:486bd1410c0000d1 TPS:486bd1411108de
1789326554.5927,68.670,0.0,0.0,3.14,0.00,12.50,0.000,22.0,22.0,1,0,0,0,0,0,NONE,,RPM:486bd1410c0000d1 TPS:486bd1411108de
1789326554.7661,68.843,0.0,0.0,3.14,0.00,12.50,0.000,22.0,22.0,1,0,0,0,0,0,NONE,,RPM:486bd1410c0000d1 TPS:486bd1411108de
1789326554.9267,69.004,0.0,0.0,3.14,0.00,12.50,0.000,22.0,22.0,1,0,0,0,0,0,NONE,,RPM:486bd1410c0000d1 TPS:486bd1411108de
1789326555.0709,69.148,0.0,0.0,3.14,0.00,12.50,0.000,22.0,22.0,1,0,0,0,0,0,NONE,,RPM:486bd1410c0000d1 TPS:486bd1411108de
1789326555.5554,69.633,0.0,0.0,3.14,0.00,12.50,0.000,22.0,22.0,1,0,0,0,0,0,NONE,,RPM:486bd1410c0000d1 TPS:486bd1411108de
1789326555.6945,69.772,0.0,0.0,3.14,0.00,12.50,0.000,22.0,22.0,1,0,0,0,0,0,NONE,,RPM:486bd1410c0000d1 TPS:486bd1411108de
1789326555.8383,69.916,0.0,0.0,3.14,0.00,12.50,0.000,22.0,22.0,1,0,0,0,0,0,NONE,,RPM:486bd1410c0000d1 TPS:486bd1411108de
1789326555.9813,70.059,0.0,0.0,3.14,0.00,12.50,0.000,22.0,22.0,1,0,0,0,0,0,NONE,,RPM:486bd1410c0000d1 TPS:486bd1411108de
1789326556.1265,70.204,0.0,0.0,3.14,0.00,12.50,0.000,22.0,22.0,1,0,0,0,0,0,NONE,,RPM:486bd1410c0000d1 TPS:486bd1411108de
1789326556.2697,70.347,0.0,0.0,3.14,0.00,12.50,0.000,22.0,22.0,1,0,0,0,0,0,NONE,,RPM:486bd1410c0000d1 TPS:486bd1411108de
1789326556.4216,70.499,0.0,0.0,3.14,0.00,12.50,0.000,22.0,22.0,1,0,0,0,0,0,NONE,,RPM:486bd1410c0000d1 TPS:486bd1411108de
1789326556.5595,70.637,0.0,0.0,3.14,0.00,12.50,0.000,22.0,22.0,1,0,0,0,0,0,NONE,,RPM:486bd1410c0000d1 TPS:486bd1411108de
1789326557.0780,71.155,0.0,0.0,3.14,0.00,12.50,0.000,22.0,22.0,1,0,0,0,0,0,NONE,,RPM:486bd1410c0000d1 TPS:486bd1411108de
1789326557.2489,71.326,0.0,0.0,3.14,0.00,12.50,0.000,22.0,22.0,1,0,0,0,0,0,NONE,,RPM:486bd1410c0000d1 TPS:486bd1411108de
1789326557.3907,71.468,0.0,0.0,3.14,0.00,12.50,0.000,22.0,22.0,1,0,0,0,0,0,NONE,,RPM:486bd1410c0000d1 TPS:486bd1411108de
1789326557.5341,71.611,0.0,0.0,3.14,0.00,12.50,0.000,22.0,22.0,1,0,0,0,0,0,NONE,,RPM:486bd1410c0000d1 TPS:486bd1411108de
1789326557.6777,71.755,0.0,0.0,3.14,0.00,12.50,0.000,22.0,22.0,1,0,0,0,0,0,NONE,,RPM:486bd1410c0000d1 TPS:486bd1411108de
1789326557.8223,71.900,0.0,0.0,3.14,0.00,12.50,0.000,22.0,22.0,1,0,0,0,0,0,NONE,,RPM:486bd1410c0000d1 TPS:486bd1411108de
1789326557.9821,72.059,0.0,0.0,3.14,0.00,12.50,0.000,22.0,22.0,1,0,0,0,0,0,NONE,,RPM:486bd1410c0000d1 TPS:486bd1411108de
1789326558.1263,72.204,0.0,0.0,3.14,0.00,12.50,0.000,22.0,22.0,1,0,0,0,0,0,NONE,,RPM:486bd1410c0000d1 TPS:486bd1411108de
1789326558.6241,72.701,0.0,0.0,3.14,0.00,12.50,0.000,22.0,22.0,1,0,0,0,0,0,NONE,,RPM:486bd1410c0000d1 TPS:486bd1411108de
1789326558.7822,72.859,0.0,0.0,3.14,0.00,12.50,0.000,22.0,22.0,1,0,0,0,0,0,NONE,,RPM:486bd1410c0000d1 TPS:486bd1411108de
1789326558.9388,73.016,0.0,0.0,3.14,0.00,12.50,0.000,22.0,22.0,1,0,0,0,0,0,NONE,,RPM:486bd1410c0000d1 TPS:486bd1411108de
1789326559.0843,73.162,0.0,0.0,3.14,0.00,12.50,0.000,22.0,22.0,1,0,0,0,0,0,NONE,,RPM:486bd1410c0000d1 TPS:486bd1411108de
1789326559.2446,73.322,0.0,0.0,3.14,0.00,12.50,0.000,22.0,22.0,1,0,0,0,0,0,NONE,,RPM:486bd1410c0000d1 TPS:486bd1411108de
1789326559.3880,73.465,0.0,0.0,3.14,0.00,12.50,0.000,22.0,22.0,1,0,0,0,0,0,NONE,,RPM:486bd1410c0000d1 TPS:486bd1411108de
1789326559.5615,73.639,0.0,0.0,3.14,0.00,12.50,0.000,22.0,22.0,1,0,0,0,0,0,NONE,,RPM:486bd1410c0000d1 TPS:486bd1411108de
1789326559.7081,73.785,0.0,0.0,3.14,0.00,12.50,0.000,22.0,22.0,1,0,0,0,0,0,NONE,,RPM:486bd1410c0000d1 TPS:486bd1411108de
1789326560.2352,74.312,0.0,0.0,3.14,0.00,12.50,0.000,22.0,22.0,1,0,0,0,0,0,NONE,,RPM:486bd1410c0000d1 TPS:486bd1411108de
1789326560.3942,74.471,0.0,0.0,3.14,0.00,12.50,0.000,22.0,22.0,1,0,0,0,0,0,NONE,,RPM:486bd1410c0000d1 TPS:486bd1411108de
1789326560.5399,74.617,0.0,0.0,3.14,0.00,12.50,0.000,22.0,22.0,1,0,0,0,0,0,NONE,,RPM:486bd1410c0000d1 TPS:486bd1411108de
1789326560.6837,74.761,0.0,0.0,3.14,0.00,12.50,0.000,22.0,22.0,1,0,0,0,0,0,NONE,,RPM:486bd1410c0000d1 TPS:486bd1411108de
1789326560.8429,74.920,0.0,0.0,3.14,0.00,12.50,0.000,22.0,22.0,1,0,0,0,0,0,NONE,,RPM:486bd1410c0000d1 TPS:486bd1411108de
1789326561.0138,75.091,0.0,0.0,3.14,0.00,12.50,0.000,22.0,22.0,1,0,0,0,0,0,NONE,,RPM:486bd1410c0000d1 TPS:486bd1411108de
1789326561.1462,75.223,0.0,0.0,3.14,0.00,12.50,0.000,22.0,22.0,1,0,0,0,0,0,NONE,,RPM:486bd1410c0000d1 TPS:486bd1411108de
1789326561.2914,75.369,0.0,0.0,3.14,0.00,12.50,0.000,22.0,22.0,1,0,0,0,0,0,NONE,,RPM:486bd1410c0000d1 TPS:486bd1411108de
1789326561.7862,75.863,0.0,0.0,3.14,0.00,12.50,0.000,22.0,22.0,1,0,0,0,0,0,NONE,,RPM:486bd1410c0000d1 TPS:486bd1411108de
1789326561.9555,76.033,0.0,0.0,3.14,0.00,12.50,0.000,22.0,22.0,1,0,0,0,0,0,NONE,,RPM:486bd1410c0000d1 TPS:486bd1411108de
1789326562.1065,76.184,0.0,0.0,3.14,0.00,12.50,0.000,22.0,22.0,1,0,0,0,0,0,NONE,,RPM:486bd1410c0000d1 TPS:486bd1411108de
1789326562.2657,76.343,0.0,0.0,3.14,0.00,12.50,0.000,22.0,22.0,1,0,0,0,0,0,NONE,,RPM:486bd1410c0000d1 TPS:486bd1411108de
1789326562.4098,76.487,0.0,0.0,3.14,0.00,12.50,0.000,22.0,22.0,1,0,0,0,0,0,NONE,,RPM:486bd1410c0000d1 TPS:486bd1411108de
1789326562.5807,76.658,0.0,0.0,3.14,0.00,12.50,0.000,22.0,22.0,1,0,0,0,0,0,NONE,,RPM:486bd1410c0000d1 TPS:486bd1411108de
1789326562.7294,76.807,0.0,0.0,3.14,0.00,12.50,0.000,22.0,22.0,1,0,0,0,0,0,NONE,,RPM:486bd1410c0000d1 TPS:486bd1411108de
1789326562.8738,76.951,0.0,0.0,3.14,0.00,12.50,0.000,22.0,22.0,1,0,0,0,0,0,NONE,,RPM:486bd1410c0000d1 TPS:486bd1411108de
1789326563.4179,77.495,0.0,0.0,3.14,0.00,12.50,0.000,22.0,22.0,1,0,0,0,0,0,NONE,,RPM:486bd1410c0000d1 TPS:486bd1411108de
1789326563.5612,77.638,0.0,0.0,3.14,0.00,12.50,0.000,22.0,22.0,1,0,0,0,0,0,NONE,,RPM:486bd1410c0000d1 TPS:486bd1411108de
1789326563.7209,77.798,0.0,0.0,3.14,0.00,12.50,0.000,22.0,22.0,1,0,0,0,0,0,NONE,,RPM:486bd1410c0000d1 TPS:486bd1411108de
1789326563.8876,77.965,0.0,0.0,3.14,0.00,12.50,0.000,22.0,22.0,1,0,0,0,0,0,NONE,,RPM:486bd1410c0000d1 TPS:486bd1411108de
1789326564.0235,78.101,0.0,0.0,3.14,0.00,12.50,0.000,22.0,22.0,1,0,0,0,0,0,NONE,,RPM:486bd1410c0000d1 TPS:486bd1411108de
1789326564.2130,78.290,0.0,0.0,3.14,0.00,12.50,0.000,22.0,22.0,1,0,0,0,0,0,NONE,,RPM:486bd1410c0000d1 TPS:486bd1411108de
1789326564.3592,78.436,0.0,0.0,3.14,0.00,12.50,0.000,22.0,22.0,1,0,0,0,0,0,NONE,,RPM:486bd1410c0000d1 TPS:486bd1411108de
1789326564.5174,78.595,0.0,0.0,3.14,0.00,12.50,0.000,22.0,22.0,1,0,0,0,0,0,NONE,,RPM:486bd1410c0000d1 TPS:486bd1411108de
1789326565.0073,79.085,0.0,0.0,3.14,0.00,12.50,0.000,22.0,22.0,1,0,0,0,0,0,NONE,,RPM:486bd1410c0000d1 TPS:486bd1411108de
1789326565.1414,79.219,0.0,0.0,3.14,0.00,12.50,0.000,22.0,22.0,1,0,0,0,0,0,NONE,,RPM:486bd1410c0000d1 TPS:486bd1411108de
1789326565.2870,79.364,0.0,0.0,3.14,0.00,12.50,0.000,22.0,22.0,1,0,0,0,0,0,NONE,,RPM:486bd1410c0000d1 TPS:486bd1411108de
1789326565.4417,79.519,0.0,0.0,3.14,0.00,12.50,0.000,22.0,22.0,1,0,0,0,0,0,NONE,,RPM:486bd1410c0000d1 TPS:486bd1411108de
1789326565.5906,79.668,0.0,0.0,3.14,0.00,12.50,0.000,22.0,22.0,1,0,0,0,0,0,NONE,,RPM:486bd1410c0000d1 TPS:486bd1411108de
1789326565.7333,79.811,0.0,0.0,3.14,0.00,12.50,0.000,22.0,22.0,1,0,0,0,0,0,NONE,,RPM:486bd1410c0000d1 TPS:486bd1411108de
1789326565.8847,79.962,0.0,0.0,3.14,0.00,12.50,0.000,22.0,22.0,1,0,0,0,0,0,NONE,,RPM:486bd1410c0000d1 TPS:486bd1411108de
1789326566.0224,80.100,0.0,0.0,3.14,0.00,12.50,0.000,22.0,22.0,1,0,0,0,0,0,NONE,,RPM:486bd1410c0000d1 TPS:486bd1411108de
1789326566.5164,80.594,0.0,0.0,3.14,0.00,12.50,0.000,22.0,22.0,1,0,0,0,0,0,NONE,,RPM:486bd1410c0000d1 TPS:486bd1411108de
1789326566.6765,80.754,0.0,0.0,3.14,0.00,12.50,0.000,22.0,22.0,1,0,0,0,0,0,NONE,,RPM:486bd1410c0000d1 TPS:486bd1411108de
1789326566.8423,80.920,0.0,0.0,3.14,0.00,12.50,0.000,22.0,22.0,1,0,0,0,0,0,NONE,,RPM:486bd1410c0000d1 TPS:486bd1411108de
1789326566.9811,81.058,0.0,0.0,3.14,0.00,12.50,0.000,22.0,22.0,1,0,0,0,0,0,NONE,,RPM:486bd1410c0000d1 TPS:486bd1411108de
1789326567.1243,81.202,0.0,0.0,3.14,0.00,12.50,0.000,22.0,22.0,1,0,0,0,0,0,NONE,,RPM:486bd1410c0000d1 TPS:486bd1411108de
1789326567.2874,81.365,0.0,0.0,3.14,0.00,12.50,0.000,22.0,22.0,1,0,0,0,0,0,NONE,,RPM:486bd1410c0000d1 TPS:486bd1411108de
1789326567.4287,81.506,0.0,0.0,3.14,0.00,12.50,0.000,22.0,22.0,1,0,0,0,0,0,NONE,,RPM:486bd1410c0000d1 TPS:486bd1411108de
1789326567.5749,81.652,0.0,0.0,3.14,0.00,12.50,0.000,22.0,22.0,1,0,0,0,0,0,NONE,,RPM:486bd1410c0000d1 TPS:486bd1411108de
1789326568.1244,82.202,0.0,0.0,3.14,0.00,12.50,0.000,22.0,22.0,1,0,0,0,0,0,NONE,,RPM:486bd1410c0000d1 TPS:486bd1411108de
1789326568.2613,82.339,0.0,0.0,3.14,0.00,12.50,0.000,22.0,22.0,1,0,0,0,0,0,NONE,,RPM:486bd1410c0000d1 TPS:486bd1411108de
1789326568.4216,82.499,0.0,0.0,3.14,0.00,12.50,0.000,22.0,22.0,1,0,0,0,0,0,NONE,,RPM:486bd1410c0000d1 TPS:486bd1411108de
1789326568.5761,82.653,0.0,0.0,3.14,0.00,12.50,0.000,22.0,22.0,1,0,0,0,0,0,NONE,,RPM:486bd1410c0000d1 TPS:486bd1411108de
1789326568.7258,82.803,0.0,0.0,3.14,0.00,12.50,0.000,22.0,22.0,1,0,0,0,0,0,NONE,,RPM:486bd1410c0000d1 TPS:486bd1411108de
1789326568.8853,82.963,0.0,0.0,3.14,0.00,12.50,0.000,22.0,22.0,1,0,0,0,0,0,NONE,,RPM:486bd1410c0000d1 TPS:486bd1411108de
1789326569.0411,83.118,0.0,0.0,3.14,0.00,12.50,0.000,22.0,22.0,1,0,0,0,0,0,NONE,,RPM:486bd1410c0000d1 TPS:486bd1411108de
1789326569.1952,83.272,0.0,0.0,3.14,0.00,12.50,0.000,22.0,22.0,1,0,0,0,0,0,NONE,,RPM:486bd1410c0000d1 TPS:486bd1411108de
1789326569.6805,83.758,0.0,0.0,3.14,0.00,12.50,0.000,22.0,22.0,1,0,0,0,0,0,NONE,,RPM:486bd1410c0000d1 TPS:486bd1411108de
1789326569.8275,83.905,0.0,0.0,3.14,0.00,12.50,0.000,22.0,22.0,1,0,0,0,0,0,NONE,,RPM:486bd1410c0000d1 TPS:486bd1411108de
1789326569.9882,84.065,0.0,0.0,3.14,0.00,12.50,0.000,22.0,22.0,1,0,0,0,0,0,NONE,,RPM:486bd1410c0000d1 TPS:486bd1411108de
1789326570.1516,84.229,0.0,0.0,3.14,0.00,12.50,0.000,22.0,22.0,1,0,0,0,0,0,NONE,,RPM:486bd1410c0000d1 TPS:486bd1411108de
1789326570.2922,84.370,0.0,0.0,3.14,0.00,12.50,0.000,22.0,22.0,1,0,0,0,0,0,NONE,,RPM:486bd1410c0000d1 TPS:486bd1411108de
1789326570.4354,84.513,0.0,0.0,3.14,0.00,12.50,0.000,22.0,22.0,1,0,0,0,0,0,NONE,,RPM:486bd1410c0000d1 TPS:486bd1411108de
1789326570.5922,84.669,0.0,0.0,3.14,0.00,12.50,0.000,22.0,22.0,1,0,0,0,0,0,NONE,,RPM:486bd1410c0000d1 TPS:486bd1411108de
1789326570.7401,84.817,0.0,0.0,3.14,0.00,12.50,0.000,22.0,22.0,1,0,0,0,0,0,NONE,,RPM:486bd1410c0000d1 TPS:486bd1411108de
1789326571.2393,85.317,0.0,0.0,3.14,0.00,12.50,0.000,22.0,22.0,1,0,0,0,0,0,NONE,,RPM:486bd1410c0000d1 TPS:486bd1411108de
1789326571.3951,85.472,0.0,0.0,3.14,0.00,12.50,0.000,22.0,22.0,1,0,0,0,0,0,NONE,,RPM:486bd1410c0000d1 TPS:486bd1411108de
1789326571.5398,85.617,0.0,0.0,3.14,0.00,12.50,0.000,22.0,22.0,1,0,0,0,0,0,NONE,,RPM:486bd1410c0000d1 TPS:486bd1411108de
1789326571.7013,85.779,0.0,0.0,3.14,0.00,12.50,0.000,22.0,22.0,1,0,0,0,0,0,NONE,,RPM:486bd1410c0000d1 TPS:486bd1411108de
1789326571.8422,85.919,0.0,0.0,3.14,0.00,12.50,0.000,22.0,22.0,1,0,0,0,0,0,NONE,,RPM:486bd1410c0000d1 TPS:486bd1411108de
1789326571.9868,86.064,0.0,0.0,3.14,0.00,12.50,0.000,22.0,22.0,1,0,0,0,0,0,NONE,,RPM:486bd1410c0000d1 TPS:486bd1411108de
1789326572.1302,86.207,0.0,0.0,3.14,0.00,12.50,0.000,22.0,22.0,1,0,0,0,0,0,NONE,,RPM:486bd1410c0000d1 TPS:486bd1411108de
1789326572.2919,86.369,0.0,0.0,3.14,0.00,12.50,0.000,22.0,22.0,1,0,0,0,0,0,NONE,,RPM:486bd1410c0000d1 TPS:486bd1411108de
1789326572.7863,86.864,0.0,0.0,3.14,0.00,12.50,0.000,22.0,22.0,1,0,0,0,0,0,NONE,,RPM:486bd1410c0000d1 TPS:486bd1411108de
1789326572.9291,87.006,0.0,0.0,3.14,0.00,12.50,0.000,22.0,22.0,1,0,0,0,0,0,NONE,,RPM:486bd1410c0000d1 TPS:486bd1411108de
1789326573.0736,87.151,0.0,0.0,3.14,0.00,12.50,0.000,22.0,22.0,1,0,0,0,0,0,NONE,,RPM:486bd1410c0000d1 TPS:486bd1411108de
1789326573.2173,87.295,0.0,0.0,3.14,0.00,12.50,0.000,22.0,22.0,1,0,0,0,0,0,NONE,,RPM:486bd1410c0000d1 TPS:486bd1411108de
1789326573.3617,87.439,0.0,0.0,3.14,0.00,12.50,0.000,22.0,22.0,1,0,0,0,0,0,NONE,,RPM:486bd1410c0000d1 TPS:486bd1411108de
1789326573.5055,87.583,0.0,0.0,3.14,0.00,12.50,0.000,22.0,22.0,1,0,0,0,0,0,NONE,,RPM:486bd1410c0000d1 TPS:486bd1411108de
1789326573.6474,87.725,0.0,0.0,3.14,0.00,12.50,0.000,22.0,22.0,1,0,0,0,0,0,NONE,,RPM:486bd1410c0000d1 TPS:486bd1411108de
1789326573.8089,87.886,0.0,0.0,3.14,0.00,12.50,0.000,22.0,22.0,1,0,0,0,0,0,NONE,,RPM:486bd1410c0000d1 TPS:486bd1411108de
1789326574.3042,88.381,0.0,0.0,3.14,0.00,12.50,0.000,22.0,22.0,1,0,0,0,0,0,NONE,,RPM:486bd1410c0000d1 TPS:486bd1411108de
1789326574.4743,88.552,0.0,0.0,3.14,0.00,12.50,0.000,22.0,22.0,1,0,0,0,0,0,NONE,,RPM:486bd1410c0000d1 TPS:486bd1411108de
1789326574.6082,88.685,0.0,0.0,3.14,0.00,12.50,0.000,22.0,22.0,1,0,0,0,0,0,NONE,,RPM:486bd1410c0000d1 TPS:486bd1411108de
1789326574.7521,88.829,0.0,0.0,3.14,0.00,12.50,0.000,22.0,22.0,1,0,0,0,0,0,NONE,,RPM:486bd1410c0000d1 TPS:486bd1411108de
1789326574.9116,88.989,0.0,0.0,3.14,0.00,12.50,0.000,22.0,22.0,1,0,0,0,0,0,NONE,,RPM:486bd1410c0000d1 TPS:486bd1411108de
1789326575.0712,89.148,0.0,0.0,3.14,0.00,12.50,0.000,22.0,22.0,1,0,0,0,0,0,NONE,,RPM:486bd1410c0000d1 TPS:486bd1411108de
1789326575.2318,89.309,0.0,0.0,3.14,0.00,12.50,0.000,22.0,22.0,1,0,0,0,0,0,NONE,,RPM:486bd1410c0000d1 TPS:486bd1411108de
1789326575.3751,89.452,0.0,0.0,3.14,0.00,12.50,0.000,22.0,22.0,1,0,0,0,0,0,NONE,,RPM:486bd1410c0000d1 TPS:486bd1411108de
1789326575.8667,89.944,0.0,0.0,3.14,0.00,12.50,0.000,22.0,22.0,1,0,0,0,0,0,NONE,,RPM:486bd1410c0000d1 TPS:486bd1411108de
1789326576.0360,90.113,0.0,0.0,3.14,0.00,12.50,0.000,22.0,22.0,1,0,0,0,0,0,NONE,,RPM:486bd1410c0000d1 TPS:486bd1411108de
1789326576.1753,90.253,0.0,0.0,3.14,0.00,12.50,0.000,22.0,22.0,1,0,0,0,0,0,NONE,,RPM:486bd1410c0000d1 TPS:486bd1411108de
1789326576.3187,90.396,0.0,0.0,3.14,0.00,12.50,0.000,22.0,22.0,1,0,0,0,0,0,NONE,,RPM:486bd1410c0000d1 TPS:486bd1411108de
1789326576.4788,90.556,0.0,0.0,3.14,0.00,12.50,0.000,22.0,22.0,1,0,0,0,0,0,NONE,,RPM:486bd1410c0000d1 TPS:486bd1411108de
1789326576.6231,90.700,0.0,0.0,3.14,0.00,12.50,0.000,22.0,22.0,1,0,0,0,0,0,NONE,,RPM:486bd1410c0000d1 TPS:486bd1411108de
1789326576.7768,90.854,0.0,0.0,3.14,0.00,12.50,0.000,22.0,22.0,1,0,0,0,0,0,NONE,,RPM:486bd1410c0000d1 TPS:486bd1411108de
1789326576.9258,91.003,0.0,0.0,3.14,0.00,12.50,0.000,22.0,22.0,1,0,0,0,0,0,NONE,,RPM:486bd1410c0000d1 TPS:486bd1411108de
1789326577.4281,91.505,0.0,0.0,3.14,0.00,12.50,0.000,22.0,22.0,1,0,0,0,0,0,NONE,,RPM:486bd1410c0000d1 TPS:486bd1411108de
1789326577.5659,91.643,0.0,0.0,3.14,0.00,12.50,0.000,22.0,22.0,1,0,0,0,0,0,NONE,,RPM:486bd1410c0000d1 TPS:486bd1411108de
1789326577.7258,91.803,0.0,0.0,3.14,0.00,12.50,0.000,22.0,22.0,1,0,0,0,0,0,NONE,,RPM:486bd1410c0000d1 TPS:486bd1411108de
1789326577.8700,91.947,0.0,0.0,3.14,0.00,12.50,0.000,22.0,22.0,1,0,0,0,0,0,NONE,,RPM:486bd1410c0000d1 TPS:486bd1411108de
1789326578.0224,92.100,0.0,0.0,3.14,0.00,12.50,0.000,22.0,22.0,1,0,0,0,0,0,NONE,,RPM:486bd1410c0000d1 TPS:486bd1411108de
1789326578.1749,92.252,0.0,0.0,3.14,0.00,12.50,0.000,22.0,22.0,1,0,0,0,0,0,NONE,,RPM:486bd1410c0000d1 TPS:486bd1411108de
1789326578.3170,92.394,0.0,0.0,3.14,0.00,12.50,0.000,22.0,22.0,1,0,0,0,0,0,NONE,,RPM:486bd1410c0000d1 TPS:486bd1411108de
1789326578.4766,92.554,0.0,0.0,3.14,0.00,12.50,0.000,22.0,22.0,1,0,0,0,0,0,NONE,,RPM:486bd1410c0000d1 TPS:486bd1411108de
1789326579.0063,93.084,0.0,0.0,3.14,0.00,12.50,0.000,22.0,22.0,1,0,0,0,0,0,NONE,,RPM:486bd1410c0000d1 TPS:486bd1411108de
1789326579.1483,93.226,0.0,0.0,3.14,0.00,12.50,0.000,22.0,22.0,1,0,0,0,0,0,NONE,,RPM:486bd1410c0000d1 TPS:486bd1411108de
1789326579.2923,93.370,0.0,0.0,3.14,0.00,12.50,0.000,22.0,22.0,1,0,0,0,0,0,NONE,,RPM:486bd1410c0000d1 TPS:486bd1411108de
1789326579.4364,93.514,0.0,0.0,3.14,0.00,12.50,0.000,22.0,22.0,1,0,0,0,0,0,NONE,,RPM:486bd1410c0000d1 TPS:486bd1411108de
1789326579.5798,93.657,0.0,0.0,3.14,0.00,12.50,0.000,22.0,22.0,1,0,0,0,0,0,NONE,,RPM:486bd1410c0000d1 TPS:486bd1411108de
1789326579.7421,93.819,0.0,0.0,3.14,0.00,12.50,0.000,22.0,22.0,1,0,0,0,0,0,NONE,,RPM:486bd1410c0000d1 TPS:486bd1411108de
1789326579.8843,93.962,0.0,0.0,3.14,0.00,12.50,0.000,22.0,22.0,1,0,0,0,0,0,NONE,,RPM:486bd1410c0000d1 TPS:486bd1411108de
1789326580.0282,94.105,0.0,0.0,3.14,0.00,12.50,0.000,22.0,22.0,1,0,0,0,0,0,NONE,,RPM:486bd1410c0000d1 TPS:486bd1411108de
1789326580.5095,94.587,0.0,0.0,3.14,0.00,12.50,0.000,22.0,22.0,1,0,0,0,0,0,NONE,,RPM:486bd1410c0000d1 TPS:486bd1411108de
1789326580.6524,94.730,0.0,0.0,3.14,0.00,12.50,0.000,22.0,22.0,1,0,0,0,0,0,NONE,,RPM:486bd1410c0000d1 TPS:486bd1411108de
1789326580.8191,94.896,0.0,0.0,3.14,0.00,12.50,0.000,22.0,22.0,1,0,0,0,0,0,NONE,,RPM:486bd1410c0000d1 TPS:486bd1411108de
1789326581.0028,95.080,0.0,0.0,3.14,0.00,12.50,0.000,22.0,22.0,1,0,0,0,0,0,NONE,,RPM:486bd1410c0000d1 TPS:486bd1411108de
1789326581.1758,95.253,0.0,0.0,3.14,0.00,12.50,0.000,22.0,22.0,1,0,0,0,0,0,NONE,,RPM:486bd1410c0000d1 TPS:486bd1411108de
1789326581.3064,95.384,0.0,0.0,3.14,0.00,12.50,0.000,22.0,22.0,1,0,0,0,0,0,NONE,,RPM:486bd1410c0000d1 TPS:486bd1411108de
1789326581.4498,95.527,0.0,0.0,3.14,0.00,12.50,0.000,22.0,22.0,1,0,0,0,0,0,NONE,,RPM:486bd1410c0000d1 TPS:486bd1411108de
1789326581.6247,95.702,0.0,0.0,3.14,0.00,12.50,0.000,22.0,22.0,1,0,0,0,0,0,NONE,,RPM:486bd1410c0000d1 TPS:486bd1411108de
1789326582.1664,96.244,0.0,0.0,3.14,0.00,12.50,0.000,22.0,22.0,1,0,0,0,0,0,NONE,,RPM:486bd1410c0000d1 TPS:486bd1411108de
1789326582.3141,96.391,0.0,0.0,3.14,0.00,12.50,0.000,22.0,22.0,1,0,0,0,0,0,NONE,,RPM:486bd1410c0000d1 TPS:486bd1411108de
1789326582.4575,96.535,0.0,0.0,3.14,0.00,12.50,0.000,22.0,22.0,1,0,0,0,0,0,NONE,,RPM:486bd1410c0000d1 TPS:486bd1411108de
1789326582.6265,96.704,0.0,0.0,3.14,0.00,12.50,0.000,22.0,22.0,1,0,0,0,0,0,NONE,,RPM:486bd1410c0000d1 TPS:486bd1411108de
1789326582.7604,96.838,0.0,0.0,3.14,0.00,12.50,0.000,22.0,22.0,1,0,0,0,0,0,NONE,,RPM:486bd1410c0000d1 TPS:486bd1411108de
1789326582.9512,97.029,0.0,0.0,3.14,0.00,12.50,0.000,22.0,22.0,1,0,0,0,0,0,NONE,,RPM:486bd1410c0000d1 TPS:486bd1411108de
1789326583.1127,97.190,0.0,0.0,3.14,0.00,12.50,0.000,22.0,22.0,1,0,0,0,0,0,NONE,,RPM:486bd1410c0000d1 TPS:486bd1411108de
1789326583.2567,97.334,0.0,0.0,3.14,0.00,12.50,0.000,22.0,22.0,1,0,0,0,0,0,NONE,,RPM:486bd1410c0000d1 TPS:486bd1411108de
1789326583.7976,97.875,0.0,0.0,3.14,0.00,12.50,0.000,22.0,22.0,1,0,0,0,0,0,NONE,,RPM:486bd1410c0000d1 TPS:486bd1411108de
1789326583.9438,98.021,0.0,0.0,3.14,0.00,12.50,0.000,22.0,22.0,1,0,0,0,0,0,NONE,,RPM:486bd1410c0000d1 TPS:486bd1411108de
1789326584.0885,98.166,0.0,0.0,3.14,0.00,12.50,0.000,22.0,22.0,1,0,0,0,0,0,NONE,,RPM:486bd1410c0000d1 TPS:486bd1411108de
1789326584.2330,98.310,0.0,0.0,3.14,0.00,12.50,0.000,22.0,22.0,1,0,0,0,0,0,NONE,,RPM:486bd1410c0000d1 TPS:486bd1411108de
1789326584.3896,98.467,0.0,0.0,3.14,0.00,12.50,0.000,22.0,22.0,1,0,0,0,0,0,NONE,,RPM:486bd1410c0000d1 TPS:486bd1411108de
1789326584.5511,98.628,0.0,0.0,3.14,0.00,12.50,0.000,22.0,22.0,1,0,0,0,0,0,NONE,,RPM:486bd1410c0000d1 TPS:486bd1411108de
1789326584.6956,98.773,0.0,0.0,3.14,0.00,12.50,0.000,22.0,22.0,1,0,0,0,0,0,NONE,,RPM:486bd1410c0000d1 TPS:486bd1411108de
1789326584.8395,98.917,0.0,0.0,3.14,0.00,12.50,0.000,22.0,22.0,1,0,0,0,0,0,NONE,,RPM:486bd1410c0000d1 TPS:486bd1411108de
1789326585.3296,99.407,0.0,0.0,3.14,0.00,12.50,0.000,22.0,22.0,1,0,0,0,0,0,NONE,,RPM:486bd1410c0000d1 TPS:486bd1411108de
1789326585.4797,99.557,0.0,0.0,3.14,0.00,12.50,0.000,22.0,22.0,1,0,0,0,0,0,NONE,,RPM:486bd1410c0000d1 TPS:486bd1411108de
1789326585.6341,99.711,0.0,0.0,3.14,0.00,12.50,0.000,22.0,22.0,1,0,0,0,0,0,NONE,,RPM:486bd1410c0000d1 TPS:486bd1411108de
1789326585.7831,99.860,0.0,0.0,3.14,0.00,12.50,0.000,22.0,22.0,1,0,0,0,0,0,NONE,,RPM:486bd1410c0000d1 TPS:486bd1411108de
1789326585.9269,100.004,0.0,0.0,3.14,0.00,12.50,0.000,22.0,22.0,1,0,0,0,0,0,NONE,,RPM:486bd1410c0000d1 TPS:486bd1411108de
1789326586.0863,100.164,0.0,0.0,3.14,0.00,12.50,0.000,22.0,22.0,1,0,0,0,0,0,NONE,,RPM:486bd1410c0000d1 TPS:486bd1411108de
1789326586.2391,100.316,0.0,0.0,3.14,0.00,12.50,0.000,22.0,22.0,1,0,0,0,0,0,NONE,,RPM:486bd1410c0000d1 TPS:486bd1411108de
1789326586.3906,100.468,0.0,0.0,3.14,0.00,12.50,0.000,22.0,22.0,1,0,0,0,0,0,NONE,,RPM:486bd1410c0000d1 TPS:486bd1411108de
1789326586.8942,100.971,0.0,0.0,3.14,0.00,12.50,0.000,22.0,22.0,1,0,0,0,0,0,NONE,,RPM:486bd1410c0000d1 TPS:486bd1411108de
1789326587.0456,101.123,0.0,0.0,3.14,0.00,12.50,0.000,22.0,22.0,1,0,0,0,0,0,NONE,,RPM:486bd1410c0000d1 TPS:486bd1411108de
1789326587.1912,101.268,0.0,0.0,3.14,0.00,12.50,0.000,22.0,22.0,1,0,0,0,0,0,NONE,,RPM:486bd1410c0000d1 TPS:486bd1411108de
1789326587.3411,101.418,0.0,0.0,3.14,0.00,12.50,0.000,22.0,22.0,1,0,0,0,0,0,NONE,,RPM:486bd1410c0000d1 TPS:486bd1411108de
1789326587.4934,101.571,0.0,0.0,3.14,0.00,12.50,0.000,22.0,22.0,1,0,0,0,0,0,NONE,,RPM:486bd1410c0000d1 TPS:486bd1411108de
1789326587.6380,101.715,0.0,0.0,3.14,0.00,12.50,0.000,22.0,22.0,1,0,0,0,0,0,NONE,,RPM:486bd1410c0000d1 TPS:486bd1411108de
1789326587.7980,101.875,0.0,0.0,3.14,0.00,12.50,0.000,22.0,22.0,1,0,0,0,0,0,NONE,,RPM:486bd1410c0000d1 TPS:486bd1411108de
1789326587.9418,102.019,0.0,0.0,3.14,0.00,12.50,0.000,22.0,22.0,1,0,0,0,0,0,NONE,,RPM:486bd1410c0000d1 TPS:486bd1411108de
1789326588.4828,102.560,0.0,0.0,3.14,0.00,12.50,0.000,22.0,22.0,1,0,0,0,0,0,NONE,,RPM:486bd1410c0000d1 TPS:486bd1411108de
1789326588.6284,102.706,0.0,0.0,3.14,0.00,12.50,0.000,22.0,22.0,1,0,0,0,0,0,NONE,,RPM:486bd1410c0000d1 TPS:486bd1411108de
1789326588.7742,102.851,0.0,0.0,3.14,0.00,12.50,0.000,22.0,22.0,1,0,0,0,0,0,NONE,,RPM:486bd1410c0000d1 TPS:486bd1411108de
1789326588.9170,102.994,0.0,0.0,3.14,0.00,12.50,0.000,22.0,22.0,1,0,0,0,0,0,NONE,,RPM:486bd1410c0000d1 TPS:486bd1411108de
1789326589.0601,103.137,0.0,0.0,3.14,0.00,12.50,0.000,22.0,22.0,1,0,0,0,0,0,NONE,,RPM:486bd1410c0000d1 TPS:486bd1411108de
1789326589.2179,103.295,0.0,0.0,3.14,0.00,12.50,0.000,22.0,22.0,1,0,0,0,0,0,NONE,,RPM:486bd1410c0000d1 TPS:486bd1411108de
1789326589.3643,103.442,0.0,0.0,3.14,0.00,12.50,0.000,22.0,22.0,1,0,0,0,0,0,NONE,,RPM:486bd1410c0000d1 TPS:486bd1411108de
1789326589.5401,103.617,0.0,0.0,3.14,0.00,12.50,0.000,22.0,22.0,1,0,0,0,0,0,NONE,,RPM:486bd1410c0000d1 TPS:486bd1411108de
1789326590.0860,104.163,0.0,0.0,3.14,0.00,12.50,0.000,22.0,22.0,1,0,0,0,0,0,NONE,,RPM:486bd1410c0000d1 TPS:486bd1411108de
1789326590.2268,104.304,0.0,0.0,3.14,0.00,12.50,0.000,22.0,22.0,1,0,0,0,0,0,NONE,,RPM:486bd1410c0000d1 TPS:486bd1411108de
1789326590.3706,104.448,0.0,0.0,3.14,0.00,12.50,0.000,22.0,22.0,1,0,0,0,0,0,NONE,,RPM:486bd1410c0000d1 TPS:486bd1411108de
1789326590.5147,104.592,0.0,0.0,3.14,0.00,12.50,0.000,22.0,22.0,1,0,0,0,0,0,NONE,,RPM:486bd1410c0000d1 TPS:486bd1411108de
1789326590.6665,104.744,0.0,0.0,3.14,0.00,12.50,0.000,22.0,22.0,1,0,0,0,0,0,NONE,,RPM:486bd1410c0000d1 TPS:486bd1411108de
1789326590.8023,104.880,0.0,0.0,3.14,0.00,12.50,0.000,22.0,22.0,1,0,0,0,0,0,NONE,,RPM:486bd1410c0000d1 TPS:486bd1411108de
1789326590.9635,105.041,0.0,0.0,3.14,0.00,12.50,0.000,22.0,22.0,1,0,0,0,0,0,NONE,,RPM:486bd1410c0000d1 TPS:486bd1411108de
1789326591.1312,105.208,0.0,0.0,3.14,0.00,12.50,0.000,22.0,22.0,1,0,0,0,0,0,NONE,,RPM:486bd1410c0000d1 TPS:486bd1411108de
1789326591.6454,105.723,0.0,0.0,3.14,0.00,12.50,0.000,22.0,22.0,1,0,0,0,0,0,NONE,,RPM:486bd1410c0000d1 TPS:486bd1411108de
1789326591.7942,105.871,0.0,0.0,3.14,0.00,12.50,0.000,22.0,22.0,1,0,0,0,0,0,NONE,,RPM:486bd1410c0000d1 TPS:486bd1411108de
1789326591.9543,106.032,0.0,0.0,3.14,0.00,12.50,0.000,22.0,22.0,1,0,0,0,0,0,NONE,,RPM:486bd1410c0000d1 TPS:486bd1411108de
1789326592.1213,106.199,0.0,0.0,3.14,0.00,12.50,0.000,22.0,22.0,1,0,0,0,0,0,NONE,,RPM:486bd1410c0000d1 TPS:486bd1411108de
1789326592.2573,106.335,0.0,0.0,3.14,0.00,12.50,0.000,22.0,22.0,1,0,0,0,0,0,NONE,,RPM:486bd1410c0000d1 TPS:486bd1411108de
1789326592.4179,106.495,0.0,0.0,3.14,0.00,12.50,0.000,22.0,22.0,1,0,0,0,0,0,NONE,,RPM:486bd1410c0000d1 TPS:486bd1411108de
1789326592.5752,106.652,0.0,0.0,3.14,0.00,12.50,0.000,22.0,22.0,1,0,0,0,0,0,NONE,,RPM:486bd1410c0000d1 TPS:486bd1411108de
1789326592.7214,106.799,0.0,0.0,3.14,0.00,12.50,0.000,22.0,22.0,1,0,0,0,0,0,NONE,,RPM:486bd1410c0000d1 TPS:486bd1411108de
1789326593.2138,107.291,0.0,0.0,3.14,0.00,12.50,0.000,22.0,22.0,1,0,0,0,0,0,NONE,,RPM:486bd1410c0000d1 TPS:486bd1411108de
1789326593.3448,107.422,0.0,0.0,3.14,0.00,12.50,0.000,22.0,22.0,1,0,0,0,0,0,NONE,,RPM:486bd1410c0000d1 TPS:486bd1411108de
1789326593.5054,107.583,0.0,0.0,3.14,0.00,12.50,0.000,22.0,22.0,1,0,0,0,0,0,NONE,,RPM:486bd1410c0000d1 TPS:486bd1411108de
1789326593.6748,107.752,0.0,0.0,3.14,0.00,12.50,0.000,22.0,22.0,1,0,0,0,0,0,NONE,,RPM:486bd1410c0000d1 TPS:486bd1411108de
1789326593.8083,107.886,0.0,0.0,3.14,0.00,12.50,0.000,22.0,22.0,1,0,0,0,0,0,NONE,,RPM:486bd1410c0000d1 TPS:486bd1411108de
1789326593.9849,108.062,0.0,0.0,3.14,0.00,12.50,0.000,22.0,22.0,1,0,0,0,0,0,NONE,,RPM:486bd1410c0000d1 TPS:486bd1411108de
1789326594.1509,108.228,0.0,0.0,3.14,0.00,12.50,0.000,22.0,22.0,1,0,0,0,0,0,NONE,,RPM:486bd1410c0000d1 TPS:486bd1411108de
1789326594.2887,108.366,0.0,0.0,3.14,0.00,12.50,0.000,22.0,22.0,1,0,0,0,0,0,NONE,,RPM:486bd1410c0000d1 TPS:486bd1411108de
1789326594.7958,108.873,0.0,0.0,3.14,0.00,12.50,0.000,22.0,22.0,1,0,0,0,0,0,NONE,,RPM:486bd1410c0000d1 TPS:486bd1411108de
1789326594.9754,109.053,0.0,0.0,3.14,0.00,12.50,0.000,22.0,22.0,1,0,0,0,0,0,NONE,,RPM:486bd1410c0000d1 TPS:486bd1411108de
1789326595.1328,109.210,0.0,0.0,3.14,0.00,12.50,0.000,22.0,22.0,1,0,0,0,0,0,NONE,,RPM:486bd1410c0000d1 TPS:486bd1411108de
1789326595.2885,109.366,0.0,0.0,3.14,0.00,12.50,0.000,22.0,22.0,1,0,0,0,0,0,NONE,,RPM:486bd1410c0000d1 TPS:486bd1411108de
1789326595.4228,109.500,0.0,0.0,3.14,0.00,12.50,0.000,22.0,22.0,1,0,0,0,0,0,NONE,,RPM:486bd1410c0000d1 TPS:486bd1411108de
1789326595.5679,109.645,0.0,0.0,3.14,0.00,12.50,0.000,22.0,22.0,1,0,0,0,0,0,NONE,,RPM:486bd1410c0000d1 TPS:486bd1411108de
1789326595.7107,109.788,0.0,0.0,3.14,0.00,12.50,0.000,22.0,22.0,1,0,0,0,0,0,NONE,,RPM:486bd1410c0000d1 TPS:486bd1411108de
1789326595.8792,109.957,0.0,0.0,3.14,0.00,12.50,0.000,22.0,22.0,1,0,0,0,0,0,NONE,,RPM:486bd1410c0000d1 TPS:486bd1411108de
1789326596.3796,110.457,0.0,0.0,3.14,0.00,12.50,0.000,22.0,22.0,1,0,0,0,0,0,NONE,,RPM:486bd1410c0000d1 TPS:486bd1411108de
1789326596.5254,110.603,0.0,0.0,3.14,0.00,12.50,0.000,22.0,22.0,1,0,0,0,0,0,NONE,,RPM:486bd1410c0000d1 TPS:486bd1411108de
1789326596.6695,110.747,0.0,0.0,3.14,0.00,12.50,0.000,22.0,22.0,1,0,0,0,0,0,NONE,,RPM:486bd1410c0000d1 TPS:486bd1411108de
1789326596.8317,110.909,0.0,0.0,3.14,0.00,12.50,0.000,22.0,22.0,1,0,0,0,0,0,NONE,,RPM:486bd1410c0000d1 TPS:486bd1411108de
1789326596.9735,111.051,0.0,0.0,3.14,0.00,12.50,0.000,22.0,22.0,1,0,0,0,0,0,NONE,,RPM:486bd1410c0000d1 TPS:486bd1411108de
1789326597.1345,111.212,0.0,0.0,3.14,0.00,12.50,0.000,22.0,22.0,1,0,0,0,0,0,NONE,,RPM:486bd1410c0000d1 TPS:486bd1411108de
1789326597.2892,111.366,0.0,0.0,3.14,0.00,12.50,0.000,22.0,22.0,1,0,0,0,0,0,NONE,,RPM:486bd1410c0000d1 TPS:486bd1411108de
1789326597.4437,111.521,0.0,0.0,3.14,0.00,12.50,0.000,22.0,22.0,1,0,0,0,0,0,NONE,,RPM:486bd1410c0000d1 TPS:486bd1411108de
1789326597.9554,112.033,0.0,0.0,3.14,0.00,12.50,0.000,22.0,22.0,1,0,0,0,0,0,NONE,,RPM:486bd1410c0000d1 TPS:486bd1411108de
1789326598.0934,112.171,0.0,0.0,3.14,0.00,12.50,0.000,22.0,22.0,1,0,0,0,0,0,NONE,,RPM:486bd1410c0000d1 TPS:486bd1411108de
1789326598.2533,112.331,0.0,0.0,3.14,0.00,12.50,0.000,22.0,22.0,1,0,0,0,0,0,NONE,,RPM:486bd1410c0000d1 TPS:486bd1411108de
1789326598.3947,112.472,0.0,0.0,3.14,0.00,12.50,0.000,22.0,22.0,1,0,0,0,0,0,NONE,,RPM:486bd1410c0000d1 TPS:486bd1411108de
1789326598.5533,112.631,0.0,0.0,3.14,0.00,12.50,0.000,22.0,22.0,1,0,0,0,0,0,NONE,,RPM:486bd1410c0000d1 TPS:486bd1411108de
1789326598.6828,112.760,0.0,0.0,3.14,0.00,12.50,0.000,22.0,22.0,1,0,0,0,0,0,NONE,,RPM:486bd1410c0000d1 TPS:486bd1411108de
1789326598.8423,112.920,0.0,0.0,3.14,0.00,12.50,0.000,22.0,22.0,1,0,0,0,0,0,NONE,,RPM:486bd1410c0000d1 TPS:486bd1411108de
1789326598.9971,113.074,0.0,0.0,3.14,0.00,12.50,0.000,22.0,22.0,1,0,0,0,0,0,NONE,,RPM:486bd1410c0000d1 TPS:486bd1411108de
1789326599.4688,113.546,0.0,0.0,3.14,0.00,12.50,0.000,22.0,22.0,1,0,0,0,0,0,NONE,,RPM:486bd1410c0000d1 TPS:486bd1411108de
1789326599.6098,113.687,0.0,0.0,3.14,0.00,12.50,0.000,22.0,22.0,1,0,0,0,0,0,NONE,,RPM:486bd1410c0000d1 TPS:486bd1411108de
1789326599.7541,113.831,0.0,0.0,3.14,0.00,12.50,0.000,22.0,22.0,1,0,0,0,0,0,NONE,,RPM:486bd1410c0000d1 TPS:486bd1411108de
1789326599.9133,113.991,0.0,0.0,3.14,0.00,12.50,0.000,22.0,22.0,1,0,0,0,0,0,NONE,,RPM:486bd1410c0000d1 TPS:486bd1411108de
1789326600.0702,114.147,0.0,0.0,3.14,0.00,12.50,0.000,22.0,22.0,1,0,0,0,0,0,NONE,,RPM:486bd1410c0000d1 TPS:486bd1411108de
1789326600.2342,114.311,0.0,0.0,3.14,0.00,12.50,0.000,22.0,22.0,1,0,0,0,0,0,NONE,,RPM:486bd1410c0000d1 TPS:486bd1411108de
1789326600.3959,114.473,0.0,0.0,3.14,0.00,12.50,0.000,22.0,22.0,1,0,0,0,0,0,NONE,,RPM:486bd1410c0000d1 TPS:486bd1411108de
1789326600.5378,114.615,0.0,0.0,3.14,0.00,12.50,0.000,22.0,22.0,1,0,0,0,0,0,NONE,,RPM:486bd1410c0000d1 TPS:486bd1411108de
1789326601.0439,115.121,0.0,0.0,3.14,0.00,12.50,0.000,22.0,22.0,1,0,0,0,0,0,NONE,,RPM:486bd1410c0000d1 TPS:486bd1411108de
1789326601.2086,115.286,0.0,0.0,3.14,0.00,12.50,0.000,22.0,22.0,1,0,0,0,0,0,NONE,,RPM:486bd1410c0000d1 TPS:486bd1411108de
1789326601.3752,115.452,0.0,0.0,3.14,0.00,12.50,0.000,22.0,22.0,1,0,0,0,0,0,NONE,,RPM:486bd1410c0000d1 TPS:486bd1411108de
1789326601.5126,115.590,0.0,0.0,3.14,0.00,12.50,0.000,22.0,22.0,1,0,0,0,0,0,NONE,,RPM:486bd1410c0000d1 TPS:486bd1411108de
1789326601.6563,115.734,0.0,0.0,3.14,0.00,12.50,0.000,22.0,22.0,1,0,0,0,0,0,NONE,,RPM:486bd1410c0000d1 TPS:486bd1411108de
1789326601.8082,115.885,0.0,0.0,3.14,0.00,12.50,0.000,22.0,22.0,1,0,0,0,0,0,NONE,,RPM:486bd1410c0000d1 TPS:486bd1411108de
1789326601.9450,116.022,0.0,0.0,3.14,0.00,12.50,0.000,22.0,22.0,1,0,0,0,0,0,NONE,,RPM:486bd1410c0000d1 TPS:486bd1411108de
1789326602.0881,116.165,0.0,0.0,3.14,0.00,12.50,0.000,22.0,22.0,1,0,0,0,0,0,NONE,,RPM:486bd1410c0000d1 TPS:486bd1411108de
1789326602.5877,116.665,0.0,0.0,3.14,0.00,12.50,0.000,22.0,22.0,1,0,0,0,0,0,NONE,,RPM:486bd1410c0000d1 TPS:486bd1411108de
1789326602.7611,116.838,0.0,0.0,3.14,0.00,12.50,0.000,22.0,22.0,1,0,0,0,0,0,NONE,,RPM:486bd1410c0000d1 TPS:486bd1411108de
1789326602.9318,117.009,0.0,0.0,3.14,0.00,12.50,0.000,22.0,22.0,1,0,0,0,0,0,NONE,,RPM:486bd1410c0000d1 TPS:486bd1411108de
1789326603.0641,117.141,0.0,0.0,3.14,0.00,12.50,0.000,22.0,22.0,1,0,0,0,0,0,NONE,,RPM:486bd1410c0000d1 TPS:486bd1411108de
1789326603.2077,117.285,0.0,0.0,3.14,0.00,12.50,0.000,22.0,22.0,1,0,0,0,0,0,NONE,,RPM:486bd1410c0000d1 TPS:486bd1411108de
1789326603.3506,117.428,0.0,0.0,3.14,0.00,12.50,0.000,22.0,22.0,1,0,0,0,0,0,NONE,,RPM:486bd1410c0000d1 TPS:486bd1411108de
1789326603.5081,117.585,0.0,0.0,3.14,0.00,12.50,0.000,22.0,22.0,1,0,0,0,0,0,NONE,,RPM:486bd1410c0000d1 TPS:486bd1411108de
1789326603.6556,117.733,0.0,0.0,3.14,0.00,12.50,0.000,22.0,22.0,1,0,0,0,0,0,NONE,,RPM:486bd1410c0000d1 TPS:486bd1411108de
1789326604.2126,118.290,0.0,0.0,3.14,0.00,12.50,0.000,22.0,22.0,1,0,0,0,0,0,NONE,,RPM:486bd1410c0000d1 TPS:486bd1411108de
1789326604.3436,118.421,0.0,0.0,3.14,0.00,12.50,0.000,22.0,22.0,1,0,0,0,0,0,NONE,,RPM:486bd1410c0000d1 TPS:486bd1411108de
1789326604.4880,118.565,0.0,0.0,3.14,0.00,12.50,0.000,22.0,22.0,1,0,0,0,0,0,NONE,,RPM:486bd1410c0000d1 TPS:486bd1411108de
1789326604.6486,118.726,0.0,0.0,3.14,0.00,12.50,0.000,22.0,22.0,1,0,0,0,0,0,NONE,,RPM:486bd1410c0000d1 TPS:486bd1411108de
1789326604.7911,118.868,0.0,0.0,3.14,0.00,12.50,0.000,22.0,22.0,1,0,0,0,0,0,NONE,,RPM:486bd1410c0000d1 TPS:486bd1411108de
1789326604.9585,119.036,0.0,0.0,3.14,0.00,12.50,0.000,22.0,22.0,1,0,0,0,0,0,NONE,,RPM:486bd1410c0000d1 TPS:486bd1411108de
1789326605.0958,119.173,0.0,0.0,3.14,0.00,12.50,0.000,22.0,22.0,1,0,0,0,0,0,NONE,,RPM:486bd1410c0000d1 TPS:486bd1411108de
1789326605.2552,119.332,0.0,0.0,3.14,0.00,12.50,0.000,22.0,22.0,1,0,0,0,0,0,NONE,,RPM:486bd1410c0000d1 TPS:486bd1411108de
1789326605.7476,119.825,0.0,0.0,3.14,0.00,12.50,0.000,22.0,22.0,1,0,0,0,0,0,NONE,,RPM:486bd1410c0000d1 TPS:486bd1411108de
1789326605.8946,119.972,0.0,0.0,3.14,0.00,12.50,0.000,22.0,22.0,1,0,0,0,0,0,NONE,,RPM:486bd1410c0000d1 TPS:486bd1411108de
1789326606.0597,120.137,0.0,0.0,3.14,0.00,12.50,0.000,22.0,22.0,1,0,0,0,0,0,NONE,,RPM:486bd1410c0000d1 TPS:486bd1411108de
1789326606.1982,120.275,0.0,0.0,3.14,0.00,12.50,0.000,22.0,22.0,1,0,0,0,0,0,NONE,,RPM:486bd1410c0000d1 TPS:486bd1411108de
1789326606.3752,120.452,0.0,0.0,3.14,0.00,12.50,0.000,22.0,22.0,1,0,0,0,0,0,NONE,,RPM:486bd1410c0000d1 TPS:486bd1411108de
1789326606.5314,120.609,0.0,0.0,3.14,0.00,12.50,0.000,22.0,22.0,1,0,0,0,0,0,NONE,,RPM:486bd1410c0000d1 TPS:486bd1411108de
1789326606.6782,120.755,0.0,0.0,3.14,0.00,12.50,0.000,22.0,22.0,1,0,0,0,0,0,NONE,,RPM:486bd1410c0000d1 TPS:486bd1411108de
1789326606.8223,120.900,0.0,0.0,3.14,0.00,12.50,0.000,22.0,22.0,1,0,0,0,0,0,NONE,,RPM:486bd1410c0000d1 TPS:486bd1411108de
1789326607.3448,121.422,0.0,0.0,3.14,0.00,12.50,0.000,22.0,22.0,1,0,0,0,0,0,NONE,,RPM:486bd1410c0000d1 TPS:486bd1411108de
1789326607.5002,121.577,0.0,0.0,3.14,0.00,12.50,0.000,22.0,22.0,1,0,0,0,0,0,NONE,,RPM:486bd1410c0000d1 TPS:486bd1411108de
1789326607.6373,121.715,0.0,0.0,3.14,0.00,12.50,0.000,22.0,22.0,1,0,0,0,0,0,NONE,,RPM:486bd1410c0000d1 TPS:486bd1411108de
1789326607.7808,121.858,0.0,0.0,3.14,0.00,12.50,0.000,22.0,22.0,1,0,0,0,0,0,NONE,,RPM:486bd1410c0000d1 TPS:486bd1411108de
1789326607.9348,122.012,0.0,0.0,3.14,0.00,12.50,0.000,22.0,22.0,1,0,0,0,0,0,NONE,,RPM:486bd1410c0000d1 TPS:486bd1411108de
1789326608.0936,122.171,0.0,0.0,3.14,0.00,12.50,0.000,22.0,22.0,1,0,0,0,0,0,NONE,,RPM:486bd1410c0000d1 TPS:486bd1411108de
1789326608.2285,122.306,0.0,0.0,3.14,0.00,12.50,0.000,22.0,22.0,1,0,0,0,0,0,NONE,,RPM:486bd1410c0000d1 TPS:486bd1411108de
1789326608.3730,122.450,0.0,0.0,3.14,0.00,12.50,0.000,22.0,22.0,1,0,0,0,0,0,NONE,,RPM:486bd1410c0000d1 TPS:486bd1411108de
1789326608.8749,122.952,0.0,0.0,3.14,0.00,12.50,0.000,22.0,22.0,1,0,0,0,0,0,NONE,,RPM:486bd1410c0000d1 TPS:486bd1411108de
1789326609.0350,123.112,0.0,0.0,3.14,0.00,12.50,0.000,22.0,22.0,1,0,0,0,0,0,NONE,,RPM:486bd1410c0000d1 TPS:486bd1411108de
1789326609.1880,123.265,0.0,0.0,3.14,0.00,12.50,0.000,22.0,22.0,1,0,0,0,0,0,NONE,,RPM:486bd1410c0000d1 TPS:486bd1411108de
1789326609.3318,123.409,0.0,0.0,3.14,0.00,12.50,0.000,22.0,22.0,1,0,0,0,0,0,NONE,,RPM:486bd1410c0000d1 TPS:486bd1411108de
1789326609.4914,123.569,0.0,0.0,3.14,0.00,12.50,0.000,22.0,22.0,1,0,0,0,0,0,NONE,,RPM:486bd1410c0000d1 TPS:486bd1411108de
1789326609.6658,123.743,0.0,0.0,3.14,0.00,12.50,0.000,22.0,22.0,1,0,0,0,0,0,NONE,,RPM:486bd1410c0000d1 TPS:486bd1411108de
1789326609.8104,123.888,0.0,0.0,3.14,0.00,12.50,0.000,22.0,22.0,1,0,0,0,0,0,NONE,,RPM:486bd1410c0000d1 TPS:486bd1411108de
1789326609.9874,124.065,0.0,0.0,3.14,0.00,12.50,0.000,22.0,22.0,1,0,0,0,0,0,NONE,,RPM:486bd1410c0000d1 TPS:486bd1411108de
1789326610.5099,124.587,0.0,0.0,3.14,0.00,12.50,0.000,22.0,22.0,1,0,0,0,0,0,NONE,,RPM:486bd1410c0000d1 TPS:486bd1411108de
1789326610.6721,124.749,0.0,0.0,3.14,0.00,12.50,0.000,22.0,22.0,1,0,0,0,0,0,NONE,,RPM:486bd1410c0000d1 TPS:486bd1411108de
1789326610.8175,124.895,0.0,0.0,3.14,0.00,12.50,0.000,22.0,22.0,1,0,0,0,0,0,NONE,,RPM:486bd1410c0000d1 TPS:486bd1411108de
1789326610.9613,125.039,0.0,0.0,3.14,0.00,12.50,0.000,22.0,22.0,1,0,0,0,0,0,NONE,,RPM:486bd1410c0000d1 TPS:486bd1411108de
1789326611.1173,125.195,0.0,0.0,3.14,0.00,12.50,0.000,22.0,22.0,1,0,0,0,0,0,NONE,,RPM:486bd1410c0000d1 TPS:486bd1411108de
1789326611.2652,125.342,0.0,0.0,3.14,0.00,12.50,0.000,22.0,22.0,1,0,0,0,0,0,NONE,,RPM:486bd1410c0000d1 TPS:486bd1411108de
1789326611.4253,125.503,0.0,0.0,3.14,0.00,12.50,0.000,22.0,22.0,1,0,0,0,0,0,NONE,,RPM:486bd1410c0000d1 TPS:486bd1411108de
1789326611.5797,125.657,0.0,0.0,3.14,0.00,12.50,0.000,22.0,22.0,1,0,0,0,0,0,NONE,,RPM:486bd1410c0000d1 TPS:486bd1411108de
1789326612.0861,126.163,0.0,0.0,3.14,0.00,12.50,0.000,22.0,22.0,1,0,0,0,0,0,NONE,,RPM:486bd1410c0000d1 TPS:486bd1411108de
1789326612.2317,126.309,0.0,0.0,3.14,0.00,12.50,0.000,22.0,22.0,1,0,0,0,0,0,NONE,,RPM:486bd1410c0000d1 TPS:486bd1411108de
1789326612.3672,126.444,0.0,0.0,3.14,0.00,12.50,0.000,22.0,22.0,1,0,0,0,0,0,NONE,,RPM:486bd1410c0000d1 TPS:486bd1411108de
1789326612.5116,126.589,0.0,0.0,3.14,0.00,12.50,0.000,22.0,22.0,1,0,0,0,0,0,NONE,,RPM:486bd1410c0000d1 TPS:486bd1411108de
1789326612.6571,126.734,0.0,0.0,3.14,0.00,12.50,0.000,22.0,22.0,1,0,0,0,0,0,NONE,,RPM:486bd1410c0000d1 TPS:486bd1411108de
1789326612.7988,126.876,0.0,0.0,3.14,0.00,12.50,0.000,22.0,22.0,1,0,0,0,0,0,NONE,,RPM:486bd1410c0000d1 TPS:486bd1411108de
1789326612.9438,127.021,0.0,0.0,3.14,0.00,12.50,0.000,22.0,22.0,1,0,0,0,0,0,NONE,,RPM:486bd1410c0000d1 TPS:486bd1411108de
1789326613.1032,127.181,0.0,0.0,3.14,0.00,12.50,0.000,22.0,22.0,1,0,0,0,0,0,NONE,,RPM:486bd1410c0000d1 TPS:486bd1411108de
1789326613.6186,127.696,0.0,0.0,3.14,0.00,12.50,0.000,22.0,22.0,1,0,0,0,0,0,NONE,,RPM:486bd1410c0000d1 TPS:486bd1411108de
1789326613.7591,127.836,0.0,0.0,3.14,0.00,12.50,0.000,22.0,22.0,1,0,0,0,0,0,NONE,,RPM:486bd1410c0000d1 TPS:486bd1411108de
1789326613.9033,127.981,0.0,0.0,3.14,0.00,12.50,0.000,22.0,22.0,1,0,0,0,0,0,NONE,,RPM:486bd1410c0000d1 TPS:486bd1411108de
1789326614.0523,128.130,0.0,0.0,3.14,0.00,12.50,0.000,22.0,22.0,1,0,0,0,0,0,NONE,,RPM:486bd1410c0000d1 TPS:486bd1411108de
1789326614.1907,128.268,0.0,0.0,3.14,0.00,12.50,0.000,22.0,22.0,1,0,0,0,0,0,NONE,,RPM:486bd1410c0000d1 TPS:486bd1411108de
1789326614.3509,128.428,0.0,0.0,3.14,0.00,12.50,0.000,22.0,22.0,1,0,0,0,0,0,NONE,,RPM:486bd1410c0000d1 TPS:486bd1411108de
1789326614.5082,128.585,0.0,0.0,3.14,0.00,12.50,0.000,22.0,22.0,1,0,0,0,0,0,NONE,,RPM:486bd1410c0000d1 TPS:486bd1411108de
1789326614.6541,128.731,0.0,0.0,3.14,0.00,12.50,0.000,22.0,22.0,1,0,0,0,0,0,NONE,,RPM:486bd1410c0000d1 TPS:486bd1411108de
1789326615.1559,129.233,0.0,0.0,3.14,0.00,12.50,0.000,22.0,22.0,1,0,0,0,0,0,NONE,,RPM:486bd1410c0000d1 TPS:486bd1411108de
1789326615.2942,129.372,0.0,0.0,3.14,0.00,12.50,0.000,22.0,22.0,1,0,0,0,0,0,NONE,,RPM:486bd1410c0000d1 TPS:486bd1411108de
1789326615.4382,129.515,0.0,0.0,3.14,0.00,12.50,0.000,22.0,22.0,1,0,0,0,0,0,NONE,,RPM:486bd1410c0000d1 TPS:486bd1411108de
1789326615.5812,129.659,0.0,0.0,3.14,0.00,12.50,0.000,22.0,22.0,1,0,0,0,0,0,NONE,,RPM:486bd1410c0000d1 TPS:486bd1411108de
1789326615.7255,129.803,0.0,0.0,3.14,0.00,12.50,0.000,22.0,22.0,1,0,0,0,0,0,NONE,,RPM:486bd1410c0000d1 TPS:486bd1411108de
1789326615.8960,129.973,0.0,0.0,3.14,0.00,12.50,0.000,22.0,22.0,1,0,0,0,0,0,NONE,,RPM:486bd1410c0000d1 TPS:486bd1411108de
1789326616.0778,130.155,0.0,0.0,3.14,0.00,12.50,0.000,22.0,22.0,1,0,0,0,0,0,NONE,,RPM:486bd1410c0000d1 TPS:486bd1411108de
1789326616.2329,130.310,0.0,0.0,3.14,0.00,12.50,0.000,22.0,22.0,1,0,0,0,0,0,NONE,,RPM:486bd1410c0000d1 TPS:486bd1411108de
1789326616.8149,130.892,0.0,0.0,3.14,0.00,12.50,0.000,22.0,22.0,1,0,0,0,0,0,NONE,,RPM:486bd1410c0000d1 TPS:486bd1411108de
1789326616.9558,131.033,0.0,0.0,3.14,0.00,12.50,0.000,22.0,22.0,1,0,0,0,0,0,NONE,,RPM:486bd1410c0000d1 TPS:486bd1411108de
1789326617.1000,131.177,0.0,0.0,3.14,0.00,12.50,0.000,22.0,22.0,1,0,0,0,0,0,NONE,,RPM:486bd1410c0000d1 TPS:486bd1411108de
1789326617.2596,131.337,0.0,0.0,3.14,0.00,12.50,0.000,22.0,22.0,1,0,0,0,0,0,NONE,,RPM:486bd1410c0000d1 TPS:486bd1411108de
1789326617.4046,131.482,0.0,0.0,3.14,0.00,12.50,0.000,22.0,22.0,1,0,0,0,0,0,NONE,,RPM:486bd1410c0000d1 TPS:486bd1411108de
1789326617.5578,131.635,0.0,0.0,3.14,0.00,12.50,0.000,22.0,22.0,1,0,0,0,0,0,NONE,,RPM:486bd1410c0000d1 TPS:486bd1411108de
1789326617.6915,131.769,0.0,0.0,3.14,0.00,12.50,0.000,22.0,22.0,1,0,0,0,0,0,NONE,,RPM:486bd1410c0000d1 TPS:486bd1411108de
1789326617.8521,131.929,0.0,0.0,3.14,0.00,12.50,0.000,22.0,22.0,1,0,0,0,0,0,NONE,,RPM:486bd1410c0000d1 TPS:486bd1411108de
1789326618.3437,132.421,0.0,0.0,3.14,0.00,12.50,0.000,22.0,22.0,1,0,0,0,0,0,NONE,,RPM:486bd1410c0000d1 TPS:486bd1411108de
1789326618.4753,132.553,0.0,0.0,3.14,0.00,12.50,0.000,22.0,22.0,1,0,0,0,0,0,NONE,,RPM:486bd1410c0000d1 TPS:486bd1411108de
1789326618.6321,132.709,0.0,0.0,3.14,0.00,12.50,0.000,22.0,22.0,1,0,0,0,0,0,NONE,,RPM:486bd1410c0000d1 TPS:486bd1411108de
1789326618.7787,132.856,0.0,0.0,3.14,0.00,12.50,0.000,22.0,22.0,1,0,0,0,0,0,NONE,,RPM:486bd1410c0000d1 TPS:486bd1411108de
1789326618.9385,133.016,0.0,0.0,3.14,0.00,12.50,0.000,22.0,22.0,1,0,0,0,0,0,NONE,,RPM:486bd1410c0000d1 TPS:486bd1411108de
1789326619.0920,133.169,0.0,0.0,3.14,0.00,12.50,0.000,22.0,22.0,1,0,0,0,0,0,NONE,,RPM:486bd1410c0000d1 TPS:486bd1411108de
1789326619.2419,133.319,0.0,0.0,3.14,0.00,12.50,0.000,22.0,22.0,1,0,0,0,0,0,NONE,,RPM:486bd1410c0000d1 TPS:486bd1411108de
1789326619.3870,133.464,0.0,0.0,3.14,0.00,12.50,0.000,22.0,22.0,1,0,0,0,0,0,NONE,,RPM:486bd1410c0000d1 TPS:486bd1411108de
1789326619.8955,133.973,0.0,0.0,3.14,0.00,12.50,0.000,22.0,22.0,1,0,0,0,0,0,NONE,,RPM:486bd1410c0000d1 TPS:486bd1411108de
1789326620.0576,134.135,0.0,0.0,3.14,0.00,12.50,0.000,22.0,22.0,1,0,0,0,0,0,NONE,,RPM:486bd1410c0000d1 TPS:486bd1411108de
1789326620.2012,134.278,0.0,0.0,3.14,0.00,12.50,0.000,22.0,22.0,1,0,0,0,0,0,NONE,,RPM:486bd1410c0000d1 TPS:486bd1411108de
1789326620.3451,134.422,0.0,0.0,3.14,0.00,12.50,0.000,22.0,22.0,1,0,0,0,0,0,NONE,,RPM:486bd1410c0000d1 TPS:486bd1411108de
1789326620.5055,134.583,0.0,0.0,3.14,0.00,12.50,0.000,22.0,22.0,1,0,0,0,0,0,NONE,,RPM:486bd1410c0000d1 TPS:486bd1411108de
1789326620.6494,134.727,0.0,0.0,3.14,0.00,12.50,0.000,22.0,22.0,1,0,0,0,0,0,NONE,,RPM:486bd1410c0000d1 TPS:486bd1411108de
1789326620.8032,134.880,0.0,0.0,3.14,0.00,12.50,0.000,22.0,22.0,1,0,0,0,0,0,NONE,,RPM:486bd1410c0000d1 TPS:486bd1411108de
1789326620.9392,135.016,0.0,0.0,3.14,0.00,12.50,0.000,22.0,22.0,1,0,0,0,0,0,NONE,,RPM:486bd1410c0000d1 TPS:486bd1411108de
1789326621.4254,135.503,0.0,0.0,3.14,0.00,12.50,0.000,22.0,22.0,1,0,0,0,0,0,NONE,,RPM:486bd1410c0000d1 TPS:486bd1411108de
1789326621.5607,135.638,0.0,0.0,3.14,0.00,12.50,0.000,22.0,22.0,1,0,0,0,0,0,NONE,,RPM:486bd1410c0000d1 TPS:486bd1411108de
1789326621.7047,135.782,0.0,0.0,3.14,0.00,12.50,0.000,22.0,22.0,1,0,0,0,0,0,NONE,,RPM:486bd1410c0000d1 TPS:486bd1411108de
1789326621.8635,135.941,0.0,0.0,3.14,0.00,12.50,0.000,22.0,22.0,1,0,0,0,0,0,NONE,,RPM:486bd1410c0000d1 TPS:486bd1411108de
1789326622.0411,136.118,0.0,0.0,3.14,0.00,12.50,0.000,22.0,22.0,1,0,0,0,0,0,NONE,,RPM:486bd1410c0000d1 TPS:486bd1411108de
1789326622.2068,136.284,0.0,0.0,3.14,0.00,12.50,0.000,22.0,22.0,1,0,0,0,0,0,NONE,,RPM:486bd1410c0000d1 TPS:486bd1411108de
1789326622.3450,136.422,0.0,0.0,3.14,0.00,12.50,0.000,22.0,22.0,1,0,0,0,0,0,NONE,,RPM:486bd1410c0000d1 TPS:486bd1411108de
1789326622.4909,136.568,0.0,0.0,3.14,0.00,12.50,0.000,22.0,22.0,1,0,0,0,0,0,NONE,,RPM:486bd1410c0000d1 TPS:486bd1411108de
1789326622.9831,137.060,0.0,0.0,3.14,0.00,12.50,0.000,22.0,22.0,1,0,0,0,0,0,NONE,,RPM:486bd1410c0000d1 TPS:486bd1411108de
1789326623.1445,137.222,0.0,0.0,3.14,0.00,12.50,0.000,22.0,22.0,1,0,0,0,0,0,NONE,,RPM:486bd1410c0000d1 TPS:486bd1411108de
1789326623.3154,137.393,0.0,0.0,3.14,0.00,12.50,0.000,22.0,22.0,1,0,0,0,0,0,NONE,,RPM:486bd1410c0000d1 TPS:486bd1411108de
1789326623.4480,137.525,0.0,0.0,3.14,0.00,12.50,0.000,22.0,22.0,1,0,0,0,0,0,NONE,,RPM:486bd1410c0000d1 TPS:486bd1411108de
1789326623.5926,137.670,0.0,0.0,3.14,0.00,12.50,0.000,22.0,22.0,1,0,0,0,0,0,NONE,,RPM:486bd1410c0000d1 TPS:486bd1411108de
1789326623.7365,137.814,0.0,0.0,3.14,0.00,12.50,0.000,22.0,22.0,1,0,0,0,0,0,NONE,,RPM:486bd1410c0000d1 TPS:486bd1411108de
1789326623.8937,137.971,0.0,0.0,3.14,0.00,12.50,0.000,22.0,22.0,1,0,0,0,0,0,NONE,,RPM:486bd1410c0000d1 TPS:486bd1411108de
1789326624.0551,138.132,0.0,0.0,3.14,0.00,12.50,0.000,22.0,22.0,1,0,0,0,0,0,NONE,,RPM:486bd1410c0000d1 TPS:486bd1411108de
1789326624.5905,138.668,0.0,0.0,3.14,0.00,12.50,0.000,22.0,22.0,1,0,0,0,0,0,NONE,,RPM:486bd1410c0000d1 TPS:486bd1411108de
1789326624.7268,138.804,0.0,0.0,3.14,0.00,12.50,0.000,22.0,22.0,1,0,0,0,0,0,NONE,,RPM:486bd1410c0000d1 TPS:486bd1411108de
1789326624.8710,138.948,0.0,0.0,3.14,0.00,12.50,0.000,22.0,22.0,1,0,0,0,0,0,NONE,,RPM:486bd1410c0000d1 TPS:486bd1411108de
1789326625.0315,139.109,0.0,0.0,3.14,0.00,12.50,0.000,22.0,22.0,1,0,0,0,0,0,NONE,,RPM:486bd1410c0000d1 TPS:486bd1411108de
1789326625.1770,139.254,0.0,0.0,3.14,0.00,12.50,0.000,22.0,22.0,1,0,0,0,0,0,NONE,,RPM:486bd1410c0000d1 TPS:486bd1411108de
1789326625.3316,139.409,0.0,0.0,3.14,0.00,12.50,0.000,22.0,22.0,1,0,0,0,0,0,NONE,,RPM:486bd1410c0000d1 TPS:486bd1411108de
1789326625.4875,139.565,0.0,0.0,3.14,0.00,12.50,0.000,22.0,22.0,1,0,0,0,0,0,NONE,,RPM:486bd1410c0000d1 TPS:486bd1411108de
1789326625.6226,139.700,0.0,0.0,3.14,0.00,12.50,0.000,22.0,22.0,1,0,0,0,0,0,NONE,,RPM:486bd1410c0000d1 TPS:486bd1411108de
1789326626.1113,140.189,0.0,0.0,3.14,0.00,12.50,0.000,22.0,22.0,1,0,0,0,0,0,NONE,,RPM:486bd1410c0000d1 TPS:486bd1411108de
1789326626.2464,140.324,0.0,0.0,3.14,0.00,12.50,0.000,22.0,22.0,1,0,0,0,0,0,NONE,,RPM:486bd1410c0000d1 TPS:486bd1411108de
1789326626.4223,140.500,0.0,0.0,3.14,0.00,12.50,0.000,22.0,22.0,1,0,0,0,0,0,NONE,,RPM:486bd1410c0000d1 TPS:486bd1411108de
1789326626.5880,140.665,0.0,0.0,3.14,0.00,12.50,0.000,22.0,22.0,1,0,0,0,0,0,NONE,,RPM:486bd1410c0000d1 TPS:486bd1411108de
1789326626.7256,140.803,0.0,0.0,3.14,0.00,12.50,0.000,22.0,22.0,1,0,0,0,0,0,NONE,,RPM:486bd1410c0000d1 TPS:486bd1411108de
1789326626.8699,140.947,0.0,0.0,3.14,0.00,12.50,0.000,22.0,22.0,1,0,0,0,0,0,NONE,,RPM:486bd1410c0000d1 TPS:486bd1411108de
1789326627.0139,141.091,0.0,0.0,3.14,0.00,12.50,0.000,22.0,22.0,1,0,0,0,0,0,NONE,,RPM:486bd1410c0000d1 TPS:486bd1411108de
1789326627.1681,141.245,0.0,0.0,3.14,0.00,12.50,0.000,22.0,22.0,1,0,0,0,0,0,NONE,,RPM:486bd1410c0000d1 TPS:486bd1411108de
1789326627.6775,141.755,0.0,0.0,3.14,0.00,12.50,0.000,22.0,22.0,1,0,0,0,0,0,NONE,,RPM:486bd1410c0000d1 TPS:486bd1411108de
1789326627.8292,141.906,0.0,0.0,3.14,0.00,12.50,0.000,22.0,22.0,1,0,0,0,0,0,NONE,,RPM:486bd1410c0000d1 TPS:486bd1411108de
1789326627.9723,142.050,0.0,0.0,3.14,0.00,12.50,0.000,22.0,22.0,1,0,0,0,0,0,NONE,,RPM:486bd1410c0000d1 TPS:486bd1411108de
1789326628.1165,142.194,0.0,0.0,3.14,0.00,12.50,0.000,22.0,22.0,1,0,0,0,0,0,NONE,,RPM:486bd1410c0000d1 TPS:486bd1411108de
1789326628.2612,142.338,0.0,0.0,3.14,0.00,12.50,0.000,22.0,22.0,1,0,0,0,0,0,NONE,,RPM:486bd1410c0000d1 TPS:486bd1411108de
1789326628.4146,142.492,0.0,0.0,3.14,0.00,12.50,0.000,22.0,22.0,1,0,0,0,0,0,NONE,,RPM:486bd1410c0000d1 TPS:486bd1411108de
1789326628.5804,142.658,0.0,0.0,3.14,0.00,12.50,0.000,22.0,22.0,1,0,0,0,0,0,NONE,,RPM:486bd1410c0000d1 TPS:486bd1411108de
1789326628.7239,142.801,0.0,0.0,3.14,0.00,12.50,0.000,22.0,22.0,1,0,0,0,0,0,NONE,,RPM:486bd1410c0000d1 TPS:486bd1411108de
1789326629.2424,143.320,0.0,0.0,3.14,0.00,12.50,0.000,22.0,22.0,1,0,0,0,0,0,NONE,,RPM:486bd1410c0000d1 TPS:486bd1411108de
1789326629.3806,143.458,0.0,0.0,3.14,0.00,12.50,0.000,22.0,22.0,1,0,0,0,0,0,NONE,,RPM:486bd1410c0000d1 TPS:486bd1411108de
1789326629.5384,143.616,0.0,0.0,3.14,0.00,12.50,0.000,22.0,22.0,1,0,0,0,0,0,NONE,,RPM:486bd1410c0000d1 TPS:486bd1411108de
1789326629.6837,143.761,0.0,0.0,3.14,0.00,12.50,0.000,22.0,22.0,1,0,0,0,0,0,NONE,,RPM:486bd1410c0000d1 TPS:486bd1411108de
1789326629.8286,143.906,0.0,0.0,3.14,0.00,12.50,0.000,22.0,22.0,1,0,0,0,0,0,NONE,,RPM:486bd1410c0000d1 TPS:486bd1411108de
1789326629.9844,144.062,0.0,0.0,3.14,0.00,12.50,0.000,22.0,22.0,1,0,0,0,0,0,NONE,,RPM:486bd1410c0000d1 TPS:486bd1411108de
1789326630.1312,144.209,0.0,0.0,3.14,0.00,12.50,0.000,22.0,22.0,1,0,0,0,0,0,NONE,,RPM:486bd1410c0000d1 TPS:486bd1411108de
1789326630.2743,144.352,0.0,0.0,3.14,0.00,12.50,0.000,22.0,22.0,1,0,0,0,0,0,NONE,,RPM:486bd1410c0000d1 TPS:486bd1411108de
1789326630.8341,144.911,0.0,0.0,3.14,0.00,12.50,0.000,22.0,22.0,1,0,0,0,0,0,NONE,,RPM:486bd1410c0000d1 TPS:486bd1411108de
1789326630.9782,145.056,0.0,0.0,3.14,0.00,12.50,0.000,22.0,22.0,1,0,0,0,0,0,NONE,,RPM:486bd1410c0000d1 TPS:486bd1411108de
1789326631.1543,145.232,0.0,0.0,3.14,0.00,12.50,0.000,22.0,22.0,1,0,0,0,0,0,NONE,,RPM:486bd1410c0000d1 TPS:486bd1411108de
1789326631.3141,145.391,0.0,0.0,3.14,0.00,12.50,0.000,22.0,22.0,1,0,0,0,0,0,NONE,,RPM:486bd1410c0000d1 TPS:486bd1411108de
1789326631.4731,145.550,0.0,0.0,3.14,0.00,12.50,0.000,22.0,22.0,1,0,0,0,0,0,NONE,,RPM:486bd1410c0000d1 TPS:486bd1411108de
1789326631.6506,145.728,0.0,0.0,3.14,0.00,12.50,0.000,22.0,22.0,1,0,0,0,0,0,NONE,,RPM:486bd1410c0000d1 TPS:486bd1411108de
1789326631.8219,145.899,0.0,0.0,3.14,0.00,12.50,0.000,22.0,22.0,1,0,0,0,0,0,NONE,,RPM:486bd1410c0000d1 TPS:486bd1411108de
1789326631.9689,146.046,0.0,0.0,3.14,0.00,12.50,0.000,22.0,22.0,1,0,0,0,0,0,NONE,,RPM:486bd1410c0000d1 TPS:486bd1411108de
1789326632.4947,146.572,0.0,0.0,3.14,0.00,12.50,0.000,22.0,22.0,1,0,0,0,0,0,NONE,,RPM:486bd1410c0000d1 TPS:486bd1411108de
1789326632.6407,146.718,0.0,0.0,3.14,0.00,12.50,0.000,22.0,22.0,1,0,0,0,0,0,NONE,,RPM:486bd1410c0000d1 TPS:486bd1411108de
1789326632.7991,146.876,0.0,0.0,3.14,0.00,12.50,0.000,22.0,22.0,1,0,0,0,0,0,NONE,,RPM:486bd1410c0000d1 TPS:486bd1411108de
1789326632.9597,147.037,0.0,0.0,3.14,0.00,12.50,0.000,22.0,22.0,1,0,0,0,0,0,NONE,,RPM:486bd1410c0000d1 TPS:486bd1411108de
1789326633.1047,147.182,0.0,0.0,3.14,0.00,12.50,0.000,22.0,22.0,1,0,0,0,0,0,NONE,,RPM:486bd1410c0000d1 TPS:486bd1411108de
1789326633.2485,147.326,0.0,0.0,3.14,0.00,12.50,0.000,22.0,22.0,1,0,0,0,0,0,NONE,,RPM:486bd1410c0000d1 TPS:486bd1411108de
1789326633.4059,147.483,0.0,0.0,3.14,0.00,12.50,0.000,22.0,22.0,1,0,0,0,0,0,NONE,,RPM:486bd1410c0000d1 TPS:486bd1411108de
1789326633.5596,147.637,0.0,0.0,3.14,0.00,12.50,0.000,22.0,22.0,1,0,0,0,0,0,NONE,,RPM:486bd1410c0000d1 TPS:486bd1411108de
1789326634.0427,148.120,0.0,0.0,3.14,0.00,12.50,0.000,22.0,22.0,1,0,0,0,0,0,NONE,,RPM:486bd1410c0000d1 TPS:486bd1411108de
1789326634.1908,148.268,0.0,0.0,3.14,0.00,12.50,0.000,22.0,22.0,1,0,0,0,0,0,NONE,,RPM:486bd1410c0000d1 TPS:486bd1411108de
1789326634.3358,148.413,0.0,0.0,3.14,0.00,12.50,0.000,22.0,22.0,1,0,0,0,0,0,NONE,,RPM:486bd1410c0000d1 TPS:486bd1411108de
1789326634.4790,148.556,0.0,0.0,3.14,0.00,12.50,0.000,22.0,22.0,1,0,0,0,0,0,NONE,,RPM:486bd1410c0000d1 TPS:486bd1411108de
1789326634.6236,148.701,0.0,0.0,3.14,0.00,12.50,0.000,22.0,22.0,1,0,0,0,0,0,NONE,,RPM:486bd1410c0000d1 TPS:486bd1411108de
1789326634.7776,148.855,0.0,0.0,3.14,0.00,12.50,0.000,22.0,22.0,1,0,0,0,0,0,NONE,,RPM:486bd1410c0000d1 TPS:486bd1411108de
1789326634.9270,149.004,0.0,0.0,3.14,0.00,12.50,0.000,22.0,22.0,1,0,0,0,0,0,NONE,,RPM:486bd1410c0000d1 TPS:486bd1411108de
1789326635.0718,149.149,0.0,0.0,3.14,0.00,12.50,0.000,22.0,22.0,1,0,0,0,0,0,NONE,,RPM:486bd1410c0000d1 TPS:486bd1411108de
1789326635.5917,149.669,0.0,0.0,3.14,0.00,12.50,0.000,22.0,22.0,1,0,0,0,0,0,NONE,,RPM:486bd1410c0000d1 TPS:486bd1411108de
1789326635.7346,149.812,0.0,0.0,3.14,0.00,12.50,0.000,22.0,22.0,1,0,0,0,0,0,NONE,,RPM:486bd1410c0000d1 TPS:486bd1411108de
1789326635.8905,149.968,0.0,0.0,3.14,0.00,12.50,0.000,22.0,22.0,1,0,0,0,0,0,NONE,,RPM:486bd1410c0000d1 TPS:486bd1411108de
1789326636.0304,150.108,0.0,0.0,3.14,0.00,12.50,0.000,22.0,22.0,1,0,0,0,0,0,NONE,,RPM:486bd1410c0000d1 TPS:486bd1411108de
1789326636.1738,150.251,0.0,0.0,3.14,0.00,12.50,0.000,22.0,22.0,1,0,0,0,0,0,NONE,,RPM:486bd1410c0000d1 TPS:486bd1411108de
1789326636.3344,150.412,0.0,0.0,3.14,0.00,12.50,0.000,22.0,22.0,1,0,0,0,0,0,NONE,,RPM:486bd1410c0000d1 TPS:486bd1411108de
1789326636.4781,150.555,0.0,0.0,3.14,0.00,12.50,0.000,22.0,22.0,1,0,0,0,0,0,NONE,,RPM:486bd1410c0000d1 TPS:486bd1411108de
1789326636.6301,150.707,0.0,0.0,3.14,0.00,12.50,0.000,22.0,22.0,1,0,0,0,0,0,NONE,,RPM:486bd1410c0000d1 TPS:486bd1411108de
1789326637.1503,151.228,0.0,0.0,3.14,0.00,12.50,0.000,22.0,22.0,1,0,0,0,0,0,NONE,,RPM:486bd1410c0000d1 TPS:486bd1411108de
1789326637.2929,151.370,0.0,0.0,3.14,0.00,12.50,0.000,22.0,22.0,1,0,0,0,0,0,NONE,,RPM:486bd1410c0000d1 TPS:486bd1411108de
1789326637.4366,151.514,0.0,0.0,3.14,0.00,12.50,0.000,22.0,22.0,1,0,0,0,0,0,NONE,,RPM:486bd1410c0000d1 TPS:486bd1411108de
1789326637.5975,151.675,0.0,0.0,3.14,0.00,12.50,0.000,22.0,22.0,1,0,0,0,0,0,NONE,,RPM:486bd1410c0000d1 TPS:486bd1411108de
1789326637.7408,151.818,0.0,0.0,3.14,0.00,12.50,0.000,22.0,22.0,1,0,0,0,0,0,NONE,,RPM:486bd1410c0000d1 TPS:486bd1411108de
1789326637.8996,151.977,0.0,0.0,3.14,0.00,12.50,0.000,22.0,22.0,1,0,0,0,0,0,NONE,,RPM:486bd1410c0000d1 TPS:486bd1411108de
1789326638.0452,152.122,0.0,0.0,3.14,0.00,12.50,0.000,22.0,22.0,1,0,0,0,0,0,NONE,,RPM:486bd1410c0000d1 TPS:486bd1411108de
1789326638.1897,152.267,0.0,0.0,3.14,0.00,12.50,0.000,22.0,22.0,1,0,0,0,0,0,NONE,,RPM:486bd1410c0000d1 TPS:486bd1411108de
1789326638.6840,152.761,0.0,0.0,3.14,0.00,12.50,0.000,22.0,22.0,1,0,0,0,0,0,NONE,,RPM:486bd1410c0000d1 TPS:486bd1411108de
1789326638.8273,152.905,0.0,0.0,3.14,0.00,12.50,0.000,22.0,22.0,1,0,0,0,0,0,NONE,,RPM:486bd1410c0000d1 TPS:486bd1411108de
1789326638.9982,153.075,0.0,0.0,3.14,0.00,12.50,0.000,22.0,22.0,1,0,0,0,0,0,NONE,,RPM:486bd1410c0000d1 TPS:486bd1411108de
1789326639.1478,153.225,0.0,0.0,3.14,0.00,12.50,0.000,22.0,22.0,1,0,0,0,0,0,NONE,,RPM:486bd1410c0000d1 TPS:486bd1411108de
1789326639.3231,153.400,0.0,0.0,3.14,0.00,12.50,0.000,22.0,22.0,1,0,0,0,0,0,NONE,,RPM:486bd1410c0000d1 TPS:486bd1411108de
1789326639.4794,153.557,0.0,0.0,3.14,0.00,12.50,0.000,22.0,22.0,1,0,0,0,0,0,NONE,,RPM:486bd1410c0000d1 TPS:486bd1411108de
1789326639.6105,153.688,0.0,0.0,3.14,0.00,12.50,0.000,22.0,22.0,1,0,0,0,0,0,NONE,,RPM:486bd1410c0000d1 TPS:486bd1411108de
1789326639.7551,153.832,0.0,0.0,3.14,0.00,12.50,0.000,22.0,22.0,1,0,0,0,0,0,NONE,,RPM:486bd1410c0000d1 TPS:486bd1411108de
1789326640.2477,154.325,0.0,0.0,3.14,0.00,12.50,0.000,22.0,22.0,1,0,0,0,0,0,NONE,,RPM:486bd1410c0000d1 TPS:486bd1411108de
1789326640.4072,154.484,0.0,0.0,3.14,0.00,12.50,0.000,22.0,22.0,1,0,0,0,0,0,NONE,,RPM:486bd1410c0000d1 TPS:486bd1411108de
1789326640.5529,154.630,0.0,0.0,3.14,0.00,12.50,0.000,22.0,22.0,1,0,0,0,0,0,NONE,,RPM:486bd1410c0000d1 TPS:486bd1411108de
1789326640.6982,154.775,0.0,0.0,3.14,0.00,12.50,0.000,22.0,22.0,1,0,0,0,0,0,NONE,,RPM:486bd1410c0000d1 TPS:486bd1411108de
1789326640.8608,154.938,0.0,0.0,3.14,0.00,12.50,0.000,22.0,22.0,1,0,0,0,0,0,NONE,,RPM:486bd1410c0000d1 TPS:486bd1411108de
1789326641.0022,155.079,0.0,0.0,3.14,0.00,12.50,0.000,22.0,22.0,1,0,0,0,0,0,NONE,,RPM:486bd1410c0000d1 TPS:486bd1411108de
1789326641.1456,155.223,0.0,0.0,3.14,0.00,12.50,0.000,22.0,22.0,1,0,0,0,0,0,NONE,,RPM:486bd1410c0000d1 TPS:486bd1411108de
1789326641.2897,155.367,0.0,0.0,3.14,0.00,12.50,0.000,22.0,22.0,1,0,0,0,0,0,NONE,,RPM:486bd1410c0000d1 TPS:486bd1411108de
1789326641.8000,155.877,0.0,0.0,3.14,0.00,12.50,0.000,22.0,22.0,1,0,0,0,0,0,NONE,,RPM:486bd1410c0000d1 TPS:486bd1411108de
1789326641.9454,156.023,0.0,0.0,3.14,0.00,12.50,0.000,22.0,22.0,1,0,0,0,0,0,NONE,,RPM:486bd1410c0000d1 TPS:486bd1411108de
1789326642.1047,156.182,0.0,0.0,3.14,0.00,12.50,0.000,22.0,22.0,1,0,0,0,0,0,NONE,,RPM:486bd1410c0000d1 TPS:486bd1411108de
1789326642.2492,156.327,0.0,0.0,3.14,0.00,12.50,0.000,22.0,22.0,1,0,0,0,0,0,NONE,,RPM:486bd1410c0000d1 TPS:486bd1411108de
1789326642.4078,156.485,0.0,0.0,3.14,0.00,12.50,0.000,22.0,22.0,1,0,0,0,0,0,NONE,,RPM:486bd1410c0000d1 TPS:486bd1411108de
1789326642.5532,156.630,0.0,0.0,3.14,0.00,12.50,0.000,22.0,22.0,1,0,0,0,0,0,NONE,,RPM:486bd1410c0000d1 TPS:486bd1411108de
1789326642.7289,156.806,0.0,0.0,3.14,0.00,12.50,0.000,22.0,22.0,1,0,0,0,0,0,NONE,,RPM:486bd1410c0000d1 TPS:486bd1411108de
1789326642.8968,156.974,0.0,0.0,3.14,0.00,12.50,0.000,22.0,22.0,1,0,0,0,0,0,NONE,,RPM:486bd1410c0000d1 TPS:486bd1411108de
1789326643.3958,157.473,0.0,0.0,3.14,0.00,12.50,0.000,22.0,22.0,1,0,0,0,0,0,NONE,,RPM:486bd1410c0000d1 TPS:486bd1411108de
1789326643.5435,157.621,0.0,0.0,3.14,0.00,12.50,0.000,22.0,22.0,1,0,0,0,0,0,NONE,,RPM:486bd1410c0000d1 TPS:486bd1411108de
1789326643.6869,157.764,0.0,0.0,3.14,0.00,12.50,0.000,22.0,22.0,1,0,0,0,0,0,NONE,,RPM:486bd1410c0000d1 TPS:486bd1411108de
1789326643.8374,157.915,0.0,0.0,3.14,0.00,12.50,0.000,22.0,22.0,1,0,0,0,0,0,NONE,,RPM:486bd1410c0000d1 TPS:486bd1411108de
1789326643.9733,158.051,0.0,0.0,3.14,0.00,12.50,0.000,22.0,22.0,1,0,0,0,0,0,NONE,,RPM:486bd1410c0000d1 TPS:486bd1411108de
1789326644.1221,158.199,0.0,0.0,3.14,0.00,12.50,0.000,22.0,22.0,1,0,0,0,0,0,NONE,,RPM:486bd1410c0000d1 TPS:486bd1411108de
1789326644.2609,158.338,0.0,0.0,3.14,0.00,12.50,0.000,22.0,22.0,1,0,0,0,0,0,NONE,,RPM:486bd1410c0000d1 TPS:486bd1411108de
1789326644.4095,158.487,0.0,0.0,3.14,0.00,12.50,0.000,22.0,22.0,1,0,0,0,0,0,NONE,,RPM:486bd1410c0000d1 TPS:486bd1411108de
1789326644.8865,158.964,0.0,0.0,3.14,0.00,12.50,0.000,22.0,22.0,1,0,0,0,0,0,NONE,,RPM:486bd1410c0000d1 TPS:486bd1411108de
1789326645.0307,159.108,0.0,0.0,3.14,0.00,12.50,0.000,22.0,22.0,1,0,0,0,0,0,NONE,,RPM:486bd1410c0000d1 TPS:486bd1411108de
1789326645.1720,159.249,0.0,0.0,3.14,0.00,12.50,0.000,22.0,22.0,1,0,0,0,0,0,NONE,,RPM:486bd1410c0000d1 TPS:486bd1411108de
1789326645.3189,159.396,0.0,0.0,3.14,0.00,12.50,0.000,22.0,22.0,1,0,0,0,0,0,NONE,,RPM:486bd1410c0000d1 TPS:486bd1411108de
1789326645.4771,159.554,0.0,0.0,3.14,0.00,12.50,0.000,22.0,22.0,1,0,0,0,0,0,NONE,,RPM:486bd1410c0000d1 TPS:486bd1411108de
1789326645.6217,159.699,0.0,0.0,3.14,0.00,12.50,0.000,22.0,22.0,1,0,0,0,0,0,NONE,,RPM:486bd1410c0000d1 TPS:486bd1411108de
1789326645.7803,159.858,0.0,0.0,3.14,0.00,12.50,0.000,22.0,22.0,1,0,0,0,0,0,NONE,,RPM:486bd1410c0000d1 TPS:486bd1411108de
1789326645.9300,160.007,0.0,0.0,3.14,0.00,12.50,0.000,22.0,22.0,1,0,0,0,0,0,NONE,,RPM:486bd1410c0000d1 TPS:486bd1411108de
1789326646.4498,160.527,0.0,0.0,3.14,0.00,12.50,0.000,22.0,22.0,1,0,0,0,0,0,NONE,,RPM:486bd1410c0000d1 TPS:486bd1411108de
1789326646.5978,160.675,0.0,0.0,3.14,0.00,12.50,0.000,22.0,22.0,1,0,0,0,0,0,NONE,,RPM:486bd1410c0000d1 TPS:486bd1411108de
1789326646.7543,160.832,0.0,0.0,3.14,0.00,12.50,0.000,22.0,22.0,1,0,0,0,0,0,NONE,,RPM:486bd1410c0000d1 TPS:486bd1411108de
1789326646.9008,160.978,0.0,0.0,3.14,0.00,12.50,0.000,22.0,22.0,1,0,0,0,0,0,NONE,,RPM:486bd1410c0000d1 TPS:486bd1411108de
1789326647.0449,161.122,0.0,0.0,3.14,0.00,12.50,0.000,22.0,22.0,1,0,0,0,0,0,NONE,,RPM:486bd1410c0000d1 TPS:486bd1411108de
1789326647.2050,161.282,0.0,0.0,3.14,0.00,12.50,0.000,22.0,22.0,1,0,0,0,0,0,NONE,,RPM:486bd1410c0000d1 TPS:486bd1411108de
1789326647.3487,161.426,0.0,0.0,3.14,0.00,12.50,0.000,22.0,22.0,1,0,0,0,0,0,NONE,,RPM:486bd1410c0000d1 TPS:486bd1411108de
1789326647.5042,161.581,0.0,0.0,3.14,0.00,12.50,0.000,22.0,22.0,1,0,0,0,0,0,NONE,,RPM:486bd1410c0000d1 TPS:486bd1411108de
1789326647.9988,162.076,0.0,0.0,3.14,0.00,12.50,0.000,22.0,22.0,1,0,0,0,0,0,NONE,,RPM:486bd1410c0000d1 TPS:486bd1411108de
1789326648.1318,162.209,0.0,0.0,3.14,0.00,12.50,0.000,22.0,22.0,1,0,0,0,0,0,NONE,,RPM:486bd1410c0000d1 TPS:486bd1411108de
1789326648.2758,162.353,0.0,0.0,3.14,0.00,12.50,0.000,22.0,22.0,1,0,0,0,0,0,NONE,,RPM:486bd1410c0000d1 TPS:486bd1411108de
1789326648.4203,162.498,0.0,0.0,3.14,0.00,12.50,0.000,22.0,22.0,1,0,0,0,0,0,NONE,,RPM:486bd1410c0000d1 TPS:486bd1411108de
1789326648.5638,162.641,0.0,0.0,3.14,0.00,12.50,0.000,22.0,22.0,1,0,0,0,0,0,NONE,,RPM:486bd1410c0000d1 TPS:486bd1411108de
1789326648.7152,162.793,0.0,0.0,3.14,0.00,12.50,0.000,22.0,22.0,1,0,0,0,0,0,NONE,,RPM:486bd1410c0000d1 TPS:486bd1411108de
1789326648.8731,162.950,0.0,0.0,3.14,0.00,12.50,0.000,22.0,22.0,1,0,0,0,0,0,NONE,,RPM:486bd1410c0000d1 TPS:486bd1411108de
1789326649.0115,163.089,0.0,0.0,3.14,0.00,12.50,0.000,22.0,22.0,1,0,0,0,0,0,NONE,,RPM:486bd1410c0000d1 TPS:486bd1411108de
1789326649.5108,163.588,0.0,0.0,3.14,0.00,12.50,0.000,22.0,22.0,1,0,0,0,0,0,NONE,,RPM:486bd1410c0000d1 TPS:486bd1411108de
1789326649.6514,163.729,0.0,0.0,3.14,0.00,12.50,0.000,22.0,22.0,1,0,0,0,0,0,NONE,,RPM:486bd1410c0000d1 TPS:486bd1411108de
1789326649.8118,163.889,0.0,0.0,3.14,0.00,12.50,0.000,22.0,22.0,1,0,0,0,0,0,NONE,,RPM:486bd1410c0000d1 TPS:486bd1411108de
1789326649.9549,164.032,0.0,0.0,3.14,0.00,12.50,0.000,22.0,22.0,1,0,0,0,0,0,NONE,,RPM:486bd1410c0000d1 TPS:486bd1411108de
1789326650.1256,164.203,0.0,0.0,3.14,0.00,12.50,0.000,22.0,22.0,1,0,0,0,0,0,NONE,,RPM:486bd1410c0000d1 TPS:486bd1411108de
1789326650.3061,164.383,0.0,0.0,3.14,0.00,12.50,0.000,22.0,22.0,1,0,0,0,0,0,NONE,,RPM:486bd1410c0000d1 TPS:486bd1411108de
1789326650.4789,164.556,0.0,0.0,3.14,0.00,12.50,0.000,22.0,22.0,1,0,0,0,0,0,NONE,,RPM:486bd1410c0000d1 TPS:486bd1411108de
1789326650.6090,164.686,0.0,0.0,3.14,0.00,12.50,0.000,22.0,22.0,1,0,0,0,0,0,NONE,,RPM:486bd1410c0000d1 TPS:486bd1411108de
1789326651.1198,165.197,0.0,0.0,3.14,0.00,12.50,0.000,22.0,22.0,1,0,0,0,0,0,NONE,,RPM:486bd1410c0000d1 TPS:486bd1411108de
1789326651.2809,165.358,0.0,0.0,3.14,0.00,12.50,0.000,22.0,22.0,1,0,0,0,0,0,NONE,,RPM:486bd1410c0000d1 TPS:486bd1411108de
1789326651.4488,165.526,0.0,0.0,3.14,0.00,12.50,0.000,22.0,22.0,1,0,0,0,0,0,NONE,,RPM:486bd1410c0000d1 TPS:486bd1411108de
1789326651.5855,165.663,0.0,0.0,3.14,0.00,12.50,0.000,22.0,22.0,1,0,0,0,0,0,NONE,,RPM:486bd1410c0000d1 TPS:486bd1411108de
1789326651.7289,165.806,0.0,0.0,3.14,0.00,12.50,0.000,22.0,22.0,1,0,0,0,0,0,NONE,,RPM:486bd1410c0000d1 TPS:486bd1411108de
1789326651.8727,165.950,0.0,0.0,3.14,0.00,12.50,0.000,22.0,22.0,1,0,0,0,0,0,NONE,,RPM:486bd1410c0000d1 TPS:486bd1411108de
1789326652.0160,166.093,0.0,0.0,3.14,0.00,12.50,0.000,22.0,22.0,1,0,0,0,0,0,NONE,,RPM:486bd1410c0000d1 TPS:486bd1411108de
1789326652.1810,166.258,0.0,0.0,3.14,0.00,12.50,0.000,22.0,22.0,1,0,0,0,0,0,NONE,,RPM:486bd1410c0000d1 TPS:486bd1411108de
1789326652.6809,166.758,0.0,0.0,3.14,0.00,12.50,0.000,22.0,22.0,1,0,0,0,0,0,NONE,,RPM:486bd1410c0000d1 TPS:486bd1411108de
1789326652.8162,166.893,0.0,0.0,3.14,0.00,12.50,0.000,22.0,22.0,1,0,0,0,0,0,NONE,,RPM:486bd1410c0000d1 TPS:486bd1411108de
1789326652.9606,167.038,0.0,0.0,3.14,0.00,12.50,0.000,22.0,22.0,1,0,0,0,0,0,NONE,,RPM:486bd1410c0000d1 TPS:486bd1411108de
1789326653.1205,167.198,0.0,0.0,3.14,0.00,12.50,0.000,22.0,22.0,1,0,0,0,0,0,NONE,,RPM:486bd1410c0000d1 TPS:486bd1411108de
1789326653.2864,167.364,0.0,0.0,3.14,0.00,12.50,0.000,22.0,22.0,1,0,0,0,0,0,NONE,,RPM:486bd1410c0000d1 TPS:486bd1411108de
1789326653.4233,167.501,0.0,0.0,3.14,0.00,12.50,0.000,22.0,22.0,1,0,0,0,0,0,NONE,,RPM:486bd1410c0000d1 TPS:486bd1411108de
1789326653.5678,167.645,0.0,0.0,3.14,0.00,12.50,0.000,22.0,22.0,1,0,0,0,0,0,NONE,,RPM:486bd1410c0000d1 TPS:486bd1411108de
1789326653.7226,167.800,0.0,0.0,3.14,0.00,12.50,0.000,22.0,22.0,1,0,0,0,0,0,NONE,,RPM:486bd1410c0000d1 TPS:486bd1411108de
1789326654.2619,168.339,0.0,0.0,3.14,0.00,12.50,0.000,22.0,22.0,1,0,0,0,0,0,NONE,,RPM:486bd1410c0000d1 TPS:486bd1411108de
1789326654.3996,168.477,0.0,0.0,3.14,0.00,12.50,0.000,22.0,22.0,1,0,0,0,0,0,NONE,,RPM:486bd1410c0000d1 TPS:486bd1411108de
1789326654.5582,168.635,0.0,0.0,3.14,0.00,12.50,0.000,22.0,22.0,1,0,0,0,0,0,NONE,,RPM:486bd1410c0000d1 TPS:486bd1411108de
1789326654.7225,168.800,0.0,0.0,3.14,0.00,12.50,0.000,22.0,22.0,1,0,0,0,0,0,NONE,,RPM:486bd1410c0000d1 TPS:486bd1411108de
1789326654.8626,168.940,0.0,0.0,3.14,0.00,12.50,0.000,22.0,22.0,1,0,0,0,0,0,NONE,,RPM:486bd1410c0000d1 TPS:486bd1411108de
1789326655.0062,169.084,0.0,0.0,3.14,0.00,12.50,0.000,22.0,22.0,1,0,0,0,0,0,NONE,,RPM:486bd1410c0000d1 TPS:486bd1411108de
1789326655.1507,169.228,0.0,0.0,3.14,0.00,12.50,0.000,22.0,22.0,1,0,0,0,0,0,NONE,,RPM:486bd1410c0000d1 TPS:486bd1411108de
1789326655.3034,169.381,0.0,0.0,3.14,0.00,12.50,0.000,22.0,22.0,1,0,0,0,0,0,NONE,,RPM:486bd1410c0000d1 TPS:486bd1411108de
1789326655.8291,169.906,0.0,0.0,3.14,0.00,12.50,0.000,22.0,22.0,1,0,0,0,0,0,NONE,,RPM:486bd1410c0000d1 TPS:486bd1411108de
1789326655.9662,170.043,0.0,0.0,3.14,0.00,12.50,0.000,22.0,22.0,1,0,0,0,0,0,NONE,,RPM:486bd1410c0000d1 TPS:486bd1411108de
1789326656.1099,170.187,0.0,0.0,3.14,0.00,12.50,0.000,22.0,22.0,1,0,0,0,0,0,NONE,,RPM:486bd1410c0000d1 TPS:486bd1411108de
1789326656.2704,170.348,0.0,0.0,3.14,0.00,12.50,0.000,22.0,22.0,1,0,0,0,0,0,NONE,,RPM:486bd1410c0000d1 TPS:486bd1411108de
1789326656.4133,170.491,0.0,0.0,3.14,0.00,12.50,0.000,22.0,22.0,1,0,0,0,0,0,NONE,,RPM:486bd1410c0000d1 TPS:486bd1411108de
1789326656.5575,170.635,0.0,0.0,3.14,0.00,12.50,0.000,22.0,22.0,1,0,0,0,0,0,NONE,,RPM:486bd1410c0000d1 TPS:486bd1411108de
1789326656.7179,170.795,0.0,0.0,3.14,0.00,12.50,0.000,22.0,22.0,1,0,0,0,0,0,NONE,,RPM:486bd1410c0000d1 TPS:486bd1411108de
1789326656.8778,170.955,0.0,0.0,3.14,0.00,12.50,0.000,22.0,22.0,1,0,0,0,0,0,NONE,,RPM:486bd1410c0000d1 TPS:486bd1411108de
1789326657.3753,171.453,0.0,0.0,3.14,0.00,12.50,0.000,22.0,22.0,1,0,0,0,0,0,NONE,,RPM:486bd1410c0000d1 TPS:486bd1411108de
1789326657.5172,171.594,0.0,0.0,3.14,0.00,12.50,0.000,22.0,22.0,1,0,0,0,0,0,NONE,,RPM:486bd1410c0000d1 TPS:486bd1411108de
1789326657.6607,171.738,0.0,0.0,3.14,0.00,12.50,0.000,22.0,22.0,1,0,0,0,0,0,NONE,,RPM:486bd1410c0000d1 TPS:486bd1411108de
1789326657.8221,171.899,0.0,0.0,3.14,0.00,12.50,0.000,22.0,22.0,1,0,0,0,0,0,NONE,,RPM:486bd1410c0000d1 TPS:486bd1411108de
1789326657.9644,172.042,0.0,0.0,3.14,0.00,12.50,0.000,22.0,22.0,1,0,0,0,0,0,NONE,,RPM:486bd1410c0000d1 TPS:486bd1411108de
1789326658.1088,172.186,0.0,0.0,3.14,0.00,12.50,0.000,22.0,22.0,1,0,0,0,0,0,NONE,,RPM:486bd1410c0000d1 TPS:486bd1411108de
1789326658.2678,172.345,0.0,0.0,3.14,0.00,12.50,0.000,22.0,22.0,1,0,0,0,0,0,NONE,,RPM:486bd1410c0000d1 TPS:486bd1411108de
1789326658.4457,172.523,0.0,0.0,3.14,0.00,12.50,0.000,22.0,22.0,1,0,0,0,0,0,NONE,,RPM:486bd1410c0000d1 TPS:486bd1411108de
1789326658.9403,173.018,0.0,0.0,3.14,0.00,12.50,0.000,22.0,22.0,1,0,0,0,0,0,NONE,,RPM:486bd1410c0000d1 TPS:486bd1411108de
1789326659.0832,173.160,0.0,0.0,3.14,0.00,12.50,0.000,22.0,22.0,1,0,0,0,0,0,NONE,,RPM:486bd1410c0000d1 TPS:486bd1411108de
1789326659.2584,173.336,0.0,0.0,3.14,0.00,12.50,0.000,22.0,22.0,1,0,0,0,0,0,NONE,,RPM:486bd1410c0000d1 TPS:486bd1411108de
1789326659.4300,173.507,0.0,0.0,3.14,0.00,12.50,0.000,22.0,22.0,1,0,0,0,0,0,NONE,,RPM:486bd1410c0000d1 TPS:486bd1411108de
1789326659.5790,173.656,0.0,0.0,3.14,0.00,12.50,0.000,22.0,22.0,1,0,0,0,0,0,NONE,,RPM:486bd1410c0000d1 TPS:486bd1411108de
1789326659.7392,173.817,0.0,0.0,3.14,0.00,12.50,0.000,22.0,22.0,1,0,0,0,0,0,NONE,,RPM:486bd1410c0000d1 TPS:486bd1411108de
1789326659.8822,173.959,0.0,0.0,3.14,0.00,12.50,0.000,22.0,22.0,1,0,0,0,0,0,NONE,,RPM:486bd1410c0000d1 TPS:486bd1411108de
1789326660.0588,174.136,0.0,0.0,3.14,0.00,12.50,0.000,22.0,22.0,1,0,0,0,0,0,NONE,,RPM:486bd1410c0000d1 TPS:486bd1411108de
1789326660.5549,174.632,0.0,0.0,3.14,0.00,12.50,0.000,22.0,22.0,1,0,0,0,0,0,NONE,,RPM:486bd1410c0000d1 TPS:486bd1411108de
1789326660.6975,174.775,0.0,0.0,3.14,0.00,12.50,0.000,22.0,22.0,1,0,0,0,0,0,NONE,,RPM:486bd1410c0000d1 TPS:486bd1411108de
1789326660.8585,174.936,0.0,0.0,3.14,0.00,12.50,0.000,22.0,22.0,1,0,0,0,0,0,NONE,,RPM:486bd1410c0000d1 TPS:486bd1411108de
1789326661.0358,175.113,0.0,0.0,3.14,0.00,12.50,0.000,22.0,22.0,1,0,0,0,0,0,NONE,,RPM:486bd1410c0000d1 TPS:486bd1411108de
1789326661.1778,175.255,0.0,0.0,3.14,0.00,12.50,0.000,22.0,22.0,1,0,0,0,0,0,NONE,,RPM:486bd1410c0000d1 TPS:486bd1411108de
1789326661.3369,175.414,0.0,0.0,3.14,0.00,12.50,0.000,22.0,22.0,1,0,0,0,0,0,NONE,,RPM:486bd1410c0000d1 TPS:486bd1411108de
1789326661.5081,175.585,0.0,0.0,3.14,0.00,12.50,0.000,22.0,22.0,1,0,0,0,0,0,NONE,,RPM:486bd1410c0000d1 TPS:486bd1411108de
1789326661.6890,175.766,0.0,0.0,3.14,0.00,12.50,0.000,22.0,22.0,1,0,0,0,0,0,NONE,,RPM:486bd1410c0000d1 TPS:486bd1411108de
1789326662.2152,176.292,0.0,0.0,3.14,0.00,12.50,0.000,22.0,22.0,1,0,0,0,0,0,NONE,,RPM:486bd1410c0000d1 TPS:486bd1411108de
1789326662.3933,176.471,0.0,0.0,3.14,0.00,12.50,0.000,22.0,22.0,1,0,0,0,0,0,NONE,,RPM:486bd1410c0000d1 TPS:486bd1411108de
1789326662.5363,176.614,0.0,0.0,3.14,0.00,12.50,0.000,22.0,22.0,1,0,0,0,0,0,NONE,,RPM:486bd1410c0000d1 TPS:486bd1411108de
1789326662.7078,176.785,0.0,0.0,3.14,0.00,12.50,0.000,22.0,22.0,1,0,0,0,0,0,NONE,,RPM:486bd1410c0000d1 TPS:486bd1411108de
1789326662.8562,176.933,0.0,0.0,3.14,0.00,12.50,0.000,22.0,22.0,1,0,0,0,0,0,NONE,,RPM:486bd1410c0000d1 TPS:486bd1411108de
1789326663.0009,177.078,0.0,0.0,3.14,0.00,12.50,0.000,22.0,22.0,1,0,0,0,0,0,NONE,,RPM:486bd1410c0000d1 TPS:486bd1411108de
1789326663.1439,177.221,0.0,0.0,3.14,0.00,12.50,0.000,22.0,22.0,1,0,0,0,0,0,NONE,,RPM:486bd1410c0000d1 TPS:486bd1411108de
1789326663.3033,177.381,0.0,0.0,3.14,0.00,12.50,0.000,22.0,22.0,1,0,0,0,0,0,NONE,,RPM:486bd1410c0000d1 TPS:486bd1411108de
1789326663.7972,177.874,0.0,0.0,3.14,0.00,12.50,0.000,22.0,22.0,1,0,0,0,0,0,NONE,,RPM:486bd1410c0000d1 TPS:486bd1411108de
1789326663.9432,178.020,0.0,0.0,3.14,0.00,12.50,0.000,22.0,22.0,1,0,0,0,0,0,NONE,,RPM:486bd1410c0000d1 TPS:486bd1411108de
1789326664.1033,178.181,0.0,0.0,3.14,0.00,12.50,0.000,22.0,22.0,1,0,0,0,0,0,NONE,,RPM:486bd1410c0000d1 TPS:486bd1411108de
1789326664.2619,178.339,0.0,0.0,3.14,0.00,12.50,0.000,22.0,22.0,1,0,0,0,0,0,NONE,,RPM:486bd1410c0000d1 TPS:486bd1411108de
1789326664.4067,178.484,0.0,0.0,3.14,0.00,12.50,0.000,22.0,22.0,1,0,0,0,0,0,NONE,,RPM:486bd1410c0000d1 TPS:486bd1411108de
1789326664.5507,178.628,0.0,0.0,3.14,0.00,12.50,0.000,22.0,22.0,1,0,0,0,0,0,NONE,,RPM:486bd1410c0000d1 TPS:486bd1411108de
1789326664.7110,178.788,0.0,0.0,3.14,0.00,12.50,0.000,22.0,22.0,1,0,0,0,0,0,NONE,,RPM:486bd1410c0000d1 TPS:486bd1411108de
1789326664.8551,178.932,0.0,0.0,3.14,0.00,12.50,0.000,22.0,22.0,1,0,0,0,0,0,NONE,,RPM:486bd1410c0000d1 TPS:486bd1411108de
1789326665.3898,179.467,0.0,0.0,3.14,0.00,12.50,0.000,22.0,22.0,1,0,0,0,0,0,NONE,,RPM:486bd1410c0000d1 TPS:486bd1411108de
1789326665.5409,179.618,0.0,0.0,3.14,0.00,12.50,0.000,22.0,22.0,1,0,0,0,0,0,NONE,,RPM:486bd1410c0000d1 TPS:486bd1411108de
1789326665.7012,179.778,0.0,0.0,3.14,0.00,12.50,0.000,22.0,22.0,1,0,0,0,0,0,NONE,,RPM:486bd1410c0000d1 TPS:486bd1411108de
1789326665.8660,179.943,0.0,0.0,3.14,0.00,12.50,0.000,22.0,22.0,1,0,0,0,0,0,NONE,,RPM:486bd1410c0000d1 TPS:486bd1411108de
1789326666.0050,180.082,0.0,0.0,3.14,0.00,12.50,0.000,22.0,22.0,1,0,0,0,0,0,NONE,,RPM:486bd1410c0000d1 TPS:486bd1411108de
1789326666.1500,180.227,0.0,0.0,3.14,0.00,12.50,0.000,22.0,22.0,1,0,0,0,0,0,NONE,,RPM:486bd1410c0000d1 TPS:486bd1411108de
1789326666.3095,180.387,0.0,0.0,3.14,0.00,12.50,0.000,22.0,22.0,1,0,0,0,0,0,NONE,,RPM:486bd1410c0000d1 TPS:486bd1411108de
1789326666.4775,180.555,0.0,0.0,3.14,0.00,12.50,0.000,22.0,22.0,1,0,0,0,0,0,NONE,,RPM:486bd1410c0000d1 TPS:486bd1411108de
1789326666.9681,181.045,0.0,0.0,3.14,0.00,12.50,0.000,22.0,22.0,1,0,0,0,0,0,NONE,,RPM:486bd1410c0000d1 TPS:486bd1411108de
1789326667.1088,181.186,0.0,0.0,3.14,0.00,12.50,0.000,22.0,22.0,1,0,0,0,0,0,NONE,,RPM:486bd1410c0000d1 TPS:486bd1411108de
1789326667.2524,181.330,0.0,0.0,3.14,0.00,12.50,0.000,22.0,22.0,1,0,0,0,0,0,NONE,,RPM:486bd1410c0000d1 TPS:486bd1411108de
1789326667.3963,181.474,0.0,0.0,3.14,0.00,12.50,0.000,22.0,22.0,1,0,0,0,0,0,NONE,,RPM:486bd1410c0000d1 TPS:486bd1411108de
1789326667.5402,181.617,0.0,0.0,3.14,0.00,12.50,0.000,22.0,22.0,1,0,0,0,0,0,NONE,,RPM:486bd1410c0000d1 TPS:486bd1411108de
1789326667.7023,181.780,0.0,0.0,3.14,0.00,12.50,0.000,22.0,22.0,1,0,0,0,0,0,NONE,,RPM:486bd1410c0000d1 TPS:486bd1411108de
1789326667.8441,181.921,0.0,0.0,3.14,0.00,12.50,0.000,22.0,22.0,1,0,0,0,0,0,NONE,,RPM:486bd1410c0000d1 TPS:486bd1411108de
1789326667.9881,182.065,0.0,0.0,3.14,0.00,12.50,0.000,22.0,22.0,1,0,0,0,0,0,NONE,,RPM:486bd1410c0000d1 TPS:486bd1411108de
1789326668.4911,182.568,0.0,0.0,3.14,0.00,12.50,0.000,22.0,22.0,1,0,0,0,0,0,NONE,,RPM:486bd1410c0000d1 TPS:486bd1411108de
1789326668.6272,182.704,0.0,0.0,3.14,0.00,12.50,0.000,22.0,22.0,1,0,0,0,0,0,NONE,,RPM:486bd1410c0000d1 TPS:486bd1411108de
1789326668.7797,182.857,0.0,0.0,3.14,0.00,12.50,0.000,22.0,22.0,1,0,0,0,0,0,NONE,,RPM:486bd1410c0000d1 TPS:486bd1411108de
1789326668.9357,183.013,0.0,0.0,3.14,0.00,12.50,0.000,22.0,22.0,1,0,0,0,0,0,NONE,,RPM:486bd1410c0000d1 TPS:486bd1411108de
1789326669.0749,183.152,0.0,0.0,3.14,0.00,12.50,0.000,22.0,22.0,1,0,0,0,0,0,NONE,,RPM:486bd1410c0000d1 TPS:486bd1411108de
1789326669.2192,183.297,0.0,0.0,3.14,0.00,12.50,0.000,22.0,22.0,1,0,0,0,0,0,NONE,,RPM:486bd1410c0000d1 TPS:486bd1411108de
1789326669.3628,183.440,0.0,0.0,3.14,0.00,12.50,0.000,22.0,22.0,1,0,0,0,0,0,NONE,,RPM:486bd1410c0000d1 TPS:486bd1411108de
1789326669.5217,183.599,0.0,0.0,3.14,0.00,12.50,0.000,22.0,22.0,1,0,0,0,0,0,NONE,,RPM:486bd1410c0000d1 TPS:486bd1411108de
1789326670.0187,184.096,0.0,0.0,3.14,0.00,12.50,0.000,22.0,22.0,1,0,0,0,0,0,NONE,,RPM:486bd1410c0000d1 TPS:486bd1411108de
1789326670.1777,184.255,0.0,0.0,3.14,0.00,12.50,0.000,22.0,22.0,1,0,0,0,0,0,NONE,,RPM:486bd1410c0000d1 TPS:486bd1411108de
1789326670.3483,184.426,0.0,0.0,3.14,0.00,12.50,0.000,22.0,22.0,1,0,0,0,0,0,NONE,,RPM:486bd1410c0000d1 TPS:486bd1411108de
1789326670.4812,184.559,0.0,0.0,3.14,0.00,12.50,0.000,22.0,22.0,1,0,0,0,0,0,NONE,,RPM:486bd1410c0000d1 TPS:486bd1411108de
1789326670.6254,184.703,0.0,0.0,3.14,0.00,12.50,0.000,22.0,22.0,1,0,0,0,0,0,NONE,,RPM:486bd1410c0000d1 TPS:486bd1411108de
1789326670.7854,184.863,0.0,0.0,3.14,0.00,12.50,0.000,22.0,22.0,1,0,0,0,0,0,NONE,,RPM:486bd1410c0000d1 TPS:486bd1411108de
1789326670.9558,185.033,0.0,0.0,3.14,0.00,12.50,0.000,22.0,22.0,1,0,0,0,0,0,NONE,,RPM:486bd1410c0000d1 TPS:486bd1411108de
1789326671.0886,185.166,0.0,0.0,3.14,0.00,12.50,0.000,22.0,22.0,1,0,0,0,0,0,NONE,,RPM:486bd1410c0000d1 TPS:486bd1411108de
1789326671.6324,185.710,0.0,0.0,3.14,0.00,12.50,0.000,22.0,22.0,1,0,0,0,0,0,NONE,,RPM:486bd1410c0000d1 TPS:486bd1411108de
1789326671.8046,185.882,0.0,0.0,3.14,0.00,12.50,0.000,22.0,22.0,1,0,0,0,0,0,NONE,,RPM:486bd1410c0000d1 TPS:486bd1411108de
1789326671.9526,186.030,0.0,0.0,3.14,0.00,12.50,0.000,22.0,22.0,1,0,0,0,0,0,NONE,,RPM:486bd1410c0000d1 TPS:486bd1411108de
1789326672.1266,186.204,0.0,0.0,3.14,0.00,12.50,0.000,22.0,22.0,1,0,0,0,0,0,NONE,,RPM:486bd1410c0000d1 TPS:486bd1411108de
1789326672.2816,186.359,0.0,0.0,3.14,0.00,12.50,0.000,22.0,22.0,1,0,0,0,0,0,NONE,,RPM:486bd1410c0000d1 TPS:486bd1411108de
1789326672.4157,186.493,0.0,0.0,3.14,0.00,12.50,0.000,22.0,22.0,1,0,0,0,0,0,NONE,,RPM:486bd1410c0000d1 TPS:486bd1411108de
1789326672.5596,186.637,0.0,0.0,3.14,0.00,12.50,0.000,22.0,22.0,1,0,0,0,0,0,NONE,,RPM:486bd1410c0000d1 TPS:486bd1411108de
1789326672.7207,186.798,0.0,0.0,3.14,0.00,12.50,0.000,22.0,22.0,1,0,0,0,0,0,NONE,,RPM:486bd1410c0000d1 TPS:486bd1411108de
1789326673.2715,187.349,0.0,0.0,3.14,0.00,12.50,0.000,22.0,22.0,1,0,0,0,0,0,NONE,,RPM:486bd1410c0000d1 TPS:486bd1411108de
1789326673.4064,187.484,0.0,0.0,3.14,0.00,12.50,0.000,22.0,22.0,1,0,0,0,0,0,NONE,,RPM:486bd1410c0000d1 TPS:486bd1411108de
1789326673.5511,187.628,0.0,0.0,3.14,0.00,12.50,0.000,22.0,22.0,1,0,0,0,0,0,NONE,,RPM:486bd1410c0000d1 TPS:486bd1411108de
1789326673.7269,187.804,0.0,0.0,3.14,0.00,12.50,0.000,22.0,22.0,1,0,0,0,0,0,NONE,,RPM:486bd1410c0000d1 TPS:486bd1411108de
1789326673.8932,187.971,0.0,0.0,3.14,0.00,12.50,0.000,22.0,22.0,1,0,0,0,0,0,NONE,,RPM:486bd1410c0000d1 TPS:486bd1411108de
1789326674.0469,188.124,0.0,0.0,3.14,0.00,12.50,0.000,22.0,22.0,1,0,0,0,0,0,NONE,,RPM:486bd1410c0000d1 TPS:486bd1411108de
1789326674.2071,188.284,0.0,0.0,3.14,0.00,12.50,0.000,22.0,22.0,1,0,0,0,0,0,NONE,,RPM:486bd1410c0000d1 TPS:486bd1411108de
1789326674.3604,188.438,0.0,0.0,3.14,0.00,12.50,0.000,22.0,22.0,1,0,0,0,0,0,NONE,,RPM:486bd1410c0000d1 TPS:486bd1411108de
1789326674.8511,188.928,0.0,0.0,3.14,0.00,12.50,0.000,22.0,22.0,1,0,0,0,0,0,NONE,,RPM:486bd1410c0000d1 TPS:486bd1411108de
1789326675.0055,189.083,0.0,0.0,3.14,0.00,12.50,0.000,22.0,22.0,1,0,0,0,0,0,NONE,,RPM:486bd1410c0000d1 TPS:486bd1411108de
1789326675.1679,189.245,0.0,0.0,3.14,0.00,12.50,0.000,22.0,22.0,1,0,0,0,0,0,NONE,,RPM:486bd1410c0000d1 TPS:486bd1411108de
1789326675.3109,189.388,0.0,0.0,3.14,0.00,12.50,0.000,22.0,22.0,1,0,0,0,0,0,NONE,,RPM:486bd1410c0000d1 TPS:486bd1411108de
1789326675.4683,189.546,0.0,0.0,3.14,0.00,12.50,0.000,22.0,22.0,1,0,0,0,0,0,NONE,,RPM:486bd1410c0000d1 TPS:486bd1411108de
1789326675.6214,189.699,0.0,0.0,3.14,0.00,12.50,0.000,22.0,22.0,1,0,0,0,0,0,NONE,,RPM:486bd1410c0000d1 TPS:486bd1411108de
1789326675.7568,189.834,0.0,0.0,3.14,0.00,12.50,0.000,22.0,22.0,1,0,0,0,0,0,NONE,,RPM:486bd1410c0000d1 TPS:486bd1411108de
1789326675.9151,189.992,0.0,0.0,3.14,0.00,12.50,0.000,22.0,22.0,1,0,0,0,0,0,NONE,,RPM:486bd1410c0000d1 TPS:486bd1411108de
1789326676.4406,190.518,0.0,0.0,3.14,0.00,12.50,0.000,22.0,22.0,1,0,0,0,0,0,NONE,,RPM:486bd1410c0000d1 TPS:486bd1411108de
1789326676.6206,190.698,0.0,0.0,3.14,0.00,12.50,0.000,22.0,22.0,1,0,0,0,0,0,NONE,,RPM:486bd1410c0000d1 TPS:486bd1411108de
1789326676.7772,190.854,0.0,0.0,3.14,0.00,12.50,0.000,22.0,22.0,1,0,0,0,0,0,NONE,,RPM:486bd1410c0000d1 TPS:486bd1411108de
1789326676.9402,191.017,0.0,0.0,3.14,0.00,12.50,0.000,22.0,22.0,1,0,0,0,0,0,NONE,,RPM:486bd1410c0000d1 TPS:486bd1411108de
1789326677.0852,191.163,0.0,0.0,3.14,0.00,12.50,0.000,22.0,22.0,1,0,0,0,0,0,NONE,,RPM:486bd1410c0000d1 TPS:486bd1411108de
1789326677.2279,191.305,0.0,0.0,3.14,0.00,12.50,0.000,22.0,22.0,1,0,0,0,0,0,NONE,,RPM:486bd1410c0000d1 TPS:486bd1411108de
1789326677.3962,191.473,0.0,0.0,3.14,0.00,12.50,0.000,22.0,22.0,1,0,0,0,0,0,NONE,,RPM:486bd1410c0000d1 TPS:486bd1411108de
1789326677.5324,191.610,0.0,0.0,3.14,0.00,12.50,0.000,22.0,22.0,1,0,0,0,0,0,NONE,,RPM:486bd1410c0000d1 TPS:486bd1411108de
1789326678.0372,192.115,0.0,0.0,3.14,0.00,12.50,0.000,22.0,22.0,1,0,0,0,0,0,NONE,,RPM:486bd1410c0000d1 TPS:486bd1411108de
1789326678.1878,192.265,0.0,0.0,3.14,0.00,12.50,0.000,22.0,22.0,1,0,0,0,0,0,NONE,,RPM:486bd1410c0000d1 TPS:486bd1411108de
1789326678.3560,192.433,0.0,0.0,3.14,0.00,12.50,0.000,22.0,22.0,1,0,0,0,0,0,NONE,,RPM:486bd1410c0000d1 TPS:486bd1411108de
1789326678.4914,192.569,0.0,0.0,3.14,0.00,12.50,0.000,22.0,22.0,1,0,0,0,0,0,NONE,,RPM:486bd1410c0000d1 TPS:486bd1411108de
1789326678.6517,192.729,0.0,0.0,3.14,0.00,12.50,0.000,22.0,22.0,1,0,0,0,0,0,NONE,,RPM:486bd1410c0000d1 TPS:486bd1411108de
1789326678.8091,192.886,0.0,0.0,3.14,0.00,12.50,0.000,22.0,22.0,1,0,0,0,0,0,NONE,,RPM:486bd1410c0000d1 TPS:486bd1411108de
1789326678.9547,193.032,0.0,0.0,3.14,0.00,12.50,0.000,22.0,22.0,1,0,0,0,0,0,NONE,,RPM:486bd1410c0000d1 TPS:486bd1411108de
1789326679.0986,193.176,0.0,0.0,3.14,0.00,12.50,0.000,22.0,22.0,1,0,0,0,0,0,NONE,,RPM:486bd1410c0000d1 TPS:486bd1411108de
1789326679.6133,193.691,0.0,0.0,3.14,0.00,12.50,0.000,22.0,22.0,1,0,0,0,0,0,NONE,,RPM:486bd1410c0000d1 TPS:486bd1411108de
1789326679.7537,193.831,0.0,0.0,3.14,0.00,12.50,0.000,22.0,22.0,1,0,0,0,0,0,NONE,,RPM:486bd1410c0000d1 TPS:486bd1411108de
1789326679.9148,193.992,0.0,0.0,3.14,0.00,12.50,0.000,22.0,22.0,1,0,0,0,0,0,NONE,,RPM:486bd1410c0000d1 TPS:486bd1411108de
1789326680.0659,194.143,0.0,0.0,3.14,0.00,12.50,0.000,22.0,22.0,1,0,0,0,0,0,NONE,,RPM:486bd1410c0000d1 TPS:486bd1411108de
1789326680.2040,194.281,0.0,0.0,3.14,0.00,12.50,0.000,22.0,22.0,1,0,0,0,0,0,NONE,,RPM:486bd1410c0000d1 TPS:486bd1411108de
1789326680.3460,194.423,0.0,0.0,3.14,0.00,12.50,0.000,22.0,22.0,1,0,0,0,0,0,NONE,,RPM:486bd1410c0000d1 TPS:486bd1411108de
1789326680.4902,194.568,0.0,0.0,3.14,0.00,12.50,0.000,22.0,22.0,1,0,0,0,0,0,NONE,,RPM:486bd1410c0000d1 TPS:486bd1411108de
1789326680.6501,194.727,0.0,0.0,3.14,0.00,12.50,0.000,22.0,22.0,1,0,0,0,0,0,NONE,,RPM:486bd1410c0000d1 TPS:486bd1411108de
1789326681.1915,195.269,0.0,0.0,3.14,0.00,12.50,0.000,22.0,22.0,1,0,0,0,0,0,NONE,,RPM:486bd1410c0000d1 TPS:486bd1411108de
1789326681.3366,195.414,0.0,0.0,3.14,0.00,12.50,0.000,22.0,22.0,1,0,0,0,0,0,NONE,,RPM:486bd1410c0000d1 TPS:486bd1411108de
1789326681.4969,195.574,0.0,0.0,3.14,0.00,12.50,0.000,22.0,22.0,1,0,0,0,0,0,NONE,,RPM:486bd1410c0000d1 TPS:486bd1411108de
1789326681.6550,195.732,0.0,0.0,3.14,0.00,12.50,0.000,22.0,22.0,1,0,0,0,0,0,NONE,,RPM:486bd1410c0000d1 TPS:486bd1411108de
1789326681.8003,195.878,0.0,0.0,3.14,0.00,12.50,0.000,22.0,22.0,1,0,0,0,0,0,NONE,,RPM:486bd1410c0000d1 TPS:486bd1411108de
1789326681.9603,196.038,0.0,0.0,3.14,0.00,12.50,0.000,22.0,22.0,1,0,0,0,0,0,NONE,,RPM:486bd1410c0000d1 TPS:486bd1411108de
1789326682.1035,196.181,0.0,0.0,3.14,0.00,12.50,0.000,22.0,22.0,1,0,0,0,0,0,NONE,,RPM:486bd1410c0000d1 TPS:486bd1411108de
1789326682.2581,196.335,0.0,0.0,3.14,0.00,12.50,0.000,22.0,22.0,1,0,0,0,0,0,NONE,,RPM:486bd1410c0000d1 TPS:486bd1411108de
1789326682.7705,196.848,0.0,0.0,3.14,0.00,12.50,0.000,22.0,22.0,1,0,0,0,0,0,NONE,,RPM:486bd1410c0000d1 TPS:486bd1411108de
1789326682.9031,196.980,0.0,0.0,3.14,0.00,12.50,0.000,22.0,22.0,1,0,0,0,0,0,NONE,,RPM:486bd1410c0000d1 TPS:486bd1411108de
1789326683.0792,197.156,0.0,0.0,3.14,0.00,12.50,0.000,22.0,22.0,1,0,0,0,0,0,NONE,,RPM:486bd1410c0000d1 TPS:486bd1411108de
1789326683.2230,197.300,0.0,0.0,3.14,0.00,12.50,0.000,22.0,22.0,1,0,0,0,0,0,NONE,,RPM:486bd1410c0000d1 TPS:486bd1411108de
1789326683.3915,197.469,0.0,0.0,3.14,0.00,12.50,0.000,22.0,22.0,1,0,0,0,0,0,NONE,,RPM:486bd1410c0000d1 TPS:486bd1411108de
1789326683.5259,197.603,0.0,0.0,3.14,0.00,12.50,0.000,22.0,22.0,1,0,0,0,0,0,NONE,,RPM:486bd1410c0000d1 TPS:486bd1411108de
1789326683.6697,197.747,0.0,0.0,3.14,0.00,12.50,0.000,22.0,22.0,1,0,0,0,0,0,NONE,,RPM:486bd1410c0000d1 TPS:486bd1411108de
1789326683.8240,197.901,0.0,0.0,3.14,0.00,12.50,0.000,22.0,22.0,1,0,0,0,0,0,NONE,,RPM:486bd1410c0000d1 TPS:486bd1411108de
1789326684.3036,198.381,0.0,0.0,3.14,0.00,12.50,0.000,22.0,22.0,1,0,0,0,0,0,NONE,,RPM:486bd1410c0000d1 TPS:486bd1411108de
1789326684.4372,198.514,0.0,0.0,3.14,0.00,12.50,0.000,22.0,22.0,1,0,0,0,0,0,NONE,,RPM:486bd1410c0000d1 TPS:486bd1411108de
1789326684.5981,198.675,0.0,0.0,3.14,0.00,12.50,0.000,22.0,22.0,1,0,0,0,0,0,NONE,,RPM:486bd1410c0000d1 TPS:486bd1411108de
1789326684.7593,198.837,0.0,0.0,3.14,0.00,12.50,0.000,22.0,22.0,1,0,0,0,0,0,NONE,,RPM:486bd1410c0000d1 TPS:486bd1411108de
1789326684.9024,198.980,0.0,0.0,3.14,0.00,12.50,0.000,22.0,22.0,1,0,0,0,0,0,NONE,,RPM:486bd1410c0000d1 TPS:486bd1411108de
1789326685.0619,199.139,0.0,0.0,3.14,0.00,12.50,0.000,22.0,22.0,1,0,0,0,0,0,NONE,,RPM:486bd1410c0000d1 TPS:486bd1411108de
1789326685.2293,199.307,0.0,0.0,3.14,0.00,12.50,0.000,22.0,22.0,1,0,0,0,0,0,NONE,,RPM:486bd1410c0000d1 TPS:486bd1411108de
1789326685.3641,199.441,0.0,0.0,3.14,0.00,12.50,0.000,22.0,22.0,1,0,0,0,0,0,NONE,,RPM:486bd1410c0000d1 TPS:486bd1411108de
1789326685.9031,199.980,0.0,0.0,3.14,0.00,12.50,0.000,22.0,22.0,1,0,0,0,0,0,NONE,,RPM:486bd1410c0000d1 TPS:486bd1411108de
1789326686.0527,200.130,0.0,0.0,3.14,0.00,12.50,0.000,22.0,22.0,1,0,0,0,0,0,NONE,,RPM:486bd1410c0000d1 TPS:486bd1411108de
1789326686.1954,200.273,0.0,0.0,3.14,0.00,12.50,0.000,22.0,22.0,1,0,0,0,0,0,NONE,,RPM:486bd1410c0000d1 TPS:486bd1411108de
1789326686.3510,200.428,0.0,0.0,3.14,0.00,12.50,0.000,22.0,22.0,1,0,0,0,0,0,NONE,,RPM:486bd1410c0000d1 TPS:486bd1411108de
1789326686.4997,200.577,0.0,0.0,3.14,0.00,12.50,0.000,22.0,22.0,1,0,0,0,0,0,NONE,,RPM:486bd1410c0000d1 TPS:486bd1411108de
1789326686.6445,200.722,0.0,0.0,3.14,0.00,12.50,0.000,22.0,22.0,1,0,0,0,0,0,NONE,,RPM:486bd1410c0000d1 TPS:486bd1411108de
1789326686.8026,200.880,0.0,0.0,3.14,0.00,12.50,0.000,22.0,22.0,1,0,0,0,0,0,NONE,,RPM:486bd1410c0000d1 TPS:486bd1411108de
1789326686.9482,201.025,0.0,0.0,3.14,0.00,12.50,0.000,22.0,22.0,1,0,0,0,0,0,NONE,,RPM:486bd1410c0000d1 TPS:486bd1411108de
1789326687.4819,201.559,0.0,0.0,3.14,0.00,12.50,0.000,22.0,22.0,1,0,0,0,0,0,NONE,,RPM:486bd1410c0000d1 TPS:486bd1411108de
1789326687.6189,201.696,0.0,0.0,3.14,0.00,12.50,0.000,22.0,22.0,1,0,0,0,0,0,NONE,,RPM:486bd1410c0000d1 TPS:486bd1411108de
1789326687.7623,201.840,0.0,0.0,3.14,0.00,12.50,0.000,22.0,22.0,1,0,0,0,0,0,NONE,,RPM:486bd1410c0000d1 TPS:486bd1411108de
1789326687.9186,201.996,0.0,0.0,3.14,0.00,12.50,0.000,22.0,22.0,1,0,0,0,0,0,NONE,,RPM:486bd1410c0000d1 TPS:486bd1411108de
1789326688.0655,202.143,0.0,0.0,3.14,0.00,12.50,0.000,22.0,22.0,1,0,0,0,0,0,NONE,,RPM:486bd1410c0000d1 TPS:486bd1411108de
1789326688.2107,202.288,0.0,0.0,3.14,0.00,12.50,0.000,22.0,22.0,1,0,0,0,0,0,NONE,,RPM:486bd1410c0000d1 TPS:486bd1411108de
1789326688.3680,202.445,0.0,0.0,3.14,0.00,12.50,0.000,22.0,22.0,1,0,0,0,0,0,NONE,,RPM:486bd1410c0000d1 TPS:486bd1411108de
1789326688.5155,202.593,0.0,0.0,3.14,0.00,12.50,0.000,22.0,22.0,1,0,0,0,0,0,NONE,,RPM:486bd1410c0000d1 TPS:486bd1411108de
1789326689.0297,203.107,0.0,0.0,3.14,0.00,12.50,0.000,22.0,22.0,1,0,0,0,0,0,NONE,,RPM:486bd1410c0000d1 TPS:486bd1411108de
1789326689.1859,203.263,0.0,0.0,3.14,0.00,12.50,0.000,22.0,22.0,1,0,0,0,0,0,NONE,,RPM:486bd1410c0000d1 TPS:486bd1411108de
1789326689.3441,203.421,0.0,0.0,3.14,0.00,12.50,0.000,22.0,22.0,1,0,0,0,0,0,NONE,,RPM:486bd1410c0000d1 TPS:486bd1411108de
1789326689.4904,203.568,0.0,0.0,3.14,0.00,12.50,0.000,22.0,22.0,1,0,0,0,0,0,NONE,,RPM:486bd1410c0000d1 TPS:486bd1411108de
1789326689.6496,203.727,0.0,0.0,3.14,0.00,12.50,0.000,22.0,22.0,1,0,0,0,0,0,NONE,,RPM:486bd1410c0000d1 TPS:486bd1411108de
1789326689.7936,203.871,0.0,0.0,3.14,0.00,12.50,0.000,22.0,22.0,1,0,0,0,0,0,NONE,,RPM:486bd1410c0000d1 TPS:486bd1411108de
1789326689.9641,204.041,0.0,0.0,3.14,0.00,12.50,0.000,22.0,22.0,1,0,0,0,0,0,NONE,,RPM:486bd1410c0000d1 TPS:486bd1411108de
1789326690.1137,204.191,0.0,0.0,3.14,0.00,12.50,0.000,22.0,22.0,1,0,0,0,0,0,NONE,,RPM:486bd1410c0000d1 TPS:486bd1411108de
1789326690.6394,204.717,0.0,0.0,3.14,0.00,12.50,0.000,22.0,22.0,1,0,0,0,0,0,NONE,,RPM:486bd1410c0000d1 TPS:486bd1411108de
1789326690.7855,204.863,0.0,0.0,3.14,0.00,12.50,0.000,22.0,22.0,1,0,0,0,0,0,NONE,,RPM:486bd1410c0000d1 TPS:486bd1411108de
1789326690.9552,205.032,0.0,0.0,3.14,0.00,12.50,0.000,22.0,22.0,1,0,0,0,0,0,NONE,,RPM:486bd1410c0000d1 TPS:486bd1411108de
1789326691.1048,205.182,0.0,0.0,3.14,0.00,12.50,0.000,22.0,22.0,1,0,0,0,0,0,NONE,,RPM:486bd1410c0000d1 TPS:486bd1411108de
1789326691.2782,205.355,0.0,0.0,3.14,0.00,12.50,0.000,22.0,22.0,1,0,0,0,0,0,NONE,,RPM:486bd1410c0000d1 TPS:486bd1411108de
1789326691.4243,205.502,0.0,0.0,3.14,0.00,12.50,0.000,22.0,22.0,1,0,0,0,0,0,NONE,,RPM:486bd1410c0000d1 TPS:486bd1411108de
1789326691.6009,205.678,0.0,0.0,3.14,0.00,12.50,0.000,22.0,22.0,1,0,0,0,0,0,NONE,,RPM:486bd1410c0000d1 TPS:486bd1411108de
1789326691.7583,205.836,0.0,0.0,3.14,0.00,12.50,0.000,22.0,22.0,1,0,0,0,0,0,NONE,,RPM:486bd1410c0000d1 TPS:486bd1411108de
1789326692.2516,206.329,0.0,0.0,3.14,0.00,12.50,0.000,22.0,22.0,1,0,0,0,0,0,NONE,,RPM:486bd1410c0000d1 TPS:486bd1411108de
1789326692.4155,206.493,0.0,0.0,3.14,0.00,12.50,0.000,22.0,22.0,1,0,0,0,0,0,NONE,,RPM:486bd1410c0000d1 TPS:486bd1411108de
1789326692.5838,206.661,0.0,0.0,3.14,0.00,12.50,0.000,22.0,22.0,1,0,0,0,0,0,NONE,,RPM:486bd1410c0000d1 TPS:486bd1411108de
1789326692.7189,206.796,0.0,0.0,3.14,0.00,12.50,0.000,22.0,22.0,1,0,0,0,0,0,NONE,,RPM:486bd1410c0000d1 TPS:486bd1411108de
1789326692.8796,206.957,0.0,0.0,3.14,0.00,12.50,0.000,22.0,22.0,1,0,0,0,0,0,NONE,,RPM:486bd1410c0000d1 TPS:486bd1411108de
1789326693.0369,207.114,0.0,0.0,3.14,0.00,12.50,0.000,22.0,22.0,1,0,0,0,0,0,NONE,,RPM:486bd1410c0000d1 TPS:486bd1411108de
1789326693.1930,207.270,0.0,0.0,3.14,0.00,12.50,0.000,22.0,22.0,1,0,0,0,0,0,NONE,,RPM:486bd1410c0000d1 TPS:486bd1411108de
1789326693.3266,207.404,0.0,0.0,3.14,0.00,12.50,0.000,22.0,22.0,1,0,0,0,0,0,NONE,,RPM:486bd1410c0000d1 TPS:486bd1411108de
1789326693.8171,207.894,0.0,0.0,3.14,0.00,12.50,0.000,22.0,22.0,1,0,0,0,0,0,NONE,,RPM:486bd1410c0000d1 TPS:486bd1411108de
1789326693.9497,208.027,0.0,0.0,3.14,0.00,12.50,0.000,22.0,22.0,1,0,0,0,0,0,NONE,,RPM:486bd1410c0000d1 TPS:486bd1411108de
1789326694.0938,208.171,0.0,0.0,3.14,0.00,12.50,0.000,22.0,22.0,1,0,0,0,0,0,NONE,,RPM:486bd1410c0000d1 TPS:486bd1411108de
1789326694.2536,208.331,0.0,0.0,3.14,0.00,12.50,0.000,22.0,22.0,1,0,0,0,0,0,NONE,,RPM:486bd1410c0000d1 TPS:486bd1411108de
1789326694.4217,208.499,0.0,0.0,3.14,0.00,12.50,0.000,22.0,22.0,1,0,0,0,0,0,NONE,,RPM:486bd1410c0000d1 TPS:486bd1411108de
1789326694.5739,208.651,0.0,0.0,3.14,0.00,12.50,0.000,22.0,22.0,1,0,0,0,0,0,NONE,,RPM:486bd1410c0000d1 TPS:486bd1411108de
1789326694.7346,208.812,0.0,0.0,3.14,0.00,12.50,0.000,22.0,22.0,1,0,0,0,0,0,NONE,,RPM:486bd1410c0000d1 TPS:486bd1411108de
1789326694.8894,208.967,0.0,0.0,3.14,0.00,12.50,0.000,22.0,22.0,1,0,0,0,0,0,NONE,,RPM:486bd1410c0000d1 TPS:486bd1411108de
1789326695.3812,209.458,0.0,0.0,3.14,0.00,12.50,0.000,22.0,22.0,1,0,0,0,0,0,NONE,,RPM:486bd1410c0000d1 TPS:486bd1411108de
1789326695.5505,209.628,0.0,0.0,3.14,0.00,12.50,0.000,22.0,22.0,1,0,0,0,0,0,NONE,,RPM:486bd1410c0000d1 TPS:486bd1411108de
1789326695.6928,209.770,0.0,0.0,3.14,0.00,12.50,0.000,22.0,22.0,1,0,0,0,0,0,NONE,,RPM:486bd1410c0000d1 TPS:486bd1411108de
1789326695.8360,209.913,0.0,0.0,3.14,0.00,12.50,0.000,22.0,22.0,1,0,0,0,0,0,NONE,,RPM:486bd1410c0000d1 TPS:486bd1411108de
1789326695.9817,210.059,0.0,0.0,3.14,0.00,12.50,0.000,22.0,22.0,1,0,0,0,0,0,NONE,,RPM:486bd1410c0000d1 TPS:486bd1411108de
1789326696.1403,210.218,0.0,0.0,3.14,0.00,12.50,0.000,22.0,22.0,1,0,0,0,0,0,NONE,,RPM:486bd1410c0000d1 TPS:486bd1411108de
1789326696.2851,210.362,0.0,0.0,3.14,0.00,12.50,0.000,22.0,22.0,1,0,0,0,0,0,NONE,,RPM:486bd1410c0000d1 TPS:486bd1411108de
1789326696.4289,210.506,0.0,0.0,3.14,0.00,12.50,0.000,22.0,22.0,1,0,0,0,0,0,NONE,,RPM:486bd1410c0000d1 TPS:486bd1411108de
1789326696.9276,211.005,0.0,0.0,3.14,0.00,12.50,0.000,22.0,22.0,1,0,0,0,0,0,NONE,,RPM:486bd1410c0000d1 TPS:486bd1411108de
1789326697.0843,211.162,0.0,0.0,3.14,0.00,12.50,0.000,22.0,22.0,1,0,0,0,0,0,NONE,,RPM:486bd1410c0000d1 TPS:486bd1411108de
1789326697.2280,211.305,0.0,0.0,3.14,0.00,12.50,0.000,22.0,22.0,1,0,0,0,0,0,NONE,,RPM:486bd1410c0000d1 TPS:486bd1411108de
1789326697.3889,211.466,0.0,0.0,3.14,0.00,12.50,0.000,22.0,22.0,1,0,0,0,0,0,NONE,,RPM:486bd1410c0000d1 TPS:486bd1411108de
1789326697.5318,211.609,0.0,0.0,3.14,0.00,12.50,0.000,22.0,22.0,1,0,0,0,0,0,NONE,,RPM:486bd1410c0000d1 TPS:486bd1411108de
1789326697.6925,211.770,0.0,0.0,3.14,0.00,12.50,0.000,22.0,22.0,1,0,0,0,0,0,NONE,,RPM:486bd1410c0000d1 TPS:486bd1411108de
1789326697.8493,211.927,0.0,0.0,3.14,0.00,12.50,0.000,22.0,22.0,1,0,0,0,0,0,NONE,,RPM:486bd1410c0000d1 TPS:486bd1411108de
1789326697.9951,212.072,0.0,0.0,3.14,0.00,12.50,0.000,22.0,22.0,1,0,0,0,0,0,NONE,,RPM:486bd1410c0000d1 TPS:486bd1411108de
1789326698.5399,212.617,0.0,0.0,3.14,0.00,12.50,0.000,22.0,22.0,1,0,0,0,0,0,NONE,,RPM:486bd1410c0000d1 TPS:486bd1411108de
1789326698.7141,212.791,0.0,0.0,3.14,0.00,12.50,0.000,22.0,22.0,1,0,0,0,0,0,NONE,,RPM:486bd1410c0000d1 TPS:486bd1411108de
1789326698.8584,212.936,0.0,0.0,3.14,0.00,12.50,0.000,22.0,22.0,1,0,0,0,0,0,NONE,,RPM:486bd1410c0000d1 TPS:486bd1411108de
1789326699.0195,213.097,0.0,0.0,3.14,0.00,12.50,0.000,22.0,22.0,1,0,0,0,0,0,NONE,,RPM:486bd1410c0000d1 TPS:486bd1411108de
1789326699.1621,213.239,0.0,0.0,3.14,0.00,12.50,0.000,22.0,22.0,1,0,0,0,0,0,NONE,,RPM:486bd1410c0000d1 TPS:486bd1411108de
1789326699.3064,213.384,0.0,0.0,3.14,0.00,12.50,0.000,22.0,22.0,1,0,0,0,0,0,NONE,,RPM:486bd1410c0000d1 TPS:486bd1411108de
1789326699.4637,213.541,0.0,0.0,3.14,0.00,12.50,0.000,22.0,22.0,1,0,0,0,0,0,NONE,,RPM:486bd1410c0000d1 TPS:486bd1411108de
1789326699.6425,213.720,0.0,0.0,3.14,0.00,12.50,0.000,22.0,22.0,1,0,0,0,0,0,NONE,,RPM:486bd1410c0000d1 TPS:486bd1411108de
1789326700.1668,214.244,0.0,0.0,3.14,0.00,12.50,0.000,22.0,22.0,1,0,0,0,0,0,NONE,,RPM:486bd1410c0000d1 TPS:486bd1411108de
1789326700.3126,214.390,0.0,0.0,3.14,0.00,12.50,0.000,22.0,22.0,1,0,0,0,0,0,NONE,,RPM:486bd1410c0000d1 TPS:486bd1411108de
1789326700.4742,214.551,0.0,0.0,3.14,0.00,12.50,0.000,22.0,22.0,1,0,0,0,0,0,NONE,,RPM:486bd1410c0000d1 TPS:486bd1411108de
1789326700.6305,214.708,0.0,0.0,3.14,0.00,12.50,0.000,22.0,22.0,1,0,0,0,0,0,NONE,,RPM:486bd1410c0000d1 TPS:486bd1411108de
1789326700.7598,214.837,0.0,0.0,3.14,0.00,12.50,0.000,22.0,22.0,1,0,0,0,0,0,NONE,,RPM:486bd1410c0000d1 TPS:486bd1411108de
1789326700.9050,214.982,0.0,0.0,3.14,0.00,12.50,0.000,22.0,22.0,1,0,0,0,0,0,NONE,,RPM:486bd1410c0000d1 TPS:486bd1411108de
1789326701.0649,215.142,0.0,0.0,3.14,0.00,12.50,0.000,22.0,22.0,1,0,0,0,0,0,NONE,,RPM:486bd1410c0000d1 TPS:486bd1411108de
1789326701.2089,215.286,0.0,0.0,3.14,0.00,12.50,0.000,22.0,22.0,1,0,0,0,0,0,NONE,,RPM:486bd1410c0000d1 TPS:486bd1411108de
1789326701.7359,215.813,0.0,0.0,3.14,0.00,12.50,0.000,22.0,22.0,1,0,0,0,0,0,NONE,,RPM:486bd1410c0000d1 TPS:486bd1411108de
1789326701.8951,215.972,0.0,0.0,3.14,0.00,12.50,0.000,22.0,22.0,1,0,0,0,0,0,NONE,,RPM:486bd1410c0000d1 TPS:486bd1411108de
1789326702.0517,216.129,0.0,0.0,3.14,0.00,12.50,0.000,22.0,22.0,1,0,0,0,0,0,NONE,,RPM:486bd1410c0000d1 TPS:486bd1411108de
1789326702.1887,216.266,0.0,0.0,3.14,0.00,12.50,0.000,22.0,22.0,1,0,0,0,0,0,NONE,,RPM:486bd1410c0000d1 TPS:486bd1411108de
1789326702.3274,216.405,0.0,0.0,3.14,0.00,12.50,0.000,22.0,22.0,1,0,0,0,0,0,NONE,,RPM:486bd1410c0000d1 TPS:486bd1411108de
1789326702.4874,216.565,0.0,0.0,3.14,0.00,12.50,0.000,22.0,22.0,1,0,0,0,0,0,NONE,,RPM:486bd1410c0000d1 TPS:486bd1411108de
1789326702.6465,216.724,0.0,0.0,3.14,0.00,12.50,0.000,22.0,22.0,1,0,0,0,0,0,NONE,,RPM:486bd1410c0000d1 TPS:486bd1411108de
1789326702.8384,216.916,0.0,0.0,3.14,0.00,12.50,0.000,22.0,22.0,1,0,0,0,0,0,NONE,,RPM:486bd1410c0000d1 TPS:486bd1411108de
1789326703.3591,217.436,0.0,0.0,3.14,0.00,12.50,0.000,22.0,22.0,1,0,0,0,0,0,NONE,,RPM:486bd1410c0000d1 TPS:486bd1411108de
1789326703.5245,217.602,0.0,0.0,3.14,0.00,12.50,0.000,22.0,22.0,1,0,0,0,0,0,NONE,,RPM:486bd1410c0000d1 TPS:486bd1411108de
1789326703.6930,217.770,0.0,0.0,3.14,0.00,12.50,0.000,22.0,22.0,1,0,0,0,0,0,NONE,,RPM:486bd1410c0000d1 TPS:486bd1411108de
1789326703.8298,217.907,0.0,0.0,3.14,0.00,12.50,0.000,22.0,22.0,1,0,0,0,0,0,NONE,,RPM:486bd1410c0000d1 TPS:486bd1411108de
1789326703.9898,218.067,0.0,0.0,3.14,0.00,12.50,0.000,22.0,22.0,1,0,0,0,0,0,NONE,,RPM:486bd1410c0000d1 TPS:486bd1411108de
1789326704.1578,218.235,0.0,0.0,3.14,0.00,12.50,0.000,22.0,22.0,1,0,0,0,0,0,NONE,,RPM:486bd1410c0000d1 TPS:486bd1411108de
1789326704.2932,218.370,0.0,0.0,3.14,0.00,12.50,0.000,22.0,22.0,1,0,0,0,0,0,NONE,,RPM:486bd1410c0000d1 TPS:486bd1411108de
1789326704.4520,218.529,0.0,0.0,3.14,0.00,12.50,0.000,22.0,22.0,1,0,0,0,0,0,NONE,,RPM:486bd1410c0000d1 TPS:486bd1411108de
1789326704.9756,219.053,0.0,0.0,3.14,0.00,12.50,0.000,22.0,22.0,1,0,0,0,0,0,NONE,,RPM:486bd1410c0000d1 TPS:486bd1411108de
1789326705.1253,219.203,0.0,0.0,3.14,0.00,12.50,0.000,22.0,22.0,1,0,0,0,0,0,NONE,,RPM:486bd1410c0000d1 TPS:486bd1411108de
1789326705.2686,219.346,0.0,0.0,3.14,0.00,12.50,0.000,22.0,22.0,1,0,0,0,0,0,NONE,,RPM:486bd1410c0000d1 TPS:486bd1411108de
1789326705.4338,219.511,0.0,0.0,3.14,0.00,12.50,0.000,22.0,22.0,1,0,0,0,0,0,NONE,,RPM:486bd1410c0000d1 TPS:486bd1411108de
1789326705.5710,219.648,0.0,0.0,3.14,0.00,12.50,0.000,22.0,22.0,1,0,0,0,0,0,NONE,,RPM:486bd1410c0000d1 TPS:486bd1411108de
1789326705.7162,219.793,0.0,0.0,3.14,0.00,12.50,0.000,22.0,22.0,1,0,0,0,0,0,NONE,,RPM:486bd1410c0000d1 TPS:486bd1411108de
1789326705.8590,219.936,0.0,0.0,3.14,0.00,12.50,0.000,22.0,22.0,1,0,0,0,0,0,NONE,,RPM:486bd1410c0000d1 TPS:486bd1411108de
1789326706.0171,220.094,0.0,0.0,3.14,0.00,12.50,0.000,22.0,22.0,1,0,0,0,0,0,NONE,,RPM:486bd1410c0000d1 TPS:486bd1411108de
1789326706.5045,220.582,0.0,0.0,3.14,0.00,12.50,0.000,22.0,22.0,1,0,0,0,0,0,NONE,,RPM:486bd1410c0000d1 TPS:486bd1411108de
1789326706.6591,220.736,0.0,0.0,3.14,0.00,12.50,0.000,22.0,22.0,1,0,0,0,0,0,NONE,,RPM:486bd1410c0000d1 TPS:486bd1411108de
1789326706.8075,220.885,0.0,0.0,3.14,0.00,12.50,0.000,22.0,22.0,1,0,0,0,0,0,NONE,,RPM:486bd1410c0000d1 TPS:486bd1411108de
1789326706.9472,221.024,0.0,0.0,3.14,0.00,12.50,0.000,22.0,22.0,1,0,0,0,0,0,NONE,,RPM:486bd1410c0000d1 TPS:486bd1411108de
1789326707.1059,221.183,0.0,0.0,3.14,0.00,12.50,0.000,22.0,22.0,1,0,0,0,0,0,NONE,,RPM:486bd1410c0000d1 TPS:486bd1411108de
1789326707.2537,221.331,0.0,0.0,3.14,0.00,12.50,0.000,22.0,22.0,1,0,0,0,0,0,NONE,,RPM:486bd1410c0000d1 TPS:486bd1411108de
1789326707.3948,221.472,0.0,0.0,3.14,0.00,12.50,0.000,22.0,22.0,1,0,0,0,0,0,NONE,,RPM:486bd1410c0000d1 TPS:486bd1411108de
1789326707.5545,221.632,0.0,0.0,3.14,0.00,12.50,0.000,22.0,22.0,1,0,0,0,0,0,NONE,,RPM:486bd1410c0000d1 TPS:486bd1411108de
1789326708.0638,222.141,0.0,0.0,3.14,0.00,12.50,0.000,22.0,22.0,1,0,0,0,0,0,NONE,,RPM:486bd1410c0000d1 TPS:486bd1411108de
1789326708.2259,222.303,0.0,0.0,3.14,0.00,12.50,0.000,22.0,22.0,1,0,0,0,0,0,NONE,,RPM:486bd1410c0000d1 TPS:486bd1411108de
1789326708.3848,222.462,0.0,0.0,3.14,0.00,12.50,0.000,22.0,22.0,1,0,0,0,0,0,NONE,,RPM:486bd1410c0000d1 TPS:486bd1411108de
1789326708.5289,222.606,0.0,0.0,3.14,0.00,12.50,0.000,22.0,22.0,1,0,0,0,0,0,NONE,,RPM:486bd1410c0000d1 TPS:486bd1411108de
1789326708.6735,222.751,0.0,0.0,3.14,0.00,12.50,0.000,22.0,22.0,1,0,0,0,0,0,NONE,,RPM:486bd1410c0000d1 TPS:486bd1411108de
1789326708.8259,222.903,0.0,0.0,3.14,0.00,12.50,0.000,22.0,22.0,1,0,0,0,0,0,NONE,,RPM:486bd1410c0000d1 TPS:486bd1411108de
1789326708.9768,223.054,0.0,0.0,3.14,0.00,12.50,0.000,22.0,22.0,1,0,0,0,0,0,NONE,,RPM:486bd1410c0000d1 TPS:486bd1411108de
1789326709.1300,223.207,0.0,0.0,3.14,0.00,12.50,0.000,22.0,22.0,1,0,0,0,0,0,NONE,,RPM:486bd1410c0000d1 TPS:486bd1411108de
1789326709.6050,223.682,0.0,0.0,3.14,0.00,12.50,0.000,22.0,22.0,1,0,0,0,0,0,NONE,,RPM:486bd1410c0000d1 TPS:486bd1411108de
1789326709.7431,223.820,0.0,0.0,3.14,0.00,12.50,0.000,22.0,22.0,1,0,0,0,0,0,NONE,,RPM:486bd1410c0000d1 TPS:486bd1411108de
1789326709.8726,223.950,0.0,0.0,3.14,0.00,12.50,0.000,22.0,22.0,1,0,0,0,0,0,NONE,,RPM:486bd1410c0000d1 TPS:486bd1411108de
1789326710.0252,224.103,0.0,0.0,3.14,0.00,12.50,0.000,22.0,22.0,1,0,0,0,0,0,NONE,,RPM:486bd1410c0000d1 TPS:486bd1411108de
1789326710.1601,224.237,0.0,0.0,3.14,0.00,12.50,0.000,22.0,22.0,1,0,0,0,0,0,NONE,,RPM:486bd1410c0000d1 TPS:486bd1411108de
1789326710.3202,224.398,0.0,0.0,3.14,0.00,12.50,0.000,22.0,22.0,1,0,0,0,0,0,NONE,,RPM:486bd1410c0000d1 TPS:486bd1411108de
1789326710.4706,224.548,0.0,0.0,3.14,0.00,12.50,0.000,22.0,22.0,1,0,0,0,0,0,NONE,,RPM:486bd1410c0000d1 TPS:486bd1411108de
1789326710.6075,224.685,0.0,0.0,3.14,0.00,12.50,0.000,22.0,22.0,1,0,0,0,0,0,NONE,,RPM:486bd1410c0000d1 TPS:486bd1411108de
1789326711.1374,225.215,0.0,0.0,3.14,0.00,12.50,0.000,22.0,22.0,1,0,0,0,0,0,NONE,,RPM:486bd1410c0000d1 TPS:486bd1411108de
1789326711.2800,225.357,0.0,0.0,3.14,0.00,12.50,0.000,22.0,22.0,1,0,0,0,0,0,NONE,,RPM:486bd1410c0000d1 TPS:486bd1411108de
1789326711.4244,225.502,0.0,0.0,3.14,0.00,12.50,0.000,22.0,22.0,1,0,0,0,0,0,NONE,,RPM:486bd1410c0000d1 TPS:486bd1411108de
1789326711.5754,225.653,0.0,0.0,3.14,0.00,12.50,0.000,22.0,22.0,1,0,0,0,0,0,NONE,,RPM:486bd1410c0000d1 TPS:486bd1411108de
1789326711.7285,225.806,0.0,0.0,3.14,0.00,12.50,0.000,22.0,22.0,1,0,0,0,0,0,NONE,,RPM:486bd1410c0000d1 TPS:486bd1411108de
1789326711.8714,225.949,0.0,0.0,3.14,0.00,12.50,0.000,22.0,22.0,1,0,0,0,0,0,NONE,,RPM:486bd1410c0000d1 TPS:486bd1411108de
1789326712.0304,226.108,0.0,0.0,3.14,0.00,12.50,0.000,22.0,22.0,1,0,0,0,0,0,NONE,,RPM:486bd1410c0000d1 TPS:486bd1411108de
1789326712.1859,226.263,0.0,0.0,3.14,0.00,12.50,0.000,22.0,22.0,1,0,0,0,0,0,NONE,,RPM:486bd1410c0000d1 TPS:486bd1411108de
1789326712.6861,226.763,0.0,0.0,3.14,0.00,12.50,0.000,22.0,22.0,1,0,0,0,0,0,NONE,,RPM:486bd1410c0000d1 TPS:486bd1411108de
1789326712.8535,226.931,0.0,0.0,3.14,0.00,12.50,0.000,22.0,22.0,1,0,0,0,0,0,NONE,,RPM:486bd1410c0000d1 TPS:486bd1411108de
1789326712.9898,227.067,0.0,0.0,3.14,0.00,12.50,0.000,22.0,22.0,1,0,0,0,0,0,NONE,,RPM:486bd1410c0000d1 TPS:486bd1411108de
1789326713.1336,227.211,0.0,0.0,3.14,0.00,12.50,0.000,22.0,22.0,1,0,0,0,0,0,NONE,,RPM:486bd1410c0000d1 TPS:486bd1411108de
1789326713.2952,227.372,0.0,0.0,3.14,0.00,12.50,0.000,22.0,22.0,1,0,0,0,0,0,NONE,,RPM:486bd1410c0000d1 TPS:486bd1411108de
1789326713.4371,227.514,0.0,0.0,3.14,0.00,12.50,0.000,22.0,22.0,1,0,0,0,0,0,NONE,,RPM:486bd1410c0000d1 TPS:486bd1411108de
1789326713.5942,227.671,0.0,0.0,3.14,0.00,12.50,0.000,22.0,22.0,1,0,0,0,0,0,NONE,,RPM:486bd1410c0000d1 TPS:486bd1411108de
1789326713.7411,227.818,0.0,0.0,3.14,0.00,12.50,0.000,22.0,22.0,1,0,0,0,0,0,NONE,,RPM:486bd1410c0000d1 TPS:486bd1411108de
1789326714.2805,228.358,0.0,0.0,3.14,0.00,12.50,0.000,22.0,22.0,1,0,0,0,0,0,NONE,,RPM:486bd1410c0000d1 TPS:486bd1411108de
1789326714.4307,228.508,0.0,0.0,3.14,0.00,12.50,0.000,22.0,22.0,1,0,0,0,0,0,NONE,,RPM:486bd1410c0000d1 TPS:486bd1411108de
1789326714.5744,228.652,0.0,0.0,3.14,0.00,12.50,0.000,22.0,22.0,1,0,0,0,0,0,NONE,,RPM:486bd1410c0000d1 TPS:486bd1411108de
1789326714.7181,228.795,0.0,0.0,3.14,0.00,12.50,0.000,22.0,22.0,1,0,0,0,0,0,NONE,,RPM:486bd1410c0000d1 TPS:486bd1411108de
1789326714.8823,228.960,0.0,0.0,3.14,0.00,12.50,0.000,22.0,22.0,1,0,0,0,0,0,NONE,,RPM:486bd1410c0000d1 TPS:486bd1411108de
1789326715.0236,229.101,0.0,0.0,3.14,0.00,12.50,0.000,22.0,22.0,1,0,0,0,0,0,NONE,,RPM:486bd1410c0000d1 TPS:486bd1411108de
1789326715.1649,229.242,0.0,0.0,3.14,0.00,12.50,0.000,22.0,22.0,1,0,0,0,0,0,NONE,,RPM:486bd1410c0000d1 TPS:486bd1411108de
1789326715.3100,229.387,0.0,0.0,3.14,0.00,12.50,0.000,22.0,22.0,1,0,0,0,0,0,NONE,,RPM:486bd1410c0000d1 TPS:486bd1411108de
1789326715.8473,229.925,0.0,0.0,3.14,0.00,12.50,0.000,22.0,22.0,1,0,0,0,0,0,NONE,,RPM:486bd1410c0000d1 TPS:486bd1411108de
1789326715.9801,230.057,0.0,0.0,3.14,0.00,12.50,0.000,22.0,22.0,1,0,0,0,0,0,NONE,,RPM:486bd1410c0000d1 TPS:486bd1411108de
1789326716.1407,230.218,0.0,0.0,3.14,0.00,12.50,0.000,22.0,22.0,1,0,0,0,0,0,NONE,,RPM:486bd1410c0000d1 TPS:486bd1411108de
1789326716.3143,230.392,0.0,0.0,3.14,0.00,12.50,0.000,22.0,22.0,1,0,0,0,0,0,NONE,,RPM:486bd1410c0000d1 TPS:486bd1411108de
1789326716.4588,230.536,0.0,0.0,3.14,0.00,12.50,0.000,22.0,22.0,1,0,0,0,0,0,NONE,,RPM:486bd1410c0000d1 TPS:486bd1411108de
1789326716.6028,230.680,0.0,0.0,3.14,0.00,12.50,0.000,22.0,22.0,1,0,0,0,0,0,NONE,,RPM:486bd1410c0000d1 TPS:486bd1411108de
1789326716.7766,230.854,0.0,0.0,3.14,0.00,12.50,0.000,22.0,22.0,1,0,0,0,0,0,NONE,,RPM:486bd1410c0000d1 TPS:486bd1411108de
1789326716.9238,231.001,0.0,0.0,3.14,0.00,12.50,0.000,22.0,22.0,1,0,0,0,0,0,NONE,,RPM:486bd1410c0000d1 TPS:486bd1411108de
1789326717.4611,231.538,0.0,0.0,3.14,0.00,12.50,0.000,22.0,22.0,1,0,0,0,0,0,NONE,,RPM:486bd1410c0000d1 TPS:486bd1411108de
1789326717.6073,231.685,0.0,0.0,3.14,0.00,12.50,0.000,22.0,22.0,1,0,0,0,0,0,NONE,,RPM:486bd1410c0000d1 TPS:486bd1411108de
1789326717.7638,231.841,0.0,0.0,3.14,0.00,12.50,0.000,22.0,22.0,1,0,0,0,0,0,NONE,,RPM:486bd1410c0000d1 TPS:486bd1411108de
1789326717.9150,231.992,0.0,0.0,3.14,0.00,12.50,0.000,22.0,22.0,1,0,0,0,0,0,NONE,,RPM:486bd1410c0000d1 TPS:486bd1411108de
1789326718.0752,232.153,0.0,0.0,3.14,0.00,12.50,0.000,22.0,22.0,1,0,0,0,0,0,NONE,,RPM:486bd1410c0000d1 TPS:486bd1411108de
1789326718.2307,232.308,0.0,0.0,3.14,0.00,12.50,0.000,22.0,22.0,1,0,0,0,0,0,NONE,,RPM:486bd1410c0000d1 TPS:486bd1411108de
1789326718.3947,232.472,0.0,0.0,3.14,0.00,12.50,0.000,22.0,22.0,1,0,0,0,0,0,NONE,,RPM:486bd1410c0000d1 TPS:486bd1411108de
1789326718.5824,232.660,0.0,0.0,3.14,0.00,12.50,0.000,22.0,22.0,1,0,0,0,0,0,NONE,,RPM:486bd1410c0000d1 TPS:486bd1411108de
1789326719.0900,233.167,0.0,0.0,3.14,0.00,12.50,0.000,22.0,22.0,1,0,0,0,0,0,NONE,,RPM:486bd1410c0000d1 TPS:486bd1411108de
1789326719.2255,233.303,0.0,0.0,3.14,0.00,12.50,0.000,22.0,22.0,1,0,0,0,0,0,NONE,,RPM:486bd1410c0000d1 TPS:486bd1411108de
1789326719.3853,233.463,0.0,0.0,3.14,0.00,12.50,0.000,22.0,22.0,1,0,0,0,0,0,NONE,,RPM:486bd1410c0000d1 TPS:486bd1411108de
1789326719.5419,233.619,0.0,0.0,3.14,0.00,12.50,0.000,22.0,22.0,1,0,0,0,0,0,NONE,,RPM:486bd1410c0000d1 TPS:486bd1411108de
1789326719.7052,233.783,0.0,0.0,3.14,0.00,12.50,0.000,22.0,22.0,1,0,0,0,0,0,NONE,,RPM:486bd1410c0000d1 TPS:486bd1411108de
1789326719.8495,233.927,0.0,0.0,3.14,0.00,12.50,0.000,22.0,22.0,1,0,0,0,0,0,NONE,,RPM:486bd1410c0000d1 TPS:486bd1411108de
1789326719.9943,234.072,0.0,0.0,3.14,0.00,12.50,0.000,22.0,22.0,1,0,0,0,0,0,NONE,,RPM:486bd1410c0000d1 TPS:486bd1411108de
1789326720.1372,234.214,0.0,0.0,3.14,0.00,12.50,0.000,22.0,22.0,1,0,0,0,0,0,NONE,,RPM:486bd1410c0000d1 TPS:486bd1411108de
1789326720.6430,234.720,0.0,0.0,3.14,0.00,12.50,0.000,22.0,22.0,1,0,0,0,0,0,NONE,,RPM:486bd1410c0000d1 TPS:486bd1411108de
1789326720.8026,234.880,0.0,0.0,3.14,0.00,12.50,0.000,22.0,22.0,1,0,0,0,0,0,NONE,,RPM:486bd1410c0000d1 TPS:486bd1411108de
1789326720.9576,235.035,0.0,0.0,3.14,0.00,12.50,0.000,22.0,22.0,1,0,0,0,0,0,NONE,,RPM:486bd1410c0000d1 TPS:486bd1411108de
1789326721.1026,235.180,0.0,0.0,3.14,0.00,12.50,0.000,22.0,22.0,1,0,0,0,0,0,NONE,,RPM:486bd1410c0000d1 TPS:486bd1411108de
1789326721.2377,235.315,0.0,0.0,3.14,0.00,12.50,0.000,22.0,22.0,1,0,0,0,0,0,NONE,,RPM:486bd1410c0000d1 TPS:486bd1411108de
1789326721.3840,235.461,0.0,0.0,3.14,0.00,12.50,0.000,22.0,22.0,1,0,0,0,0,0,NONE,,RPM:486bd1410c0000d1 TPS:486bd1411108de
1789326721.5279,235.605,0.0,0.0,3.14,0.00,12.50,0.000,22.0,22.0,1,0,0,0,0,0,NONE,,RPM:486bd1410c0000d1 TPS:486bd1411108de
1789326721.6800,235.757,0.0,0.0,3.14,0.00,12.50,0.000,22.0,22.0,1,0,0,0,0,0,NONE,,RPM:486bd1410c0000d1 TPS:486bd1411108de
1789326722.1875,236.265,0.0,0.0,3.14,0.00,12.50,0.000,22.0,22.0,1,0,0,0,0,0,NONE,,RPM:486bd1410c0000d1 TPS:486bd1411108de
1789326722.3274,236.405,0.0,0.0,3.14,0.00,12.50,0.000,22.0,22.0,1,0,0,0,0,0,NONE,,RPM:486bd1410c0000d1 TPS:486bd1411108de
1789326722.4708,236.548,0.0,0.0,3.14,0.00,12.50,0.000,22.0,22.0,1,0,0,0,0,0,NONE,,RPM:486bd1410c0000d1 TPS:486bd1411108de
1789326722.6319,236.709,0.0,0.0,3.14,0.00,12.50,0.000,22.0,22.0,1,0,0,0,0,0,NONE,,RPM:486bd1410c0000d1 TPS:486bd1411108de
1789326722.7753,236.853,0.0,0.0,3.14,0.00,12.50,0.000,22.0,22.0,1,0,0,0,0,0,NONE,,RPM:486bd1410c0000d1 TPS:486bd1411108de
1789326722.9386,237.016,0.0,0.0,3.14,0.00,12.50,0.000,22.0,22.0,1,0,0,0,0,0,NONE,,RPM:486bd1410c0000d1 TPS:486bd1411108de
1789326723.0788,237.156,0.0,0.0,3.14,0.00,12.50,0.000,22.0,22.0,1,0,0,0,0,0,NONE,,RPM:486bd1410c0000d1 TPS:486bd1411108de
1789326723.2232,237.300,0.0,0.0,3.14,0.00,12.50,0.000,22.0,22.0,1,0,0,0,0,0,NONE,,RPM:486bd1410c0000d1 TPS:486bd1411108de
1789326723.7181,237.795,0.0,0.0,3.14,0.00,12.50,0.000,22.0,22.0,1,0,0,0,0,0,NONE,,RPM:486bd1410c0000d1 TPS:486bd1411108de
1789326723.8621,237.939,0.0,0.0,3.14,0.00,12.50,0.000,22.0,22.0,1,0,0,0,0,0,NONE,,RPM:486bd1410c0000d1 TPS:486bd1411108de
1789326724.0345,238.112,0.0,0.0,3.14,0.00,12.50,0.000,22.0,22.0,1,0,0,0,0,0,NONE,,RPM:486bd1410c0000d1 TPS:486bd1411108de
1789326724.1825,238.260,0.0,0.0,3.14,0.00,12.50,0.000,22.0,22.0,1,0,0,0,0,0,NONE,,RPM:486bd1410c0000d1 TPS:486bd1411108de
1789326724.3411,238.418,0.0,0.0,3.14,0.00,12.50,0.000,22.0,22.0,1,0,0,0,0,0,NONE,,RPM:486bd1410c0000d1 TPS:486bd1411108de
1789326724.4850,238.562,0.0,0.0,3.14,0.00,12.50,0.000,22.0,22.0,1,0,0,0,0,0,NONE,,RPM:486bd1410c0000d1 TPS:486bd1411108de
1789326724.6450,238.722,0.0,0.0,3.14,0.00,12.50,0.000,22.0,22.0,1,0,0,0,0,0,NONE,,RPM:486bd1410c0000d1 TPS:486bd1411108de
1789326724.8207,238.898,0.0,0.0,3.14,0.00,12.50,0.000,22.0,22.0,1,0,0,0,0,0,NONE,,RPM:486bd1410c0000d1 TPS:486bd1411108de
1789326725.3704,239.448,0.0,0.0,3.14,0.00,12.50,0.000,22.0,22.0,1,0,0,0,0,0,NONE,,RPM:486bd1410c0000d1 TPS:486bd1411108de
1789326725.5080,239.585,0.0,0.0,3.14,0.00,12.50,0.000,22.0,22.0,1,0,0,0,0,0,NONE,,RPM:486bd1410c0000d1 TPS:486bd1411108de
1789326725.6677,239.745,0.0,0.0,3.14,0.00,12.50,0.000,22.0,22.0,1,0,0,0,0,0,NONE,,RPM:486bd1410c0000d1 TPS:486bd1411108de
1789326725.8353,239.913,0.0,0.0,3.14,0.00,12.50,0.000,22.0,22.0,1,0,0,0,0,0,NONE,,RPM:486bd1410c0000d1 TPS:486bd1411108de
1789326725.9878,240.065,0.0,0.0,3.14,0.00,12.50,0.000,22.0,22.0,1,0,0,0,0,0,NONE,,RPM:486bd1410c0000d1 TPS:486bd1411108de
1789326726.1324,240.210,0.0,0.0,3.14,0.00,12.50,0.000,22.0,22.0,1,0,0,0,0,0,NONE,,RPM:486bd1410c0000d1 TPS:486bd1411108de
1789326726.2769,240.354,0.0,0.0,3.14,0.00,12.50,0.000,22.0,22.0,1,0,0,0,0,0,NONE,,RPM:486bd1410c0000d1 TPS:486bd1411108de
1789326726.4309,240.508,0.0,0.0,3.14,0.00,12.50,0.000,22.0,22.0,1,0,0,0,0,0,NONE,,RPM:486bd1410c0000d1 TPS:486bd1411108de
1789326726.9371,241.014,0.0,0.0,3.14,0.00,12.50,0.000,22.0,22.0,1,0,0,0,0,0,NONE,,RPM:486bd1410c0000d1 TPS:486bd1411108de
1789326727.0750,241.152,0.0,0.0,3.14,0.00,12.50,0.000,22.0,22.0,1,0,0,0,0,0,NONE,,RPM:486bd1410c0000d1 TPS:486bd1411108de
1789326727.2192,241.297,0.0,0.0,3.14,0.00,12.50,0.000,22.0,22.0,1,0,0,0,0,0,NONE,,RPM:486bd1410c0000d1 TPS:486bd1411108de
1789326727.3633,241.441,0.0,0.0,3.14,0.00,12.50,0.000,22.0,22.0,1,0,0,0,0,0,NONE,,RPM:486bd1410c0000d1 TPS:486bd1411108de
1789326727.5074,241.585,0.0,0.0,3.14,0.00,12.50,0.000,22.0,22.0,1,0,0,0,0,0,NONE,,RPM:486bd1410c0000d1 TPS:486bd1411108de
1789326727.6681,241.745,0.0,0.0,3.14,0.00,12.50,0.000,22.0,22.0,1,0,0,0,0,0,NONE,,RPM:486bd1410c0000d1 TPS:486bd1411108de
1789326727.8114,241.889,0.0,0.0,3.14,0.00,12.50,0.000,22.0,22.0,1,0,0,0,0,0,NONE,,RPM:486bd1410c0000d1 TPS:486bd1411108de
1789326727.9552,242.032,0.0,0.0,3.14,0.00,12.50,0.000,22.0,22.0,1,0,0,0,0,0,NONE,,RPM:486bd1410c0000d1 TPS:486bd1411108de
1789326728.4943,242.572,0.0,0.0,3.14,0.00,12.50,0.000,22.0,22.0,1,0,0,0,0,0,NONE,,RPM:486bd1410c0000d1 TPS:486bd1411108de
1789326728.6579,242.735,0.0,0.0,3.14,0.00,12.50,0.000,22.0,22.0,1,0,0,0,0,0,NONE,,RPM:486bd1410c0000d1 TPS:486bd1411108de
1789326728.8305,242.908,0.0,0.0,3.14,0.00,12.50,0.000,22.0,22.0,1,0,0,0,0,0,NONE,,RPM:486bd1410c0000d1 TPS:486bd1411108de
1789326728.9772,243.054,0.0,0.0,3.14,0.00,12.50,0.000,22.0,22.0,1,0,0,0,0,0,NONE,,RPM:486bd1410c0000d1 TPS:486bd1411108de
1789326729.1381,243.215,0.0,0.0,3.14,0.00,12.50,0.000,22.0,22.0,1,0,0,0,0,0,NONE,,RPM:486bd1410c0000d1 TPS:486bd1411108de
1789326729.2939,243.371,0.0,0.0,3.14,0.00,12.50,0.000,22.0,22.0,1,0,0,0,0,0,NONE,,RPM:486bd1410c0000d1 TPS:486bd1411108de
1789326729.4414,243.519,0.0,0.0,3.14,0.00,12.50,0.000,22.0,22.0,1,0,0,0,0,0,NONE,,RPM:486bd1410c0000d1 TPS:486bd1411108de
1789326729.6018,243.679,0.0,0.0,3.14,0.00,12.50,0.000,22.0,22.0,1,0,0,0,0,0,NONE,,RPM:486bd1410c0000d1 TPS:486bd1411108de
1789326730.1114,244.189,0.0,0.0,3.14,0.00,12.50,0.000,22.0,22.0,1,0,0,0,0,0,NONE,,RPM:486bd1410c0000d1 TPS:486bd1411108de
1789326730.2932,244.370,0.0,0.0,3.14,0.00,12.50,0.000,22.0,22.0,1,0,0,0,0,0,NONE,,RPM:486bd1410c0000d1 TPS:486bd1411108de
1789326730.4329,244.510,0.0,0.0,3.14,0.00,12.50,0.000,22.0,22.0,1,0,0,0,0,0,NONE,,RPM:486bd1410c0000d1 TPS:486bd1411108de
1789326730.6078,244.685,0.0,0.0,3.14,0.00,12.50,0.000,22.0,22.0,1,0,0,0,0,0,NONE,,RPM:486bd1410c0000d1 TPS:486bd1411108de
1789326730.7608,244.838,0.0,0.0,3.14,0.00,12.50,0.000,22.0,22.0,1,0,0,0,0,0,NONE,,RPM:486bd1410c0000d1 TPS:486bd1411108de
1789326730.9355,245.013,0.0,0.0,3.14,0.00,12.50,0.000,22.0,22.0,1,0,0,0,0,0,NONE,,RPM:486bd1410c0000d1 TPS:486bd1411108de
1789326731.0728,245.150,0.0,0.0,3.14,0.00,12.50,0.000,22.0,22.0,1,0,0,0,0,0,NONE,,RPM:486bd1410c0000d1 TPS:486bd1411108de
1789326731.2162,245.293,0.0,0.0,3.14,0.00,12.50,0.000,22.0,22.0,1,0,0,0,0,0,NONE,,RPM:486bd1410c0000d1 TPS:486bd1411108de
1789326731.7292,245.806,0.0,0.0,3.14,0.00,12.50,0.000,22.0,22.0,1,0,0,0,0,0,NONE,,RPM:486bd1410c0000d1 TPS:486bd1411108de
1789326731.8876,245.965,0.0,0.0,3.14,0.00,12.50,0.000,22.0,22.0,1,0,0,0,0,0,NONE,,RPM:486bd1410c0000d1 TPS:486bd1411108de
1789326732.0475,246.125,0.0,0.0,3.14,0.00,12.50,0.000,22.0,22.0,1,0,0,0,0,0,NONE,,RPM:486bd1410c0000d1 TPS:486bd1411108de
1789326732.2052,246.282,0.0,0.0,3.14,0.00,12.50,0.000,22.0,22.0,1,0,0,0,0,0,NONE,,RPM:486bd1410c0000d1 TPS:486bd1411108de
1789326732.3822,246.459,0.0,0.0,3.14,0.00,12.50,0.000,22.0,22.0,1,0,0,0,0,0,NONE,,RPM:486bd1410c0000d1 TPS:486bd1411108de
1789326732.5273,246.605,0.0,0.0,3.14,0.00,12.50,0.000,22.0,22.0,1,0,0,0,0,0,NONE,,RPM:486bd1410c0000d1 TPS:486bd1411108de
1789326732.6701,246.747,0.0,0.0,3.14,0.00,12.50,0.000,22.0,22.0,1,0,0,0,0,0,NONE,,RPM:486bd1410c0000d1 TPS:486bd1411108de
1789326732.8148,246.892,0.0,0.0,3.14,0.00,12.50,0.000,22.0,22.0,1,0,0,0,0,0,NONE,,RPM:486bd1410c0000d1 TPS:486bd1411108de
1789326733.3037,247.381,0.0,0.0,3.14,0.00,12.50,0.000,22.0,22.0,1,0,0,0,0,0,NONE,,RPM:486bd1410c0000d1 TPS:486bd1411108de
1789326733.4384,247.516,0.0,0.0,3.14,0.00,12.50,0.000,22.0,22.0,1,0,0,0,0,0,NONE,,RPM:486bd1410c0000d1 TPS:486bd1411108de
1789326733.5992,247.677,0.0,0.0,3.14,0.00,12.50,0.000,22.0,22.0,1,0,0,0,0,0,NONE,,RPM:486bd1410c0000d1 TPS:486bd1411108de
1789326733.7531,247.830,0.0,0.0,3.14,0.00,12.50,0.000,22.0,22.0,1,0,0,0,0,0,NONE,,RPM:486bd1410c0000d1 TPS:486bd1411108de
1789326733.9148,247.992,0.0,0.0,3.14,0.00,12.50,0.000,22.0,22.0,1,0,0,0,0,0,NONE,,RPM:486bd1410c0000d1 TPS:486bd1411108de
1789326734.0617,248.139,0.0,0.0,3.14,0.00,12.50,0.000,22.0,22.0,1,0,0,0,0,0,NONE,,RPM:486bd1410c0000d1 TPS:486bd1411108de
1789326734.2375,248.315,0.0,0.0,3.14,0.00,12.50,0.000,22.0,22.0,1,0,0,0,0,0,NONE,,RPM:486bd1410c0000d1 TPS:486bd1411108de
1789326734.3920,248.469,0.0,0.0,3.14,0.00,12.50,0.000,22.0,22.0,1,0,0,0,0,0,NONE,,RPM:486bd1410c0000d1 TPS:486bd1411108de
1789326734.9373,249.015,0.0,0.0,3.14,0.00,12.50,0.000,22.0,22.0,1,0,0,0,0,0,NONE,,RPM:486bd1410c0000d1 TPS:486bd1411108de
1789326735.0855,249.163,0.0,0.0,3.14,0.00,12.50,0.000,22.0,22.0,1,0,0,0,0,0,NONE,,RPM:486bd1410c0000d1 TPS:486bd1411108de
1789326735.2606,249.338,0.0,0.0,3.14,0.00,12.50,0.000,22.0,22.0,1,0,0,0,0,0,NONE,,RPM:486bd1410c0000d1 TPS:486bd1411108de
1789326735.4040,249.481,0.0,0.0,3.14,0.00,12.50,0.000,22.0,22.0,1,0,0,0,0,0,NONE,,RPM:486bd1410c0000d1 TPS:486bd1411108de
1789326735.5818,249.659,0.0,0.0,3.14,0.00,12.50,0.000,22.0,22.0,1,0,0,0,0,0,NONE,,RPM:486bd1410c0000d1 TPS:486bd1411108de
1789326735.7247,249.802,0.0,0.0,3.14,0.00,12.50,0.000,22.0,22.0,1,0,0,0,0,0,NONE,,RPM:486bd1410c0000d1 TPS:486bd1411108de
1789326735.8995,249.977,0.0,0.0,3.14,0.00,12.50,0.000,22.0,22.0,1,0,0,0,0,0,NONE,,RPM:486bd1410c0000d1 TPS:486bd1411108de
1789326736.0598,250.137,0.0,0.0,3.14,0.00,12.50,0.000,22.0,22.0,1,0,0,0,0,0,NONE,,RPM:486bd1410c0000d1 TPS:486bd1411108de
1789326736.6044,250.682,0.0,0.0,3.14,0.00,12.50,0.000,22.0,22.0,1,0,0,0,0,0,NONE,,RPM:486bd1410c0000d1 TPS:486bd1411108de
1789326736.7478,250.825,0.0,0.0,3.14,0.00,12.50,0.000,22.0,22.0,1,0,0,0,0,0,NONE,,RPM:486bd1410c0000d1 TPS:486bd1411108de
1789326736.9226,251.000,0.0,0.0,3.14,0.00,12.50,0.000,22.0,22.0,1,0,0,0,0,0,NONE,,RPM:486bd1410c0000d1 TPS:486bd1411108de
1789326737.0821,251.159,0.0,0.0,3.14,0.00,12.50,0.000,22.0,22.0,1,0,0,0,0,0,NONE,,RPM:486bd1410c0000d1 TPS:486bd1411108de
1789326737.2435,251.321,0.0,0.0,3.14,0.00,12.50,0.000,22.0,22.0,1,0,0,0,0,0,NONE,,RPM:486bd1410c0000d1 TPS:486bd1411108de
1789326737.3869,251.464,0.0,0.0,3.14,0.00,12.50,0.000,22.0,22.0,1,0,0,0,0,0,NONE,,RPM:486bd1410c0000d1 TPS:486bd1411108de
1789326737.5475,251.625,0.0,0.0,3.14,0.00,12.50,0.000,22.0,22.0,1,0,0,0,0,0,NONE,,RPM:486bd1410c0000d1 TPS:486bd1411108de
1789326737.6913,251.769,0.0,0.0,3.14,0.00,12.50,0.000,22.0,22.0,1,0,0,0,0,0,NONE,,RPM:486bd1410c0000d1 TPS:486bd1411108de
1789326738.2132,252.291,0.0,0.0,3.14,0.00,12.50,0.000,22.0,22.0,1,0,0,0,0,0,NONE,,RPM:486bd1410c0000d1 TPS:486bd1411108de
1789326738.3879,252.465,0.0,0.0,3.14,0.00,12.50,0.000,22.0,22.0,1,0,0,0,0,0,NONE,,RPM:486bd1410c0000d1 TPS:486bd1411108de
1789326738.5214,252.599,0.0,0.0,3.14,0.00,12.50,0.000,22.0,22.0,1,0,0,0,0,0,NONE,,RPM:486bd1410c0000d1 TPS:486bd1411108de
1789326738.6667,252.744,0.0,0.0,3.14,0.00,12.50,0.000,22.0,22.0,1,0,0,0,0,0,NONE,,RPM:486bd1410c0000d1 TPS:486bd1411108de
1789326738.8099,252.887,0.0,0.0,3.14,0.00,12.50,0.000,22.0,22.0,1,0,0,0,0,0,NONE,,RPM:486bd1410c0000d1 TPS:486bd1411108de
1789326738.9701,253.047,0.0,0.0,3.14,0.00,12.50,0.000,22.0,22.0,1,0,0,0,0,0,NONE,,RPM:486bd1410c0000d1 TPS:486bd1411108de
1789326739.1218,253.199,0.0,0.0,3.14,0.00,12.50,0.000,22.0,22.0,1,0,0,0,0,0,NONE,,RPM:486bd1410c0000d1 TPS:486bd1411108de
1789326739.2806,253.358,0.0,0.0,3.14,0.00,12.50,0.000,22.0,22.0,1,0,0,0,0,0,NONE,,RPM:486bd1410c0000d1 TPS:486bd1411108de
1789326739.8074,253.885,0.0,0.0,3.14,0.00,12.50,0.000,22.0,22.0,1,0,0,0,0,0,NONE,,RPM:486bd1410c0000d1 TPS:486bd1411108de
1789326739.9454,254.023,0.0,0.0,3.14,0.00,12.50,0.000,22.0,22.0,1,0,0,0,0,0,NONE,,RPM:486bd1410c0000d1 TPS:486bd1411108de
1789326740.0894,254.167,0.0,0.0,3.14,0.00,12.50,0.000,22.0,22.0,1,0,0,0,0,0,NONE,,RPM:486bd1410c0000d1 TPS:486bd1411108de
1789326740.2499,254.327,0.0,0.0,3.14,0.00,12.50,0.000,22.0,22.0,1,0,0,0,0,0,NONE,,RPM:486bd1410c0000d1 TPS:486bd1411108de
1789326740.3934,254.471,0.0,0.0,3.14,0.00,12.50,0.000,22.0,22.0,1,0,0,0,0,0,NONE,,RPM:486bd1410c0000d1 TPS:486bd1411108de
1789326740.5430,254.620,0.0,0.0,3.14,0.00,12.50,0.000,22.0,22.0,1,0,0,0,0,0,NONE,,RPM:486bd1410c0000d1 TPS:486bd1411108de
1789326740.7031,254.780,0.0,0.0,3.14,0.00,12.50,0.000,22.0,22.0,1,0,0,0,0,0,NONE,,RPM:486bd1410c0000d1 TPS:486bd1411108de
1789326740.8409,254.918,0.0,0.0,3.14,0.00,12.50,0.000,22.0,22.0,1,0,0,0,0,0,NONE,,RPM:486bd1410c0000d1 TPS:486bd1411108de
1789326741.3420,255.419,0.0,0.0,3.14,0.00,12.50,0.000,22.0,22.0,1,0,0,0,0,0,NONE,,RPM:486bd1410c0000d1 TPS:486bd1411108de
1789326741.4806,255.558,0.0,0.0,3.14,0.00,12.50,0.000,22.0,22.0,1,0,0,0,0,0,NONE,,RPM:486bd1410c0000d1 TPS:486bd1411108de
1789326741.6241,255.701,0.0,0.0,3.14,0.00,12.50,0.000,22.0,22.0,1,0,0,0,0,0,NONE,,RPM:486bd1410c0000d1 TPS:486bd1411108de
1789326741.7839,255.861,0.0,0.0,3.14,0.00,12.50,0.000,22.0,22.0,1,0,0,0,0,0,NONE,,RPM:486bd1410c0000d1 TPS:486bd1411108de
1789326741.9276,256.005,0.0,0.0,3.14,0.00,12.50,0.000,22.0,22.0,1,0,0,0,0,0,NONE,,RPM:486bd1410c0000d1 TPS:486bd1411108de
1789326742.1054,256.183,0.0,0.0,3.14,0.00,12.50,0.000,22.0,22.0,1,0,0,0,0,0,NONE,,RPM:486bd1410c0000d1 TPS:486bd1411108de
1789326742.2472,256.324,0.0,0.0,3.14,0.00,12.50,0.000,22.0,22.0,1,0,0,0,0,0,NONE,,RPM:486bd1410c0000d1 TPS:486bd1411108de
1789326742.4072,256.484,0.0,0.0,3.14,0.00,12.50,0.000,22.0,22.0,1,0,0,0,0,0,NONE,,RPM:486bd1410c0000d1 TPS:486bd1411108de
1789326742.9344,257.012,0.0,0.0,3.14,0.00,12.50,0.000,22.0,22.0,1,0,0,0,0,0,NONE,,RPM:486bd1410c0000d1 TPS:486bd1411108de
1789326743.0788,257.156,0.0,0.0,3.14,0.00,12.50,0.000,22.0,22.0,1,0,0,0,0,0,NONE,,RPM:486bd1410c0000d1 TPS:486bd1411108de
1789326743.2544,257.332,0.0,0.0,3.14,0.00,12.50,0.000,22.0,22.0,1,0,0,0,0,0,NONE,,RPM:486bd1410c0000d1 TPS:486bd1411108de
1789326743.3989,257.476,0.0,0.0,3.14,0.00,12.50,0.000,22.0,22.0,1,0,0,0,0,0,NONE,,RPM:486bd1410c0000d1 TPS:486bd1411108de
1789326743.5743,257.652,0.0,0.0,3.14,0.00,12.50,0.000,22.0,22.0,1,0,0,0,0,0,NONE,,RPM:486bd1410c0000d1 TPS:486bd1411108de
1789326743.7322,257.809,0.0,0.0,3.14,0.00,12.50,0.000,22.0,22.0,1,0,0,0,0,0,NONE,,RPM:486bd1410c0000d1 TPS:486bd1411108de
1789326743.8920,257.969,0.0,0.0,3.14,0.00,12.50,0.000,22.0,22.0,1,0,0,0,0,0,NONE,,RPM:486bd1410c0000d1 TPS:486bd1411108de
1789326744.0375,258.115,0.0,0.0,3.14,0.00,12.50,0.000,22.0,22.0,1,0,0,0,0,0,NONE,,RPM:486bd1410c0000d1 TPS:486bd1411108de
1789326744.5635,258.641,0.0,0.0,3.14,0.00,12.50,0.000,22.0,22.0,1,0,0,0,0,0,NONE,,RPM:486bd1410c0000d1 TPS:486bd1411108de
1789326744.7251,258.802,0.0,0.0,3.14,0.00,12.50,0.000,22.0,22.0,1,0,0,0,0,0,NONE,,RPM:486bd1410c0000d1 TPS:486bd1411108de
1789326744.8834,258.961,0.0,0.0,3.14,0.00,12.50,0.000,22.0,22.0,1,0,0,0,0,0,NONE,,RPM:486bd1410c0000d1 TPS:486bd1411108de
1789326745.0452,259.122,0.0,0.0,3.14,0.00,12.50,0.000,22.0,22.0,1,0,0,0,0,0,NONE,,RPM:486bd1410c0000d1 TPS:486bd1411108de
1789326745.1893,259.267,0.0,0.0,3.14,0.00,12.50,0.000,22.0,22.0,1,0,0,0,0,0,NONE,,RPM:486bd1410c0000d1 TPS:486bd1411108de
1789326745.3646,259.442,0.0,0.0,3.14,0.00,12.50,0.000,22.0,22.0,1,0,0,0,0,0,NONE,,RPM:486bd1410c0000d1 TPS:486bd1411108de
1789326745.5224,259.600,0.0,0.0,3.14,0.00,12.50,0.000,22.0,22.0,1,0,0,0,0,0,NONE,,RPM:486bd1410c0000d1 TPS:486bd1411108de
1789326745.6839,259.761,0.0,0.0,3.14,0.00,12.50,0.000,22.0,22.0,1,0,0,0,0,0,NONE,,RPM:486bd1410c0000d1 TPS:486bd1411108de
1789326746.1919,260.269,0.0,0.0,3.14,0.00,12.50,0.000,22.0,22.0,1,0,0,0,0,0,NONE,,RPM:486bd1410c0000d1 TPS:486bd1411108de
1789326746.3401,260.417,0.0,0.0,3.14,0.00,12.50,0.000,22.0,22.0,1,0,0,0,0,0,NONE,,RPM:486bd1410c0000d1 TPS:486bd1411108de
1789326746.5162,260.593,0.0,0.0,3.14,0.00,12.50,0.000,22.0,22.0,1,0,0,0,0,0,NONE,,RPM:486bd1410c0000d1 TPS:486bd1411108de
1789326746.6721,260.749,0.0,0.0,3.14,0.00,12.50,0.000,22.0,22.0,1,0,0,0,0,0,NONE,,RPM:486bd1410c0000d1 TPS:486bd1411108de
1789326746.8300,260.907,0.0,0.0,3.14,0.00,12.50,0.000,22.0,22.0,1,0,0,0,0,0,NONE,,RPM:486bd1410c0000d1 TPS:486bd1411108de
1789326746.9797,261.057,0.0,0.0,3.14,0.00,12.50,0.000,22.0,22.0,1,0,0,0,0,0,NONE,,RPM:486bd1410c0000d1 TPS:486bd1411108de
1789326747.1554,261.233,0.0,0.0,3.14,0.00,12.50,0.000,22.0,22.0,1,0,0,0,0,0,NONE,,RPM:486bd1410c0000d1 TPS:486bd1411108de
1789326747.3124,261.390,0.0,0.0,3.14,0.00,12.50,0.000,22.0,22.0,1,0,0,0,0,0,NONE,,RPM:486bd1410c0000d1 TPS:486bd1411108de
1789326747.8545,261.932,0.0,0.0,3.14,0.00,12.50,0.000,22.0,22.0,1,0,0,0,0,0,NONE,,RPM:486bd1410c0000d1 TPS:486bd1411108de
1789326747.9859,262.063,0.0,0.0,3.14,0.00,12.50,0.000,22.0,22.0,1,0,0,0,0,0,NONE,,RPM:486bd1410c0000d1 TPS:486bd1411108de
1789326748.1313,262.209,0.0,0.0,3.14,0.00,12.50,0.000,22.0,22.0,1,0,0,0,0,0,NONE,,RPM:486bd1410c0000d1 TPS:486bd1411108de
1789326748.2908,262.368,0.0,0.0,3.14,0.00,12.50,0.000,22.0,22.0,1,0,0,0,0,0,NONE,,RPM:486bd1410c0000d1 TPS:486bd1411108de
1789326748.4338,262.511,0.0,0.0,3.14,0.00,12.50,0.000,22.0,22.0,1,0,0,0,0,0,NONE,,RPM:486bd1410c0000d1 TPS:486bd1411108de
1789326748.5906,262.668,0.0,0.0,3.14,0.00,12.50,0.000,22.0,22.0,1,0,0,0,0,0,NONE,,RPM:486bd1410c0000d1 TPS:486bd1411108de
1789326748.7531,262.830,0.0,0.0,3.14,0.00,12.50,0.000,22.0,22.0,1,0,0,0,0,0,NONE,,RPM:486bd1410c0000d1 TPS:486bd1411108de
1789326748.8978,262.975,0.0,0.0,3.14,0.00,12.50,0.000,22.0,22.0,1,0,0,0,0,0,NONE,,RPM:486bd1410c0000d1 TPS:486bd1411108de
1789326749.4312,263.508,0.0,0.0,3.14,0.00,12.50,0.000,22.0,22.0,1,0,0,0,0,0,NONE,,RPM:486bd1410c0000d1 TPS:486bd1411108de
1789326749.5858,263.663,0.0,0.0,3.14,0.00,12.50,0.000,22.0,22.0,1,0,0,0,0,0,NONE,,RPM:486bd1410c0000d1 TPS:486bd1411108de
1789326749.7289,263.806,0.0,0.0,3.14,0.00,12.50,0.000,22.0,22.0,1,0,0,0,0,0,NONE,,RPM:486bd1410c0000d1 TPS:486bd1411108de
1789326749.9043,263.982,0.0,0.0,3.14,0.00,12.50,0.000,22.0,22.0,1,0,0,0,0,0,NONE,,RPM:486bd1410c0000d1 TPS:486bd1411108de
1789326750.0480,264.125,0.0,0.0,3.14,0.00,12.50,0.000,22.0,22.0,1,0,0,0,0,0,NONE,,RPM:486bd1410c0000d1 TPS:486bd1411108de
1789326750.2238,264.301,0.0,0.0,3.14,0.00,12.50,0.000,22.0,22.0,1,0,0,0,0,0,NONE,,RPM:486bd1410c0000d1 TPS:486bd1411108de
1789326750.3806,264.458,0.0,0.0,3.14,0.00,12.50,0.000,22.0,22.0,1,0,0,0,0,0,NONE,,RPM:486bd1410c0000d1 TPS:486bd1411108de
1789326750.5476,264.625,0.0,0.0,3.14,0.00,12.50,0.000,22.0,22.0,1,0,0,0,0,0,NONE,,RPM:486bd1410c0000d1 TPS:486bd1411108de
1789326751.0291,265.106,0.0,0.0,3.14,0.00,12.50,0.000,22.0,22.0,1,0,0,0,0,0,NONE,,RPM:486bd1410c0000d1 TPS:486bd1411108de
1789326751.1740,265.251,0.0,0.0,3.14,0.00,12.50,0.000,22.0,22.0,1,0,0,0,0,0,NONE,,RPM:486bd1410c0000d1 TPS:486bd1411108de
1789326751.3358,265.413,0.0,0.0,3.14,0.00,12.50,0.000,22.0,22.0,1,0,0,0,0,0,NONE,,RPM:486bd1410c0000d1 TPS:486bd1411108de
1789326751.4716,265.549,0.0,0.0,3.14,0.00,12.50,0.000,22.0,22.0,1,0,0,0,0,0,NONE,,RPM:486bd1410c0000d1 TPS:486bd1411108de
1789326751.6156,265.693,0.0,0.0,3.14,0.00,12.50,0.000,22.0,22.0,1,0,0,0,0,0,NONE,,RPM:486bd1410c0000d1 TPS:486bd1411108de
1789326751.7603,265.838,0.0,0.0,3.14,0.00,12.50,0.000,22.0,22.0,1,0,0,0,0,0,NONE,,RPM:486bd1410c0000d1 TPS:486bd1411108de
1789326751.9044,265.982,0.0,0.0,3.14,0.00,12.50,0.000,22.0,22.0,1,0,0,0,0,0,NONE,,RPM:486bd1410c0000d1 TPS:486bd1411108de
1789326752.0473,266.125,0.0,0.0,3.14,0.00,12.50,0.000,22.0,22.0,1,0,0,0,0,0,NONE,,RPM:486bd1410c0000d1 TPS:486bd1411108de
1789326752.6223,266.700,0.0,0.0,3.14,0.00,12.50,0.000,22.0,22.0,1,0,0,0,0,0,NONE,,RPM:486bd1410c0000d1 TPS:486bd1411108de
1789326752.7671,266.844,0.0,0.0,3.14,0.00,12.50,0.000,22.0,22.0,1,0,0,0,0,0,NONE,,RPM:486bd1410c0000d1 TPS:486bd1411108de
1789326752.9261,267.003,0.0,0.0,3.14,0.00,12.50,0.000,22.0,22.0,1,0,0,0,0,0,NONE,,RPM:486bd1410c0000d1 TPS:486bd1411108de
1789326753.0696,267.147,0.0,0.0,3.14,0.00,12.50,0.000,22.0,22.0,1,0,0,0,0,0,NONE,,RPM:486bd1410c0000d1 TPS:486bd1411108de
1789326753.2149,267.292,0.0,0.0,3.14,0.00,12.50,0.000,22.0,22.0,1,0,0,0,0,0,NONE,,RPM:486bd1410c0000d1 TPS:486bd1411108de
1789326753.3635,267.441,0.0,0.0,3.14,0.00,12.50,0.000,22.0,22.0,1,0,0,0,0,0,NONE,,RPM:486bd1410c0000d1 TPS:486bd1411108de
1789326753.5213,267.599,0.0,0.0,3.14,0.00,12.50,0.000,22.0,22.0,1,0,0,0,0,0,NONE,,RPM:486bd1410c0000d1 TPS:486bd1411108de
1789326753.6641,267.741,0.0,0.0,3.14,0.00,12.50,0.000,22.0,22.0,1,0,0,0,0,0,NONE,,RPM:486bd1410c0000d1 TPS:486bd1411108de
1789326754.1727,268.250,0.0,0.0,3.14,0.00,12.50,0.000,22.0,22.0,1,0,0,0,0,0,NONE,,RPM:486bd1410c0000d1 TPS:486bd1411108de
1789326754.3168,268.394,0.0,0.0,3.14,0.00,12.50,0.000,22.0,22.0,1,0,0,0,0,0,NONE,,RPM:486bd1410c0000d1 TPS:486bd1411108de
1789326754.4930,268.570,0.0,0.0,3.14,0.00,12.50,0.000,22.0,22.0,1,0,0,0,0,0,NONE,,RPM:486bd1410c0000d1 TPS:486bd1411108de
1789326754.6376,268.715,0.0,0.0,3.14,0.00,12.50,0.000,22.0,22.0,1,0,0,0,0,0,NONE,,RPM:486bd1410c0000d1 TPS:486bd1411108de
1789326754.8134,268.891,0.0,0.0,3.14,0.00,12.50,0.000,22.0,22.0,1,0,0,0,0,0,NONE,,RPM:486bd1410c0000d1 TPS:486bd1411108de
1789326754.9573,269.035,0.0,0.0,3.14,0.00,12.50,0.000,22.0,22.0,1,0,0,0,0,0,NONE,,RPM:486bd1410c0000d1 TPS:486bd1411108de
1789326755.1333,269.211,0.0,0.0,3.14,0.00,12.50,0.000,22.0,22.0,1,0,0,0,0,0,NONE,,RPM:486bd1410c0000d1 TPS:486bd1411108de
1789326755.2766,269.354,0.0,0.0,3.14,0.00,12.50,0.000,22.0,22.0,1,0,0,0,0,0,NONE,,RPM:486bd1410c0000d1 TPS:486bd1411108de
1789326755.8376,269.915,0.0,0.0,3.14,0.00,12.50,0.000,22.0,22.0,1,0,0,0,0,0,NONE,,RPM:486bd1410c0000d1 TPS:486bd1411108de
1789326755.9801,270.057,0.0,0.0,3.14,0.00,12.50,0.000,22.0,22.0,1,0,0,0,0,0,NONE,,RPM:486bd1410c0000d1 TPS:486bd1411108de
1789326756.1402,270.217,0.0,0.0,3.14,0.00,12.50,0.000,22.0,22.0,1,0,0,0,0,0,NONE,,RPM:486bd1410c0000d1 TPS:486bd1411108de
1789326756.2835,270.361,0.0,0.0,3.14,0.00,12.50,0.000,22.0,22.0,1,0,0,0,0,0,NONE,,RPM:486bd1410c0000d1 TPS:486bd1411108de
1789326756.4281,270.505,0.0,0.0,3.14,0.00,12.50,0.000,22.0,22.0,1,0,0,0,0,0,NONE,,RPM:486bd1410c0000d1 TPS:486bd1411108de
1789326756.6021,270.679,0.0,0.0,3.14,0.00,12.50,0.000,22.0,22.0,1,0,0,0,0,0,NONE,,RPM:486bd1410c0000d1 TPS:486bd1411108de
1789326756.7482,270.825,0.0,0.0,3.14,0.00,12.50,0.000,22.0,22.0,1,0,0,0,0,0,NONE,,RPM:486bd1410c0000d1 TPS:486bd1411108de
1789326756.9072,270.984,0.0,0.0,3.14,0.00,12.50,0.000,22.0,22.0,1,0,0,0,0,0,NONE,,RPM:486bd1410c0000d1 TPS:486bd1411108de
1789326757.3989,271.476,0.0,0.0,3.14,0.00,12.50,0.000,22.0,22.0,1,0,0,0,0,0,NONE,,RPM:486bd1410c0000d1 TPS:486bd1411108de
1789326757.5637,271.641,0.0,0.0,3.14,0.00,12.50,0.000,22.0,22.0,1,0,0,0,0,0,NONE,,RPM:486bd1410c0000d1 TPS:486bd1411108de
1789326757.7192,271.796,0.0,0.0,3.14,0.00,12.50,0.000,22.0,22.0,1,0,0,0,0,0,NONE,,RPM:486bd1410c0000d1 TPS:486bd1411108de
1789326757.8821,271.959,0.0,0.0,3.14,0.00,12.50,0.000,22.0,22.0,1,0,0,0,0,0,NONE,,RPM:486bd1410c0000d1 TPS:486bd1411108de
1789326758.0265,272.104,0.0,0.0,3.14,0.00,12.50,0.000,22.0,22.0,1,0,0,0,0,0,NONE,,RPM:486bd1410c0000d1 TPS:486bd1411108de
1789326758.2026,272.280,0.0,0.0,3.14,0.00,12.50,0.000,22.0,22.0,1,0,0,0,0,0,NONE,,RPM:486bd1410c0000d1 TPS:486bd1411108de
1789326758.3585,272.436,0.0,0.0,3.14,0.00,12.50,0.000,22.0,22.0,1,0,0,0,0,0,NONE,,RPM:486bd1410c0000d1 TPS:486bd1411108de
1789326758.5186,272.596,0.0,0.0,3.14,0.00,12.50,0.000,22.0,22.0,1,0,0,0,0,0,NONE,,RPM:486bd1410c0000d1 TPS:486bd1411108de
1789326759.0303,273.108,0.0,0.0,3.14,0.00,12.50,0.000,22.0,22.0,1,0,0,0,0,0,NONE,,RPM:486bd1410c0000d1 TPS:486bd1411108de
1789326759.1607,273.238,0.0,0.0,3.14,0.00,12.50,0.000,22.0,22.0,1,0,0,0,0,0,NONE,,RPM:486bd1410c0000d1 TPS:486bd1411108de
1789326759.3057,273.383,0.0,0.0,3.14,0.00,12.50,0.000,22.0,22.0,1,0,0,0,0,0,NONE,,RPM:486bd1410c0000d1 TPS:486bd1411108de
1789326759.4819,273.559,0.0,0.0,3.14,0.00,12.50,0.000,22.0,22.0,1,0,0,0,0,0,NONE,,RPM:486bd1410c0000d1 TPS:486bd1411108de
1789326759.6359,273.713,0.0,0.0,3.14,0.00,12.50,0.000,22.0,22.0,1,0,0,0,0,0,NONE,,RPM:486bd1410c0000d1 TPS:486bd1411108de
1789326759.8001,273.877,0.0,0.0,3.14,0.00,12.50,0.000,22.0,22.0,1,0,0,0,0,0,NONE,,RPM:486bd1410c0000d1 TPS:486bd1411108de
1789326759.9451,274.022,0.0,0.0,3.14,0.00,12.50,0.000,22.0,22.0,1,0,0,0,0,0,NONE,,RPM:486bd1410c0000d1 TPS:486bd1411108de
1789326760.0891,274.166,0.0,0.0,3.14,0.00,12.50,0.000,22.0,22.0,1,0,0,0,0,0,NONE,,RPM:486bd1410c0000d1 TPS:486bd1411108de
1789326760.5908,274.668,0.0,0.0,3.14,0.00,12.50,0.000,22.0,22.0,1,0,0,0,0,0,NONE,,RPM:486bd1410c0000d1 TPS:486bd1411108de
1789326760.7449,274.822,0.0,0.0,3.14,0.00,12.50,0.000,22.0,22.0,1,0,0,0,0,0,NONE,,RPM:486bd1410c0000d1 TPS:486bd1411108de
1789326760.8888,274.966,0.0,0.0,3.14,0.00,12.50,0.000,22.0,22.0,1,0,0,0,0,0,NONE,,RPM:486bd1410c0000d1 TPS:486bd1411108de
1789326761.0647,275.142,0.0,0.0,3.14,0.00,12.50,0.000,22.0,22.0,1,0,0,0,0,0,NONE,,RPM:486bd1410c0000d1 TPS:486bd1411108de
1789326761.2087,275.286,0.0,0.0,3.14,0.00,12.50,0.000,22.0,22.0,1,0,0,0,0,0,NONE,,RPM:486bd1410c0000d1 TPS:486bd1411108de
1789326761.3519,275.429,0.0,0.0,3.14,0.00,12.50,0.000,22.0,22.0,1,0,0,0,0,0,NONE,,RPM:486bd1410c0000d1 TPS:486bd1411108de
1789326761.4959,275.573,0.0,0.0,3.14,0.00,12.50,0.000,22.0,22.0,1,0,0,0,0,0,NONE,,RPM:486bd1410c0000d1 TPS:486bd1411108de
1789326761.6397,275.717,0.0,0.0,3.14,0.00,12.50,0.000,22.0,22.0,1,0,0,0,0,0,NONE,,RPM:486bd1410c0000d1 TPS:486bd1411108de
1789326762.1673,276.245,0.0,0.0,3.14,0.00,12.50,0.000,22.0,22.0,1,0,0,0,0,0,NONE,,RPM:486bd1410c0000d1 TPS:486bd1411108de
1789326762.3450,276.422,0.0,0.0,3.14,0.00,12.50,0.000,22.0,22.0,1,0,0,0,0,0,NONE,,RPM:486bd1410c0000d1 TPS:486bd1411108de
1789326762.4861,276.563,0.0,0.0,3.14,0.00,12.50,0.000,22.0,22.0,1,0,0,0,0,0,NONE,,RPM:486bd1410c0000d1 TPS:486bd1411108de
1789326762.6466,276.724,0.0,0.0,3.14,0.00,12.50,0.000,22.0,22.0,1,0,0,0,0,0,NONE,,RPM:486bd1410c0000d1 TPS:486bd1411108de
1789326762.7901,276.867,0.0,0.0,3.14,0.00,12.50,0.000,22.0,22.0,1,0,0,0,0,0,NONE,,RPM:486bd1410c0000d1 TPS:486bd1411108de
1789326762.9356,277.013,0.0,0.0,3.14,0.00,12.50,0.000,22.0,22.0,1,0,0,0,0,0,NONE,,RPM:486bd1410c0000d1 TPS:486bd1411108de
1789326763.1119,277.189,0.0,0.0,3.14,0.00,12.50,0.000,22.0,22.0,1,0,0,0,0,0,NONE,,RPM:486bd1410c0000d1 TPS:486bd1411108de
1789326763.2538,277.331,0.0,0.0,3.14,0.00,12.50,0.000,22.0,22.0,1,0,0,0,0,0,NONE,,RPM:486bd1410c0000d1 TPS:486bd1411108de
1789326763.7810,277.858,0.0,0.0,3.14,0.00,12.50,0.000,22.0,22.0,1,0,0,0,0,0,NONE,,RPM:486bd1410c0000d1 TPS:486bd1411108de
1789326763.9416,278.019,0.0,0.0,3.14,0.00,12.50,0.000,22.0,22.0,1,0,0,0,0,0,NONE,,RPM:486bd1410c0000d1 TPS:486bd1411108de
1789326764.0852,278.162,0.0,0.0,3.14,0.00,12.50,0.000,22.0,22.0,1,0,0,0,0,0,NONE,,RPM:486bd1410c0000d1 TPS:486bd1411108de
1789326764.2591,278.336,0.0,0.0,3.14,0.00,12.50,0.000,22.0,22.0,1,0,0,0,0,0,NONE,,RPM:486bd1410c0000d1 TPS:486bd1411108de
1789326764.4062,278.483,0.0,0.0,3.14,0.00,12.50,0.000,22.0,22.0,1,0,0,0,0,0,NONE,,RPM:486bd1410c0000d1 TPS:486bd1411108de
1789326764.5492,278.626,0.0,0.0,3.14,0.00,12.50,0.000,22.0,22.0,1,0,0,0,0,0,NONE,,RPM:486bd1410c0000d1 TPS:486bd1411108de
1789326764.7089,278.786,0.0,0.0,3.14,0.00,12.50,0.000,22.0,22.0,1,0,0,0,0,0,NONE,,RPM:486bd1410c0000d1 TPS:486bd1411108de
1789326764.8529,278.930,0.0,0.0,3.14,0.00,12.50,0.000,22.0,22.0,1,0,0,0,0,0,NONE,,RPM:486bd1410c0000d1 TPS:486bd1411108de
1789326765.3793,279.457,0.0,0.0,3.14,0.00,12.50,0.000,22.0,22.0,1,0,0,0,0,0,NONE,,RPM:486bd1410c0000d1 TPS:486bd1411108de
1789326765.5589,279.636,0.0,0.0,3.14,0.00,12.50,0.000,22.0,22.0,1,0,0,0,0,0,NONE,,RPM:486bd1410c0000d1 TPS:486bd1411108de
1789326765.6999,279.777,0.0,0.0,3.14,0.00,12.50,0.000,22.0,22.0,1,0,0,0,0,0,NONE,,RPM:486bd1410c0000d1 TPS:486bd1411108de
1789326765.8758,279.953,0.0,0.0,3.14,0.00,12.50,0.000,22.0,22.0,1,0,0,0,0,0,NONE,,RPM:486bd1410c0000d1 TPS:486bd1411108de
1789326766.0334,280.111,0.0,0.0,3.14,0.00,12.50,0.000,22.0,22.0,1,0,0,0,0,0,NONE,,RPM:486bd1410c0000d1 TPS:486bd1411108de
1789326766.1929,280.270,0.0,0.0,3.14,0.00,12.50,0.000,22.0,22.0,1,0,0,0,0,0,NONE,,RPM:486bd1410c0000d1 TPS:486bd1411108de
1789326766.3397,280.417,0.0,0.0,3.14,0.00,12.50,0.000,22.0,22.0,1,0,0,0,0,0,NONE,,RPM:486bd1410c0000d1 TPS:486bd1411108de
1789326766.5158,280.593,0.0,0.0,3.14,0.00,12.50,0.000,22.0,22.0,1,0,0,0,0,0,NONE,,RPM:486bd1410c0000d1 TPS:486bd1411108de
1789326767.0359,281.113,0.0,0.0,3.14,0.00,12.50,0.000,22.0,22.0,1,0,0,0,0,0,NONE,,RPM:486bd1410c0000d1 TPS:486bd1411108de
1789326767.1804,281.258,0.0,0.0,3.14,0.00,12.50,0.000,22.0,22.0,1,0,0,0,0,0,NONE,,RPM:486bd1410c0000d1 TPS:486bd1411108de
1789326767.3404,281.418,0.0,0.0,3.14,0.00,12.50,0.000,22.0,22.0,1,0,0,0,0,0,NONE,,RPM:486bd1410c0000d1 TPS:486bd1411108de
1789326767.4748,281.552,0.0,0.0,3.14,0.00,12.50,0.000,22.0,22.0,1,0,0,0,0,0,NONE,,RPM:486bd1410c0000d1 TPS:486bd1411108de
1789326767.6180,281.695,0.0,0.0,3.14,0.00,12.50,0.000,22.0,22.0,1,0,0,0,0,0,NONE,,RPM:486bd1410c0000d1 TPS:486bd1411108de
1789326767.7941,281.871,0.0,0.0,3.14,0.00,12.50,0.000,22.0,22.0,1,0,0,0,0,0,NONE,,RPM:486bd1410c0000d1 TPS:486bd1411108de
1789326767.9468,282.024,0.0,0.0,3.14,0.00,12.50,0.000,22.0,22.0,1,0,0,0,0,0,NONE,,RPM:486bd1410c0000d1 TPS:486bd1411108de
1789326768.1042,282.181,0.0,0.0,3.14,0.00,12.50,0.000,22.0,22.0,1,0,0,0,0,0,NONE,,RPM:486bd1410c0000d1 TPS:486bd1411108de
1789326768.6168,282.694,0.0,0.0,3.14,0.00,12.50,0.000,22.0,22.0,1,0,0,0,0,0,NONE,,RPM:486bd1410c0000d1 TPS:486bd1411108de
1789326768.7539,282.831,0.0,0.0,3.14,0.00,12.50,0.000,22.0,22.0,1,0,0,0,0,0,NONE,,RPM:486bd1410c0000d1 TPS:486bd1411108de
1789326768.8983,282.976,0.0,0.0,3.14,0.00,12.50,0.000,22.0,22.0,1,0,0,0,0,0,NONE,,RPM:486bd1410c0000d1 TPS:486bd1411108de
1789326769.0576,283.135,0.0,0.0,3.14,0.00,12.50,0.000,22.0,22.0,1,0,0,0,0,0,NONE,,RPM:486bd1410c0000d1 TPS:486bd1411108de
1789326769.2018,283.279,0.0,0.0,3.14,0.00,12.50,0.000,22.0,22.0,1,0,0,0,0,0,NONE,,RPM:486bd1410c0000d1 TPS:486bd1411108de
1789326769.3651,283.442,0.0,0.0,3.14,0.00,12.50,0.000,22.0,22.0,1,0,0,0,0,0,NONE,,RPM:486bd1410c0000d1 TPS:486bd1411108de
1789326769.5106,283.588,0.0,0.0,3.14,0.00,12.50,0.000,22.0,22.0,1,0,0,0,0,0,NONE,,RPM:486bd1410c0000d1 TPS:486bd1411108de
1789326769.6498,283.727,0.0,0.0,3.14,0.00,12.50,0.000,22.0,22.0,1,0,0,0,0,0,NONE,,RPM:486bd1410c0000d1 TPS:486bd1411108de
1789326770.1463,284.224,0.0,0.0,3.14,0.00,12.50,0.000,22.0,22.0,1,0,0,0,0,0,NONE,,RPM:486bd1410c0000d1 TPS:486bd1411108de
1789326770.2879,284.365,0.0,0.0,3.14,0.00,12.50,0.000,22.0,22.0,1,0,0,0,0,0,NONE,,RPM:486bd1410c0000d1 TPS:486bd1411108de
1789326770.4642,284.542,0.0,0.0,3.14,0.00,12.50,0.000,22.0,22.0,1,0,0,0,0,0,NONE,,RPM:486bd1410c0000d1 TPS:486bd1411108de
1789326770.6078,284.685,0.0,0.0,3.14,0.00,12.50,0.000,22.0,22.0,1,0,0,0,0,0,NONE,,RPM:486bd1410c0000d1 TPS:486bd1411108de
1789326770.7842,284.862,0.0,0.0,3.14,0.00,12.50,0.000,22.0,22.0,1,0,0,0,0,0,NONE,,RPM:486bd1410c0000d1 TPS:486bd1411108de
1789326770.9311,285.008,0.0,0.0,3.14,0.00,12.50,0.000,22.0,22.0,1,0,0,0,0,0,NONE,,RPM:486bd1410c0000d1 TPS:486bd1411108de
1789326771.0871,285.164,0.0,0.0,3.14,0.00,12.50,0.000,22.0,22.0,1,0,0,0,0,0,NONE,,RPM:486bd1410c0000d1 TPS:486bd1411108de
1789326771.2314,285.309,0.0,0.0,3.14,0.00,12.50,0.000,22.0,22.0,1,0,0,0,0,0,NONE,,RPM:486bd1410c0000d1 TPS:486bd1411108de
1789326771.7580,285.835,0.0,0.0,3.14,0.00,12.50,0.000,22.0,22.0,1,0,0,0,0,0,NONE,,RPM:486bd1410c0000d1 TPS:486bd1411108de
1789326771.9314,286.009,0.0,0.0,3.14,0.00,12.50,0.000,22.0,22.0,1,0,0,0,0,0,NONE,,RPM:486bd1410c0000d1 TPS:486bd1411108de
1789326772.0792,286.156,0.0,0.0,3.14,0.00,12.50,0.000,22.0,22.0,1,0,0,0,0,0,NONE,,RPM:486bd1410c0000d1 TPS:486bd1411108de
1789326772.2384,286.316,0.0,0.0,3.14,0.00,12.50,0.000,22.0,22.0,1,0,0,0,0,0,NONE,,RPM:486bd1410c0000d1 TPS:486bd1411108de
1789326772.3826,286.460,0.0,0.0,3.14,0.00,12.50,0.000,22.0,22.0,1,0,0,0,0,0,NONE,,RPM:486bd1410c0000d1 TPS:486bd1411108de
1789326772.5409,286.618,0.0,0.0,3.14,0.00,12.50,0.000,22.0,22.0,1,0,0,0,0,0,NONE,,RPM:486bd1410c0000d1 TPS:486bd1411108de
1789326772.7013,286.779,0.0,0.0,3.14,0.00,12.50,0.000,22.0,22.0,1,0,0,0,0,0,NONE,,RPM:486bd1410c0000d1 TPS:486bd1411108de
1789326772.8468,286.924,0.0,0.0,3.14,0.00,12.50,0.000,22.0,22.0,1,0,0,0,0,0,NONE,,RPM:486bd1410c0000d1 TPS:486bd1411108de
1789326773.3713,287.449,0.0,0.0,3.14,0.00,12.50,0.000,22.0,22.0,1,0,0,0,0,0,NONE,,RPM:486bd1410c0000d1 TPS:486bd1411108de
1789326773.5338,287.611,0.0,0.0,3.14,0.00,12.50,0.000,22.0,22.0,1,0,0,0,0,0,NONE,,RPM:486bd1410c0000d1 TPS:486bd1411108de
1789326773.6919,287.769,0.0,0.0,3.14,0.00,12.50,0.000,22.0,22.0,1,0,0,0,0,0,NONE,,RPM:486bd1410c0000d1 TPS:486bd1411108de
1789326773.8528,287.930,0.0,0.0,3.14,0.00,12.50,0.000,22.0,22.0,1,0,0,0,0,0,NONE,,RPM:486bd1410c0000d1 TPS:486bd1411108de
1789326773.9980,288.075,0.0,0.0,3.14,0.00,12.50,0.000,22.0,22.0,1,0,0,0,0,0,NONE,,RPM:486bd1410c0000d1 TPS:486bd1411108de
1789326774.1730,288.250,0.0,0.0,3.14,0.00,12.50,0.000,22.0,22.0,1,0,0,0,0,0,NONE,,RPM:486bd1410c0000d1 TPS:486bd1411108de
1789326774.3302,288.408,0.0,0.0,3.14,0.00,12.50,0.000,22.0,22.0,1,0,0,0,0,0,NONE,,RPM:486bd1410c0000d1 TPS:486bd1411108de
1789326774.4870,288.564,0.0,0.0,3.14,0.00,12.50,0.000,22.0,22.0,1,0,0,0,0,0,NONE,,RPM:486bd1410c0000d1 TPS:486bd1411108de
1789326775.0139,289.091,0.0,0.0,3.14,0.00,12.50,0.000,22.0,22.0,1,0,0,0,0,0,NONE,,RPM:486bd1410c0000d1 TPS:486bd1411108de
1789326775.1479,289.225,0.0,0.0,3.14,0.00,12.50,0.000,22.0,22.0,1,0,0,0,0,0,NONE,,RPM:486bd1410c0000d1 TPS:486bd1411108de
1789326775.2923,289.370,0.0,0.0,3.14,0.00,12.50,0.000,22.0,22.0,1,0,0,0,0,0,NONE,,RPM:486bd1410c0000d1 TPS:486bd1411108de
1789326775.4683,289.546,0.0,0.0,3.14,0.00,12.50,0.000,22.0,22.0,1,0,0,0,0,0,NONE,,RPM:486bd1410c0000d1 TPS:486bd1411108de
1789326775.6213,289.699,0.0,0.0,3.14,0.00,12.50,0.000,22.0,22.0,1,0,0,0,0,0,NONE,,RPM:486bd1410c0000d1 TPS:486bd1411108de
1789326775.7883,289.866,0.0,0.0,3.14,0.00,12.50,0.000,22.0,22.0,1,0,0,0,0,0,NONE,,RPM:486bd1410c0000d1 TPS:486bd1411108de
1789326775.9316,290.009,0.0,0.0,3.14,0.00,12.50,0.000,22.0,22.0,1,0,0,0,0,0,NONE,,RPM:486bd1410c0000d1 TPS:486bd1411108de
1789326776.0912,290.169,0.0,0.0,3.14,0.00,12.50,0.000,22.0,22.0,1,0,0,0,0,0,NONE,,RPM:486bd1410c0000d1 TPS:486bd1411108de
1789326776.5756,290.653,0.0,0.0,3.14,0.00,12.50,0.000,22.0,22.0,1,0,0,0,0,0,NONE,,RPM:486bd1410c0000d1 TPS:486bd1411108de
1789326776.7308,290.808,0.0,0.0,3.14,0.00,12.50,0.000,22.0,22.0,1,0,0,0,0,0,NONE,,RPM:486bd1410c0000d1 TPS:486bd1411108de
1789326776.8740,290.951,0.0,0.0,3.14,0.00,12.50,0.000,22.0,22.0,1,0,0,0,0,0,NONE,,RPM:486bd1410c0000d1 TPS:486bd1411108de
1789326777.0539,291.131,0.0,0.0,3.14,0.00,12.50,0.000,22.0,22.0,1,0,0,0,0,0,NONE,,RPM:486bd1410c0000d1 TPS:486bd1411108de
1789326777.1946,291.272,0.0,0.0,3.14,0.00,12.50,0.000,22.0,22.0,1,0,0,0,0,0,NONE,,RPM:486bd1410c0000d1 TPS:486bd1411108de
1789326777.3698,291.447,0.0,0.0,3.14,0.00,12.50,0.000,22.0,22.0,1,0,0,0,0,0,NONE,,RPM:486bd1410c0000d1 TPS:486bd1411108de
1789326777.5273,291.605,0.0,0.0,3.14,0.00,12.50,0.000,22.0,22.0,1,0,0,0,0,0,NONE,,RPM:486bd1410c0000d1 TPS:486bd1411108de
1789326777.6901,291.767,0.0,0.0,3.14,0.00,12.50,0.000,22.0,22.0,1,0,0,0,0,0,NONE,,RPM:486bd1410c0000d1 TPS:486bd1411108de
1789326778.1932,292.270,0.0,0.0,3.14,0.00,12.50,0.000,22.0,22.0,1,0,0,0,0,0,NONE,,RPM:486bd1410c0000d1 TPS:486bd1411108de
1789326778.3294,292.407,0.0,0.0,3.14,0.00,12.50,0.000,22.0,22.0,1,0,0,0,0,0,NONE,,RPM:486bd1410c0000d1 TPS:486bd1411108de
1789326778.4737,292.551,0.0,0.0,3.14,0.00,12.50,0.000,22.0,22.0,1,0,0,0,0,0,NONE,,RPM:486bd1410c0000d1 TPS:486bd1411108de
1789326778.6334,292.711,0.0,0.0,3.14,0.00,12.50,0.000,22.0,22.0,1,0,0,0,0,0,NONE,,RPM:486bd1410c0000d1 TPS:486bd1411108de
1789326778.7768,292.854,0.0,0.0,3.14,0.00,12.50,0.000,22.0,22.0,1,0,0,0,0,0,NONE,,RPM:486bd1410c0000d1 TPS:486bd1411108de
1789326778.9406,293.018,0.0,0.0,3.14,0.00,12.50,0.000,22.0,22.0,1,0,0,0,0,0,NONE,,RPM:486bd1410c0000d1 TPS:486bd1411108de
1789326779.0871,293.164,0.0,0.0,3.14,0.00,12.50,0.000,22.0,22.0,1,0,0,0,0,0,NONE,,RPM:486bd1410c0000d1 TPS:486bd1411108de
1789326779.2243,293.302,0.0,0.0,3.14,0.00,12.50,0.000,22.0,22.0,1,0,0,0,0,0,NONE,,RPM:486bd1410c0000d1 TPS:486bd1411108de
1789326779.7511,293.828,0.0,0.0,3.14,0.00,12.50,0.000,22.0,22.0,1,0,0,0,0,0,NONE,,RPM:486bd1410c0000d1 TPS:486bd1411108de
1789326779.9130,293.990,0.0,0.0,3.14,0.00,12.50,0.000,22.0,22.0,1,0,0,0,0,0,NONE,,RPM:486bd1410c0000d1 TPS:486bd1411108de
1789326780.0675,294.145,0.0,0.0,3.14,0.00,12.50,0.000,22.0,22.0,1,0,0,0,0,0,NONE,,RPM:486bd1410c0000d1 TPS:486bd1411108de
1789326780.2318,294.309,0.0,0.0,3.14,0.00,12.50,0.000,22.0,22.0,1,0,0,0,0,0,NONE,,RPM:486bd1410c0000d1 TPS:486bd1411108de
1789326780.3751,294.452,0.0,0.0,3.14,0.00,12.50,0.000,22.0,22.0,1,0,0,0,0,0,NONE,,RPM:486bd1410c0000d1 TPS:486bd1411108de
1789326780.5360,294.613,0.0,0.0,3.14,0.00,12.50,0.000,22.0,22.0,1,0,0,0,0,0,NONE,,RPM:486bd1410c0000d1 TPS:486bd1411108de
1789326780.6791,294.756,0.0,0.0,3.14,0.00,12.50,0.000,22.0,22.0,1,0,0,0,0,0,NONE,,RPM:486bd1410c0000d1 TPS:486bd1411108de
1789326780.8318,294.909,0.0,0.0,3.14,0.00,12.50,0.000,22.0,22.0,1,0,0,0,0,0,NONE,,RPM:486bd1410c0000d1 TPS:486bd1411108de
1789326781.3892,295.467,0.0,0.0,3.14,0.00,12.50,0.000,22.0,22.0,1,0,0,0,0,0,NONE,,RPM:486bd1410c0000d1 TPS:486bd1411108de
1789326781.5263,295.604,0.0,0.0,3.14,0.00,12.50,0.000,22.0,22.0,1,0,0,0,0,0,NONE,,RPM:486bd1410c0000d1 TPS:486bd1411108de
1789326781.6704,295.748,0.0,0.0,3.14,0.00,12.50,0.000,22.0,22.0,1,0,0,0,0,0,NONE,,RPM:486bd1410c0000d1 TPS:486bd1411108de
1789326781.8466,295.924,0.0,0.0,3.14,0.00,12.50,0.000,22.0,22.0,1,0,0,0,0,0,NONE,,RPM:486bd1410c0000d1 TPS:486bd1411108de
1789326781.9934,296.071,0.0,0.0,3.14,0.00,12.50,0.000,22.0,22.0,1,0,0,0,0,0,NONE,,RPM:486bd1410c0000d1 TPS:486bd1411108de
1789326782.1685,296.246,0.0,0.0,3.14,0.00,12.50,0.000,22.0,22.0,1,0,0,0,0,0,NONE,,RPM:486bd1410c0000d1 TPS:486bd1411108de
1789326782.3100,296.387,0.0,0.0,3.14,0.00,12.50,0.000,22.0,22.0,1,0,0,0,0,0,NONE,,RPM:486bd1410c0000d1 TPS:486bd1411108de
1789326782.4862,296.563,0.0,0.0,3.14,0.00,12.50,0.000,22.0,22.0,1,0,0,0,0,0,NONE,,RPM:486bd1410c0000d1 TPS:486bd1411108de
1789326783.0314,297.109,0.0,0.0,3.14,0.00,12.50,0.000,22.0,22.0,1,0,0,0,0,0,NONE,,RPM:486bd1410c0000d1 TPS:486bd1411108de
1789326783.1914,297.269,0.0,0.0,3.14,0.00,12.50,0.000,22.0,22.0,1,0,0,0,0,0,NONE,,RPM:486bd1410c0000d1 TPS:486bd1411108de
1789326783.3332,297.410,0.0,0.0,3.14,0.00,12.50,0.000,22.0,22.0,1,0,0,0,0,0,NONE,,RPM:486bd1410c0000d1 TPS:486bd1411108de
1789326783.4938,297.571,0.0,0.0,3.14,0.00,12.50,0.000,22.0,22.0,1,0,0,0,0,0,NONE,,RPM:486bd1410c0000d1 TPS:486bd1411108de
1789326783.6373,297.715,0.0,0.0,3.14,0.00,12.50,0.000,22.0,22.0,1,0,0,0,0,0,NONE,,RPM:486bd1410c0000d1 TPS:486bd1411108de
1789326783.7811,297.858,0.0,0.0,3.14,0.00,12.50,0.000,22.0,22.0,1,0,0,0,0,0,NONE,,RPM:486bd1410c0000d1 TPS:486bd1411108de
1789326783.9582,298.035,0.0,0.0,3.14,0.00,12.50,0.000,22.0,22.0,1,0,0,0,0,0,NONE,,RPM:486bd1410c0000d1 TPS:486bd1411108de
1789326784.1010,298.178,0.0,0.0,3.14,0.00,12.50,0.000,22.0,22.0,1,0,0,0,0,0,NONE,,RPM:486bd1410c0000d1 TPS:486bd1411108de
1789326784.6219,298.699,0.0,0.0,3.14,0.00,12.50,0.000,22.0,22.0,1,0,0,0,0,0,NONE,,RPM:486bd1410c0000d1 TPS:486bd1411108de
1789326784.7568,298.834,0.0,0.0,3.14,0.00,12.50,0.000,22.0,22.0,1,0,0,0,0,0,NONE,,RPM:486bd1410c0000d1 TPS:486bd1411108de
1789326784.9005,298.978,0.0,0.0,3.14,0.00,12.50,0.000,22.0,22.0,1,0,0,0,0,0,NONE,,RPM:486bd1410c0000d1 TPS:486bd1411108de
1789326785.0424,299.120,0.0,0.0,3.14,0.00,12.50,0.000,22.0,22.0,1,0,0,0,0,0,NONE,,RPM:486bd1410c0000d1 TPS:486bd1411108de
1789326785.1929,299.270,0.0,0.0,3.14,0.00,12.50,0.000,22.0,22.0,1,0,0,0,0,0,NONE,,RPM:486bd1410c0000d1 TPS:486bd1411108de
1789326785.3324,299.410,0.0,0.0,3.14,0.00,12.50,0.000,22.0,22.0,1,0,0,0,0,0,NONE,,RPM:486bd1410c0000d1 TPS:486bd1411108de
1789326785.4763,299.554,0.0,0.0,3.14,0.00,12.50,0.000,22.0,22.0,1,0,0,0,0,0,NONE,,RPM:486bd1410c0000d1 TPS:486bd1411108de
1789326785.6346,299.712,0.0,0.0,3.14,0.00,12.50,0.000,22.0,22.0,1,0,0,0,0,0,NONE,,RPM:486bd1410c0000d1 TPS:486bd1411108de
1789326786.1288,300.206,0.0,0.0,3.14,0.00,12.50,0.000,22.0,22.0,1,0,0,0,0,0,NONE,,RPM:486bd1410c0000d1 TPS:486bd1411108de
1789326786.2915,300.369,0.0,0.0,3.14,0.00,12.50,0.000,22.0,22.0,1,0,0,0,0,0,NONE,,RPM:486bd1410c0000d1 TPS:486bd1411108de
