timestamp,elapsed_sec,rpm,drpm_dt,tps_pct,dtps_dt,battery_volts,dvolts_dt,coolant_temp_c,air_temp_c,crank_sync,coil_1_fault,coil_2_fault,coil_3_fault,coil_4_fault,tip_over,active_dtcs,trigger_event,raw_hex
1789325990.9684,0.000,0.0,0.0,3.14,0.00,12.50,0.000,22.0,22.0,1,0,0,0,0,0,NONE,,RPM:486bd1410c0000d1 TPS:486bd1411108de
1789325991.4789,0.511,0.0,0.0,3.14,0.00,12.50,0.000,22.0,22.0,1,0,0,0,0,0,NONE,,RPM:486bd1410c0000d1 TPS:486bd1411108de
1789325991.6124,0.644,0.0,0.0,3.14,0.00,12.50,0.000,22.0,22.0,1,0,0,0,0,0,NONE,,RPM:486bd1410c0000d1 TPS:486bd1411108de
1789325991.7566,0.788,0.0,0.0,3.14,0.00,12.50,0.000,22.0,22.0,1,0,0,0,0,0,NONE,,RPM:486bd1410c0000d1 TPS:486bd1411108de
1789325991.9021,0.934,0.0,0.0,3.14,0.00,12.50,0.000,22.0,22.0,1,0,0,0,0,0,NONE,,RPM:486bd1410c0000d1 TPS:486bd1411108de
1789325992.0453,1.077,0.0,0.0,3.14,0.00,12.50,0.000,22.0,22.0,1,0,0,0,0,0,NONE,,RPM:486bd1410c0000d1 TPS:486bd1411108de
1789325992.1887,1.220,0.0,0.0,3.14,0.00,12.50,0.000,22.0,22.0,1,0,0,0,0,0,NONE,,RPM:486bd1410c0000d1 TPS:486bd1411108de
1789325992.3315,1.363,0.0,0.0,3.14,0.00,12.50,0.000,22.0,22.0,1,0,0,0,0,0,NONE,,RPM:486bd1410c0000d1 TPS:486bd1411108de
1789325992.4817,1.513,0.0,0.0,3.14,0.00,12.50,0.000,22.0,22.0,1,0,0,0,0,0,NONE,,RPM:486bd1410c0000d1 TPS:486bd1411108de
1789325993.0012,2.033,0.0,0.0,3.14,0.00,12.50,0.000,22.0,22.0,1,0,0,0,0,0,NONE,,RPM:486bd1410c0000d1 TPS:486bd1411108de
1789325993.1630,2.195,0.0,0.0,3.14,0.00,12.50,0.000,22.0,22.0,1,0,0,0,0,0,NONE,,RPM:486bd1410c0000d1 TPS:486bd1411108de
1789325993.3121,2.344,0.0,0.0,3.14,0.00,12.50,0.000,22.0,22.0,1,0,0,0,0,0,NONE,,RPM:486bd1410c0000d1 TPS:486bd1411108de
1789325993.4510,2.483,0.0,0.0,3.14,0.00,12.50,0.000,22.0,22.0,1,0,0,0,0,0,NONE,,RPM:486bd1410c0000d1 TPS:486bd1411108de
1789325993.6109,2.642,0.0,0.0,3.14,0.00,12.50,0.000,22.0,22.0,1,0,0,0,0,0,NONE,,RPM:486bd1410c0000d1 TPS:486bd1411108de
1789325993.7594,2.791,0.0,0.0,3.14,0.00,12.50,0.000,22.0,22.0,1,0,0,0,0,0,NONE,,RPM:486bd1410c0000d1 TPS:486bd1411108de
1789325993.8982,2.930,0.0,0.0,3.14,0.00,12.50,0.000,22.0,22.0,1,0,0,0,0,0,NONE,,RPM:486bd1410c0000d1 TPS:486bd1411108de
1789325994.0427,3.074,0.0,0.0,3.14,0.00,12.50,0.000,22.0,22.0,1,0,0,0,0,0,NONE,,RPM:486bd1410c0000d1 TPS:486bd1411108de
1789325994.5501,3.582,0.0,0.0,3.14,0.00,12.50,0.000,22.0,22.0,1,0,0,0,0,0,NONE,,RPM:486bd1410c0000d1 TPS:486bd1411108de
1789325994.6999,3.732,0.0,0.0,3.14,0.00,12.50,0.000,22.0,22.0,1,0,0,0,0,0,NONE,,RPM:486bd1410c0000d1 TPS:486bd1411108de
1789325994.8488,3.880,0.0,0.0,3.14,0.00,12.50,0.000,22.0,22.0,1,0,0,0,0,0,NONE,,RPM:486bd1410c0000d1 TPS:486bd1411108de
1789325995.0053,4.037,0.0,0.0,3.14,0.00,12.50,0.000,22.0,22.0,1,0,0,0,0,0,NONE,,RPM:486bd1410c0000d1 TPS:486bd1411108de
1789325995.1458,4.177,0.0,0.0,3.14,0.00,12.50,0.000,22.0,22.0,1,0,0,0,0,0,NONE,,RPM:486bd1410c0000d1 TPS:486bd1411108de
1789325995.3231,4.355,0.0,0.0,3.14,0.00,12.50,0.000,22.0,22.0,1,0,0,0,0,0,NONE,,RPM:486bd1410c0000d1 TPS:486bd1411108de
1789325995.4750,4.507,0.0,0.0,3.14,0.00,12.50,0.000,22.0,22.0,1,0,0,0,0,0,NONE,,RPM:486bd1410c0000d1 TPS:486bd1411108de
1789325995.6257,4.657,0.0,0.0,3.14,0.00,12.50,0.000,22.0,22.0,1,0,0,0,0,0,NONE,,RPM:486bd1410c0000d1 TPS:486bd1411108de
1789325996.1574,5.189,0.0,0.0,3.14,0.00,12.50,0.000,22.0,22.0,1,0,0,0,0,0,NONE,,RPM:486bd1410c0000d1 TPS:486bd1411108de
1789325996.2985,5.330,0.0,0.0,3.14,0.00,12.50,0.000,22.0,22.0,1,0,0,0,0,0,NONE,,RPM:486bd1410c0000d1 TPS:486bd1411108de
1789325996.4420,5.474,0.0,0.0,3.14,0.00,12.50,0.000,22.0,22.0,1,0,0,0,0,0,NONE,,RPM:486bd1410c0000d1 TPS:486bd1411108de
1789325996.6016,5.633,0.0,0.0,3.14,0.00,12.50,0.000,22.0,22.0,1,0,0,0,0,0,NONE,,RPM:486bd1410c0000d1 TPS:486bd1411108de
1789325996.7612,5.793,0.0,0.0,3.14,0.00,12.50,0.000,22.0,22.0,1,0,0,0,0,0,NONE,,RPM:486bd1410c0000d1 TPS:486bd1411108de
1789325996.9121,5.944,0.0,0.0,3.14,0.00,12.50,0.000,22.0,22.0,1,0,0,0,0,0,NONE,,RPM:486bd1410c0000d1 TPS:486bd1411108de
1789325997.0593,6.091,0.0,0.0,3.14,0.00,12.50,0.000,22.0,22.0,1,0,0,0,0,0,NONE,,RPM:486bd1410c0000d1 TPS:486bd1411108de
1789325997.2074,6.239,0.0,0.0,3.14,0.00,12.50,0.000,22.0,22.0,1,0,0,0,0,0,NONE,,RPM:486bd1410c0000d1 TPS:486bd1411108de
1789325997.7300,6.762,0.0,0.0,3.14,0.00,12.50,0.000,22.0,22.0,1,0,0,0,0,0,NONE,,RPM:486bd1410c0000d1 TPS:486bd1411108de
1789325997.8652,6.897,0.0,0.0,3.14,0.00,12.50,0.000,22.0,22.0,1,0,0,0,0,0,NONE,,RPM:486bd1410c0000d1 TPS:486bd1411108de
1789325998.0212,7.053,0.0,0.0,3.14,0.00,12.50,0.000,22.0,22.0,1,0,0,0,0,0,NONE,,RPM:486bd1410c0000d1 TPS:486bd1411108de
1789325998.1674,7.199,0.0,0.0,3.14,0.00,12.50,0.000,22.0,22.0,1,0,0,0,0,0,NONE,,RPM:486bd1410c0000d1 TPS:486bd1411108de
1789325998.3120,7.344,0.0,0.0,3.14,0.00,12.50,0.000,22.0,22.0,1,0,0,0,0,0,NONE,,RPM:486bd1410c0000d1 TPS:486bd1411108de
1789325998.4556,7.487,0.0,0.0,3.14,0.00,12.50,0.000,22.0,22.0,1,0,0,0,0,0,NONE,,RPM:486bd1410c0000d1 TPS:486bd1411108de
1789325998.6103,7.642,0.0,0.0,3.14,0.00,12.50,0.000,22.0,22.0,1,0,0,0,0,0,NONE,,RPM:486bd1410c0000d1 TPS:486bd1411108de
1789325998.7581,7.790,0.0,0.0,3.14,0.00,12.50,0.000,22.0,22.0,1,0,0,0,0,0,NONE,,RPM:486bd1410c0000d1 TPS:486bd1411108de
1789325999.2683,8.300,0.0,0.0,3.14,0.00,12.50,0.000,22.0,22.0,1,0,0,0,0,0,NONE,,RPM:486bd1410c0000d1 TPS:486bd1411108de
1789325999.4148,8.446,0.0,0.0,3.14,0.00,12.50,0.000,22.0,22.0,1,0,0,0,0,0,NONE,,RPM:486bd1410c0000d1 TPS:486bd1411108de
1789325999.5755,8.607,0.0,0.0,3.14,0.00,12.50,0.000,22.0,22.0,1,0,0,0,0,0,NONE,,RPM:486bd1410c0000d1 TPS:486bd1411108de
1789325999.7203,8.752,0.0,0.0,3.14,0.00,12.50,0.000,22.0,22.0,1,0,0,0,0,0,NONE,,RPM:486bd1410c0000d1 TPS:486bd1411108de
1789325999.8802,8.912,0.0,0.0,3.14,0.00,12.50,0.000,22.0,22.0,1,0,0,0,0,0,NONE,,RPM:486bd1410c0000d1 TPS:486bd1411108de
1789326000.0496,9.081,0.0,0.0,3.14,0.00,12.50,0.000,22.0,22.0,1,0,0,0,0,0,NONE,,RPM:486bd1410c0000d1 TPS:486bd1411108de
1789326000.1812,9.213,0.0,0.0,3.14,0.00,12.50,0.000,22.0,22.0,1,0,0,0,0,0,NONE,,RPM:486bd1410c0000d1 TPS:486bd1411108de
1789326000.3253,9.357,0.0,0.0,3.14,0.00,12.50,0.000,22.0,22.0,1,0,0,0,0,0,NONE,,RPM:486bd1410c0000d1 TPS:486bd1411108de
1789326000.8229,9.854,0.0,0.0,3.14,0.00,12.50,0.000,22.0,22.0,1,0,0,0,0,0,NONE,,RPM:486bd1410c0000d1 TPS:486bd1411108de
1789326000.9713,10.003,0.0,0.0,3.14,0.00,12.50,0.000,22.0,22.0,1,0,0,0,0,0,NONE,,RPM:486bd1410c0000d1 TPS:486bd1411108de
1789326001.1250,10.157,0.0,0.0,3.14,0.00,12.50,0.000,22.0,22.0,1,0,0,0,0,0,NONE,,RPM:486bd1410c0000d1 TPS:486bd1411108de
1789326001.2859,10.318,0.0,0.0,3.14,0.00,12.50,0.000,22.0,22.0,1,0,0,0,0,0,NONE,,RPM:486bd1410c0000d1 TPS:486bd1411108de
1789326001.4440,10.476,0.0,0.0,3.14,0.00,12.50,0.000,22.0,22.0,1,0,0,0,0,0,NONE,,RPM:486bd1410c0000d1 TPS:486bd1411108de
1789326001.5890,10.621,0.0,0.0,3.14,0.00,12.50,0.000,22.0,22.0,1,0,0,0,0,0,NONE,,RPM:486bd1410c0000d1 TPS:486bd1411108de
1789326001.7332,10.765,0.0,0.0,3.14,0.00,12.50,0.000,22.0,22.0,1,0,0,0,0,0,NONE,,RPM:486bd1410c0000d1 TPS:486bd1411108de
1789326001.8902,10.922,0.0,0.0,3.14,0.00,12.50,0.000,22.0,22.0,1,0,0,0,0,0,NONE,,RPM:486bd1410c0000d1 TPS:486bd1411108de
1789326002.3688,11.400,0.0,0.0,3.14,0.00,12.50,0.000,22.0,22.0,1,0,0,0,0,0,NONE,,RPM:486bd1410c0000d1 TPS:486bd1411108de
1789326002.5241,11.556,0.0,0.0,3.14,0.00,12.50,0.000,22.0,22.0,1,0,0,0,0,0,NONE,,RPM:486bd1410c0000d1 TPS:486bd1411108de
1789326002.6597,11.691,0.0,0.0,3.14,0.00,12.50,0.000,22.0,22.0,1,0,0,0,0,0,NONE,,RPM:486bd1410c0000d1 TPS:486bd1411108de
1789326002.8214,11.853,0.0,0.0,3.14,0.00,12.50,0.000,22.0,22.0,1,0,0,0,0,0,NONE,,RPM:486bd1410c0000d1 TPS:486bd1411108de
1789326002.9952,12.027,0.0,0.0,3.14,0.00,12.50,0.000,22.0,22.0,1,0,0,0,0,0,NONE,,RPM:486bd1410c0000d1 TPS:486bd1411108de
1789326003.1404,12.172,0.0,0.0,3.14,0.00,12.50,0.000,22.0,22.0,1,0,0,0,0,0,NONE,,RPM:486bd1410c0000d1 TPS:486bd1411108de
1789326003.3006,12.332,0.0,0.0,3.14,0.00,12.50,0.000,22.0,22.0,1,0,0,0,0,0,NONE,,RPM:486bd1410c0000d1 TPS:486bd1411108de
1789326003.4509,12.483,0.0,0.0,3.14,0.00,12.50,0.000,22.0,22.0,1,0,0,0,0,0,NONE,,RPM:486bd1410c0000d1 TPS:486bd1411108de
1789326003.9531,12.985,0.0,0.0,3.14,0.00,12.50,0.000,22.0,22.0,1,0,0,0,0,0,NONE,,RPM:486bd1410c0000d1 TPS:486bd1411108de
1789326004.1155,13.147,0.0,0.0,3.14,0.00,12.50,0.000,22.0,22.0,1,0,0,0,0,0,NONE,,RPM:486bd1410c0000d1 TPS:486bd1411108de
1789326004.2593,13.291,0.0,0.0,3.14,0.00,12.50,0.000,22.0,22.0,1,0,0,0,0,0,NONE,,RPM:486bd1410c0000d1 TPS:486bd1411108de
1789326004.4170,13.449,0.0,0.0,3.14,0.00,12.50,0.000,22.0,22.0,1,0,0,0,0,0,NONE,,RPM:486bd1410c0000d1 TPS:486bd1411108de
1789326004.5636,13.595,0.0,0.0,3.14,0.00,12.50,0.000,22.0,22.0,1,0,0,0,0,0,NONE,,RPM:486bd1410c0000d1 TPS:486bd1411108de
1789326004.7231,13.755,0.0,0.0,10.59,46.70,12.50,0.000,22.0,22.0,1,0,0,0,0,0,NONE,,RPM:486bd1410c0000d1 TPS:486bd141111bf1
1789326004.8816,13.913,0.0,0.0,16.08,34.64,12.50,0.000,22.0,22.0,1,0,0,0,0,0,NONE,,RPM:486bd1410c0000d1 TPS:486bd1411129ff
1789326005.0287,14.060,0.0,0.0,16.08,0.00,12.50,0.000,22.0,22.0,1,0,0,0,0,0,NONE,,RPM:486bd1410c0000d1 TPS:486bd1411129ff
1789326005.5483,14.580,0.0,0.0,47.84,61.12,12.50,0.000,22.0,22.0,1,0,0,0,0,0,NONE,,RPM:486bd1410c0000d1 TPS:486bd141117a50
1789326005.7063,14.738,0.0,0.0,55.69,49.67,12.50,0.000,22.0,22.0,1,0,0,0,0,0,NONE,,RPM:486bd1410c0000d1 TPS:486bd141118e64
1789326005.8599,14.892,0.0,0.0,58.82,20.42,12.50,0.000,22.0,22.0,1,0,0,0,0,0,NONE,,RPM:486bd1410c0000d1 TPS:486bd14111966c
1789326006.0016,15.033,0.0,0.0,60.39,11.07,12.50,0.000,22.0,22.0,1,0,0,0,0,0,NONE,,RPM:486bd1410c0000d1 TPS:486bd141119a70
1789326006.1630,15.195,0.0,0.0,54.12,-38.87,12.50,0.000,22.0,22.0,1,0,0,0,0,0,NONE,,RPM:486bd1410c0000d1 TPS:486bd141118a60
1789326006.3322,15.364,0.0,0.0,3.53,-298.98,12.50,0.000,22.0,22.0,1,0,0,0,0,0,NONE,,RPM:486bd1410c0000d1 TPS:486bd1411109df
1789326006.4814,15.513,0.0,0.0,3.14,-2.63,12.50,0.000,22.0,22.0,1,0,0,0,0,0,NONE,,RPM:486bd1410c0000d1 TPS:486bd1411108de
1789326006.6420,15.674,0.0,0.0,3.14,0.00,12.50,0.000,22.0,22.0,1,0,0,0,0,0,NONE,,RPM:486bd1410c0000d1 TPS:486bd1411108de
1789326007.1728,16.204,0.0,0.0,78.04,141.13,12.50,0.000,22.0,22.0,1,0,0,0,0,0,NONE,,RPM:486bd1410c0000d1 TPS:486bd14111c79d
1789326007.3138,16.345,0.0,0.0,81.18,22.25,12.50,0.000,22.0,22.0,1,0,0,0,0,0,NONE,,RPM:486bd1410c0000d1 TPS:486bd14111cfa5
1789326007.4572,16.489,0.0,0.0,81.18,0.00,12.50,0.000,22.0,22.0,1,0,0,0,0,0,NONE,,RPM:486bd1410c0000d1 TPS:486bd14111cfa5
1789326007.6090,16.641,0.0,0.0,81.18,0.00,12.50,0.000,22.0,22.0,1,0,0,0,0,0,NONE,,RPM:486bd1410c0000d1 TPS:486bd14111cfa5
1789326007.7706,16.802,0.0,0.0,81.18,0.00,12.50,0.000,22.0,22.0,1,0,0,0,0,0,NONE,,RPM:486bd1410c0000d1 TPS:486bd14111cfa5
1789326007.9376,16.969,0.0,0.0,81.18,0.00,12.50,0.000,22.0,22.0,1,0,0,0,0,0,NONE,,RPM:486bd1410c0000d1 TPS:486bd14111cfa5
1789326008.0872,17.119,0.0,0.0,81.18,0.00,12.50,0.000,22.0,22.0,1,0,0,0,0,0,NONE,,RPM:486bd1410c0000d1 TPS:486bd14111cfa5
1789326008.2404,17.272,0.0,0.0,81.18,0.00,12.50,0.000,22.0,22.0,1,0,0,0,0,0,NONE,,RPM:486bd1410c0000d1 TPS:486bd14111cfa5
1789326008.7388,17.770,0.0,0.0,3.14,-156.55,12.50,0.000,22.0,22.0,1,0,0,0,0,0,NONE,,RPM:486bd1410c0000d1 TPS:486bd1411108de
1789326008.9063,17.938,0.0,0.0,3.14,0.00,12.50,0.000,22.0,22.0,1,0,0,0,0,0,NONE,,RPM:486bd1410c0000d1 TPS:486bd1411108de
1789326009.0890,18.121,0.0,0.0,3.14,0.00,12.50,0.000,22.0,22.0,1,0,0,0,0,0,NONE,,RPM:486bd1410c0000d1 TPS:486bd1411108de
1789326009.2309,18.263,0.0,0.0,3.14,0.00,12.50,0.000,22.0,22.0,1,0,0,0,0,0,NONE,,RPM:486bd1410c0000d1 TPS:486bd1411108de
1789326009.3759,18.408,0.0,0.0,3.14,0.00,12.50,0.000,22.0,22.0,1,0,0,0,0,0,NONE,,RPM:486bd1410c0000d1 TPS:486bd1411108de
1789326009.5528,18.584,0.0,0.0,3.14,0.00,12.50,0.000,22.0,22.0,1,0,0,0,0,0,NONE,,RPM:486bd1410c0000d1 TPS:486bd1411108de
1789326009.6953,18.727,0.0,0.0,3.14,0.00,12.50,0.000,22.0,22.0,1,0,0,0,0,0,NONE,,RPM:486bd1410c0000d1 TPS:486bd1411108de
1789326009.8558,18.887,0.0,0.0,3.14,0.00,12.50,0.000,22.0,22.0,1,0,0,0,0,0,NONE,,RPM:486bd1410c0000d1 TPS:486bd1411108de
1789326010.3795,19.411,0.0,0.0,3.14,0.00,12.50,0.000,22.0,22.0,1,0,0,0,0,0,NONE,,RPM:486bd1410c0000d1 TPS:486bd1411108de
1789326010.5279,19.560,0.0,0.0,3.14,0.00,12.50,0.000,22.0,22.0,1,0,0,0,0,0,NONE,,RPM:486bd1410c0000d1 TPS:486bd1411108de
1789326010.6717,19.703,0.0,0.0,3.14,0.00,12.50,0.000,22.0,22.0,1,0,0,0,0,0,NONE,,RPM:486bd1410c0000d1 TPS:486bd1411108de
1789326010.8247,19.856,0.0,0.0,3.14,0.00,12.50,0.000,22.0,22.0,1,0,0,0,0,0,NONE,,RPM:486bd1410c0000d1 TPS:486bd1411108de
1789326010.9770,20.009,0.0,0.0,3.14,0.00,12.50,0.000,22.0,22.0,1,0,0,0,0,0,NONE,,RPM:486bd1410c0000d1 TPS:486bd1411108de
1789326011.1190,20.151,0.0,0.0,3.14,0.00,12.50,0.000,22.0,22.0,1,0,0,0,0,0,NONE,,RPM:486bd1410c0000d1 TPS:486bd1411108de
1789326011.2794,20.311,0.0,0.0,3.14,0.00,12.50,0.000,22.0,22.0,1,0,0,0,0,0,NONE,,RPM:486bd1410c0000d1 TPS:486bd1411108de
1789326011.4513,20.483,0.0,0.0,3.14,0.00,12.50,0.000,22.0,22.0,1,0,0,0,0,0,NONE,,RPM:486bd1410c0000d1 TPS:486bd1411108de
1789326011.9589,20.990,0.0,0.0,3.14,0.00,12.50,0.000,22.0,22.0,1,0,0,0,0,0,NONE,,RPM:486bd1410c0000d1 TPS:486bd1411108de
1789326012.0941,21.126,0.0,0.0,3.14,0.00,12.50,0.000,22.0,22.0,1,0,0,0,0,0,NONE,,RPM:486bd1410c0000d1 TPS:486bd1411108de
1789326012.2696,21.301,0.0,0.0,3.14,0.00,12.50,0.000,22.0,22.0,1,0,0,0,0,0,NONE,,RPM:486bd1410c0000d1 TPS:486bd1411108de
1789326012.4297,21.461,0.0,0.0,3.14,0.00,12.50,0.000,22.0,22.0,1,0,0,0,0,0,NONE,,RPM:486bd1410c0000d1 TPS:486bd1411108de
1789326012.5901,21.622,0.0,0.0,3.14,0.00,12.50,0.000,22.0,22.0,1,0,0,0,0,0,NONE,,RPM:486bd1410c0000d1 TPS:486bd1411108de
1789326012.7633,21.795,0.0,0.0,3.14,0.00,12.50,0.000,22.0,22.0,1,0,0,0,0,0,NONE,,RPM:486bd1410c0000d1 TPS:486bd1411108de
1789326012.9088,21.940,0.0,0.0,3.14,0.00,12.50,0.000,22.0,22.0,1,0,0,0,0,0,NONE,,RPM:486bd1410c0000d1 TPS:486bd1411108de
1789326013.0866,22.118,0.0,0.0,3.14,0.00,12.50,0.000,22.0,22.0,1,0,0,0,0,0,NONE,,RPM:486bd1410c0000d1 TPS:486bd1411108de
1789326013.5840,22.616,0.0,0.0,3.14,0.00,12.50,0.000,22.0,22.0,1,0,0,0,0,0,NONE,,RPM:486bd1410c0000d1 TPS:486bd1411108de
1789326013.7242,22.756,0.0,0.0,3.14,0.00,12.50,0.000,22.0,22.0,1,0,0,0,0,0,NONE,,RPM:486bd1410c0000d1 TPS:486bd1411108de
1789326013.8849,22.916,0.0,0.0,3.14,0.00,12.50,0.000,22.0,22.0,1,0,0,0,0,0,NONE,,RPM:486bd1410c0000d1 TPS:486bd1411108de
1789326014.0407,23.072,0.0,0.0,3.14,0.00,12.50,0.000,22.0,22.0,1,0,0,0,0,0,NONE,,RPM:486bd1410c0000d1 TPS:486bd1411108de
1789326014.1775,23.209,0.0,0.0,3.14,0.00,12.50,0.000,22.0,22.0,1,0,0,0,0,0,NONE,,RPM:486bd1410c0000d1 TPS:486bd1411108de
1789326014.3164,23.348,0.0,0.0,3.14,0.00,12.50,0.000,22.0,22.0,1,0,0,0,0,0,NONE,,RPM:486bd1410c0000d1 TPS:486bd1411108de
1789326014.4597,23.491,0.0,0.0,3.14,0.00,12.50,0.000,22.0,22.0,1,0,0,0,0,0,NONE,,RPM:486bd1410c0000d1 TPS:486bd1411108de
1789326014.6033,23.635,0.0,0.0,3.14,0.00,12.50,0.000,22.0,22.0,1,0,0,0,0,0,NONE,,RPM:486bd1410c0000d1 TPS:486bd1411108de
1789326015.1167,24.148,0.0,0.0,3.14,0.00,12.50,0.000,22.0,22.0,1,0,0,0,0,0,NONE,,RPM:486bd1410c0000d1 TPS:486bd1411108de
1789326015.2596,24.291,0.0,0.0,3.14,0.00,12.50,0.000,22.0,22.0,1,0,0,0,0,0,NONE,,RPM:486bd1410c0000d1 TPS:486bd1411108de
1789326015.4023,24.434,0.0,0.0,3.14,0.00,12.50,0.000,22.0,22.0,1,0,0,0,0,0,NONE,,RPM:486bd1410c0000d1 TPS:486bd1411108de
1789326015.5640,24.596,0.0,0.0,3.14,0.00,12.50,0.000,22.0,22.0,1,0,0,0,0,0,NONE,,RPM:486bd1410c0000d1 TPS:486bd1411108de
1789326015.7055,24.737,0.0,0.0,3.14,0.00,12.50,0.000,22.0,22.0,1,0,0,0,0,0,NONE,,RPM:486bd1410c0000d1 TPS:486bd1411108de
1789326015.8501,24.882,0.0,0.0,3.14,0.00,12.50,0.000,22.0,22.0,1,0,0,0,0,0,NONE,,RPM:486bd1410c0000d1 TPS:486bd1411108de
1789326016.0014,25.033,0.0,0.0,3.14,0.00,12.50,0.000,22.0,22.0,1,0,0,0,0,0,NONE,,RPM:486bd1410c0000d1 TPS:486bd1411108de
1789326016.1384,25.170,0.0,0.0,3.14,0.00,12.50,0.000,22.0,22.0,1,0,0,0,0,0,NONE,,RPM:486bd1410c0000d1 TPS:486bd1411108de
1789326016.6745,25.706,0.0,0.0,3.14,0.00,12.50,0.000,22.0,22.0,1,0,0,0,0,0,NONE,,RPM:486bd1410c0000d1 TPS:486bd1411108de
1789326016.8284,25.860,0.0,0.0,3.14,0.00,12.50,0.000,22.0,22.0,1,0,0,0,0,0,NONE,,RPM:486bd1410c0000d1 TPS:486bd1411108de
1789326016.9704,26.002,0.0,0.0,3.14,0.00,12.50,0.000,22.0,22.0,1,0,0,0,0,0,NONE,,RPM:486bd1410c0000d1 TPS:486bd1411108de
1789326017.1303,26.162,0.0,0.0,3.14,0.00,12.50,0.000,22.0,22.0,1,0,0,0,0,0,NONE,,RPM:486bd1410c0000d1 TPS:486bd1411108de
1789326017.3028,26.334,0.0,0.0,3.14,0.00,12.50,0.000,22.0,22.0,1,0,0,0,0,0,NONE,,RPM:486bd1410c0000d1 TPS:486bd1411108de
1789326017.4493,26.481,0.0,0.0,3.14,0.00,12.50,0.000,22.0,22.0,1,0,0,0,0,0,NONE,,RPM:486bd1410c0000d1 TPS:486bd1411108de
1789326017.5939,26.626,0.0,0.0,3.14,0.00,12.50,0.000,22.0,22.0,1,0,0,0,0,0,NONE,,RPM:486bd1410c0000d1 TPS:486bd1411108de
1789326017.7545,26.786,0.0,0.0,3.14,0.00,12.50,0.000,22.0,22.0,1,0,0,0,0,0,NONE,,RPM:486bd1410c0000d1 TPS:486bd1411108de
1789326018.2843,27.316,0.0,0.0,3.14,0.00,12.50,0.000,22.0,22.0,1,0,0,0,0,0,NONE,,RPM:486bd1410c0000d1 TPS:486bd1411108de
1789326018.4253,27.457,0.0,0.0,3.14,0.00,12.50,0.000,22.0,22.0,1,0,0,0,0,0,NONE,,RPM:486bd1410c0000d1 TPS:486bd1411108de
1789326018.5842,27.616,0.0,0.0,3.14,0.00,12.50,0.000,22.0,22.0,1,0,0,0,0,0,NONE,,RPM:486bd1410c0000d1 TPS:486bd1411108de
1789326018.7287,27.760,0.0,0.0,3.14,0.00,12.50,0.000,22.0,22.0,1,0,0,0,0,0,NONE,,RPM:486bd1410c0000d1 TPS:486bd1411108de
1789326018.8849,27.916,0.0,0.0,3.14,0.00,12.50,0.000,22.0,22.0,1,0,0,0,0,0,NONE,,RPM:486bd1410c0000d1 TPS:486bd1411108de
1789326019.0170,28.049,0.0,0.0,3.14,0.00,12.50,0.000,22.0,22.0,1,0,0,0,0,0,NONE,,RPM:486bd1410c0000d1 TPS:486bd1411108de
1789326019.1766,28.208,0.0,0.0,3.14,0.00,12.50,0.000,22.0,22.0,1,0,0,0,0,0,NONE,,RPM:486bd1410c0000d1 TPS:486bd1411108de
1789326019.3534,28.385,0.0,0.0,3.14,0.00,12.50,0.000,22.0,22.0,1,0,0,0,0,0,NONE,,RPM:486bd1410c0000d1 TPS:486bd1411108de
1789326019.8618,28.893,0.0,0.0,3.14,0.00,12.50,0.000,22.0,22.0,1,0,0,0,0,0,NONE,,RPM:486bd1410c0000d1 TPS:486bd1411108de
1789326020.0077,29.039,0.0,0.0,3.14,0.00,12.50,0.000,22.0,22.0,1,0,0,0,0,0,NONE,,RPM:486bd1410c0000d1 TPS:486bd1411108de
1789326020.1674,29.199,0.0,0.0,3.14,0.00,12.50,0.000,22.0,22.0,1,0,0,0,0,0,NONE,,RPM:486bd1410c0000d1 TPS:486bd1411108de
1789326020.3413,29.373,0.0,0.0,3.14,0.00,12.50,0.000,22.0,22.0,1,0,0,0,0,0,NONE,,RPM:486bd1410c0000d1 TPS:486bd1411108de
1789326020.4871,29.519,0.0,0.0,3.14,0.00,12.50,0.000,22.0,22.0,1,0,0,0,0,0,NONE,,RPM:486bd1410c0000d1 TPS:486bd1411108de
1789326020.6322,29.664,0.0,0.0,3.14,0.00,12.50,0.000,22.0,22.0,1,0,0,0,0,0,NONE,,RPM:486bd1410c0000d1 TPS:486bd1411108de
1789326020.7752,29.807,0.0,0.0,3.14,0.00,12.50,0.000,22.0,22.0,1,0,0,0,0,0,NONE,,RPM:486bd1410c0000d1 TPS:486bd1411108de
1789326020.9347,29.966,0.0,0.0,3.14,0.00,12.50,0.000,22.0,22.0,1,0,0,0,0,0,NONE,,RPM:486bd1410c0000d1 TPS:486bd1411108de
1789326021.4549,30.487,0.0,0.0,3.14,0.00,12.50,0.000,22.0,22.0,1,0,0,0,0,0,NONE,,RPM:486bd1410c0000d1 TPS:486bd1411108de
1789326021.5909,30.622,0.0,0.0,3.14,0.00,12.50,0.000,22.0,22.0,1,0,0,0,0,0,NONE,,RPM:486bd1410c0000d1 TPS:486bd1411108de
1789326021.7671,30.799,0.0,0.0,3.14,0.00,12.50,0.000,22.0,22.0,1,0,0,0,0,0,NONE,,RPM:486bd1410c0000d1 TPS:486bd1411108de
1789326021.9340,30.966,0.0,0.0,3.14,0.00,12.50,0.000,22.0,22.0,1,0,0,0,0,0,NONE,,RPM:486bd1410c0000d1 TPS:486bd1411108de
1789326022.0765,31.108,0.0,0.0,3.14,0.00,12.50,0.000,22.0,22.0,1,0,0,0,0,0,NONE,,RPM:486bd1410c0000d1 TPS:486bd1411108de
1789326022.2145,31.246,0.0,0.0,3.14,0.00,12.50,0.000,22.0,22.0,1,0,0,0,0,0,NONE,,RPM:486bd1410c0000d1 TPS:486bd1411108de
1789326022.3580,31.390,0.0,0.0,3.14,0.00,12.50,0.000,22.0,22.0,1,0,0,0,0,0,NONE,,RPM:486bd1410c0000d1 TPS:486bd1411108de
1789326022.5088,31.540,0.0,0.0,3.14,0.00,12.50,0.000,22.0,22.0,1,0,0,0,0,0,NONE,,RPM:486bd1410c0000d1 TPS:486bd1411108de
1789326023.0429,32.075,0.0,0.0,3.14,0.00,12.50,0.000,22.0,22.0,1,0,0,0,0,0,NONE,,RPM:486bd1410c0000d1 TPS:486bd1411108de
1789326023.1889,32.220,0.0,0.0,3.14,0.00,12.50,0.000,22.0,22.0,1,0,0,0,0,0,NONE,,RPM:486bd1410c0000d1 TPS:486bd1411108de
1789326023.3659,32.397,0.0,0.0,3.14,0.00,12.50,0.000,22.0,22.0,1,0,0,0,0,0,NONE,,RPM:486bd1410c0000d1 TPS:486bd1411108de
1789326023.5203,32.552,0.0,0.0,3.14,0.00,12.50,0.000,22.0,22.0,1,0,0,0,0,0,NONE,,RPM:486bd1410c0000d1 TPS:486bd1411108de
1789326023.6886,32.720,0.0,0.0,3.14,0.00,12.50,0.000,22.0,22.0,1,0,0,0,0,0,NONE,,RPM:486bd1410c0000d1 TPS:486bd1411108de
1789326023.8302,32.862,0.0,0.0,3.14,0.00,12.50,0.000,22.0,22.0,1,0,0,0,0,0,NONE,,RPM:486bd1410c0000d1 TPS:486bd1411108de
1789326023.9726,33.004,0.0,0.0,3.14,0.00,12.50,0.000,22.0,22.0,1,0,0,0,0,0,NONE,,RPM:486bd1410c0000d1 TPS:486bd1411108de
1789326024.1170,33.149,0.0,0.0,3.14,0.00,12.50,0.000,22.0,22.0,1,0,0,0,0,0,NONE,,RPM:486bd1410c0000d1 TPS:486bd1411108de
1789326024.6303,33.662,0.0,0.0,3.14,0.00,12.50,0.000,22.0,22.0,1,0,0,0,0,0,NONE,,RPM:486bd1410c0000d1 TPS:486bd1411108de
1789326024.7876,33.819,0.0,0.0,3.14,0.00,12.50,0.000,22.0,22.0,1,0,0,0,0,0,NONE,,RPM:486bd1410c0000d1 TPS:486bd1411108de
1789326024.9314,33.963,0.0,0.0,3.14,0.00,12.50,0.000,22.0,22.0,1,0,0,0,0,0,NONE,,RPM:486bd1410c0000d1 TPS:486bd1411108de
1789326025.0756,34.107,0.0,0.0,3.14,0.00,12.50,0.000,22.0,22.0,1,0,0,0,0,0,NONE,,RPM:486bd1410c0000d1 TPS:486bd1411108de
1789326025.2276,34.259,0.0,0.0,3.14,0.00,12.50,0.000,22.0,22.0,1,0,0,0,0,0,NONE,,RPM:486bd1410c0000d1 TPS:486bd1411108de
1789326025.4051,34.437,0.0,0.0,3.14,0.00,12.50,0.000,22.0,22.0,1,0,0,0,0,0,NONE,,RPM:486bd1410c0000d1 TPS:486bd1411108de
1789326025.5565,34.588,0.0,0.0,3.14,0.00,12.50,0.000,22.0,22.0,1,0,0,0,0,0,NONE,,RPM:486bd1410c0000d1 TPS:486bd1411108de
1789326025.7313,34.763,0.0,0.0,3.14,0.00,12.50,0.000,22.0,22.0,1,0,0,0,0,0,NONE,,RPM:486bd1410c0000d1 TPS:486bd1411108de
1789326026.2342,35.266,0.0,0.0,3.14,0.00,12.50,0.000,22.0,22.0,1,0,0,0,0,0,NONE,,RPM:486bd1410c0000d1 TPS:486bd1411108de
1789326026.3866,35.418,0.0,0.0,3.14,0.00,12.50,0.000,22.0,22.0,1,0,0,0,0,0,NONE,,RPM:486bd1410c0000d1 TPS:486bd1411108de
1789326026.5311,35.563,0.0,0.0,3.14,0.00,12.50,0.000,22.0,22.0,1,0,0,0,0,0,NONE,,RPM:486bd1410c0000d1 TPS:486bd1411108de
1789326026.6888,35.720,0.0,0.0,3.14,0.00,12.50,0.000,22.0,22.0,1,0,0,0,0,0,NONE,,RPM:486bd1410c0000d1 TPS:486bd1411108de
1789326026.8578,35.889,0.0,0.0,3.14,0.00,12.50,0.000,22.0,22.0,1,0,0,0,0,0,NONE,,RPM:486bd1410c0000d1 TPS:486bd1411108de
1789326026.9942,36.026,0.0,0.0,3.14,0.00,12.50,0.000,22.0,22.0,1,0,0,0,0,0,NONE,,RPM:486bd1410c0000d1 TPS:486bd1411108de
1789326027.1388,36.170,0.0,0.0,3.14,0.00,12.50,0.000,22.0,22.0,1,0,0,0,0,0,NONE,,RPM:486bd1410c0000d1 TPS:486bd1411108de
1789326027.2822,36.314,0.0,0.0,3.14,0.00,12.50,0.000,22.0,22.0,1,0,0,0,0,0,NONE,,RPM:486bd1410c0000d1 TPS:486bd1411108de
1789326027.7985,36.830,0.0,0.0,3.14,0.00,12.50,0.000,22.0,22.0,1,0,0,0,0,0,NONE,,RPM:486bd1410c0000d1 TPS:486bd1411108de
1789326027.9379,36.970,0.0,0.0,3.14,0.00,12.50,0.000,22.0,22.0,1,0,0,0,0,0,NONE,,RPM:486bd1410c0000d1 TPS:486bd1411108de
1789326028.0814,37.113,0.0,0.0,3.14,0.00,12.50,0.000,22.0,22.0,1,0,0,0,0,0,NONE,,RPM:486bd1410c0000d1 TPS:486bd1411108de
1789326028.2744,37.306,0.0,0.0,3.14,0.00,12.50,0.000,22.0,22.0,1,0,0,0,0,0,NONE,,RPM:486bd1410c0000d1 TPS:486bd1411108de
1789326028.4167,37.448,0.0,0.0,3.14,0.00,12.50,0.000,22.0,22.0,1,0,0,0,0,0,NONE,,RPM:486bd1410c0000d1 TPS:486bd1411108de
1789326028.5946,37.626,0.0,0.0,3.14,0.00,12.50,0.000,22.0,22.0,1,0,0,0,0,0,NONE,,RPM:486bd1410c0000d1 TPS:486bd1411108de
1789326028.7505,37.782,0.0,0.0,3.14,0.00,12.50,0.000,22.0,22.0,1,0,0,0,0,0,NONE,,RPM:486bd1410c0000d1 TPS:486bd1411108de
1789326028.9211,37.953,0.0,0.0,3.14,0.00,12.50,0.000,22.0,22.0,1,0,0,0,0,0,NONE,,RPM:486bd1410c0000d1 TPS:486bd1411108de
1789326029.4585,38.490,0.0,0.0,3.14,0.00,12.50,0.000,22.0,22.0,1,0,0,0,0,0,NONE,,RPM:486bd1410c0000d1 TPS:486bd1411108de
1789326029.6169,38.648,0.0,0.0,3.14,0.00,12.50,0.000,22.0,22.0,1,0,0,0,0,0,NONE,,RPM:486bd1410c0000d1 TPS:486bd1411108de
1789326029.7608,38.792,0.0,0.0,3.14,0.00,12.50,0.000,22.0,22.0,1,0,0,0,0,0,NONE,,RPM:486bd1410c0000d1 TPS:486bd1411108de
1789326029.9189,38.951,0.0,0.0,3.14,0.00,12.50,0.000,22.0,22.0,1,0,0,0,0,0,NONE,,RPM:486bd1410c0000d1 TPS:486bd1411108de
1789326030.0904,39.122,0.0,0.0,3.14,0.00,12.50,0.000,22.0,22.0,1,0,0,0,0,0,NONE,,RPM:486bd1410c0000d1 TPS:486bd1411108de
1789326030.2412,39.273,0.0,0.0,3.14,0.00,12.50,0.000,22.0,22.0,1,0,0,0,0,0,NONE,,RPM:486bd1410c0000d1 TPS:486bd1411108de
1789326030.3840,39.416,0.0,0.0,3.14,0.00,12.50,0.000,22.0,22.0,1,0,0,0,0,0,NONE,,RPM:486bd1410c0000d1 TPS:486bd1411108de
1789326030.5435,39.575,0.0,0.0,3.14,0.00,12.50,0.000,22.0,22.0,1,0,0,0,0,0,NONE,,RPM:486bd1410c0000d1 TPS:486bd1411108de
1789326031.0415,40.073,0.0,0.0,3.14,0.00,12.50,0.000,22.0,22.0,1,0,0,0,0,0,NONE,,RPM:486bd1410c0000d1 TPS:486bd1411108de
1789326031.1848,40.216,0.0,0.0,3.14,0.00,12.50,0.000,22.0,22.0,1,0,0,0,0,0,NONE,,RPM:486bd1410c0000d1 TPS:486bd1411108de
1789326031.3411,40.373,0.0,0.0,3.14,0.00,12.50,0.000,22.0,22.0,1,0,0,0,0,0,NONE,,RPM:486bd1410c0000d1 TPS:486bd1411108de
1789326031.4990,40.531,0.0,0.0,3.14,0.00,12.50,0.000,22.0,22.0,1,0,0,0,0,0,NONE,,RPM:486bd1410c0000d1 TPS:486bd1411108de
1789326031.6474,40.679,0.0,0.0,3.14,0.00,12.50,0.000,22.0,22.0,1,0,0,0,0,0,NONE,,RPM:486bd1410c0000d1 TPS:486bd1411108de
1789326031.8070,40.839,0.0,0.0,3.14,0.00,12.50,0.000,22.0,22.0,1,0,0,0,0,0,NONE,,RPM:486bd1410c0000d1 TPS:486bd1411108de
1789326031.9514,40.983,0.0,0.0,3.14,0.00,12.50,0.000,22.0,22.0,1,0,0,0,0,0,NONE,,RPM:486bd1410c0000d1 TPS:486bd1411108de
1789326032.1327,41.164,0.0,0.0,3.14,0.00,12.50,0.000,22.0,22.0,1,0,0,0,0,0,NONE,,RPM:486bd1410c0000d1 TPS:486bd1411108de
1789326032.6439,41.676,0.0,0.0,3.14,0.00,12.50,0.000,22.0,22.0,1,0,0,0,0,0,NONE,,RPM:486bd1410c0000d1 TPS:486bd1411108de
1789326032.7826,41.814,0.0,0.0,3.14,0.00,12.50,0.000,22.0,22.0,1,0,0,0,0,0,NONE,,RPM:486bd1410c0000d1 TPS:486bd1411108de
1789326032.9421,41.974,0.0,0.0,3.14,0.00,12.50,0.000,22.0,22.0,1,0,0,0,0,0,NONE,,RPM:486bd1410c0000d1 TPS:486bd1411108de
1789326033.0873,42.119,0.0,0.0,3.14,0.00,12.50,0.000,22.0,22.0,1,0,0,0,0,0,NONE,,RPM:486bd1410c0000d1 TPS:486bd1411108de
1789326033.2420,42.274,0.0,0.0,3.14,0.00,12.50,0.000,22.0,22.0,1,0,0,0,0,0,NONE,,RPM:486bd1410c0000d1 TPS:486bd1411108de
1789326033.4049,42.436,0.0,0.0,3.14,0.00,12.50,0.000,22.0,22.0,1,0,0,0,0,0,NONE,,RPM:486bd1410c0000d1 TPS:486bd1411108de
1789326033.5501,42.582,0.0,0.0,3.14,0.00,12.50,0.000,22.0,22.0,1,0,0,0,0,0,NONE,,RPM:486bd1410c0000d1 TPS:486bd1411108de
1789326033.7095,42.741,0.0,0.0,3.14,0.00,12.50,0.000,22.0,22.0,1,0,0,0,0,0,NONE,,RPM:486bd1410c0000d1 TPS:486bd1411108de
1789326034.2049,43.237,0.0,0.0,3.14,0.00,12.50,0.000,22.0,22.0,1,0,0,0,0,0,NONE,,RPM:486bd1410c0000d1 TPS:486bd1411108de
1789326034.3657,43.397,0.0,0.0,3.14,0.00,12.50,0.000,22.0,22.0,1,0,0,0,0,0,NONE,,RPM:486bd1410c0000d1 TPS:486bd1411108de
1789326034.5439,43.576,0.0,0.0,3.14,0.00,12.50,0.000,22.0,22.0,1,0,0,0,0,0,NONE,,RPM:486bd1410c0000d1 TPS:486bd1411108de
1789326034.6859,43.718,0.0,0.0,3.14,0.00,12.50,0.000,22.0,22.0,1,0,0,0,0,0,NONE,,RPM:486bd1410c0000d1 TPS:486bd1411108de
1789326034.8294,43.861,0.0,0.0,3.14,0.00,12.50,0.000,22.0,22.0,1,0,0,0,0,0,NONE,,RPM:486bd1410c0000d1 TPS:486bd1411108de
1789326034.9884,44.020,0.0,0.0,3.14,0.00,12.50,0.000,22.0,22.0,1,0,0,0,0,0,NONE,,RPM:486bd1410c0000d1 TPS:486bd1411108de
1789326035.1334,44.165,0.0,0.0,3.14,0.00,12.50,0.000,22.0,22.0,1,0,0,0,0,0,NONE,,RPM:486bd1410c0000d1 TPS:486bd1411108de
1789326035.3075,44.339,0.0,0.0,3.14,0.00,12.50,0.000,22.0,22.0,1,0,0,0,0,0,NONE,,RPM:486bd1410c0000d1 TPS:486bd1411108de
1789326035.8149,44.847,0.0,0.0,3.14,0.00,12.50,0.000,22.0,22.0,1,0,0,0,0,0,NONE,,RPM:486bd1410c0000d1 TPS:486bd1411108de
1789326035.9475,44.979,0.0,0.0,3.14,0.00,12.50,0.000,22.0,22.0,1,0,0,0,0,0,NONE,,RPM:486bd1410c0000d1 TPS:486bd1411108de
1789326036.1238,45.155,0.0,0.0,3.14,0.00,12.50,0.000,22.0,22.0,1,0,0,0,0,0,NONE,,RPM:486bd1410c0000d1 TPS:486bd1411108de
1789326036.2837,45.315,0.0,0.0,3.14,0.00,12.50,0.000,22.0,22.0,1,0,0,0,0,0,NONE,,RPM:486bd1410c0000d1 TPS:486bd1411108de
1789326036.4482,45.480,0.0,0.0,3.14,0.00,12.50,0.000,22.0,22.0,1,0,0,0,0,0,NONE,,RPM:486bd1410c0000d1 TPS:486bd1411108de
1789326036.5883,45.620,0.0,0.0,3.14,0.00,12.50,0.000,22.0,22.0,1,0,0,0,0,0,NONE,,RPM:486bd1410c0000d1 TPS:486bd1411108de
1789326036.7476,45.779,0.0,0.0,3.14,0.00,12.50,0.000,22.0,22.0,1,0,0,0,0,0,NONE,,RPM:486bd1410c0000d1 TPS:486bd1411108de
1789326036.8914,45.923,0.0,0.0,3.14,0.00,12.50,0.000,22.0,22.0,1,0,0,0,0,0,NONE,,RPM:486bd1410c0000d1 TPS:486bd1411108de
1789326037.4481,46.480,0.0,0.0,3.14,0.00,12.50,0.000,22.0,22.0,1,0,0,0,0,0,NONE,,RPM:486bd1410c0000d1 TPS:486bd1411108de
1789326037.5952,46.627,0.0,0.0,3.14,0.00,12.50,0.000,22.0,22.0,1,0,0,0,0,0,NONE,,RPM:486bd1410c0000d1 TPS:486bd1411108de
1789326037.7553,46.787,0.0,0.0,3.14,0.00,12.50,0.000,22.0,22.0,1,0,0,0,0,0,NONE,,RPM:486bd1410c0000d1 TPS:486bd1411108de
1789326037.9000,46.932,0.0,0.0,3.14,0.00,12.50,0.000,22.0,22.0,1,0,0,0,0,0,NONE,,RPM:486bd1410c0000d1 TPS:486bd1411108de
1789326038.0506,47.082,0.0,0.0,3.14,0.00,12.50,0.000,22.0,22.0,1,0,0,0,0,0,NONE,,RPM:486bd1410c0000d1 TPS:486bd1411108de
1789326038.2195,47.251,0.0,0.0,3.14,0.00,12.50,0.000,22.0,22.0,1,0,0,0,0,0,NONE,,RPM:486bd1410c0000d1 TPS:486bd1411108de
1789326038.3625,47.394,0.0,0.0,3.14,0.00,12.50,0.000,22.0,22.0,1,0,0,0,0,0,NONE,,RPM:486bd1410c0000d1 TPS:486bd1411108de
1789326038.5217,47.553,0.0,0.0,3.14,0.00,12.50,0.000,22.0,22.0,1,0,0,0,0,0,NONE,,RPM:486bd1410c0000d1 TPS:486bd1411108de
1789326039.0193,48.051,0.0,0.0,3.14,0.00,12.50,0.000,22.0,22.0,1,0,0,0,0,0,NONE,,RPM:486bd1410c0000d1 TPS:486bd1411108de
1789326039.1629,48.195,0.0,0.0,3.14,0.00,12.50,0.000,22.0,22.0,1,0,0,0,0,0,NONE,,RPM:486bd1410c0000d1 TPS:486bd1411108de
1789326039.3288,48.360,0.0,0.0,3.14,0.00,12.50,0.000,22.0,22.0,1,0,0,0,0,0,NONE,,RPM:486bd1410c0000d1 TPS:486bd1411108de
1789326039.4842,48.516,0.0,0.0,3.14,0.00,12.50,0.000,22.0,22.0,1,0,0,0,0,0,NONE,,RPM:486bd1410c0000d1 TPS:486bd1411108de
1789326039.6258,48.657,0.0,0.0,3.14,0.00,12.50,0.000,22.0,22.0,1,0,0,0,0,0,NONE,,RPM:486bd1410c0000d1 TPS:486bd1411108de
1789326039.8018,48.833,0.0,0.0,3.14,0.00,12.50,0.000,22.0,22.0,1,0,0,0,0,0,NONE,,RPM:486bd1410c0000d1 TPS:486bd1411108de
1789326039.9780,49.010,0.0,0.0,3.14,0.00,12.50,0.000,22.0,22.0,1,0,0,0,0,0,NONE,,RPM:486bd1410c0000d1 TPS:486bd1411108de
1789326040.1210,49.153,0.0,0.0,3.14,0.00,12.50,0.000,22.0,22.0,1,0,0,0,0,0,NONE,,RPM:486bd1410c0000d1 TPS:486bd1411108de
1789326040.6387,49.670,0.0,0.0,3.14,0.00,12.50,0.000,22.0,22.0,1,0,0,0,0,0,NONE,,RPM:486bd1410c0000d1 TPS:486bd1411108de
1789326040.7763,49.808,0.0,0.0,3.14,0.00,12.50,0.000,22.0,22.0,1,0,0,0,0,0,NONE,,RPM:486bd1410c0000d1 TPS:486bd1411108de
1789326040.9212,49.953,0.0,0.0,3.14,0.00,12.50,0.000,22.0,22.0,1,0,0,0,0,0,NONE,,RPM:486bd1410c0000d1 TPS:486bd1411108de
1789326041.0646,50.096,0.0,0.0,3.14,0.00,12.50,0.000,22.0,22.0,1,0,0,0,0,0,NONE,,RPM:486bd1410c0000d1 TPS:486bd1411108de
1789326041.2078,50.239,0.0,0.0,3.14,0.00,12.50,0.000,22.0,22.0,1,0,0,0,0,0,NONE,,RPM:486bd1410c0000d1 TPS:486bd1411108de
1789326041.3525,50.384,0.0,0.0,3.14,0.00,12.50,0.000,22.0,22.0,1,0,0,0,0,0,NONE,,RPM:486bd1410c0000d1 TPS:486bd1411108de
1789326041.4964,50.528,0.0,0.0,3.14,0.00,12.50,0.000,22.0,22.0,1,0,0,0,0,0,NONE,,RPM:486bd1410c0000d1 TPS:486bd1411108de
1789326041.6481,50.680,0.0,0.0,3.14,0.00,12.50,0.000,22.0,22.0,1,0,0,0,0,0,NONE,,RPM:486bd1410c0000d1 TPS:486bd1411108de
1789326042.1872,51.219,0.0,0.0,3.14,0.00,12.50,0.000,22.0,22.0,1,0,0,0,0,0,NONE,,RPM:486bd1410c0000d1 TPS:486bd1411108de
1789326042.3275,51.359,0.0,0.0,3.14,0.00,12.50,0.000,22.0,22.0,1,0,0,0,0,0,NONE,,RPM:486bd1410c0000d1 TPS:486bd1411108de
1789326042.4719,51.503,0.0,0.0,3.14,0.00,12.50,0.000,22.0,22.0,1,0,0,0,0,0,NONE,,RPM:486bd1410c0000d1 TPS:486bd1411108de
1789326042.6309,51.662,0.0,0.0,3.14,0.00,12.50,0.000,22.0,22.0,1,0,0,0,0,0,NONE,,RPM:486bd1410c0000d1 TPS:486bd1411108de
1789326042.7891,51.821,0.0,0.0,3.14,0.00,12.50,0.000,22.0,22.0,1,0,0,0,0,0,NONE,,RPM:486bd1410c0000d1 TPS:486bd1411108de
1789326042.9572,51.989,0.0,0.0,3.14,0.00,12.50,0.000,22.0,22.0,1,0,0,0,0,0,NONE,,RPM:486bd1410c0000d1 TPS:486bd1411108de
1789326043.0941,52.126,0.0,0.0,3.14,0.00,12.50,0.000,22.0,22.0,1,0,0,0,0,0,NONE,,RPM:486bd1410c0000d1 TPS:486bd1411108de
1789326043.2384,52.270,0.0,0.0,3.14,0.00,12.50,0.000,22.0,22.0,1,0,0,0,0,0,NONE,,RPM:486bd1410c0000d1 TPS:486bd1411108de
1789326043.7683,52.800,0.0,0.0,3.14,0.00,12.50,0.000,22.0,22.0,1,0,0,0,0,0,NONE,,RPM:486bd1410c0000d1 TPS:486bd1411108de
1789326043.9102,52.942,0.0,0.0,3.14,0.00,12.50,0.000,22.0,22.0,1,0,0,0,0,0,NONE,,RPM:486bd1410c0000d1 TPS:486bd1411108de
1789326044.0542,53.086,0.0,0.0,3.14,0.00,12.50,0.000,22.0,22.0,1,0,0,0,0,0,NONE,,RPM:486bd1410c0000d1 TPS:486bd1411108de
1789326044.2100,53.242,0.0,0.0,3.14,0.00,12.50,0.000,22.0,22.0,1,0,0,0,0,0,NONE,,RPM:486bd1410c0000d1 TPS:486bd1411108de
1789326044.3731,53.405,0.0,0.0,3.14,0.00,12.50,0.000,22.0,22.0,1,0,0,0,0,0,NONE,,RPM:486bd1410c0000d1 TPS:486bd1411108de
1789326044.5188,53.550,0.0,0.0,3.14,0.00,12.50,0.000,22.0,22.0,1,0,0,0,0,0,NONE,,RPM:486bd1410c0000d1 TPS:486bd1411108de
1789326044.6939,53.726,0.0,0.0,3.14,0.00,12.50,0.000,22.0,22.0,1,0,0,0,0,0,NONE,,RPM:486bd1410c0000d1 TPS:486bd1411108de
1789326044.8729,53.904,0.0,0.0,3.14,0.00,12.50,0.000,22.0,22.0,1,0,0,0,0,0,NONE,,RPM:486bd1410c0000d1 TPS:486bd1411108de
1789326045.3923,54.424,0.0,0.0,3.14,0.00,12.50,0.000,22.0,22.0,1,0,0,0,0,0,NONE,,RPM:486bd1410c0000d1 TPS:486bd1411108de
1789326045.5561,54.588,0.0,0.0,3.14,0.00,12.50,0.000,22.0,22.0,1,0,0,0,0,0,NONE,,RPM:486bd1410c0000d1 TPS:486bd1411108de
1789326045.7008,54.732,0.0,0.0,3.14,0.00,12.50,0.000,22.0,22.0,1,0,0,0,0,0,NONE,,RPM:486bd1410c0000d1 TPS:486bd1411108de
1789326045.8452,54.877,0.0,0.0,3.14,0.00,12.50,0.000,22.0,22.0,1,0,0,0,0,0,NONE,,RPM:486bd1410c0000d1 TPS:486bd1411108de
1789326046.0187,55.050,0.0,0.0,3.14,0.00,12.50,0.000,22.0,22.0,1,0,0,0,0,0,NONE,,RPM:486bd1410c0000d1 TPS:486bd1411108de
1789326046.1646,55.196,0.0,0.0,3.14,0.00,12.50,0.000,22.0,22.0,1,0,0,0,0,0,NONE,,RPM:486bd1410c0000d1 TPS:486bd1411108de
1789326046.3078,55.339,0.0,0.0,3.14,0.00,12.50,0.000,22.0,22.0,1,0,0,0,0,0,NONE,,RPM:486bd1410c0000d1 TPS:486bd1411108de
1789326046.4691,55.501,0.0,0.0,3.14,0.00,12.50,0.000,22.0,22.0,1,0,0,0,0,0,NONE,,RPM:486bd1410c0000d1 TPS:486bd1411108de
1789326047.0037,56.035,0.0,0.0,3.14,0.00,12.50,0.000,22.0,22.0,1,0,0,0,0,0,NONE,,RPM:486bd1410c0000d1 TPS:486bd1411108de
1789326047.1721,56.204,0.0,0.0,3.14,0.00,12.50,0.000,22.0,22.0,1,0,0,0,0,0,NONE,,RPM:486bd1410c0000d1 TPS:486bd1411108de
1789326047.3323,56.364,0.0,0.0,3.14,0.00,12.50,0.000,22.0,22.0,1,0,0,0,0,0,NONE,,RPM:486bd1410c0000d1 TPS:486bd1411108de
1789326047.4761,56.508,0.0,0.0,3.14,0.00,12.50,0.000,22.0,22.0,1,0,0,0,0,0,NONE,,RPM:486bd1410c0000d1 TPS:486bd1411108de
1789326047.6208,56.652,0.0,0.0,3.14,0.00,12.50,0.000,22.0,22.0,1,0,0,0,0,0,NONE,,RPM:486bd1410c0000d1 TPS:486bd1411108de
1789326047.7945,56.826,0.0,0.0,3.14,0.00,12.50,0.000,22.0,22.0,1,0,0,0,0,0,NONE,,RPM:486bd1410c0000d1 TPS:486bd1411108de
1789326047.9387,56.970,0.0,0.0,3.14,0.00,12.50,0.000,22.0,22.0,1,0,0,0,0,0,NONE,,RPM:486bd1410c0000d1 TPS:486bd1411108de
1789326048.0835,57.115,0.0,0.0,3.14,0.00,12.50,0.000,22.0,22.0,1,0,0,0,0,0,NONE,,RPM:486bd1410c0000d1 TPS:486bd1411108de
1789326048.6047,57.636,0.0,0.0,3.14,0.00,12.50,0.000,22.0,22.0,1,0,0,0,0,0,NONE,,RPM:486bd1410c0000d1 TPS:486bd1411108de
1789326048.7378,57.769,0.0,0.0,3.14,0.00,12.50,0.000,22.0,22.0,1,0,0,0,0,0,NONE,,RPM:486bd1410c0000d1 TPS:486bd1411108de
1789326048.8980,57.930,0.0,0.0,3.14,0.00,12.50,0.000,22.0,22.0,1,0,0,0,0,0,NONE,,RPM:486bd1410c0000d1 TPS:486bd1411108de
1789326049.0825,58.114,0.0,0.0,3.14,0.00,12.50,0.000,22.0,22.0,1,0,0,0,0,0,NONE,,RPM:486bd1410c0000d1 TPS:486bd1411108de
1789326049.2184,58.250,0.0,0.0,3.14,0.00,12.50,0.000,22.0,22.0,1,0,0,0,0,0,NONE,,RPM:486bd1410c0000d1 TPS:486bd1411108de
1789326049.3620,58.394,0.0,0.0,3.14,0.00,12.50,0.000,22.0,22.0,1,0,0,0,0,0,NONE,,RPM:486bd1410c0000d1 TPS:486bd1411108de
1789326049.5060,58.538,0.0,0.0,3.14,0.00,12.50,0.000,22.0,22.0,1,0,0,0,0,0,NONE,,RPM:486bd1410c0000d1 TPS:486bd1411108de
1789326049.6492,58.681,0.0,0.0,3.14,0.00,12.50,0.000,22.0,22.0,1,0,0,0,0,0,NONE,,RPM:486bd1410c0000d1 TPS:486bd1411108de
1789326050.1771,59.209,0.0,0.0,3.14,0.00,12.50,0.000,22.0,22.0,1,0,0,0,0,0,NONE,,RPM:486bd1410c0000d1 TPS:486bd1411108de
1789326050.3528,59.384,0.0,0.0,3.14,0.00,12.50,0.000,22.0,22.0,1,0,0,0,0,0,NONE,,RPM:486bd1410c0000d1 TPS:486bd1411108de
1789326050.4972,59.529,0.0,0.0,3.14,0.00,12.50,0.000,22.0,22.0,1,0,0,0,0,0,NONE,,RPM:486bd1410c0000d1 TPS:486bd1411108de
1789326050.6730,59.705,0.0,0.0,3.14,0.00,12.50,0.000,22.0,22.0,1,0,0,0,0,0,NONE,,RPM:486bd1410c0000d1 TPS:486bd1411108de
1789326050.8287,59.860,0.0,0.0,3.14,0.00,12.50,0.000,22.0,22.0,1,0,0,0,0,0,NONE,,RPM:486bd1410c0000d1 TPS:486bd1411108de
1789326050.9928,60.024,0.0,0.0,3.14,0.00,12.50,0.000,22.0,22.0,1,0,0,0,0,0,NONE,,RPM:486bd1410c0000d1 TPS:486bd1411108de
1789326051.1364,60.168,0.0,0.0,3.14,0.00,12.50,0.000,22.0,22.0,1,0,0,0,0,0,NONE,,RPM:486bd1410c0000d1 TPS:486bd1411108de
1789326051.2962,60.328,0.0,0.0,3.14,0.00,12.50,0.000,22.0,22.0,1,0,0,0,0,0,NONE,,RPM:486bd1410c0000d1 TPS:486bd1411108de
1789326051.8659,60.897,0.0,0.0,3.14,0.00,12.50,0.000,22.0,22.0,1,0,0,0,0,0,NONE,,RPM:486bd1410c0000d1 TPS:486bd1411108de
1789326052.0226,61.054,0.0,0.0,3.14,0.00,12.50,0.000,22.0,22.0,1,0,0,0,0,0,NONE,,RPM:486bd1410c0000d1 TPS:486bd1411108de
1789326052.1602,61.192,0.0,0.0,3.14,0.00,12.50,0.000,22.0,22.0,1,0,0,0,0,0,NONE,,RPM:486bd1410c0000d1 TPS:486bd1411108de
1789326052.3204,61.352,0.0,0.0,3.14,0.00,12.50,0.000,22.0,22.0,1,0,0,0,0,0,NONE,,RPM:486bd1410c0000d1 TPS:486bd1411108de
1789326052.4641,61.496,0.0,0.0,3.14,0.00,12.50,0.000,22.0,22.0,1,0,0,0,0,0,NONE,,RPM:486bd1410c0000d1 TPS:486bd1411108de
1789326052.6137,61.645,0.0,0.0,3.14,0.00,12.50,0.000,22.0,22.0,1,0,0,0,0,0,NONE,,RPM:486bd1410c0000d1 TPS:486bd1411108de
1789326052.7807,61.812,0.0,0.0,3.14,0.00,12.50,0.000,22.0,22.0,1,0,0,0,0,0,NONE,,RPM:486bd1410c0000d1 TPS:486bd1411108de
1789326052.9278,61.959,0.0,0.0,3.14,0.00,12.50,0.000,22.0,22.0,1,0,0,0,0,0,NONE,,RPM:486bd1410c0000d1 TPS:486bd1411108de
1789326053.4543,62.486,0.0,0.0,3.14,0.00,12.50,0.000,22.0,22.0,1,0,0,0,0,0,NONE,,RPM:486bd1410c0000d1 TPS:486bd1411108de
1789326053.6000,62.632,0.0,0.0,3.14,0.00,12.50,0.000,22.0,22.0,1,0,0,0,0,0,NONE,,RPM:486bd1410c0000d1 TPS:486bd1411108de
1789326053.7545,62.786,0.0,0.0,3.14,0.00,12.50,0.000,22.0,22.0,1,0,0,0,0,0,NONE,,RPM:486bd1410c0000d1 TPS:486bd1411108de
1789326053.9222,62.954,0.0,0.0,3.14,0.00,12.50,0.000,22.0,22.0,1,0,0,0,0,0,NONE,,RPM:486bd1410c0000d1 TPS:486bd1411108de
1789326054.0623,63.094,0.0,0.0,3.14,0.00,12.50,0.000,22.0,22.0,1,0,0,0,0,0,NONE,,RPM:486bd1410c0000d1 TPS:486bd1411108de
1789326054.2223,63.254,0.0,0.0,3.14,0.00,12.50,0.000,22.0,22.0,1,0,0,0,0,0,NONE,,RPM:486bd1410c0000d1 TPS:486bd1411108de
1789326054.3655,63.397,0.0,0.0,3.14,0.00,12.50,0.000,22.0,22.0,1,0,0,0,0,0,NONE,,RPM:486bd1410c0000d1 TPS:486bd1411108de
1789326054.5171,63.549,0.0,0.0,3.14,0.00,12.50,0.000,22.0,22.0,1,0,0,0,0,0,NONE,,RPM:486bd1410c0000d1 TPS:486bd1411108de
1789326055.0885,64.120,0.0,0.0,3.14,0.00,12.50,0.000,22.0,22.0,1,0,0,0,0,0,NONE,,RPM:486bd1410c0000d1 TPS:486bd1411108de
1789326055.2297,64.261,0.0,0.0,3.14,0.00,12.50,0.000,22.0,22.0,1,0,0,0,0,0,NONE,,RPM:486bd1410c0000d1 TPS:486bd1411108de
1789326055.3736,64.405,0.0,0.0,3.14,0.00,12.50,0.000,22.0,22.0,1,0,0,0,0,0,NONE,,RPM:486bd1410c0000d1 TPS:486bd1411108de
1789326055.5493,64.581,0.0,0.0,3.14,0.00,12.50,0.000,22.0,22.0,1,0,0,0,0,0,NONE,,RPM:486bd1410c0000d1 TPS:486bd1411108de
1789326055.6933,64.725,0.0,0.0,3.14,0.00,12.50,0.000,22.0,22.0,1,0,0,0,0,0,NONE,,RPM:486bd1410c0000d1 TPS:486bd1411108de
1789326055.8721,64.904,0.0,0.0,3.14,0.00,12.50,0.000,22.0,22.0,1,0,0,0,0,0,NONE,,RPM:486bd1410c0000d1 TPS:486bd1411108de
1789326056.0130,65.045,0.0,0.0,3.14,0.00,12.50,0.000,22.0,22.0,1,0,0,0,0,0,NONE,,RPM:486bd1410c0000d1 TPS:486bd1411108de
1789326056.1726,65.204,0.0,0.0,3.14,0.00,12.50,0.000,22.0,22.0,1,0,0,0,0,0,NONE,,RPM:486bd1410c0000d1 TPS:486bd1411108de
1789326056.6808,65.712,0.0,0.0,3.14,0.00,12.50,0.000,22.0,22.0,1,0,0,0,0,0,NONE,,RPM:486bd1410c0000d1 TPS:486bd1411108de
1789326056.8279,65.860,0.0,0.0,3.14,0.00,12.50,0.000,22.0,22.0,1,0,0,0,0,0,NONE,,RPM:486bd1410c0000d1 TPS:486bd1411108de
1789326056.9803,66.012,0.0,0.0,3.14,0.00,12.50,0.000,22.0,22.0,1,0,0,0,0,0,NONE,,RPM:486bd1410c0000d1 TPS:486bd1411108de
1789326057.1451,66.177,0.0,0.0,3.14,0.00,12.50,0.000,22.0,22.0,1,0,0,0,0,0,NONE,,RPM:486bd1410c0000d1 TPS:486bd1411108de
1789326057.2923,66.324,0.0,0.0,3.14,0.00,12.50,0.000,22.0,22.0,1,0,0,0,0,0,NONE,,RPM:486bd1410c0000d1 TPS:486bd1411108de
1789326057.4534,66.485,0.0,0.0,3.14,0.00,12.50,0.000,22.0,22.0,1,0,0,0,0,0,NONE,,RPM:486bd1410c0000d1 TPS:486bd1411108de
1789326057.5959,66.628,0.0,0.0,3.14,0.00,12.50,0.000,22.0,22.0,1,0,0,0,0,0,NONE,,RPM:486bd1410c0000d1 TPS:486bd1411108de
1789326057.7540,66.786,0.0,0.0,3.14,0.00,12.50,0.000,22.0,22.0,1,0,0,0,0,0,NONE,,RPM:486bd1410c0000d1 TPS:486bd1411108de
1789326058.3181,67.350,0.0,0.0,3.14,0.00,12.50,0.000,22.0,22.0,1,0,0,0,0,0,NONE,,RPM:486bd1410c0000d1 TPS:486bd1411108de
1789326058.4585,67.490,0.0,0.0,3.14,0.00,12.50,0.000,22.0,22.0,1,0,0,0,0,0,NONE,,RPM:486bd1410c0000d1 TPS:486bd1411108de
1789326058.6030,67.635,0.0,0.0,3.14,0.00,12.50,0.000,22.0,22.0,1,0,0,0,0,0,NONE,,RPM:486bd1410c0000d1 TPS:486bd1411108de
1789326058.7476,67.779,0.0,0.0,3.14,0.00,12.50,0.000,22.0,22.0,1,0,0,0,0,0,NONE,,RPM:486bd1410c0000d1 TPS:486bd1411108de
1789326058.9042,67.936,0.0,0.0,3.14,0.00,12.50,0.000,22.0,22.0,1,0,0,0,0,0,NONE,,RPM:486bd1410c0000d1 TPS:486bd1411108de
1789326059.0668,68.098,0.0,0.0,3.14,0.00,12.50,0.000,22.0,22.0,1,0,0,0,0,0,NONE,,RPM:486bd1410c0000d1 TPS:486bd1411108de
1789326059.2100,68.242,0.0,0.0,3.14,0.00,12.50,0.000,22.0,22.0,1,0,0,0,0,0,NONE,,RPM:486bd1410c0000d1 TPS:486bd1411108de
1789326059.3699,68.402,0.0,0.0,3.14,0.00,12.50,0.000,22.0,22.0,1,0,0,0,0,0,NONE,,RPM:486bd1410c0000d1 TPS:486bd1411108de
1789326059.8551,68.887,0.0,0.0,3.14,0.00,12.50,0.000,22.0,22.0,1,0,0,0,0,0,NONE,,RPM:486bd1410c0000d1 TPS:486bd1411108de
1789326060.0099,69.041,0.0,0.0,3.14,0.00,12.50,0.000,22.0,22.0,1,0,0,0,0,0,NONE,,RPM:486bd1410c0000d1 TPS:486bd1411108de
1789326060.1628,69.194,0.0,0.0,3.14,0.00,12.50,0.000,22.0,22.0,1,0,0,0,0,0,NONE,,RPM:486bd1410c0000d1 TPS:486bd1411108de
1789326060.3233,69.355,0.0,0.0,3.14,0.00,12.50,0.000,22.0,22.0,1,0,0,0,0,0,NONE,,RPM:486bd1410c0000d1 TPS:486bd1411108de
1789326060.4578,69.489,0.0,0.0,3.14,0.00,12.50,0.000,22.0,22.0,1,0,0,0,0,0,NONE,,RPM:486bd1410c0000d1 TPS:486bd1411108de
1789326060.6342,69.666,0.0,0.0,3.14,0.00,12.50,0.000,22.0,22.0,1,0,0,0,0,0,NONE,,RPM:486bd1410c0000d1 TPS:486bd1411108de
1789326060.7791,69.811,0.0,0.0,3.14,0.00,12.50,0.000,22.0,22.0,1,0,0,0,0,0,NONE,,RPM:486bd1410c0000d1 TPS:486bd1411108de
1789326060.9327,69.964,0.0,0.0,3.14,0.00,12.50,0.000,22.0,22.0,1,0,0,0,0,0,NONE,,RPM:486bd1410c0000d1 TPS:486bd1411108de
1789326061.4964,70.528,0.0,0.0,3.14,0.00,12.50,0.000,22.0,22.0,1,0,0,0,0,0,NONE,,RPM:486bd1410c0000d1 TPS:486bd1411108de
1789326061.6407,70.672,0.0,0.0,3.14,0.00,12.50,0.000,22.0,22.0,1,0,0,0,0,0,NONE,,RPM:486bd1410c0000d1 TPS:486bd1411108de
1789326061.8008,70.832,0.0,0.0,3.14,0.00,12.50,0.000,22.0,22.0,1,0,0,0,0,0,NONE,,RPM:486bd1410c0000d1 TPS:486bd1411108de
1789326061.9583,70.990,0.0,0.0,3.14,0.00,12.50,0.000,22.0,22.0,1,0,0,0,0,0,NONE,,RPM:486bd1410c0000d1 TPS:486bd1411108de
1789326062.1209,71.152,0.0,0.0,3.14,0.00,12.50,0.000,22.0,22.0,1,0,0,0,0,0,NONE,,RPM:486bd1410c0000d1 TPS:486bd1411108de
1789326062.2642,71.296,0.0,0.0,3.14,0.00,12.50,0.000,22.0,22.0,1,0,0,0,0,0,NONE,,RPM:486bd1410c0000d1 TPS:486bd1411108de
1789326062.4090,71.441,0.0,0.0,3.14,0.00,12.50,0.000,22.0,22.0,1,0,0,0,0,0,NONE,,RPM:486bd1410c0000d1 TPS:486bd1411108de
1789326062.5530,71.585,0.0,0.0,3.14,0.00,12.50,0.000,22.0,22.0,1,0,0,0,0,0,NONE,,RPM:486bd1410c0000d1 TPS:486bd1411108de
1789326063.1174,72.149,0.0,0.0,3.14,0.00,12.50,0.000,22.0,22.0,1,0,0,0,0,0,NONE,,RPM:486bd1410c0000d1 TPS:486bd1411108de
1789326063.2551,72.287,0.0,0.0,3.14,0.00,12.50,0.000,22.0,22.0,1,0,0,0,0,0,NONE,,RPM:486bd1410c0000d1 TPS:486bd1411108de
1789326063.3996,72.431,0.0,0.0,3.14,0.00,12.50,0.000,22.0,22.0,1,0,0,0,0,0,NONE,,RPM:486bd1410c0000d1 TPS:486bd1411108de
1789326063.5751,72.607,0.0,0.0,3.14,0.00,12.50,0.000,22.0,22.0,1,0,0,0,0,0,NONE,,RPM:486bd1410c0000d1 TPS:486bd1411108de
1789326063.7199,72.751,0.0,0.0,3.14,0.00,12.50,0.000,22.0,22.0,1,0,0,0,0,0,NONE,,RPM:486bd1410c0000d1 TPS:486bd1411108de
1789326063.8707,72.902,0.0,0.0,3.14,0.00,12.50,0.000,22.0,22.0,1,0,0,0,0,0,NONE,,RPM:486bd1410c0000d1 TPS:486bd1411108de
1789326064.0352,73.067,0.0,0.0,3.14,0.00,12.50,0.000,22.0,22.0,1,0,0,0,0,0,NONE,,RPM:486bd1410c0000d1 TPS:486bd1411108de
1789326064.1829,73.214,0.0,0.0,3.14,0.00,12.50,0.000,22.0,22.0,1,0,0,0,0,0,NONE,,RPM:486bd1410c0000d1 TPS:486bd1411108de
1789326064.7062,73.738,0.0,0.0,3.14,0.00,12.50,0.000,22.0,22.0,1,0,0,0,0,0,NONE,,RPM:486bd1410c0000d1 TPS:486bd1411108de
1789326064.8697,73.901,0.0,0.0,3.14,0.00,12.50,0.000,22.0,22.0,1,0,0,0,0,0,NONE,,RPM:486bd1410c0000d1 TPS:486bd1411108de
1789326065.0232,74.055,0.0,0.0,3.14,0.00,12.50,0.000,22.0,22.0,1,0,0,0,0,0,NONE,,RPM:486bd1410c0000d1 TPS:486bd1411108de
1789326065.1879,74.220,0.0,0.0,3.14,0.00,12.50,0.000,22.0,22.0,1,0,0,0,0,0,NONE,,RPM:486bd1410c0000d1 TPS:486bd1411108de
1789326065.3344,74.366,0.0,0.0,3.14,0.00,12.50,0.000,22.0,22.0,1,0,0,0,0,0,NONE,,RPM:486bd1410c0000d1 TPS:486bd1411108de
1789326065.5263,74.558,0.0,0.0,3.14,0.00,12.50,0.000,22.0,22.0,1,0,0,0,0,0,NONE,,RPM:486bd1410c0000d1 TPS:486bd1411108de
1789326065.7027,74.734,0.0,0.0,3.14,0.00,12.50,0.000,22.0,22.0,1,0,0,0,0,0,NONE,,RPM:486bd1410c0000d1 TPS:486bd1411108de
1789326065.8457,74.877,0.0,0.0,3.14,0.00,12.50,0.000,22.0,22.0,1,0,0,0,0,0,NONE,,RPM:486bd1410c0000d1 TPS:486bd1411108de
1789326066.3754,75.407,0.0,0.0,3.14,0.00,12.50,0.000,22.0,22.0,1,0,0,0,0,0,NONE,,RPM:486bd1410c0000d1 TPS:486bd1411108de
1789326066.5197,75.551,0.0,0.0,3.14,0.00,12.50,0.000,22.0,22.0,1,0,0,0,0,0,NONE,,RPM:486bd1410c0000d1 TPS:486bd1411108de
1789326066.6610,75.693,0.0,0.0,3.14,0.00,12.50,0.000,22.0,22.0,1,0,0,0,0,0,NONE,,RPM:486bd1410c0000d1 TPS:486bd1411108de
1789326066.8130,75.845,0.0,0.0,3.14,0.00,12.50,0.000,22.0,22.0,1,0,0,0,0,0,NONE,,RPM:486bd1410c0000d1 TPS:486bd1411108de
1789326066.9846,76.016,0.0,0.0,3.14,0.00,12.50,0.000,22.0,22.0,1,0,0,0,0,0,NONE,,RPM:486bd1410c0000d1 TPS:486bd1411108de
1789326067.1247,76.156,0.0,0.0,3.14,0.00,12.50,0.000,22.0,22.0,1,0,0,0,0,0,NONE,,RPM:486bd1410c0000d1 TPS:486bd1411108de
1789326067.2687,76.300,0.0,0.0,3.14,0.00,12.50,0.000,22.0,22.0,1,0,0,0,0,0,NONE,,RPM:486bd1410c0000d1 TPS:486bd1411108de
1789326067.4285,76.460,0.0,0.0,3.14,0.00,12.50,0.000,22.0,22.0,1,0,0,0,0,0,NONE,,RPM:486bd1410c0000d1 TPS:486bd1411108de
1789326067.9276,76.959,0.0,0.0,3.14,0.00,12.50,0.000,22.0,22.0,1,0,0,0,0,0,NONE,,RPM:486bd1410c0000d1 TPS:486bd1411108de
1789326068.0681,77.100,0.0,0.0,3.14,0.00,12.50,0.000,22.0,22.0,1,0,0,0,0,0,NONE,,RPM:486bd1410c0000d1 TPS:486bd1411108de
1789326068.2126,77.244,0.0,0.0,3.14,0.00,12.50,0.000,22.0,22.0,1,0,0,0,0,0,NONE,,RPM:486bd1410c0000d1 TPS:486bd1411108de
1789326068.3762,77.408,0.0,0.0,3.14,0.00,12.50,0.000,22.0,22.0,1,0,0,0,0,0,NONE,,RPM:486bd1410c0000d1 TPS:486bd1411108de
1789326068.5321,77.564,0.0,0.0,3.14,0.00,12.50,0.000,22.0,22.0,1,0,0,0,0,0,NONE,,RPM:486bd1410c0000d1 TPS:486bd1411108de
1789326068.6915,77.723,0.0,0.0,3.14,0.00,12.50,0.000,22.0,22.0,1,0,0,0,0,0,NONE,,RPM:486bd1410c0000d1 TPS:486bd1411108de
1789326068.8360,77.868,0.0,0.0,3.14,0.00,12.50,0.000,22.0,22.0,1,0,0,0,0,0,NONE,,RPM:486bd1410c0000d1 TPS:486bd1411108de
1789326069.0055,78.037,0.0,0.0,3.14,0.00,12.50,0.000,22.0,22.0,1,0,0,0,0,0,NONE,,RPM:486bd1410c0000d1 TPS:486bd1411108de
1789326069.5235,78.555,0.0,0.0,3.14,0.00,12.50,0.000,22.0,22.0,1,0,0,0,0,0,NONE,,RPM:486bd1410c0000d1 TPS:486bd1411108de
1789326069.6677,78.699,0.0,0.0,3.14,0.00,12.50,0.000,22.0,22.0,1,0,0,0,0,0,NONE,,RPM:486bd1410c0000d1 TPS:486bd1411108de
1789326069.8431,78.875,0.0,0.0,3.14,0.00,12.50,0.000,22.0,22.0,1,0,0,0,0,0,NONE,,RPM:486bd1410c0000d1 TPS:486bd1411108de
1789326069.9991,79.031,0.0,0.0,3.14,0.00,12.50,0.000,22.0,22.0,1,0,0,0,0,0,NONE,,RPM:486bd1410c0000d1 TPS:486bd1411108de
1789326070.1635,79.195,0.0,0.0,3.14,0.00,12.50,0.000,22.0,22.0,1,0,0,0,0,0,NONE,,RPM:486bd1410c0000d1 TPS:486bd1411108de
1789326070.3065,79.338,0.0,0.0,3.14,0.00,12.50,0.000,22.0,22.0,1,0,0,0,0,0,NONE,,RPM:486bd1410c0000d1 TPS:486bd1411108de
1789326070.4666,79.498,0.0,0.0,3.14,0.00,12.50,0.000,22.0,22.0,1,0,0,0,0,0,NONE,,RPM:486bd1410c0000d1 TPS:486bd1411108de
1789326070.6102,79.642,0.0,0.0,3.14,0.00,12.50,0.000,22.0,22.0,1,0,0,0,0,0,NONE,,RPM:486bd1410c0000d1 TPS:486bd1411108de
1789326071.1437,80.175,0.0,0.0,3.14,0.00,12.50,0.000,22.0,22.0,1,0,0,0,0,0,NONE,,RPM:486bd1410c0000d1 TPS:486bd1411108de
1789326071.3240,80.356,0.0,0.0,3.14,0.00,12.50,0.000,22.0,22.0,1,0,0,0,0,0,NONE,,RPM:486bd1410c0000d1 TPS:486bd1411108de
1789326071.4734,80.505,0.0,0.0,3.14,0.00,12.50,0.000,22.0,22.0,1,0,0,0,0,0,NONE,,RPM:486bd1410c0000d1 TPS:486bd1411108de
1789326071.6335,80.665,0.0,0.0,3.14,0.00,12.50,0.000,22.0,22.0,1,0,0,0,0,0,NONE,,RPM:486bd1410c0000d1 TPS:486bd1411108de
1789326071.7773,80.809,0.0,0.0,3.14,0.00,12.50,0.000,22.0,22.0,1,0,0,0,0,0,NONE,,RPM:486bd1410c0000d1 TPS:486bd1411108de
1789326071.9209,80.953,0.0,0.0,3.14,0.00,12.50,0.000,22.0,22.0,1,0,0,0,0,0,NONE,,RPM:486bd1410c0000d1 TPS:486bd1411108de
1789326072.0950,81.127,0.0,0.0,3.14,0.00,12.50,0.000,22.0,22.0,1,0,0,0,0,0,NONE,,RPM:486bd1410c0000d1 TPS:486bd1411108de
1789326072.2413,81.273,0.0,0.0,3.14,0.00,12.50,0.000,22.0,22.0,1,0,0,0,0,0,NONE,,RPM:486bd1410c0000d1 TPS:486bd1411108de
1789326072.7654,81.797,0.0,0.0,3.14,0.00,12.50,0.000,22.0,22.0,1,0,0,0,0,0,NONE,,RPM:486bd1410c0000d1 TPS:486bd1411108de
1789326072.9441,81.976,0.0,0.0,3.14,0.00,12.50,0.000,22.0,22.0,1,0,0,0,0,0,NONE,,RPM:486bd1410c0000d1 TPS:486bd1411108de
1789326073.0967,82.128,0.0,0.0,3.14,0.00,12.50,0.000,22.0,22.0,1,0,0,0,0,0,NONE,,RPM:486bd1410c0000d1 TPS:486bd1411108de
1789326073.2485,82.280,0.0,0.0,3.14,0.00,12.50,0.000,22.0,22.0,1,0,0,0,0,0,NONE,,RPM:486bd1410c0000d1 TPS:486bd1411108de
1789326073.3920,82.424,0.0,0.0,3.14,0.00,12.50,0.000,22.0,22.0,1,0,0,0,0,0,NONE,,RPM:486bd1410c0000d1 TPS:486bd1411108de
1789326073.5525,82.584,0.0,0.0,3.14,0.00,12.50,0.000,22.0,22.0,1,0,0,0,0,0,NONE,,RPM:486bd1410c0000d1 TPS:486bd1411108de
1789326073.6957,82.727,0.0,0.0,3.14,0.00,12.50,0.000,22.0,22.0,1,0,0,0,0,0,NONE,,RPM:486bd1410c0000d1 TPS:486bd1411108de
1789326073.8733,82.905,0.0,0.0,3.14,0.00,12.50,0.000,22.0,22.0,1,0,0,0,0,0,NONE,,RPM:486bd1410c0000d1 TPS:486bd1411108de
1789326074.3998,83.431,0.0,0.0,3.14,0.00,12.50,0.000,22.0,22.0,1,0,0,0,0,0,NONE,,RPM:486bd1410c0000d1 TPS:486bd1411108de
1789326074.5432,83.575,0.0,0.0,3.14,0.00,12.50,0.000,22.0,22.0,1,0,0,0,0,0,NONE,,RPM:486bd1410c0000d1 TPS:486bd1411108de
1789326074.6872,83.719,0.0,0.0,3.14,0.00,12.50,0.000,22.0,22.0,1,0,0,0,0,0,NONE,,RPM:486bd1410c0000d1 TPS:486bd1411108de
1789326074.8625,83.894,0.0,0.0,3.14,0.00,12.50,0.000,22.0,22.0,1,0,0,0,0,0,NONE,,RPM:486bd1410c0000d1 TPS:486bd1411108de
1789326075.0187,84.050,0.0,0.0,3.14,0.00,12.50,0.000,22.0,22.0,1,0,0,0,0,0,NONE,,RPM:486bd1410c0000d1 TPS:486bd1411108de
1789326075.1753,84.207,0.0,0.0,3.14,0.00,12.50,0.000,22.0,22.0,1,0,0,0,0,0,NONE,,RPM:486bd1410c0000d1 TPS:486bd1411108de
1789326075.3103,84.342,0.0,0.0,3.14,0.00,12.50,0.000,22.0,22.0,1,0,0,0,0,0,NONE,,RPM:486bd1410c0000d1 TPS:486bd1411108de
1789326075.4538,84.485,0.0,0.0,3.14,0.00,12.50,0.000,22.0,22.0,1,0,0,0,0,0,NONE,,RPM:486bd1410c0000d1 TPS:486bd1411108de
1789326075.9605,84.992,0.0,0.0,3.14,0.00,12.50,0.000,22.0,22.0,1,0,0,0,0,0,NONE,,RPM:486bd1410c0000d1 TPS:486bd1411108de
1789326076.0939,85.125,0.0,0.0,3.14,0.00,12.50,0.000,22.0,22.0,1,0,0,0,0,0,NONE,,RPM:486bd1410c0000d1 TPS:486bd1411108de
1789326076.2528,85.284,0.0,0.0,3.14,0.00,12.50,0.000,22.0,22.0,1,0,0,0,0,0,NONE,,RPM:486bd1410c0000d1 TPS:486bd1411108de
1789326076.4053,85.437,0.0,0.0,3.14,0.00,12.50,0.000,22.0,22.0,1,0,0,0,0,0,NONE,,RPM:486bd1410c0000d1 TPS:486bd1411108de
1789326076.5692,85.601,0.0,0.0,3.14,0.00,12.50,0.000,22.0,22.0,1,0,0,0,0,0,NONE,,RPM:486bd1410c0000d1 TPS:486bd1411108de
1789326076.7014,85.733,0.0,0.0,3.14,0.00,12.50,0.000,22.0,22.0,1,0,0,0,0,0,NONE,,RPM:486bd1410c0000d1 TPS:486bd1411108de
1789326076.8449,85.876,0.0,0.0,3.14,0.00,12.50,0.000,22.0,22.0,1,0,0,0,0,0,NONE,,RPM:486bd1410c0000d1 TPS:486bd1411108de
1789326077.0054,86.037,0.0,0.0,3.14,0.00,12.50,0.000,22.0,22.0,1,0,0,0,0,0,NONE,,RPM:486bd1410c0000d1 TPS:486bd1411108de
1789326077.5646,86.596,0.0,0.0,3.14,0.00,12.50,0.000,22.0,22.0,1,0,0,0,0,0,NONE,,RPM:486bd1410c0000d1 TPS:486bd1411108de
1789326077.7204,86.752,0.0,0.0,3.14,0.00,12.50,0.000,22.0,22.0,1,0,0,0,0,0,NONE,,RPM:486bd1410c0000d1 TPS:486bd1411108de
1789326077.9020,86.934,0.0,0.0,3.14,0.00,12.50,0.000,22.0,22.0,1,0,0,0,0,0,NONE,,RPM:486bd1410c0000d1 TPS:486bd1411108de
1789326078.0449,87.076,0.0,0.0,3.14,0.00,12.50,0.000,22.0,22.0,1,0,0,0,0,0,NONE,,RPM:486bd1410c0000d1 TPS:486bd1411108de
1789326078.2022,87.234,0.0,0.0,3.14,0.00,12.50,0.000,22.0,22.0,1,0,0,0,0,0,NONE,,RPM:486bd1410c0000d1 TPS:486bd1411108de
1789326078.3641,87.396,0.0,0.0,3.14,0.00,12.50,0.000,22.0,22.0,1,0,0,0,0,0,NONE,,RPM:486bd1410c0000d1 TPS:486bd1411108de
1789326078.5086,87.540,0.0,0.0,3.14,0.00,12.50,0.000,22.0,22.0,1,0,0,0,0,0,NONE,,RPM:486bd1410c0000d1 TPS:486bd1411108de
1789326078.6679,87.700,0.0,0.0,3.14,0.00,12.50,0.000,22.0,22.0,1,0,0,0,0,0,NONE,,RPM:486bd1410c0000d1 TPS:486bd1411108de
1789326079.1602,88.192,0.0,0.0,3.14,0.00,12.50,0.000,22.0,22.0,1,0,0,0,0,0,NONE,,RPM:486bd1410c0000d1 TPS:486bd1411108de
1789326079.3569,88.389,0.0,0.0,3.14,0.00,12.50,0.000,22.0,22.0,1,0,0,0,0,0,NONE,,RPM:486bd1410c0000d1 TPS:486bd1411108de
1789326079.4992,88.531,0.0,0.0,3.14,0.00,12.50,0.000,22.0,22.0,1,0,0,0,0,0,NONE,,RPM:486bd1410c0000d1 TPS:486bd1411108de
1789326079.6442,88.676,0.0,0.0,3.14,0.00,12.50,0.000,22.0,22.0,1,0,0,0,0,0,NONE,,RPM:486bd1410c0000d1 TPS:486bd1411108de
1789326079.8187,88.850,0.0,0.0,3.14,0.00,12.50,0.000,22.0,22.0,1,0,0,0,0,0,NONE,,RPM:486bd1410c0000d1 TPS:486bd1411108de
1789326079.9637,88.995,0.0,0.0,3.14,0.00,12.50,0.000,22.0,22.0,1,0,0,0,0,0,NONE,,RPM:486bd1410c0000d1 TPS:486bd1411108de
1789326080.1189,89.151,0.0,0.0,3.14,0.00,12.50,0.000,22.0,22.0,1,0,0,0,0,0,NONE,,RPM:486bd1410c0000d1 TPS:486bd1411108de
1789326080.2884,89.320,0.0,0.0,3.14,0.00,12.50,0.000,22.0,22.0,1,0,0,0,0,0,NONE,,RPM:486bd1410c0000d1 TPS:486bd1411108de
1789326080.7806,89.812,0.0,0.0,3.14,0.00,12.50,0.000,22.0,22.0,1,0,0,0,0,0,NONE,,RPM:486bd1410c0000d1 TPS:486bd1411108de
1789326080.9216,89.953,0.0,0.0,3.14,0.00,12.50,0.000,22.0,22.0,1,0,0,0,0,0,NONE,,RPM:486bd1410c0000d1 TPS:486bd1411108de
1789326081.0669,90.098,0.0,0.0,3.14,0.00,12.50,0.000,22.0,22.0,1,0,0,0,0,0,NONE,,RPM:486bd1410c0000d1 TPS:486bd1411108de
1789326081.2102,90.242,0.0,0.0,3.14,0.00,12.50,0.000,22.0,22.0,1,0,0,0,0,0,NONE,,RPM:486bd1410c0000d1 TPS:486bd1411108de
1789326081.3700,90.402,0.0,0.0,3.14,0.00,12.50,0.000,22.0,22.0,1,0,0,0,0,0,NONE,,RPM:486bd1410c0000d1 TPS:486bd1411108de
1789326081.5129,90.544,0.0,0.0,3.14,0.00,12.50,0.000,22.0,22.0,1,0,0,0,0,0,NONE,,RPM:486bd1410c0000d1 TPS:486bd1411108de
1789326081.6786,90.710,0.0,0.0,3.14,0.00,12.50,0.000,22.0,22.0,1,0,0,0,0,0,NONE,,RPM:486bd1410c0000d1 TPS:486bd1411108de
1789326081.8183,90.850,0.0,0.0,3.14,0.00,12.50,0.000,22.0,22.0,1,0,0,0,0,0,NONE,,RPM:486bd1410c0000d1 TPS:486bd1411108de
1789326082.3357,91.367,0.0,0.0,3.14,0.00,12.50,0.000,22.0,22.0,1,0,0,0,0,0,NONE,,RPM:486bd1410c0000d1 TPS:486bd1411108de
1789326082.4882,91.520,0.0,0.0,3.14,0.00,12.50,0.000,22.0,22.0,1,0,0,0,0,0,NONE,,RPM:486bd1410c0000d1 TPS:486bd1411108de
1789326082.6428,91.674,0.0,0.0,3.14,0.00,12.50,0.000,22.0,22.0,1,0,0,0,0,0,NONE,,RPM:486bd1410c0000d1 TPS:486bd1411108de
1789326082.7933,91.825,0.0,0.0,3.14,0.00,12.50,0.000,22.0,22.0,1,0,0,0,0,0,NONE,,RPM:486bd1410c0000d1 TPS:486bd1411108de
1789326082.9344,91.966,0.0,0.0,3.14,0.00,12.50,0.000,22.0,22.0,1,0,0,0,0,0,NONE,,RPM:486bd1410c0000d1 TPS:486bd1411108de
1789326083.0881,92.120,0.0,0.0,3.14,0.00,12.50,0.000,22.0,22.0,1,0,0,0,0,0,NONE,,RPM:486bd1410c0000d1 TPS:486bd1411108de
1789326083.2450,92.277,0.0,0.0,3.14,0.00,12.50,0.000,22.0,22.0,1,0,0,0,0,0,NONE,,RPM:486bd1410c0000d1 TPS:486bd1411108de
1789326083.3850,92.417,0.0,0.0,3.14,0.00,12.50,0.000,22.0,22.0,1,0,0,0,0,0,NONE,,RPM:486bd1410c0000d1 TPS:486bd1411108de
1789326083.8864,92.918,0.0,0.0,3.14,0.00,12.50,0.000,22.0,22.0,1,0,0,0,0,0,NONE,,RPM:486bd1410c0000d1 TPS:486bd1411108de
1789326084.0389,93.071,0.0,0.0,3.14,0.00,12.50,0.000,22.0,22.0,1,0,0,0,0,0,NONE,,RPM:486bd1410c0000d1 TPS:486bd1411108de
1789326084.1840,93.216,0.0,0.0,3.14,0.00,12.50,0.000,22.0,22.0,1,0,0,0,0,0,NONE,,RPM:486bd1410c0000d1 TPS:486bd1411108de
1789326084.3504,93.382,0.0,0.0,3.14,0.00,12.50,0.000,22.0,22.0,1,0,0,0,0,0,NONE,,RPM:486bd1410c0000d1 TPS:486bd1411108de
1789326084.5203,93.552,0.0,0.0,3.14,0.00,12.50,0.000,22.0,22.0,1,0,0,0,0,0,NONE,,RPM:486bd1410c0000d1 TPS:486bd1411108de
1789326084.6668,93.698,0.0,0.0,3.14,0.00,12.50,0.000,22.0,22.0,1,0,0,0,0,0,NONE,,RPM:486bd1410c0000d1 TPS:486bd1411108de
1789326084.8051,93.837,0.0,0.0,3.14,0.00,12.50,0.000,22.0,22.0,1,0,0,0,0,0,NONE,,RPM:486bd1410c0000d1 TPS:486bd1411108de
1789326084.9671,93.999,0.0,0.0,3.14,0.00,12.50,0.000,22.0,22.0,1,0,0,0,0,0,NONE,,RPM:486bd1410c0000d1 TPS:486bd1411108de
1789326085.4748,94.506,0.0,0.0,3.14,0.00,12.50,0.000,22.0,22.0,1,0,0,0,0,0,NONE,,RPM:486bd1410c0000d1 TPS:486bd1411108de
1789326085.6215,94.653,0.0,0.0,3.14,0.00,12.50,0.000,22.0,22.0,1,0,0,0,0,0,NONE,,RPM:486bd1410c0000d1 TPS:486bd1411108de
1789326085.7831,94.815,0.0,0.0,3.14,0.00,12.50,0.000,22.0,22.0,1,0,0,0,0,0,NONE,,RPM:486bd1410c0000d1 TPS:486bd1411108de
1789326085.9370,94.969,0.0,0.0,3.14,0.00,12.50,0.000,22.0,22.0,1,0,0,0,0,0,NONE,,RPM:486bd1410c0000d1 TPS:486bd1411108de
1789326086.0867,95.118,0.0,0.0,3.14,0.00,12.50,0.000,22.0,22.0,1,0,0,0,0,0,NONE,,RPM:486bd1410c0000d1 TPS:486bd1411108de
1789326086.2298,95.261,0.0,0.0,3.14,0.00,12.50,0.000,22.0,22.0,1,0,0,0,0,0,NONE,,RPM:486bd1410c0000d1 TPS:486bd1411108de
1789326086.3894,95.421,0.0,0.0,3.14,0.00,12.50,0.000,22.0,22.0,1,0,0,0,0,0,NONE,,RPM:486bd1410c0000d1 TPS:486bd1411108de
1789326086.5465,95.578,0.0,0.0,3.14,0.00,12.50,0.000,22.0,22.0,1,0,0,0,0,0,NONE,,RPM:486bd1410c0000d1 TPS:486bd1411108de
1789326087.0417,96.073,0.0,0.0,3.14,0.00,12.50,0.000,22.0,22.0,1,0,0,0,0,0,NONE,,RPM:486bd1410c0000d1 TPS:486bd1411108de
1789326087.2054,96.237,0.0,0.0,3.14,0.00,12.50,0.000,22.0,22.0,1,0,0,0,0,0,NONE,,RPM:486bd1410c0000d1 TPS:486bd1411108de
1789326087.3572,96.389,0.0,0.0,3.14,0.00,12.50,0.000,22.0,22.0,1,0,0,0,0,0,NONE,,RPM:486bd1410c0000d1 TPS:486bd1411108de
1789326087.5121,96.544,0.0,0.0,3.14,0.00,12.50,0.000,22.0,22.0,1,0,0,0,0,0,NONE,,RPM:486bd1410c0000d1 TPS:486bd1411108de
1789326087.6538,96.685,0.0,0.0,3.14,0.00,12.50,0.000,22.0,22.0,1,0,0,0,0,0,NONE,,RPM:486bd1410c0000d1 TPS:486bd1411108de
1789326087.8283,96.860,0.0,0.0,3.14,0.00,12.50,0.000,22.0,22.0,1,0,0,0,0,0,NONE,,RPM:486bd1410c0000d1 TPS:486bd1411108de
1789326087.9992,97.031,0.0,0.0,3.14,0.00,12.50,0.000,22.0,22.0,1,0,0,0,0,0,NONE,,RPM:486bd1410c0000d1 TPS:486bd1411108de
1789326088.1323,97.164,0.0,0.0,3.14,0.00,12.50,0.000,22.0,22.0,1,0,0,0,0,0,NONE,,RPM:486bd1410c0000d1 TPS:486bd1411108de
1789326088.7157,97.747,0.0,0.0,3.14,0.00,12.50,0.000,22.0,22.0,1,0,0,0,0,0,NONE,,RPM:486bd1410c0000d1 TPS:486bd1411108de
1789326088.8505,97.882,0.0,0.0,3.14,0.00,12.50,0.000,22.0,22.0,1,0,0,0,0,0,NONE,,RPM:486bd1410c0000d1 TPS:486bd1411108de
1789326089.0102,98.042,0.0,0.0,3.14,0.00,12.50,0.000,22.0,22.0,1,0,0,0,0,0,NONE,,RPM:486bd1410c0000d1 TPS:486bd1411108de
1789326089.1604,98.192,0.0,0.0,3.14,0.00,12.50,0.000,22.0,22.0,1,0,0,0,0,0,NONE,,RPM:486bd1410c0000d1 TPS:486bd1411108de
1789326089.2997,98.331,0.0,0.0,3.14,0.00,12.50,0.000,22.0,22.0,1,0,0,0,0,0,NONE,,RPM:486bd1410c0000d1 TPS:486bd1411108de
1789326089.4427,98.474,0.0,0.0,3.14,0.00,12.50,0.000,22.0,22.0,1,0,0,0,0,0,NONE,,RPM:486bd1410c0000d1 TPS:486bd1411108de
1789326089.6169,98.648,0.0,0.0,3.14,0.00,12.50,0.000,22.0,22.0,1,0,0,0,0,0,NONE,,RPM:486bd1410c0000d1 TPS:486bd1411108de
1789326089.7639,98.795,0.0,0.0,3.14,0.00,12.50,0.000,22.0,22.0,1,0,0,0,0,0,NONE,,RPM:486bd1410c0000d1 TPS:486bd1411108de
1789326090.3081,99.340,0.0,0.0,3.14,0.00,12.50,0.000,22.0,22.0,1,0,0,0,0,0,NONE,,RPM:486bd1410c0000d1 TPS:486bd1411108de
1789326090.4675,99.499,0.0,0.0,3.14,0.00,12.50,0.000,22.0,22.0,1,0,0,0,0,0,NONE,,RPM:486bd1410c0000d1 TPS:486bd1411108de
1789326090.6434,99.675,0.0,0.0,3.14,0.00,12.50,0.000,22.0,22.0,1,0,0,0,0,0,NONE,,RPM:486bd1410c0000d1 TPS:486bd1411108de
1789326090.7953,99.827,0.0,0.0,3.14,0.00,12.50,0.000,22.0,22.0,1,0,0,0,0,0,NONE,,RPM:486bd1410c0000d1 TPS:486bd1411108de
1789326090.9279,99.960,0.0,0.0,3.14,0.00,12.50,0.000,22.0,22.0,1,0,0,0,0,0,NONE,,RPM:486bd1410c0000d1 TPS:486bd1411108de
1789326091.0729,100.105,0.0,0.0,3.14,0.00,12.50,0.000,22.0,22.0,1,0,0,0,0,0,NONE,,RPM:486bd1410c0000d1 TPS:486bd1411108de
1789326091.2169,100.248,0.0,0.0,3.14,0.00,12.50,0.000,22.0,22.0,1,0,0,0,0,0,NONE,,RPM:486bd1410c0000d1 TPS:486bd1411108de
1789326091.3852,100.417,0.0,0.0,3.14,0.00,12.50,0.000,22.0,22.0,1,0,0,0,0,0,NONE,,RPM:486bd1410c0000d1 TPS:486bd1411108de
1789326091.8905,100.922,0.0,0.0,3.14,0.00,12.50,0.000,22.0,22.0,1,0,0,0,0,0,NONE,,RPM:486bd1410c0000d1 TPS:486bd1411108de
1789326092.0434,101.075,0.0,0.0,3.14,0.00,12.50,0.000,22.0,22.0,1,0,0,0,0,0,NONE,,RPM:486bd1410c0000d1 TPS:486bd1411108de
1789326092.1928,101.224,0.0,0.0,3.14,0.00,12.50,0.000,22.0,22.0,1,0,0,0,0,0,NONE,,RPM:486bd1410c0000d1 TPS:486bd1411108de
1789326092.3357,101.367,0.0,0.0,3.14,0.00,12.50,0.000,22.0,22.0,1,0,0,0,0,0,NONE,,RPM:486bd1410c0000d1 TPS:486bd1411108de
1789326092.4854,101.517,0.0,0.0,3.14,0.00,12.50,0.000,22.0,22.0,1,0,0,0,0,0,NONE,,RPM:486bd1410c0000d1 TPS:486bd1411108de
1789326092.6231,101.655,0.0,0.0,3.14,0.00,12.50,0.000,22.0,22.0,1,0,0,0,0,0,NONE,,RPM:486bd1410c0000d1 TPS:486bd1411108de
1789326092.7671,101.799,0.0,0.0,3.14,0.00,12.50,0.000,22.0,22.0,1,0,0,0,0,0,NONE,,RPM:486bd1410c0000d1 TPS:486bd1411108de
1789326092.9116,101.943,0.0,0.0,3.14,0.00,12.50,0.000,22.0,22.0,1,0,0,0,0,0,NONE,,RPM:486bd1410c0000d1 TPS:486bd1411108de
1789326093.4314,102.463,0.0,0.0,3.14,0.00,12.50,0.000,22.0,22.0,1,0,0,0,0,0,NONE,,RPM:486bd1410c0000d1 TPS:486bd1411108de
1789326093.5998,102.631,0.0,0.0,3.14,0.00,12.50,0.000,22.0,22.0,1,0,0,0,0,0,NONE,,RPM:486bd1410c0000d1 TPS:486bd1411108de
1789326093.7595,102.791,0.0,0.0,3.14,0.00,12.50,0.000,22.0,22.0,1,0,0,0,0,0,NONE,,RPM:486bd1410c0000d1 TPS:486bd1411108de
1789326093.9026,102.934,0.0,0.0,3.14,0.00,12.50,0.000,22.0,22.0,1,0,0,0,0,0,NONE,,RPM:486bd1410c0000d1 TPS:486bd1411108de
1789326094.0471,103.079,0.0,0.0,3.14,0.00,12.50,0.000,22.0,22.0,1,0,0,0,0,0,NONE,,RPM:486bd1410c0000d1 TPS:486bd1411108de
1789326094.2093,103.241,0.0,0.0,3.14,0.00,12.50,0.000,22.0,22.0,1,0,0,0,0,0,NONE,,RPM:486bd1410c0000d1 TPS:486bd1411108de
1789326094.3503,103.382,0.0,0.0,3.14,0.00,12.50,0.000,22.0,22.0,1,0,0,0,0,0,NONE,,RPM:486bd1410c0000d1 TPS:486bd1411108de
1789326094.4955,103.527,0.0,0.0,3.14,0.00,12.50,0.000,22.0,22.0,1,0,0,0,0,0,NONE,,RPM:486bd1410c0000d1 TPS:486bd1411108de
1789326095.0249,104.057,0.0,0.0,3.14,0.00,12.50,0.000,22.0,22.0,1,0,0,0,0,0,NONE,,RPM:486bd1410c0000d1 TPS:486bd1411108de
1789326095.1671,104.199,0.0,0.0,3.14,0.00,12.50,0.000,22.0,22.0,1,0,0,0,0,0,NONE,,RPM:486bd1410c0000d1 TPS:486bd1411108de
1789326095.3272,104.359,0.0,0.0,3.14,0.00,12.50,0.000,22.0,22.0,1,0,0,0,0,0,NONE,,RPM:486bd1410c0000d1 TPS:486bd1411108de
1789326095.4855,104.517,0.0,0.0,3.14,0.00,12.50,0.000,22.0,22.0,1,0,0,0,0,0,NONE,,RPM:486bd1410c0000d1 TPS:486bd1411108de
1789326095.6288,104.660,0.0,0.0,3.14,0.00,12.50,0.000,22.0,22.0,1,0,0,0,0,0,NONE,,RPM:486bd1410c0000d1 TPS:486bd1411108de
1789326095.7736,104.805,0.0,0.0,3.14,0.00,12.50,0.000,22.0,22.0,1,0,0,0,0,0,NONE,,RPM:486bd1410c0000d1 TPS:486bd1411108de
1789326095.9279,104.960,0.0,0.0,3.14,0.00,12.50,0.000,22.0,22.0,1,0,0,0,0,0,NONE,,RPM:486bd1410c0000d1 TPS:486bd1411108de
1789326096.0942,105.126,0.0,0.0,3.14,0.00,12.50,0.000,22.0,22.0,1,0,0,0,0,0,NONE,,RPM:486bd1410c0000d1 TPS:486bd1411108de
1789326096.6008,105.632,0.0,0.0,3.14,0.00,12.50,0.000,22.0,22.0,1,0,0,0,0,0,NONE,,RPM:486bd1410c0000d1 TPS:486bd1411108de
1789326096.7519,105.784,0.0,0.0,3.14,0.00,12.50,0.000,22.0,22.0,1,0,0,0,0,0,NONE,,RPM:486bd1410c0000d1 TPS:486bd1411108de
1789326096.9022,105.934,0.0,0.0,3.14,0.00,12.50,0.000,22.0,22.0,1,0,0,0,0,0,NONE,,RPM:486bd1410c0000d1 TPS:486bd1411108de
1789326097.0528,106.084,0.0,0.0,3.14,0.00,12.50,0.000,22.0,22.0,1,0,0,0,0,0,NONE,,RPM:486bd1410c0000d1 TPS:486bd1411108de
1789326097.2144,106.246,0.0,0.0,3.14,0.00,12.50,0.000,22.0,22.0,1,0,0,0,0,0,NONE,,RPM:486bd1410c0000d1 TPS:486bd1411108de
1789326097.3709,106.403,0.0,0.0,3.14,0.00,12.50,0.000,22.0,22.0,1,0,0,0,0,0,NONE,,RPM:486bd1410c0000d1 TPS:486bd1411108de
1789326097.5328,106.564,0.0,0.0,3.14,0.00,12.50,0.000,22.0,22.0,1,0,0,0,0,0,NONE,,RPM:486bd1410c0000d1 TPS:486bd1411108de
1789326097.7098,106.741,0.0,0.0,3.14,0.00,12.50,0.000,22.0,22.0,1,0,0,0,0,0,NONE,,RPM:486bd1410c0000d1 TPS:486bd1411108de
1789326098.2305,107.262,0.0,0.0,3.14,0.00,12.50,0.000,22.0,22.0,1,0,0,0,0,0,NONE,,RPM:486bd1410c0000d1 TPS:486bd1411108de
1789326098.3650,107.397,0.0,0.0,3.14,0.00,12.50,0.000,22.0,22.0,1,0,0,0,0,0,NONE,,RPM:486bd1410c0000d1 TPS:486bd1411108de
1789326098.5239,107.555,0.0,0.0,3.14,0.00,12.50,0.000,22.0,22.0,1,0,0,0,0,0,NONE,,RPM:486bd1410c0000d1 TPS:486bd1411108de
1789326098.6682,107.700,0.0,0.0,3.14,0.00,12.50,0.000,22.0,22.0,1,0,0,0,0,0,NONE,,RPM:486bd1410c0000d1 TPS:486bd1411108de
1789326098.8115,107.843,0.0,0.0,3.14,0.00,12.50,0.000,22.0,22.0,1,0,0,0,0,0,NONE,,RPM:486bd1410c0000d1 TPS:486bd1411108de
1789326098.9566,107.988,0.0,0.0,3.14,0.00,12.50,0.000,22.0,22.0,1,0,0,0,0,0,NONE,,RPM:486bd1410c0000d1 TPS:486bd1411108de
1789326099.1004,108.132,0.0,0.0,3.14,0.00,12.50,0.000,22.0,22.0,1,0,0,0,0,0,NONE,,RPM:486bd1410c0000d1 TPS:486bd1411108de
1789326099.2614,108.293,0.0,0.0,3.14,0.00,12.50,0.000,22.0,22.0,1,0,0,0,0,0,NONE,,RPM:486bd1410c0000d1 TPS:486bd1411108de
1789326099.7489,108.781,0.0,0.0,3.14,0.00,12.50,0.000,22.0,22.0,1,0,0,0,0,0,NONE,,RPM:486bd1410c0000d1 TPS:486bd1411108de
1789326099.8830,108.915,0.0,0.0,3.14,0.00,12.50,0.000,22.0,22.0,1,0,0,0,0,0,NONE,,RPM:486bd1410c0000d1 TPS:486bd1411108de
1789326100.0333,109.065,0.0,0.0,3.14,0.00,12.50,0.000,22.0,22.0,1,0,0,0,0,0,NONE,,RPM:486bd1410c0000d1 TPS:486bd1411108de
1789326100.1872,109.219,0.0,0.0,3.14,0.00,12.50,0.000,22.0,22.0,1,0,0,0,0,0,NONE,,RPM:486bd1410c0000d1 TPS:486bd1411108de
1789326100.3309,109.363,0.0,0.0,3.14,0.00,12.50,0.000,22.0,22.0,1,0,0,0,0,0,NONE,,RPM:486bd1410c0000d1 TPS:486bd1411108de
1789326100.4754,109.507,0.0,0.0,3.14,0.00,12.50,0.000,22.0,22.0,1,0,0,0,0,0,NONE,,RPM:486bd1410c0000d1 TPS:486bd1411108de
1789326100.6456,109.677,0.0,0.0,3.14,0.00,12.50,0.000,22.0,22.0,1,0,0,0,0,0,NONE,,RPM:486bd1410c0000d1 TPS:486bd1411108de
1789326100.7792,109.811,0.0,0.0,3.14,0.00,12.50,0.000,22.0,22.0,1,0,0,0,0,0,NONE,,RPM:486bd1410c0000d1 TPS:486bd1411108de
1789326101.2873,110.319,0.0,0.0,3.14,0.00,12.50,0.000,22.0,22.0,1,0,0,0,0,0,NONE,,RPM:486bd1410c0000d1 TPS:486bd1411108de
1789326101.4353,110.467,0.0,0.0,3.14,0.00,12.50,0.000,22.0,22.0,1,0,0,0,0,0,NONE,,RPM:486bd1410c0000d1 TPS:486bd1411108de
1789326101.6059,110.637,0.0,0.0,3.14,0.00,12.50,0.000,22.0,22.0,1,0,0,0,0,0,NONE,,RPM:486bd1410c0000d1 TPS:486bd1411108de
1789326101.7543,110.786,0.0,0.0,3.14,0.00,12.50,0.000,22.0,22.0,1,0,0,0,0,0,NONE,,RPM:486bd1410c0000d1 TPS:486bd1411108de
1789326101.9000,110.932,0.0,0.0,3.14,0.00,12.50,0.000,22.0,22.0,1,0,0,0,0,0,NONE,,RPM:486bd1410c0000d1 TPS:486bd1411108de
1789326102.0579,111.090,0.0,0.0,3.14,0.00,12.50,0.000,22.0,22.0,1,0,0,0,0,0,NONE,,RPM:486bd1410c0000d1 TPS:486bd1411108de
1789326102.2114,111.243,0.0,0.0,3.14,0.00,12.50,0.000,22.0,22.0,1,0,0,0,0,0,NONE,,RPM:486bd1410c0000d1 TPS:486bd1411108de
1789326102.3614,111.393,0.0,0.0,3.14,0.00,12.50,0.000,22.0,22.0,1,0,0,0,0,0,NONE,,RPM:486bd1410c0000d1 TPS:486bd1411108de
1789326102.8811,111.913,0.0,0.0,3.14,0.00,12.50,0.000,22.0,22.0,1,0,0,0,0,0,NONE,,RPM:486bd1410c0000d1 TPS:486bd1411108de
1789326103.0175,112.049,0.0,0.0,3.14,0.00,12.50,0.000,22.0,22.0,1,0,0,0,0,0,NONE,,RPM:486bd1410c0000d1 TPS:486bd1411108de
1789326103.1928,112.224,0.0,0.0,3.14,0.00,12.50,0.000,22.0,22.0,1,0,0,0,0,0,NONE,,RPM:486bd1410c0000d1 TPS:486bd1411108de
1789326103.3372,112.369,0.0,0.0,3.14,0.00,12.50,0.000,22.0,22.0,1,0,0,0,0,0,NONE,,RPM:486bd1410c0000d1 TPS:486bd1411108de
1789326103.4792,112.511,0.0,0.0,3.14,0.00,12.50,0.000,22.0,22.0,1,0,0,0,0,0,NONE,,RPM:486bd1410c0000d1 TPS:486bd1411108de
1789326103.6231,112.655,0.0,0.0,3.14,0.00,12.50,0.000,22.0,22.0,1,0,0,0,0,0,NONE,,RPM:486bd1410c0000d1 TPS:486bd1411108de
1789326103.7669,112.799,0.0,0.0,3.14,0.00,12.50,0.000,22.0,22.0,1,0,0,0,0,0,NONE,,RPM:486bd1410c0000d1 TPS:486bd1411108de
1789326103.9106,112.942,0.0,0.0,3.14,0.00,12.50,0.000,22.0,22.0,1,0,0,0,0,0,NONE,,RPM:486bd1410c0000d1 TPS:486bd1411108de
1789326104.4039,113.435,0.0,0.0,3.14,0.00,12.50,0.000,22.0,22.0,1,0,0,0,0,0,NONE,,RPM:486bd1410c0000d1 TPS:486bd1411108de
1789326104.5512,113.583,0.0,0.0,3.14,0.00,12.50,0.000,22.0,22.0,1,0,0,0,0,0,NONE,,RPM:486bd1410c0000d1 TPS:486bd1411108de
1789326104.6955,113.727,0.0,0.0,3.14,0.00,12.50,0.000,22.0,22.0,1,0,0,0,0,0,NONE,,RPM:486bd1410c0000d1 TPS:486bd1411108de
1789326104.8482,113.880,0.0,0.0,3.14,0.00,12.50,0.000,22.0,22.0,1,0,0,0,0,0,NONE,,RPM:486bd1410c0000d1 TPS:486bd1411108de
1789326104.9840,114.016,0.0,0.0,3.14,0.00,12.50,0.000,22.0,22.0,1,0,0,0,0,0,NONE,,RPM:486bd1410c0000d1 TPS:486bd1411108de
1789326105.1448,114.176,0.0,0.0,3.14,0.00,12.50,0.000,22.0,22.0,1,0,0,0,0,0,NONE,,RPM:486bd1410c0000d1 TPS:486bd1411108de
1789326105.2960,114.328,0.0,0.0,3.14,0.00,12.50,0.000,22.0,22.0,1,0,0,0,0,0,NONE,,RPM:486bd1410c0000d1 TPS:486bd1411108de
1789326105.4637,114.495,0.0,0.0,3.14,0.00,12.50,0.000,22.0,22.0,1,0,0,0,0,0,NONE,,RPM:486bd1410c0000d1 TPS:486bd1411108de
1789326105.9844,115.016,0.0,0.0,3.14,0.00,12.50,0.000,22.0,22.0,1,0,0,0,0,0,NONE,,RPM:486bd1410c0000d1 TPS:486bd1411108de
1789326106.1168,115.148,0.0,0.0,3.14,0.00,12.50,0.000,22.0,22.0,1,0,0,0,0,0,NONE,,RPM:486bd1410c0000d1 TPS:486bd1411108de
1789326106.2622,115.294,0.0,0.0,3.14,0.00,12.50,0.000,22.0,22.0,1,0,0,0,0,0,NONE,,RPM:486bd1410c0000d1 TPS:486bd1411108de
1789326106.4048,115.436,0.0,0.0,3.14,0.00,12.50,0.000,22.0,22.0,1,0,0,0,0,0,NONE,,RPM:486bd1410c0000d1 TPS:486bd1411108de
1789326106.5495,115.581,0.0,0.0,3.14,0.00,12.50,0.000,22.0,22.0,1,0,0,0,0,0,NONE,,RPM:486bd1410c0000d1 TPS:486bd1411108de
1789326106.6949,115.726,0.0,0.0,3.14,0.00,12.50,0.000,22.0,22.0,1,0,0,0,0,0,NONE,,RPM:486bd1410c0000d1 TPS:486bd1411108de
1789326106.8468,115.878,0.0,0.0,3.14,0.00,12.50,0.000,22.0,22.0,1,0,0,0,0,0,NONE,,RPM:486bd1410c0000d1 TPS:486bd1411108de
1789326106.9877,116.019,0.0,0.0,3.14,0.00,12.50,0.000,22.0,22.0,1,0,0,0,0,0,NONE,,RPM:486bd1410c0000d1 TPS:486bd1411108de
1789326107.4766,116.508,0.0,0.0,3.14,0.00,12.50,0.000,22.0,22.0,1,0,0,0,0,0,NONE,,RPM:486bd1410c0000d1 TPS:486bd1411108de
1789326107.6216,116.653,0.0,0.0,3.14,0.00,12.50,0.000,22.0,22.0,1,0,0,0,0,0,NONE,,RPM:486bd1410c0000d1 TPS:486bd1411108de
1789326107.7666,116.798,0.0,0.0,3.14,0.00,12.50,0.000,22.0,22.0,1,0,0,0,0,0,NONE,,RPM:486bd1410c0000d1 TPS:486bd1411108de
1789326107.9398,116.971,0.0,0.0,3.14,0.00,12.50,0.000,22.0,22.0,1,0,0,0,0,0,NONE,,RPM:486bd1410c0000d1 TPS:486bd1411108de
1789326108.0860,117.118,0.0,0.0,3.14,0.00,12.50,0.000,22.0,22.0,1,0,0,0,0,0,NONE,,RPM:486bd1410c0000d1 TPS:486bd1411108de
1789326108.2458,117.277,0.0,0.0,3.14,0.00,12.50,0.000,22.0,22.0,1,0,0,0,0,0,NONE,,RPM:486bd1410c0000d1 TPS:486bd1411108de
1789326108.4099,117.442,0.0,0.0,3.14,0.00,12.50,0.000,22.0,22.0,1,0,0,0,0,0,NONE,,RPM:486bd1410c0000d1 TPS:486bd1411108de
1789326108.5660,117.598,0.0,0.0,3.14,0.00,12.50,0.000,22.0,22.0,1,0,0,0,0,0,NONE,,RPM:486bd1410c0000d1 TPS:486bd1411108de
1789326109.0707,118.102,0.0,0.0,3.14,0.00,12.50,0.000,22.0,22.0,1,0,0,0,0,0,NONE,,RPM:486bd1410c0000d1 TPS:486bd1411108de
1789326109.2300,118.262,0.0,0.0,3.14,0.00,12.50,0.000,22.0,22.0,1,0,0,0,0,0,NONE,,RPM:486bd1410c0000d1 TPS:486bd1411108de
1789326109.3782,118.410,0.0,0.0,3.14,0.00,12.50,0.000,22.0,22.0,1,0,0,0,0,0,NONE,,RPM:486bd1410c0000d1 TPS:486bd1411108de
1789326109.5228,118.554,0.0,0.0,3.14,0.00,12.50,0.000,22.0,22.0,1,0,0,0,0,0,NONE,,RPM:486bd1410c0000d1 TPS:486bd1411108de
1789326109.6664,118.698,0.0,0.0,3.14,0.00,12.50,0.000,22.0,22.0,1,0,0,0,0,0,NONE,,RPM:486bd1410c0000d1 TPS:486bd1411108de
1789326109.8100,118.842,0.0,0.0,3.14,0.00,12.50,0.000,22.0,22.0,1,0,0,0,0,0,NONE,,RPM:486bd1410c0000d1 TPS:486bd1411108de
1789326109.9502,118.982,0.0,0.0,3.14,0.00,12.50,0.000,22.0,22.0,1,0,0,0,0,0,NONE,,RPM:486bd1410c0000d1 TPS:486bd1411108de
1789326110.0981,119.130,0.0,0.0,3.14,0.00,12.50,0.000,22.0,22.0,1,0,0,0,0,0,NONE,,RPM:486bd1410c0000d1 TPS:486bd1411108de
1789326110.6144,119.646,0.0,0.0,3.14,0.00,12.50,0.000,22.0,22.0,1,0,0,0,0,0,NONE,,RPM:486bd1410c0000d1 TPS:486bd1411108de
1789326110.7628,119.794,0.0,0.0,3.14,0.00,12.50,0.000,22.0,22.0,1,0,0,0,0,0,NONE,,RPM:486bd1410c0000d1 TPS:486bd1411108de
1789326110.8984,119.930,0.0,0.0,3.14,0.00,12.50,0.000,22.0,22.0,1,0,0,0,0,0,NONE,,RPM:486bd1410c0000d1 TPS:486bd1411108de
1789326111.0414,120.073,0.0,0.0,3.14,0.00,12.50,0.000,22.0,22.0,1,0,0,0,0,0,NONE,,RPM:486bd1410c0000d1 TPS:486bd1411108de
1789326111.1958,120.227,0.0,0.0,3.14,0.00,12.50,0.000,22.0,22.0,1,0,0,0,0,0,NONE,,RPM:486bd1410c0000d1 TPS:486bd1411108de
1789326111.3454,120.377,0.0,0.0,3.14,0.00,12.50,0.000,22.0,22.0,1,0,0,0,0,0,NONE,,RPM:486bd1410c0000d1 TPS:486bd1411108de
1789326111.4894,120.521,0.0,0.0,3.14,0.00,12.50,0.000,22.0,22.0,1,0,0,0,0,0,NONE,,RPM:486bd1410c0000d1 TPS:486bd1411108de
1789326111.6457,120.677,0.0,0.0,3.14,0.00,12.50,0.000,22.0,22.0,1,0,0,0,0,0,NONE,,RPM:486bd1410c0000d1 TPS:486bd1411108de
1789326112.1461,121.178,0.0,0.0,3.14,0.00,12.50,0.000,22.0,22.0,1,0,0,0,0,0,NONE,,RPM:486bd1410c0000d1 TPS:486bd1411108de
1789326112.3021,121.334,0.0,0.0,3.14,0.00,12.50,0.000,22.0,22.0,1,0,0,0,0,0,NONE,,RPM:486bd1410c0000d1 TPS:486bd1411108de
1789326112.4328,121.464,0.0,0.0,3.14,0.00,12.50,0.000,22.0,22.0,1,0,0,0,0,0,NONE,,RPM:486bd1410c0000d1 TPS:486bd1411108de
1789326112.5855,121.617,0.0,0.0,3.14,0.00,12.50,0.000,22.0,22.0,1,0,0,0,0,0,NONE,,RPM:486bd1410c0000d1 TPS:486bd1411108de
1789326112.7210,121.753,0.0,0.0,3.14,0.00,12.50,0.000,22.0,22.0,1,0,0,0,0,0,NONE,,RPM:486bd1410c0000d1 TPS:486bd1411108de
1789326112.8645,121.896,0.0,0.0,3.14,0.00,12.50,0.000,22.0,22.0,1,0,0,0,0,0,NONE,,RPM:486bd1410c0000d1 TPS:486bd1411108de
1789326113.0080,122.040,0.0,0.0,3.14,0.00,12.50,0.000,22.0,22.0,1,0,0,0,0,0,NONE,,RPM:486bd1410c0000d1 TPS:486bd1411108de
1789326113.1707,122.202,0.0,0.0,3.14,0.00,12.50,0.000,22.0,22.0,1,0,0,0,0,0,NONE,,RPM:486bd1410c0000d1 TPS:486bd1411108de
1789326113.6620,122.694,0.0,0.0,3.14,0.00,12.50,0.000,22.0,22.0,1,0,0,0,0,0,NONE,,RPM:486bd1410c0000d1 TPS:486bd1411108de
1789326113.8091,122.841,0.0,0.0,3.14,0.00,12.50,0.000,22.0,22.0,1,0,0,0,0,0,NONE,,RPM:486bd1410c0000d1 TPS:486bd1411108de
1789326113.9707,123.002,0.0,0.0,3.14,0.00,12.50,0.000,22.0,22.0,1,0,0,0,0,0,NONE,,RPM:486bd1410c0000d1 TPS:486bd1411108de
1789326114.1123,123.144,0.0,0.0,3.14,0.00,12.50,0.000,22.0,22.0,1,0,0,0,0,0,NONE,,RPM:486bd1410c0000d1 TPS:486bd1411108de
1789326114.2717,123.303,0.0,0.0,3.14,0.00,12.50,0.000,22.0,22.0,1,0,0,0,0,0,NONE,,RPM:486bd1410c0000d1 TPS:486bd1411108de
1789326114.4272,123.459,0.0,0.0,3.14,0.00,12.50,0.000,22.0,22.0,1,0,0,0,0,0,NONE,,RPM:486bd1410c0000d1 TPS:486bd1411108de
1789326114.5598,123.591,0.0,0.0,3.14,0.00,12.50,0.000,22.0,22.0,1,0,0,0,0,0,NONE,,RPM:486bd1410c0000d1 TPS:486bd1411108de
1789326114.7045,123.736,0.0,0.0,3.14,0.00,12.50,0.000,22.0,22.0,1,0,0,0,0,0,NONE,,RPM:486bd1410c0000d1 TPS:486bd1411108de
1789326115.2318,124.263,0.0,0.0,3.14,0.00,12.50,0.000,22.0,22.0,1,0,0,0,0,0,NONE,,RPM:486bd1410c0000d1 TPS:486bd1411108de
1789326115.3754,124.407,0.0,0.0,3.14,0.00,12.50,0.000,22.0,22.0,1,0,0,0,0,0,NONE,,RPM:486bd1410c0000d1 TPS:486bd1411108de
1789326115.5186,124.550,0.0,0.0,3.14,0.00,12.50,0.000,22.0,22.0,1,0,0,0,0,0,NONE,,RPM:486bd1410c0000d1 TPS:486bd1411108de
1789326115.6737,124.705,0.0,0.0,3.14,0.00,12.50,0.000,22.0,22.0,1,0,0,0,0,0,NONE,,RPM:486bd1410c0000d1 TPS:486bd1411108de
1789326115.8227,124.854,0.0,0.0,3.14,0.00,12.50,0.000,22.0,22.0,1,0,0,0,0,0,NONE,,RPM:486bd1410c0000d1 TPS:486bd1411108de
1789326115.9666,124.998,0.0,0.0,3.14,0.00,12.50,0.000,22.0,22.0,1,0,0,0,0,0,NONE,,RPM:486bd1410c0000d1 TPS:486bd1411108de
1789326116.1314,125.163,0.0,0.0,3.14,0.00,12.50,0.000,22.0,22.0,1,0,0,0,0,0,NONE,,RPM:486bd1410c0000d1 TPS:486bd1411108de
1789326116.2715,125.303,0.0,0.0,3.14,0.00,12.50,0.000,22.0,22.0,1,0,0,0,0,0,NONE,,RPM:486bd1410c0000d1 TPS:486bd1411108de
1789326116.8449,125.877,0.0,0.0,3.14,0.00,12.50,0.000,22.0,22.0,1,0,0,0,0,0,NONE,,RPM:486bd1410c0000d1 TPS:486bd1411108de
1789326117.0103,126.042,0.0,0.0,3.14,0.00,12.50,0.000,22.0,22.0,1,0,0,0,0,0,NONE,,RPM:486bd1410c0000d1 TPS:486bd1411108de
1789326117.1513,126.183,0.0,0.0,3.14,0.00,12.50,0.000,22.0,22.0,1,0,0,0,0,0,NONE,,RPM:486bd1410c0000d1 TPS:486bd1411108de
1789326117.2946,126.326,0.0,0.0,3.14,0.00,12.50,0.000,22.0,22.0,1,0,0,0,0,0,NONE,,RPM:486bd1410c0000d1 TPS:486bd1411108de
1789326117.4550,126.487,0.0,0.0,3.14,0.00,12.50,0.000,22.0,22.0,1,0,0,0,0,0,NONE,,RPM:486bd1410c0000d1 TPS:486bd1411108de
1789326117.5996,126.631,0.0,0.0,3.14,0.00,12.50,0.000,22.0,22.0,1,0,0,0,0,0,NONE,,RPM:486bd1410c0000d1 TPS:486bd1411108de
1789326117.7766,126.808,0.0,0.0,3.14,0.00,12.50,0.000,22.0,22.0,1,0,0,0,0,0,NONE,,RPM:486bd1410c0000d1 TPS:486bd1411108de
1789326117.9198,126.951,0.0,0.0,3.14,0.00,12.50,0.000,22.0,22.0,1,0,0,0,0,0,NONE,,RPM:486bd1410c0000d1 TPS:486bd1411108de
1789326118.4526,127.484,0.0,0.0,3.14,0.00,12.50,0.000,22.0,22.0,1,0,0,0,0,0,NONE,,RPM:486bd1410c0000d1 TPS:486bd1411108de
1789326118.5898,127.621,0.0,0.0,3.14,0.00,12.50,0.000,22.0,22.0,1,0,0,0,0,0,NONE,,RPM:486bd1410c0000d1 TPS:486bd1411108de
1789326118.7348,127.766,0.0,0.0,3.14,0.00,12.50,0.000,22.0,22.0,1,0,0,0,0,0,NONE,,RPM:486bd1410c0000d1 TPS:486bd1411108de
1789326118.8789,127.911,0.0,0.0,3.14,0.00,12.50,0.000,22.0,22.0,1,0,0,0,0,0,NONE,,RPM:486bd1410c0000d1 TPS:486bd1411108de
1789326119.0369,128.068,0.0,0.0,3.14,0.00,12.50,0.000,22.0,22.0,1,0,0,0,0,0,NONE,,RPM:486bd1410c0000d1 TPS:486bd1411108de
1789326119.1861,128.218,0.0,0.0,3.14,0.00,12.50,0.000,22.0,22.0,1,0,0,0,0,0,NONE,,RPM:486bd1410c0000d1 TPS:486bd1411108de
1789326119.3259,128.357,0.0,0.0,3.14,0.00,12.50,0.000,22.0,22.0,1,0,0,0,0,0,NONE,,RPM:486bd1410c0000d1 TPS:486bd1411108de
1789326119.4858,128.517,0.0,0.0,3.14,0.00,12.50,0.000,22.0,22.0,1,0,0,0,0,0,NONE,,RPM:486bd1410c0000d1 TPS:486bd1411108de
1789326120.0002,129.032,0.0,0.0,3.14,0.00,12.50,0.000,22.0,22.0,1,0,0,0,0,0,NONE,,RPM:486bd1410c0000d1 TPS:486bd1411108de
1789326120.1570,129.189,0.0,0.0,3.14,0.00,12.50,0.000,22.0,22.0,1,0,0,0,0,0,NONE,,RPM:486bd1410c0000d1 TPS:486bd1411108de
1789326120.3055,129.337,0.0,0.0,3.14,0.00,12.50,0.000,22.0,22.0,1,0,0,0,0,0,NONE,,RPM:486bd1410c0000d1 TPS:486bd1411108de
1789326120.4730,129.505,0.0,0.0,3.14,0.00,12.50,0.000,22.0,22.0,1,0,0,0,0,0,NONE,,RPM:486bd1410c0000d1 TPS:486bd1411108de
1789326120.6205,129.652,0.0,0.0,3.14,0.00,12.50,0.000,22.0,22.0,1,0,0,0,0,0,NONE,,RPM:486bd1410c0000d1 TPS:486bd1411108de
1789326120.7657,129.797,0.0,0.0,3.14,0.00,12.50,0.000,22.0,22.0,1,0,0,0,0,0,NONE,,RPM:486bd1410c0000d1 TPS:486bd1411108de
1789326120.9088,129.940,0.0,0.0,3.14,0.00,12.50,0.000,22.0,22.0,1,0,0,0,0,0,NONE,,RPM:486bd1410c0000d1 TPS:486bd1411108de
1789326121.0523,130.084,0.0,0.0,3.14,0.00,12.50,0.000,22.0,22.0,1,0,0,0,0,0,NONE,,RPM:486bd1410c0000d1 TPS:486bd1411108de
1789326121.5758,130.607,0.0,0.0,3.14,0.00,12.50,0.000,22.0,22.0,1,0,0,0,0,0,NONE,,RPM:486bd1410c0000d1 TPS:486bd1411108de
1789326121.7499,130.782,0.0,0.0,3.14,0.00,12.50,0.000,22.0,22.0,1,0,0,0,0,0,NONE,,RPM:486bd1410c0000d1 TPS:486bd1411108de
1789326121.9331,130.965,0.0,0.0,3.14,0.00,12.50,0.000,22.0,22.0,1,0,0,0,0,0,NONE,,RPM:486bd1410c0000d1 TPS:486bd1411108de
1789326122.0758,131.107,0.0,0.0,3.14,0.00,12.50,0.000,22.0,22.0,1,0,0,0,0,0,NONE,,RPM:486bd1410c0000d1 TPS:486bd1411108de
1789326122.2250,131.257,0.0,0.0,3.14,0.00,12.50,0.000,22.0,22.0,1,0,0,0,0,0,NONE,,RPM:486bd1410c0000d1 TPS:486bd1411108de
1789326122.3789,131.411,0.0,0.0,3.14,0.00,12.50,0.000,22.0,22.0,1,0,0,0,0,0,NONE,,RPM:486bd1410c0000d1 TPS:486bd1411108de
1789326122.5233,131.555,0.0,0.0,3.14,0.00,12.50,0.000,22.0,22.0,1,0,0,0,0,0,NONE,,RPM:486bd1410c0000d1 TPS:486bd1411108de
1789326122.6987,131.730,0.0,0.0,3.14,0.00,12.50,0.000,22.0,22.0,1,0,0,0,0,0,NONE,,RPM:486bd1410c0000d1 TPS:486bd1411108de
1789326123.1937,132.225,0.0,0.0,3.14,0.00,12.50,0.000,22.0,22.0,1,0,0,0,0,0,NONE,,RPM:486bd1410c0000d1 TPS:486bd1411108de
1789326123.3384,132.370,0.0,0.0,3.14,0.00,12.50,0.000,22.0,22.0,1,0,0,0,0,0,NONE,,RPM:486bd1410c0000d1 TPS:486bd1411108de
1789326123.4831,132.515,0.0,0.0,3.14,0.00,12.50,0.000,22.0,22.0,1,0,0,0,0,0,NONE,,RPM:486bd1410c0000d1 TPS:486bd1411108de
1789326123.6660,132.698,0.0,0.0,3.14,0.00,12.50,0.000,22.0,22.0,1,0,0,0,0,0,NONE,,RPM:486bd1410c0000d1 TPS:486bd1411108de
1789326123.8025,132.834,0.0,0.0,3.14,0.00,12.50,0.000,22.0,22.0,1,0,0,0,0,0,NONE,,RPM:486bd1410c0000d1 TPS:486bd1411108de
1789326123.9745,133.006,0.0,0.0,3.14,0.00,12.50,0.000,22.0,22.0,1,0,0,0,0,0,NONE,,RPM:486bd1410c0000d1 TPS:486bd1411108de
1789326124.1050,133.137,0.0,0.0,3.14,0.00,12.50,0.000,22.0,22.0,1,0,0,0,0,0,NONE,,RPM:486bd1410c0000d1 TPS:486bd1411108de
1789326124.2642,133.296,0.0,0.0,3.14,0.00,12.50,0.000,22.0,22.0,1,0,0,0,0,0,NONE,,RPM:486bd1410c0000d1 TPS:486bd1411108de
1789326124.7801,133.812,0.0,0.0,3.14,0.00,12.50,0.000,22.0,22.0,1,0,0,0,0,0,NONE,,RPM:486bd1410c0000d1 TPS:486bd1411108de
1789326124.9214,133.953,0.0,0.0,3.14,0.00,12.50,0.000,22.0,22.0,1,0,0,0,0,0,NONE,,RPM:486bd1410c0000d1 TPS:486bd1411108de
1789326125.0831,134.115,0.0,0.0,3.14,0.00,12.50,0.000,22.0,22.0,1,0,0,0,0,0,NONE,,RPM:486bd1410c0000d1 TPS:486bd1411108de
1789326125.2255,134.257,0.0,0.0,3.14,0.00,12.50,0.000,22.0,22.0,1,0,0,0,0,0,NONE,,RPM:486bd1410c0000d1 TPS:486bd1411108de
1789326125.4002,134.432,0.0,0.0,3.14,0.00,12.50,0.000,22.0,22.0,1,0,0,0,0,0,NONE,,RPM:486bd1410c0000d1 TPS:486bd1411108de
1789326125.5449,134.576,0.0,0.0,3.14,0.00,12.50,0.000,22.0,22.0,1,0,0,0,0,0,NONE,,RPM:486bd1410c0000d1 TPS:486bd1411108de
1789326125.7376,134.769,0.0,0.0,3.14,0.00,12.50,0.000,22.0,22.0,1,0,0,0,0,0,NONE,,RPM:486bd1410c0000d1 TPS:486bd1411108de
1789326125.9215,134.953,0.0,0.0,3.14,0.00,12.50,0.000,22.0,22.0,1,0,0,0,0,0,NONE,,RPM:486bd1410c0000d1 TPS:486bd1411108de
1789326126.4388,135.470,0.0,0.0,3.14,0.00,12.50,0.000,22.0,22.0,1,0,0,0,0,0,NONE,,RPM:486bd1410c0000d1 TPS:486bd1411108de
1789326126.5849,135.616,0.0,0.0,3.14,0.00,12.50,0.000,22.0,22.0,1,0,0,0,0,0,NONE,,RPM:486bd1410c0000d1 TPS:486bd1411108de
1789326126.7441,135.776,0.0,0.0,3.14,0.00,12.50,0.000,22.0,22.0,1,0,0,0,0,0,NONE,,RPM:486bd1410c0000d1 TPS:486bd1411108de
1789326126.8880,135.920,0.0,0.0,3.14,0.00,12.50,0.000,22.0,22.0,1,0,0,0,0,0,NONE,,RPM:486bd1410c0000d1 TPS:486bd1411108de
1789326127.0323,136.064,0.0,0.0,3.14,0.00,12.50,0.000,22.0,22.0,1,0,0,0,0,0,NONE,,RPM:486bd1410c0000d1 TPS:486bd1411108de
1789326127.1754,136.207,0.0,0.0,3.14,0.00,12.50,0.000,22.0,22.0,1,0,0,0,0,0,NONE,,RPM:486bd1410c0000d1 TPS:486bd1411108de
1789326127.3427,136.374,0.0,0.0,3.14,0.00,12.50,0.000,22.0,22.0,1,0,0,0,0,0,NONE,,RPM:486bd1410c0000d1 TPS:486bd1411108de
1789326127.4797,136.511,0.0,0.0,3.14,0.00,12.50,0.000,22.0,22.0,1,0,0,0,0,0,NONE,,RPM:486bd1410c0000d1 TPS:486bd1411108de
1789326128.0037,137.035,0.0,0.0,3.14,0.00,12.50,0.000,22.0,22.0,1,0,0,0,0,0,NONE,,RPM:486bd1410c0000d1 TPS:486bd1411108de
1789326128.1505,137.182,0.0,0.0,3.14,0.00,12.50,0.000,22.0,22.0,1,0,0,0,0,0,NONE,,RPM:486bd1410c0000d1 TPS:486bd1411108de
1789326128.2947,137.326,0.0,0.0,3.14,0.00,12.50,0.000,22.0,22.0,1,0,0,0,0,0,NONE,,RPM:486bd1410c0000d1 TPS:486bd1411108de
1789326128.4515,137.483,0.0,0.0,3.14,0.00,12.50,0.000,22.0,22.0,1,0,0,0,0,0,NONE,,RPM:486bd1410c0000d1 TPS:486bd1411108de
1789326128.6182,137.650,0.0,0.0,3.14,0.00,12.50,0.000,22.0,22.0,1,0,0,0,0,0,NONE,,RPM:486bd1410c0000d1 TPS:486bd1411108de
1789326128.7587,137.790,0.0,0.0,3.14,0.00,12.50,0.000,22.0,22.0,1,0,0,0,0,0,NONE,,RPM:486bd1410c0000d1 TPS:486bd1411108de
1789326128.9013,137.933,0.0,0.0,3.14,0.00,12.50,0.000,22.0,22.0,1,0,0,0,0,0,NONE,,RPM:486bd1410c0000d1 TPS:486bd1411108de
1789326129.0468,138.078,0.0,0.0,3.14,0.00,12.50,0.000,22.0,22.0,1,0,0,0,0,0,NONE,,RPM:486bd1410c0000d1 TPS:486bd1411108de
1789326129.5439,138.575,0.0,0.0,3.14,0.00,12.50,0.000,22.0,22.0,1,0,0,0,0,0,NONE,,RPM:486bd1410c0000d1 TPS:486bd1411108de
1789326129.6857,138.717,0.0,0.0,3.14,0.00,12.50,0.000,22.0,22.0,1,0,0,0,0,0,NONE,,RPM:486bd1410c0000d1 TPS:486bd1411108de
1789326129.8298,138.861,0.0,0.0,3.14,0.00,12.50,0.000,22.0,22.0,1,0,0,0,0,0,NONE,,RPM:486bd1410c0000d1 TPS:486bd1411108de
1789326129.9812,139.013,0.0,0.0,3.14,0.00,12.50,0.000,22.0,22.0,1,0,0,0,0,0,NONE,,RPM:486bd1410c0000d1 TPS:486bd1411108de
1789326130.1469,139.178,0.0,0.0,3.14,0.00,12.50,0.000,22.0,22.0,1,0,0,0,0,0,NONE,,RPM:486bd1410c0000d1 TPS:486bd1411108de
1789326130.2937,139.325,0.0,0.0,3.14,0.00,12.50,0.000,22.0,22.0,1,0,0,0,0,0,NONE,,RPM:486bd1410c0000d1 TPS:486bd1411108de
1789326130.4537,139.485,0.0,0.0,3.14,0.00,12.50,0.000,22.0,22.0,1,0,0,0,0,0,NONE,,RPM:486bd1410c0000d1 TPS:486bd1411108de
1789326130.6125,139.644,0.0,0.0,3.14,0.00,12.50,0.000,22.0,22.0,1,0,0,0,0,0,NONE,,RPM:486bd1410c0000d1 TPS:486bd1411108de
1789326131.1528,140.184,0.0,0.0,3.14,0.00,12.50,0.000,22.0,22.0,1,0,0,0,0,0,NONE,,RPM:486bd1410c0000d1 TPS:486bd1411108de
1789326131.3014,140.333,0.0,0.0,3.14,0.00,12.50,0.000,22.0,22.0,1,0,0,0,0,0,NONE,,RPM:486bd1410c0000d1 TPS:486bd1411108de
1789326131.4762,140.508,0.0,0.0,3.14,0.00,12.50,0.000,22.0,22.0,1,0,0,0,0,0,NONE,,RPM:486bd1410c0000d1 TPS:486bd1411108de
1789326131.6357,140.667,0.0,0.0,3.14,0.00,12.50,0.000,22.0,22.0,1,0,0,0,0,0,NONE,,RPM:486bd1410c0000d1 TPS:486bd1411108de
1789326131.8244,140.856,0.0,0.0,3.14,0.00,12.50,0.000,22.0,22.0,1,0,0,0,0,0,NONE,,RPM:486bd1410c0000d1 TPS:486bd1411108de
1789326131.9721,141.004,0.0,0.0,3.14,0.00,12.50,0.000,22.0,22.0,1,0,0,0,0,0,NONE,,RPM:486bd1410c0000d1 TPS:486bd1411108de
1789326132.1320,141.164,0.0,0.0,3.14,0.00,12.50,0.000,22.0,22.0,1,0,0,0,0,0,NONE,,RPM:486bd1410c0000d1 TPS:486bd1411108de
1789326132.2755,141.307,0.0,0.0,3.14,0.00,12.50,0.000,22.0,22.0,1,0,0,0,0,0,NONE,,RPM:486bd1410c0000d1 TPS:486bd1411108de
1789326132.7812,141.813,0.0,0.0,3.14,0.00,12.50,0.000,22.0,22.0,1,0,0,0,0,0,NONE,,RPM:486bd1410c0000d1 TPS:486bd1411108de
1789326132.9316,141.963,0.0,0.0,3.14,0.00,12.50,0.000,22.0,22.0,1,0,0,0,0,0,NONE,,RPM:486bd1410c0000d1 TPS:486bd1411108de
1789326133.0757,142.107,0.0,0.0,3.14,0.00,12.50,0.000,22.0,22.0,1,0,0,0,0,0,NONE,,RPM:486bd1410c0000d1 TPS:486bd1411108de
1789326133.2247,142.256,0.0,0.0,3.14,0.00,12.50,0.000,22.0,22.0,1,0,0,0,0,0,NONE,,RPM:486bd1410c0000d1 TPS:486bd1411108de
1789326133.3823,142.414,0.0,0.0,3.14,0.00,12.50,0.000,22.0,22.0,1,0,0,0,0,0,NONE,,RPM:486bd1410c0000d1 TPS:486bd1411108de
1789326133.5292,142.561,0.0,0.0,3.14,0.00,12.50,0.000,22.0,22.0,1,0,0,0,0,0,NONE,,RPM:486bd1410c0000d1 TPS:486bd1411108de
1789326133.6665,142.698,0.0,0.0,3.14,0.00,12.50,0.000,22.0,22.0,1,0,0,0,0,0,NONE,,RPM:486bd1410c0000d1 TPS:486bd1411108de
1789326133.8108,142.842,0.0,0.0,3.14,0.00,12.50,0.000,22.0,22.0,1,0,0,0,0,0,NONE,,RPM:486bd1410c0000d1 TPS:486bd1411108de
1789326134.3558,143.387,0.0,0.0,3.14,0.00,12.50,0.000,22.0,22.0,1,0,0,0,0,0,NONE,,RPM:486bd1410c0000d1 TPS:486bd1411108de
1789326134.5353,143.567,0.0,0.0,3.14,0.00,12.50,0.000,22.0,22.0,1,0,0,0,0,0,NONE,,RPM:486bd1410c0000d1 TPS:486bd1411108de
1789326134.6730,143.705,0.0,0.0,3.14,0.00,12.50,0.000,22.0,22.0,1,0,0,0,0,0,NONE,,RPM:486bd1410c0000d1 TPS:486bd1411108de
1789326134.8502,143.882,0.0,0.0,3.14,0.00,12.50,0.000,22.0,22.0,1,0,0,0,0,0,NONE,,RPM:486bd1410c0000d1 TPS:486bd1411108de
1789326134.9954,144.027,0.0,0.0,3.14,0.00,12.50,0.000,22.0,22.0,1,0,0,0,0,0,NONE,,RPM:486bd1410c0000d1 TPS:486bd1411108de
1789326135.1797,144.211,0.0,0.0,3.14,0.00,12.50,0.000,22.0,22.0,1,0,0,0,0,0,NONE,,RPM:486bd1410c0000d1 TPS:486bd1411108de
1789326135.3462,144.378,0.0,0.0,3.14,0.00,12.50,0.000,22.0,22.0,1,0,0,0,0,0,NONE,,RPM:486bd1410c0000d1 TPS:486bd1411108de
1789326135.4901,144.522,0.0,0.0,3.14,0.00,12.50,0.000,22.0,22.0,1,0,0,0,0,0,NONE,,RPM:486bd1410c0000d1 TPS:486bd1411108de
1789326136.0101,145.042,0.0,0.0,3.14,0.00,12.50,0.000,22.0,22.0,1,0,0,0,0,0,NONE,,RPM:486bd1410c0000d1 TPS:486bd1411108de
1789326136.1602,145.192,0.0,0.0,3.14,0.00,12.50,0.000,22.0,22.0,1,0,0,0,0,0,NONE,,RPM:486bd1410c0000d1 TPS:486bd1411108de
1789326136.3276,145.359,0.0,0.0,3.14,0.00,12.50,0.000,22.0,22.0,1,0,0,0,0,0,NONE,,RPM:486bd1410c0000d1 TPS:486bd1411108de
1789326136.4650,145.497,0.0,0.0,3.14,0.00,12.50,0.000,22.0,22.0,1,0,0,0,0,0,NONE,,RPM:486bd1410c0000d1 TPS:486bd1411108de
1789326136.6088,145.640,0.0,0.0,3.14,0.00,12.50,0.000,22.0,22.0,1,0,0,0,0,0,NONE,,RPM:486bd1410c0000d1 TPS:486bd1411108de
1789326136.7676,145.799,0.0,0.0,3.14,0.00,12.50,0.000,22.0,22.0,1,0,0,0,0,0,NONE,,RPM:486bd1410c0000d1 TPS:486bd1411108de
1789326136.9133,145.945,0.0,0.0,3.14,0.00,12.50,0.000,22.0,22.0,1,0,0,0,0,0,NONE,,RPM:486bd1410c0000d1 TPS:486bd1411108de
1789326137.0570,146.089,0.0,0.0,3.14,0.00,12.50,0.000,22.0,22.0,1,0,0,0,0,0,NONE,,RPM:486bd1410c0000d1 TPS:486bd1411108de
1789326137.5712,146.603,0.0,0.0,3.14,0.00,12.50,0.000,22.0,22.0,1,0,0,0,0,0,NONE,,RPM:486bd1410c0000d1 TPS:486bd1411108de
1789326137.7321,146.764,0.0,0.0,3.14,0.00,12.50,0.000,22.0,22.0,1,0,0,0,0,0,NONE,,RPM:486bd1410c0000d1 TPS:486bd1411108de
1789326137.8717,146.903,0.0,0.0,3.14,0.00,12.50,0.000,22.0,22.0,1,0,0,0,0,0,NONE,,RPM:486bd1410c0000d1 TPS:486bd1411108de
1789326138.0319,147.064,0.0,0.0,3.14,0.00,12.50,0.000,22.0,22.0,1,0,0,0,0,0,NONE,,RPM:486bd1410c0000d1 TPS:486bd1411108de
1789326138.1920,147.224,0.0,0.0,3.14,0.00,12.50,0.000,22.0,22.0,1,0,0,0,0,0,NONE,,RPM:486bd1410c0000d1 TPS:486bd1411108de
1789326138.3546,147.386,0.0,0.0,3.14,0.00,12.50,0.000,22.0,22.0,1,0,0,0,0,0,NONE,,RPM:486bd1410c0000d1 TPS:486bd1411108de
1789326138.5193,147.551,0.0,0.0,3.14,0.00,12.50,0.000,22.0,22.0,1,0,0,0,0,0,NONE,,RPM:486bd1410c0000d1 TPS:486bd1411108de
1789326138.6723,147.704,0.0,0.0,3.14,0.00,12.50,0.000,22.0,22.0,1,0,0,0,0,0,NONE,,RPM:486bd1410c0000d1 TPS:486bd1411108de
1789326139.1847,148.216,0.0,0.0,3.14,0.00,12.50,0.000,22.0,22.0,1,0,0,0,0,0,NONE,,RPM:486bd1410c0000d1 TPS:486bd1411108de
1789326139.3431,148.375,0.0,0.0,3.14,0.00,12.50,0.000,22.0,22.0,1,0,0,0,0,0,NONE,,RPM:486bd1410c0000d1 TPS:486bd1411108de
1789326139.4876,148.519,0.0,0.0,3.14,0.00,12.50,0.000,22.0,22.0,1,0,0,0,0,0,NONE,,RPM:486bd1410c0000d1 TPS:486bd1411108de
1789326139.6478,148.679,0.0,0.0,3.14,0.00,12.50,0.000,22.0,22.0,1,0,0,0,0,0,NONE,,RPM:486bd1410c0000d1 TPS:486bd1411108de
1789326139.8112,148.843,0.0,0.0,3.14,0.00,12.50,0.000,22.0,22.0,1,0,0,0,0,0,NONE,,RPM:486bd1410c0000d1 TPS:486bd1411108de
1789326139.9499,148.982,0.0,0.0,3.14,0.00,12.50,0.000,22.0,22.0,1,0,0,0,0,0,NONE,,RPM:486bd1410c0000d1 TPS:486bd1411108de
1789326140.0947,149.126,0.0,0.0,3.14,0.00,12.50,0.000,22.0,22.0,1,0,0,0,0,0,NONE,,RPM:486bd1410c0000d1 TPS:486bd1411108de
1789326140.2705,149.302,0.0,0.0,3.14,0.00,12.50,0.000,22.0,22.0,1,0,0,0,0,0,NONE,,RPM:486bd1410c0000d1 TPS:486bd1411108de
1789326140.7648,149.796,0.0,0.0,3.14,0.00,12.50,0.000,22.0,22.0,1,0,0,0,0,0,NONE,,RPM:486bd1410c0000d1 TPS:486bd1411108de
1789326140.9256,149.957,0.0,0.0,3.14,0.00,12.50,0.000,22.0,22.0,1,0,0,0,0,0,NONE,,RPM:486bd1410c0000d1 TPS:486bd1411108de
1789326141.0996,150.131,0.0,0.0,3.14,0.00,12.50,0.000,22.0,22.0,1,0,0,0,0,0,NONE,,RPM:486bd1410c0000d1 TPS:486bd1411108de
1789326141.2467,150.278,0.0,0.0,3.14,0.00,12.50,0.000,22.0,22.0,1,0,0,0,0,0,NONE,,RPM:486bd1410c0000d1 TPS:486bd1411108de
1789326141.3901,150.422,0.0,0.0,3.14,0.00,12.50,0.000,22.0,22.0,1,0,0,0,0,0,NONE,,RPM:486bd1410c0000d1 TPS:486bd1411108de
1789326141.5326,150.564,0.0,0.0,3.14,0.00,12.50,0.000,22.0,22.0,1,0,0,0,0,0,NONE,,RPM:486bd1410c0000d1 TPS:486bd1411108de
1789326141.6772,150.709,0.0,0.0,3.14,0.00,12.50,0.000,22.0,22.0,1,0,0,0,0,0,NONE,,RPM:486bd1410c0000d1 TPS:486bd1411108de
1789326141.8491,150.881,0.0,0.0,3.14,0.00,12.50,0.000,22.0,22.0,1,0,0,0,0,0,NONE,,RPM:486bd1410c0000d1 TPS:486bd1411108de
1789326142.3608,151.392,0.0,0.0,3.14,0.00,12.50,0.000,22.0,22.0,1,0,0,0,0,0,NONE,,RPM:486bd1410c0000d1 TPS:486bd1411108de
1789326142.5082,151.540,0.0,0.0,3.14,0.00,12.50,0.000,22.0,22.0,1,0,0,0,0,0,NONE,,RPM:486bd1410c0000d1 TPS:486bd1411108de
1789326142.6701,151.702,0.0,0.0,3.14,0.00,12.50,0.000,22.0,22.0,1,0,0,0,0,0,NONE,,RPM:486bd1410c0000d1 TPS:486bd1411108de
1789326142.8286,151.860,0.0,0.0,3.14,0.00,12.50,0.000,22.0,22.0,1,0,0,0,0,0,NONE,,RPM:486bd1410c0000d1 TPS:486bd1411108de
1789326142.9833,152.015,0.0,0.0,3.14,0.00,12.50,0.000,22.0,22.0,1,0,0,0,0,0,NONE,,RPM:486bd1410c0000d1 TPS:486bd1411108de
1789326143.1154,152.147,0.0,0.0,3.14,0.00,12.50,0.000,22.0,22.0,1,0,0,0,0,0,NONE,,RPM:486bd1410c0000d1 TPS:486bd1411108de
1789326143.2595,152.291,0.0,0.0,3.14,0.00,12.50,0.000,22.0,22.0,1,0,0,0,0,0,NONE,,RPM:486bd1410c0000d1 TPS:486bd1411108de
1789326143.4205,152.452,0.0,0.0,3.14,0.00,12.50,0.000,22.0,22.0,1,0,0,0,0,0,NONE,,RPM:486bd1410c0000d1 TPS:486bd1411108de
1789326143.9324,152.964,0.0,0.0,3.14,0.00,12.50,0.000,22.0,22.0,1,0,0,0,0,0,NONE,,RPM:486bd1410c0000d1 TPS:486bd1411108de
1789326144.0756,153.107,0.0,0.0,3.14,0.00,12.50,0.000,22.0,22.0,1,0,0,0,0,0,NONE,,RPM:486bd1410c0000d1 TPS:486bd1411108de
1789326144.2546,153.286,0.0,0.0,3.14,0.00,12.50,0.000,22.0,22.0,1,0,0,0,0,0,NONE,,RPM:486bd1410c0000d1 TPS:486bd1411108de
1789326144.3953,153.427,0.0,0.0,3.14,0.00,12.50,0.000,22.0,22.0,1,0,0,0,0,0,NONE,,RPM:486bd1410c0000d1 TPS:486bd1411108de
1789326144.5388,153.570,0.0,0.0,3.14,0.00,12.50,0.000,22.0,22.0,1,0,0,0,0,0,NONE,,RPM:486bd1410c0000d1 TPS:486bd1411108de
1789326144.6982,153.730,0.0,0.0,3.14,0.00,12.50,0.000,22.0,22.0,1,0,0,0,0,0,NONE,,RPM:486bd1410c0000d1 TPS:486bd1411108de
1789326144.8419,153.873,0.0,0.0,3.14,0.00,12.50,0.000,22.0,22.0,1,0,0,0,0,0,NONE,,RPM:486bd1410c0000d1 TPS:486bd1411108de
1789326144.9867,154.018,0.0,0.0,3.14,0.00,12.50,0.000,22.0,22.0,1,0,0,0,0,0,NONE,,RPM:486bd1410c0000d1 TPS:486bd1411108de
1789326145.5241,154.556,0.0,0.0,3.14,0.00,12.50,0.000,22.0,22.0,1,0,0,0,0,0,NONE,,RPM:486bd1410c0000d1 TPS:486bd1411108de
1789326145.6576,154.689,0.0,0.0,3.14,0.00,12.50,0.000,22.0,22.0,1,0,0,0,0,0,NONE,,RPM:486bd1410c0000d1 TPS:486bd1411108de
1789326145.8018,154.833,0.0,0.0,3.14,0.00,12.50,0.000,22.0,22.0,1,0,0,0,0,0,NONE,,RPM:486bd1410c0000d1 TPS:486bd1411108de
1789326145.9774,155.009,0.0,0.0,3.14,0.00,12.50,0.000,22.0,22.0,1,0,0,0,0,0,NONE,,RPM:486bd1410c0000d1 TPS:486bd1411108de
1789326146.1570,155.189,0.0,0.0,3.14,0.00,12.50,0.000,22.0,22.0,1,0,0,0,0,0,NONE,,RPM:486bd1410c0000d1 TPS:486bd1411108de
1789326146.2979,155.329,0.0,0.0,3.14,0.00,12.50,0.000,22.0,22.0,1,0,0,0,0,0,NONE,,RPM:486bd1410c0000d1 TPS:486bd1411108de
1789326146.4415,155.473,0.0,0.0,3.14,0.00,12.50,0.000,22.0,22.0,1,0,0,0,0,0,NONE,,RPM:486bd1410c0000d1 TPS:486bd1411108de
1789326146.6011,155.633,0.0,0.0,3.14,0.00,12.50,0.000,22.0,22.0,1,0,0,0,0,0,NONE,,RPM:486bd1410c0000d1 TPS:486bd1411108de
1789326147.0986,156.130,0.0,0.0,3.14,0.00,12.50,0.000,22.0,22.0,1,0,0,0,0,0,NONE,,RPM:486bd1410c0000d1 TPS:486bd1411108de
1789326147.2544,156.286,0.0,0.0,3.14,0.00,12.50,0.000,22.0,22.0,1,0,0,0,0,0,NONE,,RPM:486bd1410c0000d1 TPS:486bd1411108de
1789326147.4157,156.447,0.0,0.0,3.14,0.00,12.50,0.000,22.0,22.0,1,0,0,0,0,0,NONE,,RPM:486bd1410c0000d1 TPS:486bd1411108de
1789326147.5752,156.607,0.0,0.0,3.14,0.00,12.50,0.000,22.0,22.0,1,0,0,0,0,0,NONE,,RPM:486bd1410c0000d1 TPS:486bd1411108de
1789326147.7189,156.751,0.0,0.0,3.14,0.00,12.50,0.000,22.0,22.0,1,0,0,0,0,0,NONE,,RPM:486bd1410c0000d1 TPS:486bd1411108de
1789326147.8630,156.895,0.0,0.0,3.14,0.00,12.50,0.000,22.0,22.0,1,0,0,0,0,0,NONE,,RPM:486bd1410c0000d1 TPS:486bd1411108de
1789326148.0126,157.044,0.0,0.0,3.14,0.00,12.50,0.000,22.0,22.0,1,0,0,0,0,0,NONE,,RPM:486bd1410c0000d1 TPS:486bd1411108de
1789326148.1680,157.200,0.0,0.0,3.14,0.00,12.50,0.000,22.0,22.0,1,0,0,0,0,0,NONE,,RPM:486bd1410c0000d1 TPS:486bd1411108de
1789326148.6572,157.689,0.0,0.0,3.14,0.00,12.50,0.000,22.0,22.0,1,0,0,0,0,0,NONE,,RPM:486bd1410c0000d1 TPS:486bd1411108de
1789326148.7894,157.821,0.0,0.0,3.14,0.00,12.50,0.000,22.0,22.0,1,0,0,0,0,0,NONE,,RPM:486bd1410c0000d1 TPS:486bd1411108de
1789326148.9571,157.989,0.0,0.0,3.14,0.00,12.50,0.000,22.0,22.0,1,0,0,0,0,0,NONE,,RPM:486bd1410c0000d1 TPS:486bd1411108de
1789326149.0945,158.126,0.0,0.0,3.14,0.00,12.50,0.000,22.0,22.0,1,0,0,0,0,0,NONE,,RPM:486bd1410c0000d1 TPS:486bd1411108de
1789326149.2537,158.285,0.0,0.0,3.14,0.00,12.50,0.000,22.0,22.0,1,0,0,0,0,0,NONE,,RPM:486bd1410c0000d1 TPS:486bd1411108de
1789326149.3980,158.430,0.0,0.0,3.14,0.00,12.50,0.000,22.0,22.0,1,0,0,0,0,0,NONE,,RPM:486bd1410c0000d1 TPS:486bd1411108de
1789326149.5426,158.574,0.0,0.0,3.14,0.00,12.50,0.000,22.0,22.0,1,0,0,0,0,0,NONE,,RPM:486bd1410c0000d1 TPS:486bd1411108de
1789326149.6867,158.718,0.0,0.0,3.14,0.00,12.50,0.000,22.0,22.0,1,0,0,0,0,0,NONE,,RPM:486bd1410c0000d1 TPS:486bd1411108de
1789326150.1977,159.229,0.0,0.0,3.14,0.00,12.50,0.000,22.0,22.0,1,0,0,0,0,0,NONE,,RPM:486bd1410c0000d1 TPS:486bd1411108de
1789326150.3432,159.375,0.0,0.0,3.14,0.00,12.50,0.000,22.0,22.0,1,0,0,0,0,0,NONE,,RPM:486bd1410c0000d1 TPS:486bd1411108de
1789326150.4858,159.517,0.0,0.0,3.14,0.00,12.50,0.000,22.0,22.0,1,0,0,0,0,0,NONE,,RPM:486bd1410c0000d1 TPS:486bd1411108de
1789326150.6456,159.677,0.0,0.0,3.14,0.00,12.50,0.000,22.0,22.0,1,0,0,0,0,0,NONE,,RPM:486bd1410c0000d1 TPS:486bd1411108de
1789326150.7897,159.821,0.0,0.0,3.14,0.00,12.50,0.000,22.0,22.0,1,0,0,0,0,0,NONE,,RPM:486bd1410c0000d1 TPS:486bd1411108de
1789326150.9420,159.974,0.0,0.0,3.14,0.00,12.50,0.000,22.0,22.0,1,0,0,0,0,0,NONE,,RPM:486bd1410c0000d1 TPS:486bd1411108de
1789326151.0942,160.126,0.0,0.0,3.14,0.00,12.50,0.000,22.0,22.0,1,0,0,0,0,0,NONE,,RPM:486bd1410c0000d1 TPS:486bd1411108de
1789326151.2538,160.285,0.0,0.0,3.14,0.00,12.50,0.000,22.0,22.0,1,0,0,0,0,0,NONE,,RPM:486bd1410c0000d1 TPS:486bd1411108de
1789326151.7695,160.801,0.0,0.0,3.14,0.00,12.50,0.000,22.0,22.0,1,0,0,0,0,0,NONE,,RPM:486bd1410c0000d1 TPS:486bd1411108de
1789326151.9074,160.939,0.0,0.0,3.14,0.00,12.50,0.000,22.0,22.0,1,0,0,0,0,0,NONE,,RPM:486bd1410c0000d1 TPS:486bd1411108de
1789326152.0524,161.084,0.0,0.0,3.14,0.00,12.50,0.000,22.0,22.0,1,0,0,0,0,0,NONE,,RPM:486bd1410c0000d1 TPS:486bd1411108de
1789326152.2222,161.254,0.0,0.0,3.14,0.00,12.50,0.000,22.0,22.0,1,0,0,0,0,0,NONE,,RPM:486bd1410c0000d1 TPS:486bd1411108de
1789326152.3556,161.387,0.0,0.0,3.14,0.00,12.50,0.000,22.0,22.0,1,0,0,0,0,0,NONE,,RPM:486bd1410c0000d1 TPS:486bd1411108de
1789326152.4986,161.530,0.0,0.0,3.14,0.00,12.50,0.000,22.0,22.0,1,0,0,0,0,0,NONE,,RPM:486bd1410c0000d1 TPS:486bd1411108de
1789326152.6580,161.690,0.0,0.0,3.14,0.00,12.50,0.000,22.0,22.0,1,0,0,0,0,0,NONE,,RPM:486bd1410c0000d1 TPS:486bd1411108de
1789326152.8131,161.845,0.0,0.0,3.14,0.00,12.50,0.000,22.0,22.0,1,0,0,0,0,0,NONE,,RPM:486bd1410c0000d1 TPS:486bd1411108de
1789326153.3329,162.365,0.0,0.0,3.14,0.00,12.50,0.000,22.0,22.0,1,0,0,0,0,0,NONE,,RPM:486bd1410c0000d1 TPS:486bd1411108de
1789326153.4811,162.513,0.0,0.0,3.14,0.00,12.50,0.000,22.0,22.0,1,0,0,0,0,0,NONE,,RPM:486bd1410c0000d1 TPS:486bd1411108de
1789326153.6354,162.667,0.0,0.0,3.14,0.00,12.50,0.000,22.0,22.0,1,0,0,0,0,0,NONE,,RPM:486bd1410c0000d1 TPS:486bd1411108de
1789326153.7952,162.827,0.0,0.0,3.14,0.00,12.50,0.000,22.0,22.0,1,0,0,0,0,0,NONE,,RPM:486bd1410c0000d1 TPS:486bd1411108de
1789326153.9429,162.975,0.0,0.0,3.14,0.00,12.50,0.000,22.0,22.0,1,0,0,0,0,0,NONE,,RPM:486bd1410c0000d1 TPS:486bd1411108de
1789326154.0930,163.125,0.0,0.0,3.14,0.00,12.50,0.000,22.0,22.0,1,0,0,0,0,0,NONE,,RPM:486bd1410c0000d1 TPS:486bd1411108de
1789326154.2429,163.274,0.0,0.0,3.14,0.00,12.50,0.000,22.0,22.0,1,0,0,0,0,0,NONE,,RPM:486bd1410c0000d1 TPS:486bd1411108de
1789326154.4026,163.434,0.0,0.0,3.14,0.00,12.50,0.000,22.0,22.0,1,0,0,0,0,0,NONE,,RPM:486bd1410c0000d1 TPS:486bd1411108de
1789326154.9186,163.950,0.0,0.0,3.14,0.00,12.50,0.000,22.0,22.0,1,0,0,0,0,0,NONE,,RPM:486bd1410c0000d1 TPS:486bd1411108de
1789326155.0578,164.089,0.0,0.0,3.14,0.00,12.50,0.000,22.0,22.0,1,0,0,0,0,0,NONE,,RPM:486bd1410c0000d1 TPS:486bd1411108de
1789326155.2031,164.235,0.0,0.0,3.14,0.00,12.50,0.000,22.0,22.0,1,0,0,0,0,0,NONE,,RPM:486bd1410c0000d1 TPS:486bd1411108de
1789326155.3471,164.379,0.0,0.0,3.14,0.00,12.50,0.000,22.0,22.0,1,0,0,0,0,0,NONE,,RPM:486bd1410c0000d1 TPS:486bd1411108de
1789326155.4994,164.531,0.0,0.0,3.14,0.00,12.50,0.000,22.0,22.0,1,0,0,0,0,0,NONE,,RPM:486bd1410c0000d1 TPS:486bd1411108de
1789326155.6498,164.681,0.0,0.0,3.14,0.00,12.50,0.000,22.0,22.0,1,0,0,0,0,0,NONE,,RPM:486bd1410c0000d1 TPS:486bd1411108de
1789326155.7945,164.826,0.0,0.0,3.14,0.00,12.50,0.000,22.0,22.0,1,0,0,0,0,0,NONE,,RPM:486bd1410c0000d1 TPS:486bd1411108de
1789326155.9846,165.016,0.0,0.0,3.14,0.00,12.50,0.000,22.0,22.0,1,0,0,0,0,0,NONE,,RPM:486bd1410c0000d1 TPS:486bd1411108de
1789326156.4901,165.522,0.0,0.0,3.14,0.00,12.50,0.000,22.0,22.0,1,0,0,0,0,0,NONE,,RPM:486bd1410c0000d1 TPS:486bd1411108de
1789326156.6251,165.657,0.0,0.0,3.14,0.00,12.50,0.000,22.0,22.0,1,0,0,0,0,0,NONE,,RPM:486bd1410c0000d1 TPS:486bd1411108de
1789326156.7863,165.818,0.0,0.0,3.14,0.00,12.50,0.000,22.0,22.0,1,0,0,0,0,0,NONE,,RPM:486bd1410c0000d1 TPS:486bd1411108de
1789326156.9408,165.972,0.0,0.0,3.14,0.00,12.50,0.000,22.0,22.0,1,0,0,0,0,0,NONE,,RPM:486bd1410c0000d1 TPS:486bd1411108de
1789326157.0709,166.103,0.0,0.0,3.14,0.00,12.50,0.000,22.0,22.0,1,0,0,0,0,0,NONE,,RPM:486bd1410c0000d1 TPS:486bd1411108de
1789326157.2322,166.264,0.0,0.0,3.14,0.00,12.50,0.000,22.0,22.0,1,0,0,0,0,0,NONE,,RPM:486bd1410c0000d1 TPS:486bd1411108de
1789326157.3976,166.429,0.0,0.0,3.14,0.00,12.50,0.000,22.0,22.0,1,0,0,0,0,0,NONE,,RPM:486bd1410c0000d1 TPS:486bd1411108de
1789326157.5358,166.567,0.0,0.0,3.14,0.00,12.50,0.000,22.0,22.0,1,0,0,0,0,0,NONE,,RPM:486bd1410c0000d1 TPS:486bd1411108de
1789326158.0263,167.058,0.0,0.0,3.14,0.00,12.50,0.000,22.0,22.0,1,0,0,0,0,0,NONE,,RPM:486bd1410c0000d1 TPS:486bd1411108de
1789326158.1590,167.191,0.0,0.0,3.14,0.00,12.50,0.000,22.0,22.0,1,0,0,0,0,0,NONE,,RPM:486bd1410c0000d1 TPS:486bd1411108de
1789326158.3205,167.352,0.0,0.0,3.14,0.00,12.50,0.000,22.0,22.0,1,0,0,0,0,0,NONE,,RPM:486bd1410c0000d1 TPS:486bd1411108de
1789326158.4630,167.495,0.0,0.0,3.14,0.00,12.50,0.000,22.0,22.0,1,0,0,0,0,0,NONE,,RPM:486bd1410c0000d1 TPS:486bd1411108de
1789326158.6229,167.655,0.0,0.0,3.14,0.00,12.50,0.000,22.0,22.0,1,0,0,0,0,0,NONE,,RPM:486bd1410c0000d1 TPS:486bd1411108de
1789326158.7718,167.803,0.0,0.0,3.14,0.00,12.50,0.000,22.0,22.0,1,0,0,0,0,0,NONE,,RPM:486bd1410c0000d1 TPS:486bd1411108de
1789326158.9105,167.942,0.0,0.0,3.14,0.00,12.50,0.000,22.0,22.0,1,0,0,0,0,0,NONE,,RPM:486bd1410c0000d1 TPS:486bd1411108de
1789326159.0552,168.087,0.0,0.0,3.14,0.00,12.50,0.000,22.0,22.0,1,0,0,0,0,0,NONE,,RPM:486bd1410c0000d1 TPS:486bd1411108de
1789326159.5556,168.587,0.0,0.0,3.14,0.00,12.50,0.000,22.0,22.0,1,0,0,0,0,0,NONE,,RPM:486bd1410c0000d1 TPS:486bd1411108de
1789326159.6933,168.725,0.0,0.0,3.14,0.00,12.50,0.000,22.0,22.0,1,0,0,0,0,0,NONE,,RPM:486bd1410c0000d1 TPS:486bd1411108de
1789326159.8381,168.870,0.0,0.0,3.14,0.00,12.50,0.000,22.0,22.0,1,0,0,0,0,0,NONE,,RPM:486bd1410c0000d1 TPS:486bd1411108de
1789326159.9968,169.028,0.0,0.0,3.14,0.00,12.50,0.000,22.0,22.0,1,0,0,0,0,0,NONE,,RPM:486bd1410c0000d1 TPS:486bd1411108de
1789326160.1431,169.175,0.0,0.0,3.14,0.00,12.50,0.000,22.0,22.0,1,0,0,0,0,0,NONE,,RPM:486bd1410c0000d1 TPS:486bd1411108de
1789326160.2869,169.318,0.0,0.0,3.14,0.00,12.50,0.000,22.0,22.0,1,0,0,0,0,0,NONE,,RPM:486bd1410c0000d1 TPS:486bd1411108de
1789326160.4398,169.471,0.0,0.0,3.14,0.00,12.50,0.000,22.0,22.0,1,0,0,0,0,0,NONE,,RPM:486bd1410c0000d1 TPS:486bd1411108de
1789326160.5880,169.620,0.0,0.0,3.14,0.00,12.50,0.000,22.0,22.0,1,0,0,0,0,0,NONE,,RPM:486bd1410c0000d1 TPS:486bd1411108de
1789326161.1053,170.137,0.0,0.0,3.14,0.00,12.50,0.000,22.0,22.0,1,0,0,0,0,0,NONE,,RPM:486bd1410c0000d1 TPS:486bd1411108de
1789326161.2458,170.277,0.0,0.0,3.14,0.00,12.50,0.000,22.0,22.0,1,0,0,0,0,0,NONE,,RPM:486bd1410c0000d1 TPS:486bd1411108de
1789326161.3894,170.421,0.0,0.0,3.14,0.00,12.50,0.000,22.0,22.0,1,0,0,0,0,0,NONE,,RPM:486bd1410c0000d1 TPS:486bd1411108de
1789326161.5342,170.566,0.0,0.0,3.14,0.00,12.50,0.000,22.0,22.0,1,0,0,0,0,0,NONE,,RPM:486bd1410c0000d1 TPS:486bd1411108de
1789326161.6857,170.717,0.0,0.0,3.14,0.00,12.50,0.000,22.0,22.0,1,0,0,0,0,0,NONE,,RPM:486bd1410c0000d1 TPS:486bd1411108de
1789326161.8459,170.877,0.0,0.0,3.14,0.00,12.50,0.000,22.0,22.0,1,0,0,0,0,0,NONE,,RPM:486bd1410c0000d1 TPS:486bd1411108de
1789326161.9806,171.012,0.0,0.0,3.14,0.00,12.50,0.000,22.0,22.0,1,0,0,0,0,0,NONE,,RPM:486bd1410c0000d1 TPS:486bd1411108de
1789326162.1410,171.173,0.0,0.0,3.14,0.00,12.50,0.000,22.0,22.0,1,0,0,0,0,0,NONE,,RPM:486bd1410c0000d1 TPS:486bd1411108de
1789326162.6330,171.665,0.0,0.0,3.14,0.00,12.50,0.000,22.0,22.0,1,0,0,0,0,0,NONE,,RPM:486bd1410c0000d1 TPS:486bd1411108de
1789326162.7984,171.830,0.0,0.0,3.14,0.00,12.50,0.000,22.0,22.0,1,0,0,0,0,0,NONE,,RPM:486bd1410c0000d1 TPS:486bd1411108de
1789326162.9554,171.987,0.0,0.0,3.14,0.00,12.50,0.000,22.0,22.0,1,0,0,0,0,0,NONE,,RPM:486bd1410c0000d1 TPS:486bd1411108de
1789326163.1220,172.154,0.0,0.0,3.14,0.00,12.50,0.000,22.0,22.0,1,0,0,0,0,0,NONE,,RPM:486bd1410c0000d1 TPS:486bd1411108de
1789326163.2610,172.293,0.0,0.0,3.14,0.00,12.50,0.000,22.0,22.0,1,0,0,0,0,0,NONE,,RPM:486bd1410c0000d1 TPS:486bd1411108de
1789326163.4047,172.436,0.0,0.0,3.14,0.00,12.50,0.000,22.0,22.0,1,0,0,0,0,0,NONE,,RPM:486bd1410c0000d1 TPS:486bd1411108de
1789326163.5656,172.597,0.0,0.0,3.14,0.00,12.50,0.000,22.0,22.0,1,0,0,0,0,0,NONE,,RPM:486bd1410c0000d1 TPS:486bd1411108de
1789326163.7164,172.748,0.0,0.0,3.14,0.00,12.50,0.000,22.0,22.0,1,0,0,0,0,0,NONE,,RPM:486bd1410c0000d1 TPS:486bd1411108de
1789326164.2396,173.271,0.0,0.0,3.14,0.00,12.50,0.000,22.0,22.0,1,0,0,0,0,0,NONE,,RPM:486bd1410c0000d1 TPS:486bd1411108de
1789326164.3804,173.412,0.0,0.0,3.14,0.00,12.50,0.000,22.0,22.0,1,0,0,0,0,0,NONE,,RPM:486bd1410c0000d1 TPS:486bd1411108de
1789326164.5243,173.556,0.0,0.0,3.14,0.00,12.50,0.000,22.0,22.0,1,0,0,0,0,0,NONE,,RPM:486bd1410c0000d1 TPS:486bd1411108de
1789326164.6844,173.716,0.0,0.0,3.14,0.00,12.50,0.000,22.0,22.0,1,0,0,0,0,0,NONE,,RPM:486bd1410c0000d1 TPS:486bd1411108de
1789326164.8392,173.871,0.0,0.0,3.14,0.00,12.50,0.000,22.0,22.0,1,0,0,0,0,0,NONE,,RPM:486bd1410c0000d1 TPS:486bd1411108de
1789326164.9963,174.028,0.0,0.0,3.14,0.00,12.50,0.000,22.0,22.0,1,0,0,0,0,0,NONE,,RPM:486bd1410c0000d1 TPS:486bd1411108de
1789326165.1475,174.179,0.0,0.0,3.14,0.00,12.50,0.000,22.0,22.0,1,0,0,0,0,0,NONE,,RPM:486bd1410c0000d1 TPS:486bd1411108de
1789326165.3070,174.339,0.0,0.0,3.14,0.00,12.50,0.000,22.0,22.0,1,0,0,0,0,0,NONE,,RPM:486bd1410c0000d1 TPS:486bd1411108de
1789326165.8577,174.889,0.0,0.0,3.14,0.00,12.50,0.000,22.0,22.0,1,0,0,0,0,0,NONE,,RPM:486bd1410c0000d1 TPS:486bd1411108de
1789326166.0221,175.054,0.0,0.0,3.14,0.00,12.50,0.000,22.0,22.0,1,0,0,0,0,0,NONE,,RPM:486bd1410c0000d1 TPS:486bd1411108de
1789326166.2023,175.234,0.0,0.0,3.14,0.00,12.50,0.000,22.0,22.0,1,0,0,0,0,0,NONE,,RPM:486bd1410c0000d1 TPS:486bd1411108de
1789326166.3458,175.377,0.0,0.0,3.14,0.00,12.50,0.000,22.0,22.0,1,0,0,0,0,0,NONE,,RPM:486bd1410c0000d1 TPS:486bd1411108de
1789326166.5197,175.551,0.0,0.0,3.14,0.00,12.50,0.000,22.0,22.0,1,0,0,0,0,0,NONE,,RPM:486bd1410c0000d1 TPS:486bd1411108de
1789326166.6662,175.698,0.0,0.0,3.14,0.00,12.50,0.000,22.0,22.0,1,0,0,0,0,0,NONE,,RPM:486bd1410c0000d1 TPS:486bd1411108de
1789326166.8419,175.874,0.0,0.0,3.14,0.00,12.50,0.000,22.0,22.0,1,0,0,0,0,0,NONE,,RPM:486bd1410c0000d1 TPS:486bd1411108de
1789326166.9997,176.031,0.0,0.0,3.14,0.00,12.50,0.000,22.0,22.0,1,0,0,0,0,0,NONE,,RPM:486bd1410c0000d1 TPS:486bd1411108de
1789326167.5325,176.564,0.0,0.0,3.14,0.00,12.50,0.000,22.0,22.0,1,0,0,0,0,0,NONE,,RPM:486bd1410c0000d1 TPS:486bd1411108de
1789326167.6744,176.706,0.0,0.0,3.14,0.00,12.50,0.000,22.0,22.0,1,0,0,0,0,0,NONE,,RPM:486bd1410c0000d1 TPS:486bd1411108de
1789326167.8168,176.848,0.0,0.0,3.14,0.00,12.50,0.000,22.0,22.0,1,0,0,0,0,0,NONE,,RPM:486bd1410c0000d1 TPS:486bd1411108de
1789326167.9782,177.010,0.0,0.0,3.14,0.00,12.50,0.000,22.0,22.0,1,0,0,0,0,0,NONE,,RPM:486bd1410c0000d1 TPS:486bd1411108de
1789326168.1205,177.152,0.0,0.0,3.14,0.00,12.50,0.000,22.0,22.0,1,0,0,0,0,0,NONE,,RPM:486bd1410c0000d1 TPS:486bd1411108de
1789326168.2994,177.331,0.0,0.0,3.14,0.00,12.50,0.000,22.0,22.0,1,0,0,0,0,0,NONE,,RPM:486bd1410c0000d1 TPS:486bd1411108de
1789326168.4402,177.472,0.0,0.0,3.14,0.00,12.50,0.000,22.0,22.0,1,0,0,0,0,0,NONE,,RPM:486bd1410c0000d1 TPS:486bd1411108de
1789326168.5839,177.615,0.0,0.0,3.14,0.00,12.50,0.000,22.0,22.0,1,0,0,0,0,0,NONE,,RPM:486bd1410c0000d1 TPS:486bd1411108de
1789326169.1487,178.180,0.0,0.0,3.14,0.00,12.50,0.000,22.0,22.0,1,0,0,0,0,0,NONE,,RPM:486bd1410c0000d1 TPS:486bd1411108de
1789326169.3038,178.335,0.0,0.0,3.14,0.00,12.50,0.000,22.0,22.0,1,0,0,0,0,0,NONE,,RPM:486bd1410c0000d1 TPS:486bd1411108de
1789326169.4476,178.479,0.0,0.0,3.14,0.00,12.50,0.000,22.0,22.0,1,0,0,0,0,0,NONE,,RPM:486bd1410c0000d1 TPS:486bd1411108de
1789326169.6082,178.640,0.0,0.0,3.14,0.00,12.50,0.000,22.0,22.0,1,0,0,0,0,0,NONE,,RPM:486bd1410c0000d1 TPS:486bd1411108de
1789326169.7595,178.791,0.0,0.0,3.14,0.00,12.50,0.000,22.0,22.0,1,0,0,0,0,0,NONE,,RPM:486bd1410c0000d1 TPS:486bd1411108de
1789326169.9218,178.953,0.0,0.0,3.14,0.00,12.50,0.000,22.0,22.0,1,0,0,0,0,0,NONE,,RPM:486bd1410c0000d1 TPS:486bd1411108de
1789326170.1042,179.136,0.0,0.0,3.14,0.00,12.50,0.000,22.0,22.0,1,0,0,0,0,0,NONE,,RPM:486bd1410c0000d1 TPS:486bd1411108de
1789326170.2589,179.290,0.0,0.0,3.14,0.00,12.50,0.000,22.0,22.0,1,0,0,0,0,0,NONE,,RPM:486bd1410c0000d1 TPS:486bd1411108de
1789326170.8099,179.842,0.0,0.0,3.14,0.00,12.50,0.000,22.0,22.0,1,0,0,0,0,0,NONE,,RPM:486bd1410c0000d1 TPS:486bd1411108de
1789326170.9506,179.982,0.0,0.0,3.14,0.00,12.50,0.000,22.0,22.0,1,0,0,0,0,0,NONE,,RPM:486bd1410c0000d1 TPS:486bd1411108de
1789326171.1274,180.159,0.0,0.0,3.14,0.00,12.50,0.000,22.0,22.0,1,0,0,0,0,0,NONE,,RPM:486bd1410c0000d1 TPS:486bd1411108de
1789326171.2793,180.311,0.0,0.0,3.14,0.00,12.50,0.000,22.0,22.0,1,0,0,0,0,0,NONE,,RPM:486bd1410c0000d1 TPS:486bd1411108de
1789326171.4470,180.479,0.0,0.0,3.14,0.00,12.50,0.000,22.0,22.0,1,0,0,0,0,0,NONE,,RPM:486bd1410c0000d1 TPS:486bd1411108de
1789326171.5901,180.622,0.0,0.0,3.14,0.00,12.50,0.000,22.0,22.0,1,0,0,0,0,0,NONE,,RPM:486bd1410c0000d1 TPS:486bd1411108de
1789326171.7664,180.798,0.0,0.0,3.14,0.00,12.50,0.000,22.0,22.0,1,0,0,0,0,0,NONE,,RPM:486bd1410c0000d1 TPS:486bd1411108de
1789326171.9394,180.971,0.0,0.0,3.14,0.00,12.50,0.000,22.0,22.0,1,0,0,0,0,0,NONE,,RPM:486bd1410c0000d1 TPS:486bd1411108de
1789326172.4399,181.472,0.0,0.0,3.14,0.00,12.50,0.000,22.0,22.0,1,0,0,0,0,0,NONE,,RPM:486bd1410c0000d1 TPS:486bd1411108de
1789326172.5822,181.614,0.0,0.0,3.14,0.00,12.50,0.000,22.0,22.0,1,0,0,0,0,0,NONE,,RPM:486bd1410c0000d1 TPS:486bd1411108de
1789326172.7414,181.773,0.0,0.0,3.14,0.00,12.50,0.000,22.0,22.0,1,0,0,0,0,0,NONE,,RPM:486bd1410c0000d1 TPS:486bd1411108de
1789326172.8862,181.918,0.0,0.0,3.14,0.00,12.50,0.000,22.0,22.0,1,0,0,0,0,0,NONE,,RPM:486bd1410c0000d1 TPS:486bd1411108de
1789326173.0593,182.091,0.0,0.0,3.14,0.00,12.50,0.000,22.0,22.0,1,0,0,0,0,0,NONE,,RPM:486bd1410c0000d1 TPS:486bd1411108de
1789326173.2043,182.236,0.0,0.0,3.14,0.00,12.50,0.000,22.0,22.0,1,0,0,0,0,0,NONE,,RPM:486bd1410c0000d1 TPS:486bd1411108de
1789326173.3487,182.380,0.0,0.0,3.14,0.00,12.50,0.000,22.0,22.0,1,0,0,0,0,0,NONE,,RPM:486bd1410c0000d1 TPS:486bd1411108de
1789326173.5099,182.542,0.0,0.0,3.14,0.00,12.50,0.000,22.0,22.0,1,0,0,0,0,0,NONE,,RPM:486bd1410c0000d1 TPS:486bd1411108de
1789326174.0160,183.048,0.0,0.0,3.14,0.00,12.50,0.000,22.0,22.0,1,0,0,0,0,0,NONE,,RPM:486bd1410c0000d1 TPS:486bd1411108de
1789326174.1806,183.212,0.0,0.0,3.14,0.00,12.50,0.000,22.0,22.0,1,0,0,0,0,0,NONE,,RPM:486bd1410c0000d1 TPS:486bd1411108de
1789326174.3315,183.363,0.0,0.0,3.14,0.00,12.50,0.000,22.0,22.0,1,0,0,0,0,0,NONE,,RPM:486bd1410c0000d1 TPS:486bd1411108de
1789326174.4830,183.515,0.0,0.0,3.14,0.00,12.50,0.000,22.0,22.0,1,0,0,0,0,0,NONE,,RPM:486bd1410c0000d1 TPS:486bd1411108de
1789326174.6281,183.660,0.0,0.0,3.14,0.00,12.50,0.000,22.0,22.0,1,0,0,0,0,0,NONE,,RPM:486bd1410c0000d1 TPS:486bd1411108de
1789326174.7882,183.820,0.0,0.0,3.14,0.00,12.50,0.000,22.0,22.0,1,0,0,0,0,0,NONE,,RPM:486bd1410c0000d1 TPS:486bd1411108de
1789326174.9518,183.983,0.0,0.0,3.14,0.00,12.50,0.000,22.0,22.0,1,0,0,0,0,0,NONE,,RPM:486bd1410c0000d1 TPS:486bd1411108de
